domain,url,lastmod,first_segment,slug,slug_tokens,year,content
fivebooks.com,https://fivebooks.com/,,,,,,noncontent
fivebooks.com,https://fivebooks.com/bookmarks/,2018-02-26,bookmarks,bookmarks,bookmarks,,content
fivebooks.com,https://fivebooks.com/philosophy-library/,2018-04-30,philosophy-library,philosophy-library,philosophy library,,content
fivebooks.com,https://fivebooks.com/my-five-books/,2018-06-08,my-five-books,my-five-books,my five books,,content
fivebooks.com,https://fivebooks.com/privacy-policy/,2018-08-02,privacy-policy,privacy-policy,privacy policy,,noncontent
fivebooks.com,https://fivebooks.com/search/,2018-10-18,search,search,search,,noncontent
fivebooks.com,https://fivebooks.com/childrens-books-newsletter/,2019-06-19,childrens-books-newsletter,childrens-books-newsletter,childrens books newsletter,,content
fivebooks.com,https://fivebooks.com/terms-of-service/,2019-07-11,terms-of-service,terms-of-service,terms of service,,noncontent
fivebooks.com,https://fivebooks.com/create-new-list/,2020-01-18,create-new-list,create-new-list,create new list,,content
fivebooks.com,https://fivebooks.com/experts/,2020-12-06,experts,experts,experts,,content
fivebooks.com,https://fivebooks.com/most-recommended-books/,2024-11-08,most-recommended-books,most-recommended-books,most recommended books,,content
fivebooks.com,https://fivebooks.com/book-recommendation-newsletter/,2024-11-18,book-recommendation-newsletter,book-recommendation-newsletter,book recommendation newsletter,,content
fivebooks.com,https://fivebooks.com/contact-us/,2026-01-02,contact-us,contact-us,contact us,,noncontent
fivebooks.com,https://fivebooks.com/support-us/,2026-08-31,support-us,support-us,support us,,content
fivebooks.com,https://fivebooks.com/books-like/,2025-05-09,books-like,books-like,books like,,content
fivebooks.com,https://fivebooks.com/books-like/eleanor-oliphant-is-completely-fine/,2020-06-08,books-like,eleanor-oliphant-is-completely-fine,eleanor oliphant is completely fine,,content
fivebooks.com,https://fivebooks.com/books-like/little-fires-everywhere/,2020-06-11,books-like,little-fires-everywhere,little fires everywhere,,content
fivebooks.com,https://fivebooks.com/books-like/bad-blood-secrets-and-lies-in-a-silicon-valley-startup/,2020-07-08,books-like,bad-blood-secrets-and-lies-in-a-silicon-valley-startup,bad blood secrets and lies in a silicon valley startup,,content
fivebooks.com,https://fivebooks.com/books-like/this-is-going-to-hurt/,2020-07-08,books-like,this-is-going-to-hurt,this is going to hurt,,content
fivebooks.com,https://fivebooks.com/books-like/the-handmaids-tale/,2021-02-09,books-like,the-handmaids-tale,the handmaids tale,,content
fivebooks.com,https://fivebooks.com/books-like/educated/,2021-02-21,books-like,educated,educated,,content
fivebooks.com,https://fivebooks.com/books-like/the-hunger-games/,2021-08-05,books-like,the-hunger-games,the hunger games,,content
fivebooks.com,https://fivebooks.com/books-like/normal-people/,2022-03-03,books-like,normal-people,normal people,,content
fivebooks.com,https://fivebooks.com/books-like/where-the-crawdads-sing/,2022-04-29,books-like,where-the-crawdads-sing,where the crawdads sing,,content
fivebooks.com,https://fivebooks.com/books-like/wolf-hall/,2022-09-28,books-like,wolf-hall,wolf hall,,content
fivebooks.com,https://fivebooks.com/books-like/books-like-harry-potter/,2023-06-26,books-like,books-like-harry-potter,books like harry potter,,content
fivebooks.com,https://fivebooks.com/books-like/the-song-of-achilles/,2023-07-06,books-like,the-song-of-achilles,the song of achilles,,content
fivebooks.com,https://fivebooks.com/books-like/twilight-by-stephanie-meyer/,2023-08-18,books-like,twilight-by-stephanie-meyer,twilight by stephanie meyer,,content
fivebooks.com,https://fivebooks.com/books-like/dune/,2023-12-18,books-like,dune,dune,,content
fivebooks.com,https://fivebooks.com/books-like/colleen-hoovers-it-ends-with-us/,2023-12-18,books-like,colleen-hoovers-it-ends-with-us,colleen hoovers it ends with us,,content
fivebooks.com,https://fivebooks.com/books-like/bridgerton/,2023-12-18,books-like,bridgerton,bridgerton,,content
fivebooks.com,https://fivebooks.com/books-like/the-thursday-murder-club/,2023-12-18,books-like,the-thursday-murder-club,the thursday murder club,,content
fivebooks.com,https://fivebooks.com/books-like/a-court-of-thorns-and-roses-sarah-maas/,2023-12-18,books-like,a-court-of-thorns-and-roses-sarah-maas,a court of thorns and roses sarah maas,,content
fivebooks.com,https://fivebooks.com/books-like/the-alchemist/,2024-02-20,books-like,the-alchemist,the alchemist,,content
fivebooks.com,https://fivebooks.com/books-like/station-eleven/,2024-08-18,books-like,station-eleven,station eleven,,content
fivebooks.com,https://fivebooks.com/books-like/heartstopper/,2025-03-08,books-like,heartstopper,heartstopper,,content
fivebooks.com,https://fivebooks.com/books-like/stranger-things/,2025-04-29,books-like,stranger-things,stranger things,,content
fivebooks.com,https://fivebooks.com/books-like/donna-tartt-secret-history/,2025-05-09,books-like,donna-tartt-secret-history,donna tartt secret history,,content
fivebooks.com,https://fivebooks.com/interviews/,2026-10-08,interviews,interviews,interviews,,content
fivebooks.com,https://fivebooks.com/best-books/philip-cunliffe-on-humanitarian-intervention/,2016-07-28,best-books,philip-cunliffe-on-humanitarian-intervention,philip cunliffe on humanitarian intervention,,content
fivebooks.com,https://fivebooks.com/best-books/peter-stothard-on-editing-newspapers/,2016-07-28,best-books,peter-stothard-on-editing-newspapers,peter stothard on editing newspapers,,content
fivebooks.com,https://fivebooks.com/best-books/carolyn-steel-on-food-and-the-city/,2016-07-28,best-books,carolyn-steel-on-food-and-the-city,carolyn steel on food and the city,,content
fivebooks.com,https://fivebooks.com/best-books/david-waddington-on-policing-public-disorder/,2016-07-28,best-books,david-waddington-on-policing-public-disorder,david waddington on policing public disorder,,content
fivebooks.com,https://fivebooks.com/best-books/lorraine-adams-on-the-truth-behind-the-headlines/,2016-07-28,best-books,lorraine-adams-on-the-truth-behind-the-headlines,lorraine adams on the truth behind the headlines,,content
fivebooks.com,https://fivebooks.com/best-books/philip-vannini-on-the-ethnography-of-music/,2016-07-28,best-books,philip-vannini-on-the-ethnography-of-music,philip vannini on the ethnography of music,,content
fivebooks.com,https://fivebooks.com/best-books/khushi-kabir-on-rural-women-in-the-developing-world/,2016-07-28,best-books,khushi-kabir-on-rural-women-in-the-developing-world,khushi kabir on rural women in the developing world,,content
fivebooks.com,https://fivebooks.com/best-books/gary-noesner-on-negotiating-and-the-fbi/,2016-07-28,best-books,gary-noesner-on-negotiating-and-the-fbi,gary noesner on negotiating and the fbi,,content
fivebooks.com,https://fivebooks.com/best-books/richard-beard-on-rugby/,2016-07-28,best-books,richard-beard-on-rugby,richard beard on rugby,,content
fivebooks.com,https://fivebooks.com/best-books/vernon-bogdanor-on-electoral-reform/,2016-07-28,best-books,vernon-bogdanor-on-electoral-reform,vernon bogdanor on electoral reform,,content
fivebooks.com,https://fivebooks.com/best-books/jamila-michener-policymaking-politics/,2017-03-16,best-books,jamila-michener-policymaking-politics,jamila michener policymaking politics,,content
fivebooks.com,https://fivebooks.com/best-books/jonathan-self-on-dog-food/,2017-03-25,best-books,jonathan-self-on-dog-food,jonathan self on dog food,,content
fivebooks.com,https://fivebooks.com/best-books/grover-norquist-on-tea-party-conservatism/,2017-05-19,best-books,grover-norquist-on-tea-party-conservatism,grover norquist on tea party conservatism,,content
fivebooks.com,https://fivebooks.com/best-books/juliet-schor-on-consumption-and-the-environment/,2017-06-01,best-books,juliet-schor-on-consumption-and-the-environment,juliet schor on consumption and the environment,,content
fivebooks.com,https://fivebooks.com/best-books/wendy-law-yone-on-her-own-burma/,2017-07-04,best-books,wendy-law-yone-on-her-own-burma,wendy law yone on her own burma,,content
fivebooks.com,https://fivebooks.com/best-books/best-books-typefaces-simon-garfield/,2017-09-11,best-books,best-books-typefaces-simon-garfield,best books typefaces simon garfield,,content
fivebooks.com,https://fivebooks.com/best-books/david-soskin-internet/,2017-10-03,best-books,david-soskin-internet,david soskin internet,,content
fivebooks.com,https://fivebooks.com/best-books/tim-birkhead-sperm/,2017-10-04,best-books,tim-birkhead-sperm,tim birkhead sperm,,content
fivebooks.com,https://fivebooks.com/best-books/kayla-rae-whitaker-women-artists/,2017-10-06,best-books,kayla-rae-whitaker-women-artists,kayla rae whitaker women artists,,content
fivebooks.com,https://fivebooks.com/best-books/karen-paolillo-conservation-hippos/,2017-10-10,best-books,karen-paolillo-conservation-hippos,karen paolillo conservation hippos,,content
fivebooks.com,https://fivebooks.com/best-books/best-books-microfinance-stuart-rutherford/,2017-11-04,best-books,best-books-microfinance-stuart-rutherford,best books microfinance stuart rutherford,,content
fivebooks.com,https://fivebooks.com/best-books/saving-the-world-nicholas-kristof/,2018-01-15,best-books,saving-the-world-nicholas-kristof,saving the world nicholas kristof,,content
fivebooks.com,https://fivebooks.com/best-books/theatre-francais/,2018-01-26,best-books,theatre-francais,theatre francais,,content
fivebooks.com,https://fivebooks.com/best-books/film-criticism-andrew-sarris/,2018-04-08,best-books,film-criticism-andrew-sarris,film criticism andrew sarris,,content
fivebooks.com,https://fivebooks.com/best-books/nicola-jones-on-gender-equality/,2018-04-10,best-books,nicola-jones-on-gender-equality,nicola jones on gender equality,,content
fivebooks.com,https://fivebooks.com/best-books/best-poetry-2016/,2018-05-01,best-books,best-poetry-2016,best poetry 2016,2016,content
fivebooks.com,https://fivebooks.com/best-books/keith-kahn-harris-heavy-metal/,2018-05-01,best-books,keith-kahn-harris-heavy-metal,keith kahn harris heavy metal,,content
fivebooks.com,https://fivebooks.com/best-books/louise-fresco-food/,2018-05-01,best-books,louise-fresco-food,louise fresco food,,content
fivebooks.com,https://fivebooks.com/best-books/peggy-orenstein-on-the-gender-trap/,2018-05-01,best-books,peggy-orenstein-on-the-gender-trap,peggy orenstein on the gender trap,,content
fivebooks.com,https://fivebooks.com/best-books/nicholas-higham-applied-mathematics/,2018-05-02,best-books,nicholas-higham-applied-mathematics,nicholas higham applied mathematics,,content
fivebooks.com,https://fivebooks.com/best-books/edmund-de-waal-on-inspiration-for-writing-and-art/,2018-05-02,best-books,edmund-de-waal-on-inspiration-for-writing-and-art,edmund de waal on inspiration for writing and art,,content
fivebooks.com,https://fivebooks.com/best-books/dana-mackenzie-on-the-beauty-and-fun-of-mathematics/,2018-05-02,best-books,dana-mackenzie-on-the-beauty-and-fun-of-mathematics,dana mackenzie on the beauty and fun of mathematics,,content
fivebooks.com,https://fivebooks.com/best-books/nick-harkaway-on-negotiating-the-digital-age/,2018-05-02,best-books,nick-harkaway-on-negotiating-the-digital-age,nick harkaway on negotiating the digital age,,content
fivebooks.com,https://fivebooks.com/best-books/ruth-gomberg-munoz-on-americas-undocumented-workers/,2018-05-02,best-books,ruth-gomberg-munoz-on-americas-undocumented-workers,ruth gomberg munoz on americas undocumented workers,,content
fivebooks.com,https://fivebooks.com/best-books/adam-minter-on-the-trash-trade/,2018-05-02,best-books,adam-minter-on-the-trash-trade,adam minter on the trash trade,,content
fivebooks.com,https://fivebooks.com/best-books/austin-frakt-healthcare-reform/,2018-05-03,best-books,austin-frakt-healthcare-reform,austin frakt healthcare reform,,content
fivebooks.com,https://fivebooks.com/best-books/michelle-rhee-on-american-education/,2018-05-04,best-books,michelle-rhee-on-american-education,michelle rhee on american education,,content
fivebooks.com,https://fivebooks.com/best-books/asias-rivers-ganges-victor-mallet/,2018-05-09,best-books,asias-rivers-ganges-victor-mallet,asias rivers ganges victor mallet,,content
fivebooks.com,https://fivebooks.com/best-books/giles-coren-on-food-writing/,2018-05-15,best-books,giles-coren-on-food-writing,giles coren on food writing,,content
fivebooks.com,https://fivebooks.com/best-books/ovarian-cancer-ahmed-ahmed/,2018-05-30,best-books,ovarian-cancer-ahmed-ahmed,ovarian cancer ahmed ahmed,,content
fivebooks.com,https://fivebooks.com/best-books/evolution-earth-andrew-scott/,2018-06-25,best-books,evolution-earth-andrew-scott,evolution earth andrew scott,,content
fivebooks.com,https://fivebooks.com/best-books/best-poetry-books-2017/,2018-06-27,best-books,best-poetry-books-2017,best poetry books 2017,2017,content
fivebooks.com,https://fivebooks.com/best-books/indie-books-of-2017/,2018-06-27,best-books,indie-books-of-2017,indie books of 2017,2017,content
fivebooks.com,https://fivebooks.com/best-books/minority-survival-china-james-palmer/,2018-07-29,best-books,minority-survival-china-james-palmer,minority survival china james palmer,,content
fivebooks.com,https://fivebooks.com/best-books/transitional-justice-colleen-murphy/,2018-08-01,best-books,transitional-justice-colleen-murphy,transitional justice colleen murphy,,content
fivebooks.com,https://fivebooks.com/best-books/america-challenged-position-world-affairs-ali-wyne/,2018-08-06,best-books,america-challenged-position-world-affairs-ali-wyne,america challenged position world affairs ali wyne,,content
fivebooks.com,https://fivebooks.com/best-books/jeffrey-d-sachs-on-the-millennium-development-goals/,2018-08-16,best-books,jeffrey-d-sachs-on-the-millennium-development-goals,jeffrey d sachs on the millennium development goals,,content
fivebooks.com,https://fivebooks.com/best-books/human-brain-suzana-herculano-houzel/,2018-08-16,best-books,human-brain-suzana-herculano-houzel,human brain suzana herculano houzel,,content
fivebooks.com,https://fivebooks.com/best-books/caroline-smith-meteorites/,2018-08-21,best-books,caroline-smith-meteorites,caroline smith meteorites,,content
fivebooks.com,https://fivebooks.com/best-books/basil-jones-and-adrian-kohler-on-puppeteering/,2018-08-21,best-books,basil-jones-and-adrian-kohler-on-puppeteering,basil jones and adrian kohler on puppeteering,,content
fivebooks.com,https://fivebooks.com/best-books/moral-economy-will-davies/,2018-09-08,best-books,moral-economy-will-davies,moral economy will davies,,content
fivebooks.com,https://fivebooks.com/best-books/barry-c-smith-on-taste/,2018-09-08,best-books,barry-c-smith-on-taste,barry c smith on taste,,content
fivebooks.com,https://fivebooks.com/best-books/new-capitalism-anatole-kaletsky/,2018-09-12,best-books,new-capitalism-anatole-kaletsky,new capitalism anatole kaletsky,,content
fivebooks.com,https://fivebooks.com/best-books/sue-arnold-on-describing-burma/,2018-09-23,best-books,sue-arnold-on-describing-burma,sue arnold on describing burma,,content
fivebooks.com,https://fivebooks.com/best-books/tato-grasso-on-medicinal-marijuana/,2018-10-01,best-books,tato-grasso-on-medicinal-marijuana,tato grasso on medicinal marijuana,,content
fivebooks.com,https://fivebooks.com/best-books/anne-heller-libertarianism/,2018-10-04,best-books,anne-heller-libertarianism,anne heller libertarianism,,content
fivebooks.com,https://fivebooks.com/best-books/administrative-state-paul-tucker/,2018-10-21,best-books,administrative-state-paul-tucker,administrative state paul tucker,,content
fivebooks.com,https://fivebooks.com/best-books/science-writing/,2018-11-02,best-books,science-writing,science writing,,content
fivebooks.com,https://fivebooks.com/best-books/italian-food-ruth-rogers/,2018-11-10,best-books,italian-food-ruth-rogers,italian food ruth rogers,,content
fivebooks.com,https://fivebooks.com/best-books/ellen-de-bruin-on-dutch-women-and-happiness/,2018-11-10,best-books,ellen-de-bruin-on-dutch-women-and-happiness,ellen de bruin on dutch women and happiness,,content
fivebooks.com,https://fivebooks.com/best-books/colin-freeman-on-iraq/,2018-11-17,best-books,colin-freeman-on-iraq,colin freeman on iraq,,content
fivebooks.com,https://fivebooks.com/best-books/afghanistan-pakistan-border-gretchen-peters/,2018-11-17,best-books,afghanistan-pakistan-border-gretchen-peters,afghanistan pakistan border gretchen peters,,content
fivebooks.com,https://fivebooks.com/best-books/georgia-per-gahrton/,2018-11-17,best-books,georgia-per-gahrton,georgia per gahrton,,content
fivebooks.com,https://fivebooks.com/best-books/barry-ritholtz-causes-financial-crisis/,2018-12-07,best-books,barry-ritholtz-causes-financial-crisis,barry ritholtz causes financial crisis,,content
fivebooks.com,https://fivebooks.com/best-books/ben-katchor-on-picture-stories/,2018-12-10,best-books,ben-katchor-on-picture-stories,ben katchor on picture stories,,content
fivebooks.com,https://fivebooks.com/best-books/tristram-stuart-on-the-global-food-scandal/,2018-12-16,best-books,tristram-stuart-on-the-global-food-scandal,tristram stuart on the global food scandal,,content
fivebooks.com,https://fivebooks.com/best-books/brian-mcfarlane-on-british-cinema/,2018-12-16,best-books,brian-mcfarlane-on-british-cinema,brian mcfarlane on british cinema,,content
fivebooks.com,https://fivebooks.com/best-books/mark-bloomfield-lobbying/,2018-12-21,best-books,mark-bloomfield-lobbying,mark bloomfield lobbying,,content
fivebooks.com,https://fivebooks.com/best-books/best-comics-2018/,2018-12-23,best-books,best-comics-2018,best comics 2018,2018,content
fivebooks.com,https://fivebooks.com/best-books/alan-rusbridger-on-the-future-of-news/,2019-01-06,best-books,alan-rusbridger-on-the-future-of-news,alan rusbridger on the future of news,,content
fivebooks.com,https://fivebooks.com/best-books/helene-guldberg-on-man-and-ape/,2019-01-13,best-books,helene-guldberg-on-man-and-ape,helene guldberg on man and ape,,content
fivebooks.com,https://fivebooks.com/best-books/dieting-gary-taubes/,2019-01-18,best-books,dieting-gary-taubes,dieting gary taubes,,content
fivebooks.com,https://fivebooks.com/best-books/paul-kingsnorth-on-uncivilisation/,2019-01-21,best-books,paul-kingsnorth-on-uncivilisation,paul kingsnorth on uncivilisation,,content
fivebooks.com,https://fivebooks.com/best-books/frank-cottrell-boyce-on-filmmaking/,2019-01-23,best-books,frank-cottrell-boyce-on-filmmaking,frank cottrell boyce on filmmaking,,content
fivebooks.com,https://fivebooks.com/best-books/best-science-books-2018/,2019-01-25,best-books,best-science-books-2018,best science books 2018,2018,content
fivebooks.com,https://fivebooks.com/best-books/the-best-music-books-of-2018/,2019-01-25,best-books,the-best-music-books-of-2018,the best music books of 2018,2018,content
fivebooks.com,https://fivebooks.com/best-books/life-beyond-earth-james-kasting/,2019-01-26,best-books,life-beyond-earth-james-kasting,life beyond earth james kasting,,content
fivebooks.com,https://fivebooks.com/best-books/paul-rozin-food-psychology/,2019-01-28,best-books,paul-rozin-food-psychology,paul rozin food psychology,,content
fivebooks.com,https://fivebooks.com/best-books/video-games-katherine-isbister/,2019-01-28,best-books,video-games-katherine-isbister,video games katherine isbister,,content
fivebooks.com,https://fivebooks.com/best-books/favourite-art-books-andrew-graham-dixon/,2019-02-01,best-books,favourite-art-books-andrew-graham-dixon,favourite art books andrew graham dixon,,content
fivebooks.com,https://fivebooks.com/best-books/kenneth-miller-arguments-creationism/,2019-02-02,best-books,kenneth-miller-arguments-creationism,kenneth miller arguments creationism,,content
fivebooks.com,https://fivebooks.com/best-books/martin-marty-on-religion-versus-secularism-in-history/,2019-02-02,best-books,martin-marty-on-religion-versus-secularism-in-history,martin marty on religion versus secularism in history,,content
fivebooks.com,https://fivebooks.com/best-books/trial-by-jury-alex-mcbride/,2019-02-09,best-books,trial-by-jury-alex-mcbride,trial by jury alex mcbride,,content
fivebooks.com,https://fivebooks.com/best-books/ageing/,2019-02-15,best-books,ageing,ageing,,content
fivebooks.com,https://fivebooks.com/best-books/best-nature-writing-2017-charles-foster/,2019-02-15,best-books,best-nature-writing-2017-charles-foster,best nature writing 2017 charles foster,2017,content
fivebooks.com,https://fivebooks.com/best-books/mark-kleiman-on-drugs/,2019-02-15,best-books,mark-kleiman-on-drugs,mark kleiman on drugs,,content
fivebooks.com,https://fivebooks.com/best-books/alison-gopnik-on-children-and-their-minds/,2019-02-15,best-books,alison-gopnik-on-children-and-their-minds,alison gopnik on children and their minds,,content
fivebooks.com,https://fivebooks.com/best-books/dr-patrick-porter-on-the-rise-and-fall-of-america/,2019-02-23,best-books,dr-patrick-porter-on-the-rise-and-fall-of-america,dr patrick porter on the rise and fall of america,,content
fivebooks.com,https://fivebooks.com/best-books/malcolm-harris-millennials/,2019-02-26,best-books,malcolm-harris-millennials,malcolm harris millennials,,content
fivebooks.com,https://fivebooks.com/best-books/death-sue-black/,2019-03-07,best-books,death-sue-black,death sue black,,content
fivebooks.com,https://fivebooks.com/best-books/murray-pittock-irish-unionism/,2019-03-12,best-books,murray-pittock-irish-unionism,murray pittock irish unionism,,content
fivebooks.com,https://fivebooks.com/best-books/world-photography-shahidul-alam/,2019-03-23,best-books,world-photography-shahidul-alam,world photography shahidul alam,,content
fivebooks.com,https://fivebooks.com/best-books/trees/,2019-04-02,best-books,trees,trees,,content
fivebooks.com,https://fivebooks.com/best-books/cecile-richards-on-how-progressives-can-make-a-difference/,2019-04-21,best-books,cecile-richards-on-how-progressives-can-make-a-difference,cecile richards on how progressives can make a difference,,content
fivebooks.com,https://fivebooks.com/best-books/blockchain-kevin-werbach/,2019-04-30,best-books,blockchain-kevin-werbach,blockchain kevin werbach,,content
fivebooks.com,https://fivebooks.com/best-books/dorothy-singer-on-play/,2019-06-16,best-books,dorothy-singer-on-play,dorothy singer on play,,content
fivebooks.com,https://fivebooks.com/best-books/tobias-hecht-on-understanding-infants/,2019-06-16,best-books,tobias-hecht-on-understanding-infants,tobias hecht on understanding infants,,content
fivebooks.com,https://fivebooks.com/best-books/educational-testing-jl/,2019-06-16,best-books,educational-testing-jl,educational testing jl,,content
fivebooks.com,https://fivebooks.com/best-books/vivette-glover-on-life-before-birth-and-life-after-it/,2019-06-16,best-books,vivette-glover-on-life-before-birth-and-life-after-it,vivette glover on life before birth and life after it,,content
fivebooks.com,https://fivebooks.com/best-books/elaine-fox-on-optimism/,2019-06-16,best-books,elaine-fox-on-optimism,elaine fox on optimism,,content
fivebooks.com,https://fivebooks.com/best-books/sue-palmer-on-toxic-boys/,2019-06-16,best-books,sue-palmer-on-toxic-boys,sue palmer on toxic boys,,content
fivebooks.com,https://fivebooks.com/best-books/engineering-ante-shoda/,2019-06-18,best-books,engineering-ante-shoda,engineering ante shoda,,content
fivebooks.com,https://fivebooks.com/best-books/how-to-use-technology-margaret-morris/,2019-07-02,best-books,how-to-use-technology-margaret-morris,how to use technology margaret morris,,content
fivebooks.com,https://fivebooks.com/best-books/best-economics-books-2016/,2019-07-05,best-books,best-economics-books-2016,best economics books 2016,2016,content
fivebooks.com,https://fivebooks.com/best-books/new-england-mark-peterson/,2019-07-06,best-books,new-england-mark-peterson,new england mark peterson,,content
fivebooks.com,https://fivebooks.com/best-books/architecture-aesthetics-timothy-hyde/,2019-07-17,best-books,architecture-aesthetics-timothy-hyde,architecture aesthetics timothy hyde,,content
fivebooks.com,https://fivebooks.com/best-books/singapore-sharlene-teo/,2019-07-31,best-books,singapore-sharlene-teo,singapore sharlene teo,,content
fivebooks.com,https://fivebooks.com/best-books/bruce-schneier-on-trust/,2019-08-07,best-books,bruce-schneier-on-trust,bruce schneier on trust,,content
fivebooks.com,https://fivebooks.com/best-books/creating-a-career-you-love-emma-gannon/,2019-08-19,best-books,creating-a-career-you-love-emma-gannon,creating a career you love emma gannon,,content
fivebooks.com,https://fivebooks.com/best-books/william-hopper-on-culture-of-management/,2019-08-19,best-books,william-hopper-on-culture-of-management,william hopper on culture of management,,content
fivebooks.com,https://fivebooks.com/best-books/alf-coles-teaching-maths/,2019-09-16,best-books,alf-coles-teaching-maths,alf coles teaching maths,,content
fivebooks.com,https://fivebooks.com/best-books/neuroscience-aesthetics/,2019-09-16,best-books,neuroscience-aesthetics,neuroscience aesthetics,,content
fivebooks.com,https://fivebooks.com/best-books/michael-jacobs-on-the-andes/,2019-09-23,best-books,michael-jacobs-on-the-andes,michael jacobs on the andes,,content
fivebooks.com,https://fivebooks.com/best-books/brian-shoesmith-on-indian-film/,2019-09-24,best-books,brian-shoesmith-on-indian-film,brian shoesmith on indian film,,content
fivebooks.com,https://fivebooks.com/best-books/the-renaissance-jerry-brotton/,2019-09-24,best-books,the-renaissance-jerry-brotton,the renaissance jerry brotton,,content
fivebooks.com,https://fivebooks.com/best-books/harold-bloom-on-literary-criticism/,2019-10-16,best-books,harold-bloom-on-literary-criticism,harold bloom on literary criticism,,content
fivebooks.com,https://fivebooks.com/best-books/amanda-smith-on-newspaper-dynasties/,2019-10-29,best-books,amanda-smith-on-newspaper-dynasties,amanda smith on newspaper dynasties,,content
fivebooks.com,https://fivebooks.com/best-books/autofiction-olivia-laing/,2019-10-29,best-books,autofiction-olivia-laing,autofiction olivia laing,,content
fivebooks.com,https://fivebooks.com/best-books/charles-foster-on-living-prudently/,2019-11-08,best-books,charles-foster-on-living-prudently,charles foster on living prudently,,content
fivebooks.com,https://fivebooks.com/best-books/richard-jolly-on-children-and-the-millennium-development-goals/,2019-11-20,best-books,richard-jolly-on-children-and-the-millennium-development-goals,richard jolly on children and the millennium development goals,,content
fivebooks.com,https://fivebooks.com/best-books/ivan-day-historic-cooking/,2019-11-20,best-books,ivan-day-historic-cooking,ivan day historic cooking,,content
fivebooks.com,https://fivebooks.com/best-books/best-books-cakes-claire-ptak/,2019-11-26,best-books,best-books-cakes-claire-ptak,best books cakes claire ptak,,content
fivebooks.com,https://fivebooks.com/best-books/saudi-arabia-madawi-al-rasheed/,2019-11-28,best-books,saudi-arabia-madawi-al-rasheed,saudi arabia madawi al rasheed,,content
fivebooks.com,https://fivebooks.com/best-books/the-best-of-nature-writing-2019-charles-foster/,2019-12-11,best-books,the-best-of-nature-writing-2019-charles-foster,the best of nature writing 2019 charles foster,2019,content
fivebooks.com,https://fivebooks.com/best-books/ruskin-michael-glover/,2019-12-23,best-books,ruskin-michael-glover,ruskin michael glover,,content
fivebooks.com,https://fivebooks.com/best-books/epicureans-james-warren/,2020-01-02,best-books,epicureans-james-warren,epicureans james warren,,content
fivebooks.com,https://fivebooks.com/best-books/todd-gitlin-on-the-future-of-the-media/,2020-01-10,best-books,todd-gitlin-on-the-future-of-the-media,todd gitlin on the future of the media,,content
fivebooks.com,https://fivebooks.com/best-books/vermeer-studio-method/,2020-01-12,best-books,vermeer-studio-method,vermeer studio method,,content
fivebooks.com,https://fivebooks.com/best-books/the-rule-of-law-jonathan-sumption/,2020-01-13,best-books,the-rule-of-law-jonathan-sumption,the rule of law jonathan sumption,,content
fivebooks.com,https://fivebooks.com/best-books/poetry-books-2019-simone-white/,2020-01-16,best-books,poetry-books-2019-simone-white,poetry books 2019 simone white,2019,content
fivebooks.com,https://fivebooks.com/best-books/best-books-poker-coren/,2020-01-16,best-books,best-books-poker-coren,best books poker coren,,content
fivebooks.com,https://fivebooks.com/best-books/samurai-michael-wert/,2020-01-16,best-books,samurai-michael-wert,samurai michael wert,,content
fivebooks.com,https://fivebooks.com/best-books/global-power-joseph-nye/,2020-01-22,best-books,global-power-joseph-nye,global power joseph nye,,content
fivebooks.com,https://fivebooks.com/best-books/silicon-valley-ramesh-srinivasan/,2020-01-27,best-books,silicon-valley-ramesh-srinivasan,silicon valley ramesh srinivasan,,content
fivebooks.com,https://fivebooks.com/best-books/personal-branding-cynthia-johnson/,2020-01-27,best-books,personal-branding-cynthia-johnson,personal branding cynthia johnson,,content
fivebooks.com,https://fivebooks.com/best-books/personality-merve-emre/,2020-01-27,best-books,personality-merve-emre,personality merve emre,,content
fivebooks.com,https://fivebooks.com/best-books/troilus-and-criseyde-chaucer-jenni-nuttall/,2020-01-29,best-books,troilus-and-criseyde-chaucer-jenni-nuttall,troilus and criseyde chaucer jenni nuttall,,content
fivebooks.com,https://fivebooks.com/best-books/friendship-lauren-mechling/,2020-01-31,best-books,friendship-lauren-mechling,friendship lauren mechling,,content
fivebooks.com,https://fivebooks.com/best-books/self-help-novels-beth-blum/,2020-02-24,best-books,self-help-novels-beth-blum,self help novels beth blum,,content
fivebooks.com,https://fivebooks.com/best-books/baking-bread-chris-young/,2020-02-26,best-books,baking-bread-chris-young,baking bread chris young,,content
fivebooks.com,https://fivebooks.com/best-books/syria-nikolaos-van-dam/,2020-03-10,best-books,syria-nikolaos-van-dam,syria nikolaos van dam,,content
fivebooks.com,https://fivebooks.com/best-books/editors-picks-best-books-2018-cal-flyn/,2020-04-02,best-books,editors-picks-best-books-2018-cal-flyn,editors picks best books 2018 cal flyn,2018,content
fivebooks.com,https://fivebooks.com/best-books/best-cookbooks-nigel-slater/,2020-04-18,best-books,best-cookbooks-nigel-slater,best cookbooks nigel slater,,content
fivebooks.com,https://fivebooks.com/best-books/birds-jonathan-elphick/,2020-04-20,best-books,birds-jonathan-elphick,birds jonathan elphick,,content
fivebooks.com,https://fivebooks.com/best-books/lee-camp-on-political-satire/,2020-04-27,best-books,lee-camp-on-political-satire,lee camp on political satire,,content
fivebooks.com,https://fivebooks.com/best-books/errol-morris-on-photography-and-reality/,2020-04-28,best-books,errol-morris-on-photography-and-reality,errol morris on photography and reality,,content
fivebooks.com,https://fivebooks.com/best-books/books-by-artists-michaela-unterdorfer/,2020-04-28,best-books,books-by-artists-michaela-unterdorfer,books by artists michaela unterdorfer,,content
fivebooks.com,https://fivebooks.com/best-books/the-deep-future-david-farrier/,2020-04-29,best-books,the-deep-future-david-farrier,the deep future david farrier,,content
fivebooks.com,https://fivebooks.com/best-books/living-through-an-epidemic-alex-chase-levenson/,2020-04-29,best-books,living-through-an-epidemic-alex-chase-levenson,living through an epidemic alex chase levenson,,content
fivebooks.com,https://fivebooks.com/best-books/economics-coronavirus-ricardo-reis/,2020-04-30,best-books,economics-coronavirus-ricardo-reis,economics coronavirus ricardo reis,,content
fivebooks.com,https://fivebooks.com/best-books/charles-morris-on-crashes/,2020-04-30,best-books,charles-morris-on-crashes,charles morris on crashes,,content
fivebooks.com,https://fivebooks.com/best-books/robert-skidelsky-keynes/,2020-04-30,best-books,robert-skidelsky-keynes,robert skidelsky keynes,,content
fivebooks.com,https://fivebooks.com/best-books/branding-robert-jones/,2020-04-30,best-books,branding-robert-jones,branding robert jones,,content
fivebooks.com,https://fivebooks.com/best-books/calcutta-kushanava-choudhury/,2020-05-03,best-books,calcutta-kushanava-choudhury,calcutta kushanava choudhury,,content
fivebooks.com,https://fivebooks.com/best-books/george-magnus-emerging-markets/,2020-05-06,best-books,george-magnus-emerging-markets,george magnus emerging markets,,content
fivebooks.com,https://fivebooks.com/best-books/william-dorothy-wordsworth-lucy-newlyn/,2020-05-06,best-books,william-dorothy-wordsworth-lucy-newlyn,william dorothy wordsworth lucy newlyn,,content
fivebooks.com,https://fivebooks.com/best-books/plants-plant-hunting-kenneth-cox/,2020-05-09,best-books,plants-plant-hunting-kenneth-cox,plants plant hunting kenneth cox,,content
fivebooks.com,https://fivebooks.com/best-books/arabella-lennox-boyd-on-garden-design/,2020-05-09,best-books,arabella-lennox-boyd-on-garden-design,arabella lennox boyd on garden design,,content
fivebooks.com,https://fivebooks.com/best-books/penelope-hobhouse-on-horticultural-inspiration/,2020-05-09,best-books,penelope-hobhouse-on-horticultural-inspiration,penelope hobhouse on horticultural inspiration,,content
fivebooks.com,https://fivebooks.com/best-books/david-baddiel-on-football/,2020-05-09,best-books,david-baddiel-on-football,david baddiel on football,,content
fivebooks.com,https://fivebooks.com/best-books/soccer-second-language-john-turnbull/,2020-05-09,best-books,soccer-second-language-john-turnbull,soccer second language john turnbull,,content
fivebooks.com,https://fivebooks.com/best-books/steve-darlow-on-pilots-of-the-second-world-war/,2020-05-10,best-books,steve-darlow-on-pilots-of-the-second-world-war,steve darlow on pilots of the second world war,,content
fivebooks.com,https://fivebooks.com/best-books/pyenson-predators/,2020-05-10,best-books,pyenson-predators,pyenson predators,,content
fivebooks.com,https://fivebooks.com/best-books/south-africa-alec-russell/,2020-05-15,best-books,south-africa-alec-russell,south africa alec russell,,content
fivebooks.com,https://fivebooks.com/best-books/greek-cooking-diana-farr-louis-june-marinos/,2020-05-17,best-books,greek-cooking-diana-farr-louis-june-marinos,greek cooking diana farr louis june marinos,,content
fivebooks.com,https://fivebooks.com/best-books/editors-picks-year-in-reading-2019-stephanie-kelley/,2020-05-18,best-books,editors-picks-year-in-reading-2019-stephanie-kelley,editors picks year in reading 2019 stephanie kelley,2019,content
fivebooks.com,https://fivebooks.com/best-books/hal-foster-on-pop-art/,2020-05-18,best-books,hal-foster-on-pop-art,hal foster on pop art,,content
fivebooks.com,https://fivebooks.com/best-books/future-cities-davina-jackson/,2020-05-18,best-books,future-cities-davina-jackson,future cities davina jackson,,content
fivebooks.com,https://fivebooks.com/best-books/robert-macfarlane-on-wild-places/,2020-05-29,best-books,robert-macfarlane-on-wild-places,robert macfarlane on wild places,,content
fivebooks.com,https://fivebooks.com/best-books/post-apartheid-identity-kevin-bloom/,2020-06-01,best-books,post-apartheid-identity-kevin-bloom,post apartheid identity kevin bloom,,content
fivebooks.com,https://fivebooks.com/best-books/racism-kurt-barling/,2020-06-02,best-books,racism-kurt-barling,racism kurt barling,,content
fivebooks.com,https://fivebooks.com/best-books/kenneth-mack-on-race-and-the-law/,2020-06-03,best-books,kenneth-mack-on-race-and-the-law,kenneth mack on race and the law,,content
fivebooks.com,https://fivebooks.com/best-books/best-books-urban-economics-edward-glaeser/,2020-06-04,best-books,best-books-urban-economics-edward-glaeser,best books urban economics edward glaeser,,content
fivebooks.com,https://fivebooks.com/best-books/jonathon-porritt-on-saving-the-world/,2020-06-05,best-books,jonathon-porritt-on-saving-the-world,jonathon porritt on saving the world,,content
fivebooks.com,https://fivebooks.com/best-books/timothy-garton-ash-on-the-history-of-the-present/,2020-06-07,best-books,timothy-garton-ash-on-the-history-of-the-present,timothy garton ash on the history of the present,,content
fivebooks.com,https://fivebooks.com/best-books/denise-russell-on-the-sea/,2020-06-08,best-books,denise-russell-on-the-sea,denise russell on the sea,,content
fivebooks.com,https://fivebooks.com/best-books/tweens-2017/,2020-06-10,best-books,tweens-2017,tweens 2017,2017,content
fivebooks.com,https://fivebooks.com/best-books/francisco-bethencourt-on-racism-how-to-write-history/,2020-06-10,best-books,francisco-bethencourt-on-racism-how-to-write-history,francisco bethencourt on racism how to write history,,content
fivebooks.com,https://fivebooks.com/best-books/mark-tully-on-india/,2020-06-11,best-books,mark-tully-on-india,mark tully on india,,content
fivebooks.com,https://fivebooks.com/best-books/josephine-hart-on-the-narrative-of-irish-history/,2020-06-19,best-books,josephine-hart-on-the-narrative-of-irish-history,josephine hart on the narrative of irish history,,content
fivebooks.com,https://fivebooks.com/best-books/fathers-kyle-pruett/,2020-06-21,best-books,fathers-kyle-pruett,fathers kyle pruett,,content
fivebooks.com,https://fivebooks.com/best-books/politics-2019-john-harwood/,2020-06-21,best-books,politics-2019-john-harwood,politics 2019 john harwood,2019,content
fivebooks.com,https://fivebooks.com/best-books/gary-gorton-on-financial-crises/,2020-06-22,best-books,gary-gorton-on-financial-crises,gary gorton on financial crises,,content
fivebooks.com,https://fivebooks.com/best-books/spiders-lawrence-bee/,2020-06-24,best-books,spiders-lawrence-bee,spiders lawrence bee,,content
fivebooks.com,https://fivebooks.com/best-books/birdwatching-jeremy-mynott/,2020-06-24,best-books,birdwatching-jeremy-mynott,birdwatching jeremy mynott,,content
fivebooks.com,https://fivebooks.com/best-books/bruno-loubet-on-simple-cooking/,2020-06-30,best-books,bruno-loubet-on-simple-cooking,bruno loubet on simple cooking,,content
fivebooks.com,https://fivebooks.com/best-books/james-hunter-on-the-highland-clearances/,2020-06-30,best-books,james-hunter-on-the-highland-clearances,james hunter on the highland clearances,,content
fivebooks.com,https://fivebooks.com/best-books/nineteenth-century-germany-richard-evans/,2020-07-01,best-books,nineteenth-century-germany-richard-evans,nineteenth century germany richard evans,,content
fivebooks.com,https://fivebooks.com/best-books/maz-jobrani-on-comedy/,2020-07-01,best-books,maz-jobrani-on-comedy,maz jobrani on comedy,,content
fivebooks.com,https://fivebooks.com/best-books/best-books-desserts-david-lebovitz/,2020-07-07,best-books,best-books-desserts-david-lebovitz,best books desserts david lebovitz,,content
fivebooks.com,https://fivebooks.com/best-books/bohemian-living-darren-coffield/,2020-07-08,best-books,bohemian-living-darren-coffield,bohemian living darren coffield,,content
fivebooks.com,https://fivebooks.com/best-books/judith-flanders-on-life-in-the-victorian-age/,2020-07-10,best-books,judith-flanders-on-life-in-the-victorian-age,judith flanders on life in the victorian age,,content
fivebooks.com,https://fivebooks.com/best-books/murray-pittock-jacobitism/,2020-07-10,best-books,murray-pittock-jacobitism,murray pittock jacobitism,,content
fivebooks.com,https://fivebooks.com/best-books/matthew-green-on-londons-addictions/,2020-07-10,best-books,matthew-green-on-londons-addictions,matthew green on londons addictions,,content
fivebooks.com,https://fivebooks.com/best-books/david-runciman-on-london-olympic-history/,2020-07-10,best-books,david-runciman-on-london-olympic-history,david runciman on london olympic history,,content
fivebooks.com,https://fivebooks.com/best-books/rethinking-economics/,2020-07-14,best-books,rethinking-economics,rethinking economics,,content
fivebooks.com,https://fivebooks.com/best-books/east-and-west-ian-buruma/,2020-07-14,best-books,east-and-west-ian-buruma,east and west ian buruma,,content
fivebooks.com,https://fivebooks.com/best-books/national-security-juliette-kayyem/,2020-07-18,best-books,national-security-juliette-kayyem,national security juliette kayyem,,content
fivebooks.com,https://fivebooks.com/best-books/educational-testing-ar/,2020-07-20,best-books,educational-testing-ar,educational testing ar,,content
fivebooks.com,https://fivebooks.com/best-books/diane-coyle-economics-soulful-science/,2020-07-21,best-books,diane-coyle-economics-soulful-science,diane coyle economics soulful science,,content
fivebooks.com,https://fivebooks.com/best-books/impeachment-michael-j-gerhardt/,2020-07-22,best-books,impeachment-michael-j-gerhardt,impeachment michael j gerhardt,,content
fivebooks.com,https://fivebooks.com/best-books/rajiv-shah-on-breakthroughs-in-development/,2020-07-23,best-books,rajiv-shah-on-breakthroughs-in-development,rajiv shah on breakthroughs in development,,content
fivebooks.com,https://fivebooks.com/best-books/aftermath-world-war-ii-keith-lowe/,2020-07-26,best-books,aftermath-world-war-ii-keith-lowe,aftermath world war ii keith lowe,,content
fivebooks.com,https://fivebooks.com/best-books/war-on-drugs-johann-hari/,2020-07-28,best-books,war-on-drugs-johann-hari,war on drugs johann hari,,content
fivebooks.com,https://fivebooks.com/best-books/weimar-germany-robert-gerwarth/,2020-07-28,best-books,weimar-germany-robert-gerwarth,weimar germany robert gerwarth,,content
fivebooks.com,https://fivebooks.com/best-books/israel-amnon-rubinstein/,2020-07-28,best-books,israel-amnon-rubinstein,israel amnon rubinstein,,content
fivebooks.com,https://fivebooks.com/best-books/best-politics-books-2018/,2020-07-31,best-books,best-politics-books-2018,best politics books 2018,2018,content
fivebooks.com,https://fivebooks.com/best-books/moral-character-christian-miller/,2020-08-05,best-books,moral-character-christian-miller,moral character christian miller,,content
fivebooks.com,https://fivebooks.com/best-books/rose-mcdermott-psychology-war/,2020-08-05,best-books,rose-mcdermott-psychology-war,rose mcdermott psychology war,,content
fivebooks.com,https://fivebooks.com/best-books/mary-berry-favourite-cookbooks/,2020-08-06,best-books,mary-berry-favourite-cookbooks,mary berry favourite cookbooks,,content
fivebooks.com,https://fivebooks.com/best-books/sophie-dahl-on-cooking/,2020-08-06,best-books,sophie-dahl-on-cooking,sophie dahl on cooking,,content
fivebooks.com,https://fivebooks.com/best-books/bernard-bailyn-on-atlantic-history/,2020-08-08,best-books,bernard-bailyn-on-atlantic-history,bernard bailyn on atlantic history,,content
fivebooks.com,https://fivebooks.com/best-books/chibli-mallat-on-maverick-political-thought/,2020-08-10,best-books,chibli-mallat-on-maverick-political-thought,chibli mallat on maverick political thought,,content
fivebooks.com,https://fivebooks.com/best-books/samantha-clark-spanish-moorish-cooking/,2020-08-10,best-books,samantha-clark-spanish-moorish-cooking,samantha clark spanish moorish cooking,,content
fivebooks.com,https://fivebooks.com/best-books/beatrix-potter-libby-joy/,2020-08-14,best-books,beatrix-potter-libby-joy,beatrix potter libby joy,,content
fivebooks.com,https://fivebooks.com/best-books/roger-mcgough-on-poetry-anthologies/,2020-08-16,best-books,roger-mcgough-on-poetry-anthologies,roger mcgough on poetry anthologies,,content
fivebooks.com,https://fivebooks.com/best-books/quantum-physics-reality-jim-baggott/,2020-08-19,best-books,quantum-physics-reality-jim-baggott,quantum physics reality jim baggott,,content
fivebooks.com,https://fivebooks.com/best-books/classical-economists-brad-delong/,2020-08-26,best-books,classical-economists-brad-delong,classical economists brad delong,,content
fivebooks.com,https://fivebooks.com/best-books/hong-kong-jason-ng/,2020-09-02,best-books,hong-kong-jason-ng,hong kong jason ng,,content
fivebooks.com,https://fivebooks.com/best-books/dambisa-moyo-on-the-decline-of-the-west/,2020-09-02,best-books,dambisa-moyo-on-the-decline-of-the-west,dambisa moyo on the decline of the west,,content
fivebooks.com,https://fivebooks.com/best-books/peter-taylor-on-al-qaeda/,2020-09-10,best-books,peter-taylor-on-al-qaeda,peter taylor on al qaeda,,content
fivebooks.com,https://fivebooks.com/best-books/biology-sean-carroll/,2020-09-10,best-books,biology-sean-carroll,biology sean carroll,,content
fivebooks.com,https://fivebooks.com/best-books/islamic-militancy-jason-burke/,2020-09-11,best-books,islamic-militancy-jason-burke,islamic militancy jason burke,,content
fivebooks.com,https://fivebooks.com/best-books/first-amendment-suzanne-nossel/,2020-09-14,best-books,first-amendment-suzanne-nossel,first amendment suzanne nossel,,content
fivebooks.com,https://fivebooks.com/best-books/concentration-camps-andrea-pitzer/,2020-09-20,best-books,concentration-camps-andrea-pitzer,concentration camps andrea pitzer,,content
fivebooks.com,https://fivebooks.com/best-books/mindful-parenting/,2020-09-21,best-books,mindful-parenting,mindful parenting,,content
fivebooks.com,https://fivebooks.com/best-books/indian-cricket-prashant-kidambi/,2020-09-22,best-books,indian-cricket-prashant-kidambi,indian cricket prashant kidambi,,content
fivebooks.com,https://fivebooks.com/best-books/bruce-riedel-on-pakistan/,2020-09-30,best-books,bruce-riedel-on-pakistan,bruce riedel on pakistan,,content
fivebooks.com,https://fivebooks.com/best-books/the-levant-philip-mansel/,2020-10-01,best-books,the-levant-philip-mansel,the levant philip mansel,,content
fivebooks.com,https://fivebooks.com/best-books/global-cultural-understanding-ash-amin/,2020-10-05,best-books,global-cultural-understanding-ash-amin,global cultural understanding ash amin,,content
fivebooks.com,https://fivebooks.com/best-books/science-2019-royal-society/,2020-10-08,best-books,science-2019-royal-society,science 2019 royal society,2019,content
fivebooks.com,https://fivebooks.com/best-books/hunger-roger-thurow/,2020-10-09,best-books,hunger-roger-thurow,hunger roger thurow,,content
fivebooks.com,https://fivebooks.com/best-books/lucian-freud-william-feaver/,2020-10-12,best-books,lucian-freud-william-feaver,lucian freud william feaver,,content
fivebooks.com,https://fivebooks.com/best-books/supreme-court-united-states-michael-klarman/,2020-10-21,best-books,supreme-court-united-states-michael-klarman,supreme court united states michael klarman,,content
fivebooks.com,https://fivebooks.com/best-books/tanni-grey-thompson-paralympics-sport/,2020-10-28,best-books,tanni-grey-thompson-paralympics-sport,tanni grey thompson paralympics sport,,content
fivebooks.com,https://fivebooks.com/best-books/ruth-bader-ginsburg-amanda-tyler/,2020-10-30,best-books,ruth-bader-ginsburg-amanda-tyler,ruth bader ginsburg amanda tyler,,content
fivebooks.com,https://fivebooks.com/best-books/africa-through-african-eyes-george-ayittey/,2020-11-06,best-books,africa-through-african-eyes-george-ayittey,africa through african eyes george ayittey,,content
fivebooks.com,https://fivebooks.com/best-books/figurative-painting-today-julien-delagrange/,2020-11-06,best-books,figurative-painting-today-julien-delagrange,figurative painting today julien delagrange,,content
fivebooks.com,https://fivebooks.com/best-books/pioneering-conservative-books-david-frum/,2020-11-07,best-books,pioneering-conservative-books-david-frum,pioneering conservative books david frum,,content
fivebooks.com,https://fivebooks.com/best-books/modern-day-royals-katie-nicholl/,2020-11-11,best-books,modern-day-royals-katie-nicholl,modern day royals katie nicholl,,content
fivebooks.com,https://fivebooks.com/best-books/marc-lynch-origins-arab-uprising/,2020-11-11,best-books,marc-lynch-origins-arab-uprising,marc lynch origins arab uprising,,content
fivebooks.com,https://fivebooks.com/best-books/movies-about-race-greg-garrett/,2020-11-12,best-books,movies-about-race-greg-garrett,movies about race greg garrett,,content
fivebooks.com,https://fivebooks.com/best-books/lawrence-kaplan-on-us-intervention/,2020-11-12,best-books,lawrence-kaplan-on-us-intervention,lawrence kaplan on us intervention,,content
fivebooks.com,https://fivebooks.com/best-books/adam-roberts-on-civil-resistance/,2020-11-15,best-books,adam-roberts-on-civil-resistance,adam roberts on civil resistance,,content
fivebooks.com,https://fivebooks.com/best-books/future-of-work-daniel-susskind/,2020-11-27,best-books,future-of-work-daniel-susskind,future of work daniel susskind,,content
fivebooks.com,https://fivebooks.com/best-books/frank-furedi-on-the-crisis-in-education/,2020-11-27,best-books,frank-furedi-on-the-crisis-in-education,frank furedi on the crisis in education,,content
fivebooks.com,https://fivebooks.com/best-books/max-mosley-on-privacy/,2020-11-28,best-books,max-mosley-on-privacy,max mosley on privacy,,content
fivebooks.com,https://fivebooks.com/best-books/rick-telander-american-football/,2020-11-28,best-books,rick-telander-american-football,rick telander american football,,content
fivebooks.com,https://fivebooks.com/best-books/art-2020-romas-viesulas/,2020-12-04,best-books,art-2020-romas-viesulas,art 2020 romas viesulas,2020,content
fivebooks.com,https://fivebooks.com/best-books/computer-games-tom-chatfield/,2020-12-04,best-books,computer-games-tom-chatfield,computer games tom chatfield,,content
fivebooks.com,https://fivebooks.com/best-books/french-cooking-elisabeth-luard/,2020-12-05,best-books,french-cooking-elisabeth-luard,french cooking elisabeth luard,,content
fivebooks.com,https://fivebooks.com/best-books/psychological-trauma-matthew-green/,2020-12-09,best-books,psychological-trauma-matthew-green,psychological trauma matthew green,,content
fivebooks.com,https://fivebooks.com/best-books/the-best-poetry-books-of-2020-alexandra-harris/,2020-12-11,best-books,the-best-poetry-books-of-2020-alexandra-harris,the best poetry books of 2020 alexandra harris,2020,content
fivebooks.com,https://fivebooks.com/best-books/political-biographies-douglas-hurd/,2020-12-12,best-books,political-biographies-douglas-hurd,political biographies douglas hurd,,content
fivebooks.com,https://fivebooks.com/best-books/social-housing-mark-swenarton/,2020-12-12,best-books,social-housing-mark-swenarton,social housing mark swenarton,,content
fivebooks.com,https://fivebooks.com/best-books/politics-2020-yascha-mounk/,2020-12-17,best-books,politics-2020-yascha-mounk,politics 2020 yascha mounk,2020,content
fivebooks.com,https://fivebooks.com/best-books/audiobooks-2020-robin-whitten/,2020-12-18,best-books,audiobooks-2020-robin-whitten,audiobooks 2020 robin whitten,2020,content
fivebooks.com,https://fivebooks.com/best-books/amber-dermont-teenage-misadventure/,2020-12-19,best-books,amber-dermont-teenage-misadventure,amber dermont teenage misadventure,,content
fivebooks.com,https://fivebooks.com/best-books/risorgimento-carlotta-ferrara-degli-uberti/,2020-12-22,best-books,risorgimento-carlotta-ferrara-degli-uberti,risorgimento carlotta ferrara degli uberti,,content
fivebooks.com,https://fivebooks.com/best-books/economics-2020-diane-coyle/,2020-12-24,best-books,economics-2020-diane-coyle,economics 2020 diane coyle,2020,content
fivebooks.com,https://fivebooks.com/best-books/rock-and-roll-craig-brown/,2020-12-24,best-books,rock-and-roll-craig-brown,rock and roll craig brown,,content
fivebooks.com,https://fivebooks.com/best-books/the-best-nature-books-of-2020-charles-foster/,2021-01-01,best-books,the-best-nature-books-of-2020-charles-foster,the best nature books of 2020 charles foster,2020,content
fivebooks.com,https://fivebooks.com/best-books/read-in-quarantine-jenny-davidson/,2021-01-10,best-books,read-in-quarantine-jenny-davidson,read in quarantine jenny davidson,,content
fivebooks.com,https://fivebooks.com/best-books/philip-cowley-on-parliamentary-politics/,2021-01-14,best-books,philip-cowley-on-parliamentary-politics,philip cowley on parliamentary politics,,content
fivebooks.com,https://fivebooks.com/best-books/favourite-theatre-books-gyles-brandreth/,2021-01-20,best-books,favourite-theatre-books-gyles-brandreth,favourite theatre books gyles brandreth,,content
fivebooks.com,https://fivebooks.com/best-books/history-science-and-religion-peter-harrison/,2021-01-20,best-books,history-science-and-religion-peter-harrison,history science and religion peter harrison,,content
fivebooks.com,https://fivebooks.com/best-books/arts-and-crafts-julia-griffin/,2021-01-21,best-books,arts-and-crafts-julia-griffin,arts and crafts julia griffin,,content
fivebooks.com,https://fivebooks.com/best-books/van-jones-on-change-in-america/,2021-01-22,best-books,van-jones-on-change-in-america,van jones on change in america,,content
fivebooks.com,https://fivebooks.com/best-books/cricket-daniel-norcross/,2021-01-24,best-books,cricket-daniel-norcross,cricket daniel norcross,,content
fivebooks.com,https://fivebooks.com/best-books/editors-picks-childrens-books-sophie-roell/,2021-01-27,best-books,editors-picks-childrens-books-sophie-roell,editors picks childrens books sophie roell,,content
fivebooks.com,https://fivebooks.com/best-books/punk-rock-kevin-mattson/,2021-01-29,best-books,punk-rock-kevin-mattson,punk rock kevin mattson,,content
fivebooks.com,https://fivebooks.com/best-books/hieroglyphics-diane-greco-josefowicz/,2021-02-01,best-books,hieroglyphics-diane-greco-josefowicz,hieroglyphics diane greco josefowicz,,content
fivebooks.com,https://fivebooks.com/best-books/ann-blair-on-the-history-of-information/,2021-02-02,best-books,ann-blair-on-the-history-of-information,ann blair on the history of information,,content
fivebooks.com,https://fivebooks.com/best-books/art-history-teenagers-john-harrison/,2021-02-02,best-books,art-history-teenagers-john-harrison,art history teenagers john harrison,,content
fivebooks.com,https://fivebooks.com/best-books/harvey-klehr-on-communism-in-america/,2021-02-05,best-books,harvey-klehr-on-communism-in-america,harvey klehr on communism in america,,content
fivebooks.com,https://fivebooks.com/best-books/modernism-alexandra-harris/,2021-02-06,best-books,modernism-alexandra-harris,modernism alexandra harris,,content
fivebooks.com,https://fivebooks.com/best-books/migrant-workers-mireya-loza/,2021-02-08,best-books,migrant-workers-mireya-loza,migrant workers mireya loza,,content
fivebooks.com,https://fivebooks.com/best-books/trans-literature-susan-stryker/,2021-02-10,best-books,trans-literature-susan-stryker,trans literature susan stryker,,content
fivebooks.com,https://fivebooks.com/best-books/editors-picks-cal-flyn-notable-new-books-2019/,2021-02-13,best-books,editors-picks-cal-flyn-notable-new-books-2019,editors picks cal flyn notable new books 2019,2019,content
fivebooks.com,https://fivebooks.com/best-books/ebooks-five-books/,2021-02-18,best-books,ebooks-five-books,ebooks five books,,content
fivebooks.com,https://fivebooks.com/best-books/changing-business-journalism-richard-tofel/,2021-02-18,best-books,changing-business-journalism-richard-tofel,changing business journalism richard tofel,,content
fivebooks.com,https://fivebooks.com/best-books/bruce-dowbiggin-on-ice-hockey/,2021-02-18,best-books,bruce-dowbiggin-on-ice-hockey,bruce dowbiggin on ice hockey,,content
fivebooks.com,https://fivebooks.com/best-books/voltaire-nicholas-cronk/,2021-02-20,best-books,voltaire-nicholas-cronk,voltaire nicholas cronk,,content
fivebooks.com,https://fivebooks.com/best-books/marquis-de-sade/,2021-02-20,best-books,marquis-de-sade,marquis de sade,,content
fivebooks.com,https://fivebooks.com/best-books/israeli-novels-ayelet-gundar-goshen/,2021-02-22,best-books,israeli-novels-ayelet-gundar-goshen,israeli novels ayelet gundar goshen,,content
fivebooks.com,https://fivebooks.com/best-books/indian-fiction-2019-rana-dasgupta/,2021-02-22,best-books,indian-fiction-2019-rana-dasgupta,indian fiction 2019 rana dasgupta,2019,content
fivebooks.com,https://fivebooks.com/best-books/best-autobiography-memoir-2019/,2021-02-26,best-books,best-autobiography-memoir-2019,best autobiography memoir 2019,2019,content
fivebooks.com,https://fivebooks.com/best-books/quebec-milena-santoro/,2021-02-28,best-books,quebec-milena-santoro,quebec milena santoro,,content
fivebooks.com,https://fivebooks.com/best-books/american-imperialism-ag-hopkins/,2021-02-28,best-books,american-imperialism-ag-hopkins,american imperialism ag hopkins,,content
fivebooks.com,https://fivebooks.com/best-books/sociology-michele-lamont/,2021-03-01,best-books,sociology-michele-lamont,sociology michele lamont,,content
fivebooks.com,https://fivebooks.com/best-books/danny-dorling-on-inequality/,2021-03-01,best-books,danny-dorling-on-inequality,danny dorling on inequality,,content
fivebooks.com,https://fivebooks.com/best-books/branko-milanovic-on-economic-inequality-between-nations-and-peoples/,2021-03-01,best-books,branko-milanovic-on-economic-inequality-between-nations-and-peoples,branko milanovic on economic inequality between nations and peoples,,content
fivebooks.com,https://fivebooks.com/best-books/labour-unions-richard-freeman/,2021-03-01,best-books,labour-unions-richard-freeman,labour unions richard freeman,,content
fivebooks.com,https://fivebooks.com/best-books/income-inequality-timothy-noah/,2021-03-01,best-books,income-inequality-timothy-noah,income inequality timothy noah,,content
fivebooks.com,https://fivebooks.com/best-books/best-nature-books-2018/,2021-03-02,best-books,best-nature-books-2018,best nature books 2018,2018,content
fivebooks.com,https://fivebooks.com/best-books/aleks-krotoski-virtual-living/,2021-03-03,best-books,aleks-krotoski-virtual-living,aleks krotoski virtual living,,content
fivebooks.com,https://fivebooks.com/best-books/pay-jake-rosenfeld/,2021-03-03,best-books,pay-jake-rosenfeld,pay jake rosenfeld,,content
fivebooks.com,https://fivebooks.com/best-books/favourite-gardening-books-monty-don/,2021-03-06,best-books,favourite-gardening-books-monty-don,favourite gardening books monty don,,content
fivebooks.com,https://fivebooks.com/best-books/african-american-womens-history-keisha-blain/,2021-03-08,best-books,african-american-womens-history-keisha-blain,african american womens history keisha blain,,content
fivebooks.com,https://fivebooks.com/best-books/science-islam-amira-bennison/,2021-03-10,best-books,science-islam-amira-bennison,science islam amira bennison,,content
fivebooks.com,https://fivebooks.com/best-books/conservation-wainwright-prize-2020-charlotte-smith/,2021-03-11,best-books,conservation-wainwright-prize-2020-charlotte-smith,conservation wainwright prize 2020 charlotte smith,2020,content
fivebooks.com,https://fivebooks.com/best-books/islamism-malise-ruthven/,2021-03-12,best-books,islamism-malise-ruthven,islamism malise ruthven,,content
fivebooks.com,https://fivebooks.com/best-books/john-morrill-oliver-cromwell/,2021-03-12,best-books,john-morrill-oliver-cromwell,john morrill oliver cromwell,,content
fivebooks.com,https://fivebooks.com/best-books/investing-beginners-john-kay/,2021-03-12,best-books,investing-beginners-john-kay,investing beginners john kay,,content
fivebooks.com,https://fivebooks.com/best-books/robert-cottrell-on-journalism/,2021-03-14,best-books,robert-cottrell-on-journalism,robert cottrell on journalism,,content
fivebooks.com,https://fivebooks.com/best-books/alex-bellos-on-maths/,2021-03-14,best-books,alex-bellos-on-maths,alex bellos on maths,,content
fivebooks.com,https://fivebooks.com/best-books/domestic-violence-tanya-selvaratnam/,2021-03-16,best-books,domestic-violence-tanya-selvaratnam,domestic violence tanya selvaratnam,,content
fivebooks.com,https://fivebooks.com/best-books/economic-nationalism-fredrik-erixon/,2021-03-17,best-books,economic-nationalism-fredrik-erixon,economic nationalism fredrik erixon,,content
fivebooks.com,https://fivebooks.com/best-books/david-owen-on-constitutional-reform/,2021-03-24,best-books,david-owen-on-constitutional-reform,david owen on constitutional reform,,content
fivebooks.com,https://fivebooks.com/best-books/the-art-museum-charles-saumarez-smith/,2021-03-28,best-books,the-art-museum-charles-saumarez-smith,the art museum charles saumarez smith,,content
fivebooks.com,https://fivebooks.com/best-books/gilded-age-richard-white/,2021-03-29,best-books,gilded-age-richard-white,gilded age richard white,,content
fivebooks.com,https://fivebooks.com/best-books/weather-tim-hopgood/,2021-04-02,best-books,weather-tim-hopgood,weather tim hopgood,,content
fivebooks.com,https://fivebooks.com/best-books/yaron-matras-on-romani-history-and-culture/,2021-04-06,best-books,yaron-matras-on-romani-history-and-culture,yaron matras on romani history and culture,,content
fivebooks.com,https://fivebooks.com/best-books/history-of-iraq/,2021-04-06,best-books,history-of-iraq,history of iraq,,content
fivebooks.com,https://fivebooks.com/best-books/food-steven-kaplan/,2021-04-06,best-books,food-steven-kaplan,food steven kaplan,,content
fivebooks.com,https://fivebooks.com/best-books/human-rights-and-literature-lyndsey-stonebridge/,2021-04-09,best-books,human-rights-and-literature-lyndsey-stonebridge,human rights and literature lyndsey stonebridge,,content
fivebooks.com,https://fivebooks.com/best-books/hans-ulrich-obrist-on-contemporary-art/,2021-04-09,best-books,hans-ulrich-obrist-on-contemporary-art,hans ulrich obrist on contemporary art,,content
fivebooks.com,https://fivebooks.com/best-books/experimental-fiction-rebecca-watson/,2021-04-14,best-books,experimental-fiction-rebecca-watson,experimental fiction rebecca watson,,content
fivebooks.com,https://fivebooks.com/best-books/douglas-starr-on-the-pioneers-of-criminology/,2021-04-15,best-books,douglas-starr-on-the-pioneers-of-criminology,douglas starr on the pioneers of criminology,,content
fivebooks.com,https://fivebooks.com/best-books/social-media-political-polarization-chris-bail/,2021-04-18,best-books,social-media-political-polarization-chris-bail,social media political polarization chris bail,,content
fivebooks.com,https://fivebooks.com/best-books/essays-2021-pen-award-adam-gopnik/,2021-04-19,best-books,essays-2021-pen-award-adam-gopnik,essays 2021 pen award adam gopnik,2021,content
fivebooks.com,https://fivebooks.com/best-books/global-challenges-rowan-hooper/,2021-04-26,best-books,global-challenges-rowan-hooper,global challenges rowan hooper,,content
fivebooks.com,https://fivebooks.com/best-books/mat-whitecross-on-film-directing/,2021-04-29,best-books,mat-whitecross-on-film-directing,mat whitecross on film directing,,content
fivebooks.com,https://fivebooks.com/best-books/jane-root-on-where-good-ideas-come-from/,2021-04-29,best-books,jane-root-on-where-good-ideas-come-from,jane root on where good ideas come from,,content
fivebooks.com,https://fivebooks.com/best-books/world-since-1978-gideon-rachman/,2021-04-30,best-books,world-since-1978-gideon-rachman,world since 1978 gideon rachman,,content
fivebooks.com,https://fivebooks.com/best-books/asian-american-history-melissa-borja/,2021-05-05,best-books,asian-american-history-melissa-borja,asian american history melissa borja,,content
fivebooks.com,https://fivebooks.com/best-books/the-inquisition-toby-green/,2021-05-08,best-books,the-inquisition-toby-green,the inquisition toby green,,content
fivebooks.com,https://fivebooks.com/best-books/palestinians-israel-jonathan-cook/,2021-05-11,best-books,palestinians-israel-jonathan-cook,palestinians israel jonathan cook,,content
fivebooks.com,https://fivebooks.com/best-books/linguistics-david-adger/,2021-05-12,best-books,linguistics-david-adger,linguistics david adger,,content
fivebooks.com,https://fivebooks.com/best-books/jerusalem-james-carroll/,2021-05-15,best-books,jerusalem-james-carroll,jerusalem james carroll,,content
fivebooks.com,https://fivebooks.com/best-books/the-kurds-peter-w-galbraith/,2021-05-16,best-books,the-kurds-peter-w-galbraith,the kurds peter w galbraith,,content
fivebooks.com,https://fivebooks.com/best-books/john-m-hamilton-on-american-foreign-reporting/,2021-05-17,best-books,john-m-hamilton-on-american-foreign-reporting,john m hamilton on american foreign reporting,,content
fivebooks.com,https://fivebooks.com/best-books/jewish-history-gershon-hundert/,2021-05-20,best-books,jewish-history-gershon-hundert,jewish history gershon hundert,,content
fivebooks.com,https://fivebooks.com/best-books/turkish-history-norman-stone/,2021-05-21,best-books,turkish-history-norman-stone,turkish history norman stone,,content
fivebooks.com,https://fivebooks.com/best-books/michael-goldfarb-on-israel/,2021-05-22,best-books,michael-goldfarb-on-israel,michael goldfarb on israel,,content
fivebooks.com,https://fivebooks.com/best-books/travel-writing-colin-thubron/,2021-05-25,best-books,travel-writing-colin-thubron,travel writing colin thubron,,content
fivebooks.com,https://fivebooks.com/best-books/jonathan-gruber-on-public-finance/,2021-05-26,best-books,jonathan-gruber-on-public-finance,jonathan gruber on public finance,,content
fivebooks.com,https://fivebooks.com/best-books/gandhi-ramachandra-guha/,2021-05-26,best-books,gandhi-ramachandra-guha,gandhi ramachandra guha,,content
fivebooks.com,https://fivebooks.com/best-books/suicide-johanna-reiss/,2021-05-31,best-books,suicide-johanna-reiss,suicide johanna reiss,,content
fivebooks.com,https://fivebooks.com/best-books/vietnamese-novels-sherry-buchanan/,2021-06-11,best-books,vietnamese-novels-sherry-buchanan,vietnamese novels sherry buchanan,,content
fivebooks.com,https://fivebooks.com/best-books/the-periodic-table-of-the-elements-henrik-selin-noelle-eckley-selin/,2021-06-11,best-books,the-periodic-table-of-the-elements-henrik-selin-noelle-eckley-selin,the periodic table of the elements henrik selin noelle eckley selin,,content
fivebooks.com,https://fivebooks.com/best-books/refugees-patrick-kingsley/,2021-06-20,best-books,refugees-patrick-kingsley,refugees patrick kingsley,,content
fivebooks.com,https://fivebooks.com/best-books/yuval-levin-on-freedom-isnt-enough/,2021-06-21,best-books,yuval-levin-on-freedom-isnt-enough,yuval levin on freedom isnt enough,,content
fivebooks.com,https://fivebooks.com/best-books/history-prostitution-siobhan-hearne/,2021-06-24,best-books,history-prostitution-siobhan-hearne,history prostitution siobhan hearne,,content
fivebooks.com,https://fivebooks.com/best-books/tides-shorelines-adam-nicolson/,2021-06-28,best-books,tides-shorelines-adam-nicolson,tides shorelines adam nicolson,,content
fivebooks.com,https://fivebooks.com/best-books/trevor-phillips-on-equality/,2021-06-28,best-books,trevor-phillips-on-equality,trevor phillips on equality,,content
fivebooks.com,https://fivebooks.com/best-books/the-best-thomas-hobbes-books-arash-abizadeh/,2021-06-30,best-books,the-best-thomas-hobbes-books-arash-abizadeh,the best thomas hobbes books arash abizadeh,,content
fivebooks.com,https://fivebooks.com/best-books/patrick-cockburn-on-the-iraq-war/,2021-06-30,best-books,patrick-cockburn-on-the-iraq-war,patrick cockburn on the iraq war,,content
fivebooks.com,https://fivebooks.com/best-books/satoshi-kanazawa-on-men-and-women/,2021-07-02,best-books,satoshi-kanazawa-on-men-and-women,satoshi kanazawa on men and women,,content
fivebooks.com,https://fivebooks.com/best-books/tom-gauld-on-comics/,2021-07-04,best-books,tom-gauld-on-comics,tom gauld on comics,,content
fivebooks.com,https://fivebooks.com/best-books/best-comics-2016/,2021-07-04,best-books,best-comics-2016,best comics 2016,2016,content
fivebooks.com,https://fivebooks.com/best-books/orientalism-mathias-enard-man-booker/,2021-07-07,best-books,orientalism-mathias-enard-man-booker,orientalism mathias enard man booker,,content
fivebooks.com,https://fivebooks.com/best-books/issandr-el-amrani-on-understanding-the-arab-world/,2021-07-07,best-books,issandr-el-amrani-on-understanding-the-arab-world,issandr el amrani on understanding the arab world,,content
fivebooks.com,https://fivebooks.com/best-books/religion-in-us-politics-john-h-smith/,2021-07-08,best-books,religion-in-us-politics-john-h-smith,religion in us politics john h smith,,content
fivebooks.com,https://fivebooks.com/best-books/erotic-writing-by-arab-women-selma-dabbagh/,2021-07-12,best-books,erotic-writing-by-arab-women-selma-dabbagh,erotic writing by arab women selma dabbagh,,content
fivebooks.com,https://fivebooks.com/best-books/peace-steve-killelea/,2021-07-13,best-books,peace-steve-killelea,peace steve killelea,,content
fivebooks.com,https://fivebooks.com/best-books/tyler-cowen-on-information/,2021-07-15,best-books,tyler-cowen-on-information,tyler cowen on information,,content
fivebooks.com,https://fivebooks.com/best-books/abandoned-places-cal-flyn/,2021-07-17,best-books,abandoned-places-cal-flyn,abandoned places cal flyn,,content
fivebooks.com,https://fivebooks.com/best-books/anatol-lieven-understanding-pakistan/,2021-07-19,best-books,anatol-lieven-understanding-pakistan,anatol lieven understanding pakistan,,content
fivebooks.com,https://fivebooks.com/best-books/fatima-bhutto-on-reflections-on-the-politics-of-pakistan/,2021-07-19,best-books,fatima-bhutto-on-reflections-on-the-politics-of-pakistan,fatima bhutto on reflections on the politics of pakistan,,content
fivebooks.com,https://fivebooks.com/best-books/iftikhar-malik-on-pakistan-partition-and-identity/,2021-07-19,best-books,iftikhar-malik-on-pakistan-partition-and-identity,iftikhar malik on pakistan partition and identity,,content
fivebooks.com,https://fivebooks.com/best-books/pakistan-history-identity/,2021-07-19,best-books,pakistan-history-identity,pakistan history identity,,content
fivebooks.com,https://fivebooks.com/best-books/caribbean-fiction-alexia-arthurs/,2021-07-21,best-books,caribbean-fiction-alexia-arthurs,caribbean fiction alexia arthurs,,content
fivebooks.com,https://fivebooks.com/best-books/catherine-the-great-andrei-zorin/,2021-08-04,best-books,catherine-the-great-andrei-zorin,catherine the great andrei zorin,,content
fivebooks.com,https://fivebooks.com/best-books/winston-churchill-richard-toye/,2021-08-06,best-books,winston-churchill-richard-toye,winston churchill richard toye,,content
fivebooks.com,https://fivebooks.com/best-books/%e7%90%86%e8%a7%a3%e4%b8%ad%e5%9b%bd/,2021-08-07,best-books,理解中国,,,noncontent
fivebooks.com,https://fivebooks.com/best-books/boarding-school-novels-anbara-salam/,2021-08-09,best-books,boarding-school-novels-anbara-salam,boarding school novels anbara salam,,content
fivebooks.com,https://fivebooks.com/best-books/tim-weiner-on-the-us-intelligence-services/,2021-08-12,best-books,tim-weiner-on-the-us-intelligence-services,tim weiner on the us intelligence services,,content
fivebooks.com,https://fivebooks.com/best-books/mormonism-benjamin-e-park/,2021-08-19,best-books,mormonism-benjamin-e-park,mormonism benjamin e park,,content
fivebooks.com,https://fivebooks.com/best-books/tim-mackintosh-smith-travel-muslim-world/,2021-08-20,best-books,tim-mackintosh-smith-travel-muslim-world,tim mackintosh smith travel muslim world,,content
fivebooks.com,https://fivebooks.com/best-books/reinterpreting-medieval-art-marc-michael-epstein/,2021-08-20,best-books,reinterpreting-medieval-art-marc-michael-epstein,reinterpreting medieval art marc michael epstein,,content
fivebooks.com,https://fivebooks.com/best-books/understanding-the-war-in-afghanistan-andrew-exum/,2021-08-23,best-books,understanding-the-war-in-afghanistan-andrew-exum,understanding the war in afghanistan andrew exum,,content
fivebooks.com,https://fivebooks.com/best-books/foreigners-afghanistan-sandy-gall/,2021-08-23,best-books,foreigners-afghanistan-sandy-gall,foreigners afghanistan sandy gall,,content
fivebooks.com,https://fivebooks.com/best-books/shazia-khan-on-islam/,2021-08-23,best-books,shazia-khan-on-islam,shazia khan on islam,,content
fivebooks.com,https://fivebooks.com/best-books/bronwyn-law-viljoen-on-extraordinary-art-books/,2021-08-24,best-books,bronwyn-law-viljoen-on-extraordinary-art-books,bronwyn law viljoen on extraordinary art books,,content
fivebooks.com,https://fivebooks.com/best-books/harry-mount-on-british-buildings/,2021-08-28,best-books,harry-mount-on-british-buildings,harry mount on british buildings,,content
fivebooks.com,https://fivebooks.com/best-books/gary-rivlin-on-hurricane-katrina/,2021-08-29,best-books,gary-rivlin-on-hurricane-katrina,gary rivlin on hurricane katrina,,content
fivebooks.com,https://fivebooks.com/best-books/keith-spera-on-the-music-of-new-orleans/,2021-08-29,best-books,keith-spera-on-the-music-of-new-orleans,keith spera on the music of new orleans,,content
fivebooks.com,https://fivebooks.com/best-books/911-literature-amy-waldman/,2021-09-02,best-books,911-literature-amy-waldman,911 literature amy waldman,,content
fivebooks.com,https://fivebooks.com/best-books/st-teresa-of-avila-rowan-williams/,2021-09-02,best-books,st-teresa-of-avila-rowan-williams,st teresa of avila rowan williams,,content
fivebooks.com,https://fivebooks.com/best-books/mary-kaldor-on-war/,2021-09-02,best-books,mary-kaldor-on-war,mary kaldor on war,,content
fivebooks.com,https://fivebooks.com/best-books/jeremy-black-on-the-history-of-war/,2021-09-02,best-books,jeremy-black-on-the-history-of-war,jeremy black on the history of war,,content
fivebooks.com,https://fivebooks.com/best-books/texas-attica-locke/,2021-09-05,best-books,texas-attica-locke,texas attica locke,,content
fivebooks.com,https://fivebooks.com/best-books/audrey-kurth-cronin-on-terrorism/,2021-09-06,best-books,audrey-kurth-cronin-on-terrorism,audrey kurth cronin on terrorism,,content
fivebooks.com,https://fivebooks.com/best-books/philosophy-of-science-stathis-psillos/,2021-09-06,best-books,philosophy-of-science-stathis-psillos,philosophy of science stathis psillos,,content
fivebooks.com,https://fivebooks.com/best-books/peter-beinart-on-post-911-america/,2021-09-07,best-books,peter-beinart-on-post-911-america,peter beinart on post 911 america,,content
fivebooks.com,https://fivebooks.com/best-books/landmark-scottish-literature-james-robertson/,2021-09-11,best-books,landmark-scottish-literature-james-robertson,landmark scottish literature james robertson,,content
fivebooks.com,https://fivebooks.com/best-books/marcus-du-sautoy-on-the-beauty-of-maths/,2021-09-13,best-books,marcus-du-sautoy-on-the-beauty-of-maths,marcus du sautoy on the beauty of maths,,content
fivebooks.com,https://fivebooks.com/best-books/italian-literature-dacia-maraini/,2021-09-13,best-books,italian-literature-dacia-maraini,italian literature dacia maraini,,content
fivebooks.com,https://fivebooks.com/best-books/veterans-phil-klay/,2021-09-13,best-books,veterans-phil-klay,veterans phil klay,,content
fivebooks.com,https://fivebooks.com/best-books/marriage-and-divorce-literature-katie-kitamura/,2021-09-13,best-books,marriage-and-divorce-literature-katie-kitamura,marriage and divorce literature katie kitamura,,content
fivebooks.com,https://fivebooks.com/best-books/john-f-deane-on-poetry/,2021-09-13,best-books,john-f-deane-on-poetry,john f deane on poetry,,content
fivebooks.com,https://fivebooks.com/best-books/sex-marriage-kate-figes/,2021-09-15,best-books,sex-marriage-kate-figes,sex marriage kate figes,,content
fivebooks.com,https://fivebooks.com/best-books/alison-wolf-on-education-and-society/,2021-09-15,best-books,alison-wolf-on-education-and-society,alison wolf on education and society,,content
fivebooks.com,https://fivebooks.com/best-books/may-witwit-on-living-in-iraq-during-the-invasion/,2021-09-15,best-books,may-witwit-on-living-in-iraq-during-the-invasion,may witwit on living in iraq during the invasion,,content
fivebooks.com,https://fivebooks.com/best-books/syed-ashfaqul-haque-on-bangladesh/,2021-09-15,best-books,syed-ashfaqul-haque-on-bangladesh,syed ashfaqul haque on bangladesh,,content
fivebooks.com,https://fivebooks.com/best-books/muhammad-yunus-on-a-world-without-poverty/,2021-09-15,best-books,muhammad-yunus-on-a-world-without-poverty,muhammad yunus on a world without poverty,,content
fivebooks.com,https://fivebooks.com/best-books/justin-cartwright-on-white-in-africa/,2021-09-15,best-books,justin-cartwright-on-white-in-africa,justin cartwright on white in africa,,content
fivebooks.com,https://fivebooks.com/best-books/time-travel-annalee-newitz/,2021-09-16,best-books,time-travel-annalee-newitz,time travel annalee newitz,,content
fivebooks.com,https://fivebooks.com/best-books/belinda-jack-on-the-history-of-women-readers/,2021-09-21,best-books,belinda-jack-on-the-history-of-women-readers,belinda jack on the history of women readers,,content
fivebooks.com,https://fivebooks.com/best-books/adam-maloof-earth-history/,2021-09-23,best-books,adam-maloof-earth-history,adam maloof earth history,,content
fivebooks.com,https://fivebooks.com/best-books/david-spiegelhalter-on-statistics-and-risk/,2021-09-23,best-books,david-spiegelhalter-on-statistics-and-risk,david spiegelhalter on statistics and risk,,content
fivebooks.com,https://fivebooks.com/best-books/pollution/,2021-09-24,best-books,pollution,pollution,,content
fivebooks.com,https://fivebooks.com/best-books/neuroscience-andrew-lees/,2021-09-25,best-books,neuroscience-andrew-lees,neuroscience andrew lees,,content
fivebooks.com,https://fivebooks.com/best-books/gender-politics-bidisha/,2021-09-26,best-books,gender-politics-bidisha,gender politics bidisha,,content
fivebooks.com,https://fivebooks.com/best-books/georgian-literature-gvantsa-jobava/,2021-09-30,best-books,georgian-literature-gvantsa-jobava,georgian literature gvantsa jobava,,content
fivebooks.com,https://fivebooks.com/best-books/history-2021-wolfson-diarmaid-macculloch/,2021-10-06,best-books,history-2021-wolfson-diarmaid-macculloch,history 2021 wolfson diarmaid macculloch,2021,content
fivebooks.com,https://fivebooks.com/best-books/carol-gilligan-on-gender-and-human-nature/,2021-10-07,best-books,carol-gilligan-on-gender-and-human-nature,carol gilligan on gender and human nature,,content
fivebooks.com,https://fivebooks.com/best-books/margaret-thatcher-simon-heffer/,2021-10-12,best-books,margaret-thatcher-simon-heffer,margaret thatcher simon heffer,,content
fivebooks.com,https://fivebooks.com/best-books/mark-malloch-brown-on-globalisation/,2021-10-14,best-books,mark-malloch-brown-on-globalisation,mark malloch brown on globalisation,,content
fivebooks.com,https://fivebooks.com/best-books/jonathan-silvertown-plants/,2021-10-15,best-books,jonathan-silvertown-plants,jonathan silvertown plants,,content
fivebooks.com,https://fivebooks.com/best-books/english-countryside-paul-brassley/,2021-10-18,best-books,english-countryside-paul-brassley,english countryside paul brassley,,content
fivebooks.com,https://fivebooks.com/best-books/dan-choi-on-dont-ask-dont-tell/,2021-10-18,best-books,dan-choi-on-dont-ask-dont-tell,dan choi on dont ask dont tell,,content
fivebooks.com,https://fivebooks.com/best-books/mumbai-saumya-roy/,2021-10-19,best-books,mumbai-saumya-roy,mumbai saumya roy,,content
fivebooks.com,https://fivebooks.com/best-books/books-for-graphic-designers-linda-secondari/,2021-10-20,best-books,books-for-graphic-designers-linda-secondari,books for graphic designers linda secondari,,content
fivebooks.com,https://fivebooks.com/best-books/david-j-lynch-on-economic-history/,2021-10-24,best-books,david-j-lynch-on-economic-history,david j lynch on economic history,,content
fivebooks.com,https://fivebooks.com/best-books/food-studies-matt-garcia/,2021-10-25,best-books,food-studies-matt-garcia,food studies matt garcia,,content
fivebooks.com,https://fivebooks.com/best-books/history-2019-paul-lay/,2021-10-25,best-books,history-2019-paul-lay,history 2019 paul lay,2019,content
fivebooks.com,https://fivebooks.com/best-books/english-church-music/,2021-10-25,best-books,english-church-music,english church music,,content
fivebooks.com,https://fivebooks.com/best-books/climate-justice-mary-robinson/,2021-11-01,best-books,climate-justice-mary-robinson,climate justice mary robinson,,content
fivebooks.com,https://fivebooks.com/best-books/string-theory-steve-gubser/,2021-11-01,best-books,string-theory-steve-gubser,string theory steve gubser,,content
fivebooks.com,https://fivebooks.com/best-books/environmental-learning-mitchell-thomashow/,2021-11-04,best-books,environmental-learning-mitchell-thomashow,environmental learning mitchell thomashow,,content
fivebooks.com,https://fivebooks.com/best-books/nationalism-yael-tamir/,2021-11-04,best-books,nationalism-yael-tamir,nationalism yael tamir,,content
fivebooks.com,https://fivebooks.com/best-books/jean-fontaine-on-african-religion-and-witchcraft/,2021-11-04,best-books,jean-fontaine-on-african-religion-and-witchcraft,jean fontaine on african religion and witchcraft,,content
fivebooks.com,https://fivebooks.com/best-books/guy-oliver-on-interior-design/,2021-11-06,best-books,guy-oliver-on-interior-design,guy oliver on interior design,,content
fivebooks.com,https://fivebooks.com/best-books/sara-wheeler-on-the-polar-regions/,2021-11-06,best-books,sara-wheeler-on-the-polar-regions,sara wheeler on the polar regions,,content
fivebooks.com,https://fivebooks.com/best-books/mike-dodd-on-privacy/,2021-11-07,best-books,mike-dodd-on-privacy,mike dodd on privacy,,content
fivebooks.com,https://fivebooks.com/best-books/zimbabwe-memoirs-georgina-godwin/,2021-11-12,best-books,zimbabwe-memoirs-georgina-godwin,zimbabwe memoirs georgina godwin,,content
fivebooks.com,https://fivebooks.com/best-books/nick-clegg-favourite-books/,2021-11-14,best-books,nick-clegg-favourite-books,nick clegg favourite books,,content
fivebooks.com,https://fivebooks.com/best-books/best-audiobooks-2021-audie-awards-michele-cobb/,2021-11-17,best-books,best-audiobooks-2021-audie-awards-michele-cobb,best audiobooks 2021 audie awards michele cobb,2021,content
fivebooks.com,https://fivebooks.com/best-books/mary-laven-on-renaissance-worlds/,2021-11-20,best-books,mary-laven-on-renaissance-worlds,mary laven on renaissance worlds,,content
fivebooks.com,https://fivebooks.com/best-books/best-romance-fiction-2021-natasha-tomic/,2021-11-22,best-books,best-romance-fiction-2021-natasha-tomic,best romance fiction 2021 natasha tomic,2021,content
fivebooks.com,https://fivebooks.com/best-books/the-best-books-about-islands-gavin-francis/,2021-11-22,best-books,the-best-books-about-islands-gavin-francis,the best books about islands gavin francis,,content
fivebooks.com,https://fivebooks.com/best-books/coming-of-age-novels-sisters-laura-wood/,2021-11-28,best-books,coming-of-age-novels-sisters-laura-wood,coming of age novels sisters laura wood,,content
fivebooks.com,https://fivebooks.com/best-books/happiness-for-children/,2021-11-29,best-books,happiness-for-children,happiness for children,,content
fivebooks.com,https://fivebooks.com/best-books/black-queer-writers-robert-jones-jr/,2021-12-01,best-books,black-queer-writers-robert-jones-jr,black queer writers robert jones jr,,content
fivebooks.com,https://fivebooks.com/best-books/the-best-art-books-of-2021-romas-viesulas/,2021-12-03,best-books,the-best-art-books-of-2021-romas-viesulas,the best art books of 2021 romas viesulas,2021,content
fivebooks.com,https://fivebooks.com/best-books/nelson-mandela-john-carlin/,2021-12-04,best-books,nelson-mandela-john-carlin,nelson mandela john carlin,,content
fivebooks.com,https://fivebooks.com/best-books/best-audiobooks-2021-robin-whitten/,2021-12-08,best-books,best-audiobooks-2021-robin-whitten,best audiobooks 2021 robin whitten,2021,content
fivebooks.com,https://fivebooks.com/best-books/best-math-books-2019-kit-yates/,2021-12-09,best-books,best-math-books-2019-kit-yates,best math books 2019 kit yates,2019,content
fivebooks.com,https://fivebooks.com/best-books/journalism-internet-age-jay-rosen/,2021-12-10,best-books,journalism-internet-age-jay-rosen,journalism internet age jay rosen,,content
fivebooks.com,https://fivebooks.com/best-books/the-crusades-guy-perry/,2021-12-15,best-books,the-crusades-guy-perry,the crusades guy perry,,content
fivebooks.com,https://fivebooks.com/best-books/best-economics-books-of-2021-diane-coyle/,2021-12-15,best-books,best-economics-books-of-2021-diane-coyle,best economics books of 2021 diane coyle,2021,content
fivebooks.com,https://fivebooks.com/best-books/the-best-politics-books-to-read-in-2021-larry-sabato/,2021-12-16,best-books,the-best-politics-books-to-read-in-2021-larry-sabato,the best politics books to read in 2021 larry sabato,2021,content
fivebooks.com,https://fivebooks.com/best-books/peter-hitchens-anti-communist-thrillers/,2021-12-18,best-books,peter-hitchens-anti-communist-thrillers,peter hitchens anti communist thrillers,,content
fivebooks.com,https://fivebooks.com/best-books/lyubov-vinogradova-on-books-from-the-kgb-archives/,2021-12-18,best-books,lyubov-vinogradova-on-books-from-the-kgb-archives,lyubov vinogradova on books from the kgb archives,,content
fivebooks.com,https://fivebooks.com/best-books/landscape-writing-dan-richards/,2021-12-23,best-books,landscape-writing-dan-richards,landscape writing dan richards,,content
fivebooks.com,https://fivebooks.com/best-books/susan-bordo-popular-culture/,2021-12-27,best-books,susan-bordo-popular-culture,susan bordo popular culture,,content
fivebooks.com,https://fivebooks.com/best-books/industrial-revolution-sheilagh-ogilvie/,2022-01-01,best-books,industrial-revolution-sheilagh-ogilvie,industrial revolution sheilagh ogilvie,,content
fivebooks.com,https://fivebooks.com/best-books/age-of-revolution-paschalis-kitromilides/,2022-01-01,best-books,age-of-revolution-paschalis-kitromilides,age of revolution paschalis kitromilides,,content
fivebooks.com,https://fivebooks.com/best-books/american-revolution-t-h-breen/,2022-01-01,best-books,american-revolution-t-h-breen,american revolution t h breen,,content
fivebooks.com,https://fivebooks.com/best-books/revolution-of-1688/,2022-01-01,best-books,revolution-of-1688,revolution of 1688,,content
fivebooks.com,https://fivebooks.com/best-books/18th-century-sexual-revolution/,2022-01-01,best-books,18th-century-sexual-revolution,18th century sexual revolution,,content
fivebooks.com,https://fivebooks.com/best-books/philanthropy-beth-breeze/,2022-01-01,best-books,philanthropy-beth-breeze,philanthropy beth breeze,,content
fivebooks.com,https://fivebooks.com/best-books/self-help-2019-oliver-burkeman/,2022-01-04,best-books,self-help-2019-oliver-burkeman,self help 2019 oliver burkeman,2019,content
fivebooks.com,https://fivebooks.com/best-books/best-economics-books-2017-diane-coyle/,2022-01-10,best-books,best-economics-books-2017-diane-coyle,best economics books 2017 diane coyle,2017,content
fivebooks.com,https://fivebooks.com/best-books/scottish-nationalism-murray-leith/,2022-01-13,best-books,scottish-nationalism-murray-leith,scottish nationalism murray leith,,content
fivebooks.com,https://fivebooks.com/best-books/how-to-be-happier-gretchen-rubin/,2022-01-13,best-books,how-to-be-happier-gretchen-rubin,how to be happier gretchen rubin,,content
fivebooks.com,https://fivebooks.com/best-books/harry-sidebottom-on-ancient-rome/,2022-01-14,best-books,harry-sidebottom-on-ancient-rome,harry sidebottom on ancient rome,,content
fivebooks.com,https://fivebooks.com/best-books/books-that-shaped-him-david-grossman-man-booker/,2022-01-14,best-books,books-that-shaped-him-david-grossman-man-booker,books that shaped him david grossman man booker,,content
fivebooks.com,https://fivebooks.com/best-books/immersive-nonfiction-will-storr/,2022-01-15,best-books,immersive-nonfiction-will-storr,immersive nonfiction will storr,,content
fivebooks.com,https://fivebooks.com/best-books/alex-ross-music-writing/,2022-01-16,best-books,alex-ross-music-writing,alex ross music writing,,content
fivebooks.com,https://fivebooks.com/best-books/andrew-cowan-on-creative-writing/,2022-01-16,best-books,andrew-cowan-on-creative-writing,andrew cowan on creative writing,,content
fivebooks.com,https://fivebooks.com/best-books/kathleen-j-graber-on-how-to-write-poetry/,2022-01-16,best-books,kathleen-j-graber-on-how-to-write-poetry,kathleen j graber on how to write poetry,,content
fivebooks.com,https://fivebooks.com/best-books/simon-winchester-volcanoes/,2022-01-23,best-books,simon-winchester-volcanoes,simon winchester volcanoes,,content
fivebooks.com,https://fivebooks.com/best-books/charles-fernyhough-streams-consciousness/,2022-01-23,best-books,charles-fernyhough-streams-consciousness,charles fernyhough streams consciousness,,content
fivebooks.com,https://fivebooks.com/best-books/afghanistan-thomas-barfield/,2022-01-26,best-books,afghanistan-thomas-barfield,afghanistan thomas barfield,,content
fivebooks.com,https://fivebooks.com/best-books/best-books-archaeology-neal-ascherson/,2022-01-28,best-books,best-books-archaeology-neal-ascherson,best books archaeology neal ascherson,,content
fivebooks.com,https://fivebooks.com/best-books/best-crime-fiction-2021-sophie-roell/,2022-01-28,best-books,best-crime-fiction-2021-sophie-roell,best crime fiction 2021 sophie roell,2021,content
fivebooks.com,https://fivebooks.com/best-books/fairy-tale-tellers-nicholas-jubber/,2022-01-28,best-books,fairy-tale-tellers-nicholas-jubber,fairy tale tellers nicholas jubber,,content
fivebooks.com,https://fivebooks.com/best-books/olympics-philip-barker/,2022-01-30,best-books,olympics-philip-barker,olympics philip barker,,content
fivebooks.com,https://fivebooks.com/best-books/mexico-hugh-thomson/,2022-02-02,best-books,mexico-hugh-thomson,mexico hugh thomson,,content
fivebooks.com,https://fivebooks.com/best-books/prose-poetry-jeremy-noel-tod/,2022-02-03,best-books,prose-poetry-jeremy-noel-tod,prose poetry jeremy noel tod,,content
fivebooks.com,https://fivebooks.com/best-books/learning-ancient-greek-paul-mcmullen/,2022-02-05,best-books,learning-ancient-greek-paul-mcmullen,learning ancient greek paul mcmullen,,content
fivebooks.com,https://fivebooks.com/best-books/schoolmasters-novels-david-hargreaves/,2022-02-07,best-books,schoolmasters-novels-david-hargreaves,schoolmasters novels david hargreaves,,content
fivebooks.com,https://fivebooks.com/best-books/the-harlem-renaissance-william-j-maxwell/,2022-02-09,best-books,the-harlem-renaissance-william-j-maxwell,the harlem renaissance william j maxwell,,content
fivebooks.com,https://fivebooks.com/best-books/best-books-hollywood-marina-hyde/,2022-02-09,best-books,best-books-hollywood-marina-hyde,best books hollywood marina hyde,,content
fivebooks.com,https://fivebooks.com/best-books/matthew-yglesias-on-influences-on-a-progressive-blogger/,2022-02-10,best-books,matthew-yglesias-on-influences-on-a-progressive-blogger,matthew yglesias on influences on a progressive blogger,,content
fivebooks.com,https://fivebooks.com/best-books/jfk-fredrik-logevall/,2022-02-15,best-books,jfk-fredrik-logevall,jfk fredrik logevall,,content
fivebooks.com,https://fivebooks.com/best-books/jacob-weisberg-on-george-w-bush/,2022-02-15,best-books,jacob-weisberg-on-george-w-bush,jacob weisberg on george w bush,,content
fivebooks.com,https://fivebooks.com/best-books/thomas-jefferson-andrew-burstein/,2022-02-15,best-books,thomas-jefferson-andrew-burstein,thomas jefferson andrew burstein,,content
fivebooks.com,https://fivebooks.com/best-books/learning-french-vincent-serrano-guerra/,2022-02-15,best-books,learning-french-vincent-serrano-guerra,learning french vincent serrano guerra,,content
fivebooks.com,https://fivebooks.com/best-books/rosie-blau-on-the-best-debut-novels-of-2010/,2022-02-16,best-books,rosie-blau-on-the-best-debut-novels-of-2010,rosie blau on the best debut novels of 2010,2010,content
fivebooks.com,https://fivebooks.com/best-books/egyptian-literature-humphrey-davies/,2022-02-17,best-books,egyptian-literature-humphrey-davies,egyptian literature humphrey davies,,content
fivebooks.com,https://fivebooks.com/best-books/immunology-john-rhodes/,2022-02-20,best-books,immunology-john-rhodes,immunology john rhodes,,content
fivebooks.com,https://fivebooks.com/best-books/lord-alderdice-on-the-psychology-of-terrorism/,2022-02-21,best-books,lord-alderdice-on-the-psychology-of-terrorism,lord alderdice on the psychology of terrorism,,content
fivebooks.com,https://fivebooks.com/best-books/edward-lucas-contemporary-russia/,2022-02-22,best-books,edward-lucas-contemporary-russia,edward lucas contemporary russia,,content
fivebooks.com,https://fivebooks.com/best-books/thomas-de-waal-on-conflict-in-the-caucasus/,2022-02-22,best-books,thomas-de-waal-on-conflict-in-the-caucasus,thomas de waal on conflict in the caucasus,,content
fivebooks.com,https://fivebooks.com/best-books/h-w-brands-on-american-presidents/,2022-02-22,best-books,h-w-brands-on-american-presidents,h w brands on american presidents,,content
fivebooks.com,https://fivebooks.com/best-books/the-us-cabinet-lindsay-chervinsky/,2022-02-28,best-books,the-us-cabinet-lindsay-chervinsky,the us cabinet lindsay chervinsky,,content
fivebooks.com,https://fivebooks.com/best-books/gillian-clarke-on-poetry/,2022-03-01,best-books,gillian-clarke-on-poetry,gillian clarke on poetry,,content
fivebooks.com,https://fivebooks.com/best-books/anne-applebaum-on-memoirs-of-communism/,2022-03-01,best-books,anne-applebaum-on-memoirs-of-communism,anne applebaum on memoirs of communism,,content
fivebooks.com,https://fivebooks.com/best-books/history-of-medicine-keith-wailoo/,2022-03-01,best-books,history-of-medicine-keith-wailoo,history of medicine keith wailoo,,content
fivebooks.com,https://fivebooks.com/best-books/robert-goodwin-on-rewriting-america/,2022-03-01,best-books,robert-goodwin-on-rewriting-america,robert goodwin on rewriting america,,content
fivebooks.com,https://fivebooks.com/best-books/jay-kleinberg-on-the-history-of-american-women/,2022-03-03,best-books,jay-kleinberg-on-the-history-of-american-women,jay kleinberg on the history of american women,,content
fivebooks.com,https://fivebooks.com/best-books/best-books-solar-power-johnstone/,2022-03-08,best-books,best-books-solar-power-johnstone,best books solar power johnstone,,content
fivebooks.com,https://fivebooks.com/best-books/ice-mark-serreze/,2022-03-09,best-books,ice-mark-serreze,ice mark serreze,,content
fivebooks.com,https://fivebooks.com/best-books/refugee-experience-shahram-khosravi/,2022-03-10,best-books,refugee-experience-shahram-khosravi,refugee experience shahram khosravi,,content
fivebooks.com,https://fivebooks.com/best-books/sophie-king-on-creative-writing/,2022-03-13,best-books,sophie-king-on-creative-writing,sophie king on creative writing,,content
fivebooks.com,https://fivebooks.com/best-books/angela-merkel-tom-nuttall/,2022-03-14,best-books,angela-merkel-tom-nuttall,angela merkel tom nuttall,,content
fivebooks.com,https://fivebooks.com/best-books/2020-global-cultural-understanding-patrick-wright/,2022-03-15,best-books,2020-global-cultural-understanding-patrick-wright,2020 global cultural understanding patrick wright,2020,content
fivebooks.com,https://fivebooks.com/best-books/keith-slotter-on-the-fbi-and-crime/,2022-03-15,best-books,keith-slotter-on-the-fbi-and-crime,keith slotter on the fbi and crime,,content
fivebooks.com,https://fivebooks.com/best-books/joe-biden-ronald-a-klain/,2022-03-16,best-books,joe-biden-ronald-a-klain,joe biden ronald a klain,,content
fivebooks.com,https://fivebooks.com/best-books/euro-barry-eichengreen/,2022-03-16,best-books,euro-barry-eichengreen,euro barry eichengreen,,content
fivebooks.com,https://fivebooks.com/best-books/ilan-kelman-on-disaster-diplomacy/,2022-03-18,best-books,ilan-kelman-on-disaster-diplomacy,ilan kelman on disaster diplomacy,,content
fivebooks.com,https://fivebooks.com/best-books/gender-inequality-books-linda-scott/,2022-03-23,best-books,gender-inequality-books-linda-scott,gender inequality books linda scott,,content
fivebooks.com,https://fivebooks.com/best-books/david-miliband-on-refugees/,2022-03-23,best-books,david-miliband-on-refugees,david miliband on refugees,,content
fivebooks.com,https://fivebooks.com/best-books/best-new-biographies-elizabeth-taylor/,2022-03-24,best-books,best-new-biographies-elizabeth-taylor,best new biographies elizabeth taylor,,content
fivebooks.com,https://fivebooks.com/best-books/juliet-gardiner-on-1930s-britain/,2022-03-27,best-books,juliet-gardiner-on-1930s-britain,juliet gardiner on 1930s britain,,content
fivebooks.com,https://fivebooks.com/best-books/five-of-the-best-works-of-belarusian-literature/,2022-03-29,best-books,five-of-the-best-works-of-belarusian-literature,five of the best works of belarusian literature,,content
fivebooks.com,https://fivebooks.com/best-books/joseph-corn-on-aviation-history/,2022-03-29,best-books,joseph-corn-on-aviation-history,joseph corn on aviation history,,content
fivebooks.com,https://fivebooks.com/best-books/el-alamein-simon-ball/,2022-03-29,best-books,el-alamein-simon-ball,el alamein simon ball,,content
fivebooks.com,https://fivebooks.com/best-books/pedro-g-ferreira-the-universe/,2022-03-30,best-books,pedro-g-ferreira-the-universe,pedro g ferreira the universe,,content
fivebooks.com,https://fivebooks.com/best-books/mississippi-ralph-eubanks/,2022-04-14,best-books,mississippi-ralph-eubanks,mississippi ralph eubanks,,content
fivebooks.com,https://fivebooks.com/best-books/best-catalan-fiction-gala-sicart/,2022-04-19,best-books,best-catalan-fiction-gala-sicart,best catalan fiction gala sicart,,content
fivebooks.com,https://fivebooks.com/best-books/understanding-the-nude-annebella-pollen/,2022-04-21,best-books,understanding-the-nude-annebella-pollen,understanding the nude annebella pollen,,content
fivebooks.com,https://fivebooks.com/best-books/best-jewish-fiction-allegra-goodman/,2022-04-25,best-books,best-jewish-fiction-allegra-goodman,best jewish fiction allegra goodman,,content
fivebooks.com,https://fivebooks.com/best-books/robert-reich-on-saving-capitalism-and-democracy/,2022-04-28,best-books,robert-reich-on-saving-capitalism-and-democracy,robert reich on saving capitalism and democracy,,content
fivebooks.com,https://fivebooks.com/best-books/simon-conway-on-crime-and-terror/,2022-04-29,best-books,simon-conway-on-crime-and-terror,simon conway on crime and terror,,content
fivebooks.com,https://fivebooks.com/best-books/madagascar-alison-richard/,2022-04-29,best-books,madagascar-alison-richard,madagascar alison richard,,content
fivebooks.com,https://fivebooks.com/best-books/wonderful-cookbooks-rose-levy-berenbaum/,2022-04-30,best-books,wonderful-cookbooks-rose-levy-berenbaum,wonderful cookbooks rose levy berenbaum,,content
fivebooks.com,https://fivebooks.com/best-books/renata-salecl-on-modern-misery/,2022-05-01,best-books,renata-salecl-on-modern-misery,renata salecl on modern misery,,content
fivebooks.com,https://fivebooks.com/best-books/clive-stafford-smith-on-capital-punishment/,2022-05-04,best-books,clive-stafford-smith-on-capital-punishment,clive stafford smith on capital punishment,,content
fivebooks.com,https://fivebooks.com/best-books/david-downes-on-crime-and-punishment/,2022-05-04,best-books,david-downes-on-crime-and-punishment,david downes on crime and punishment,,content
fivebooks.com,https://fivebooks.com/best-books/charles-kupchan-grand-strategy/,2022-05-06,best-books,charles-kupchan-grand-strategy,charles kupchan grand strategy,,content
fivebooks.com,https://fivebooks.com/best-books/andrew-lawrence-on-astronomy-physics-and-people/,2022-05-11,best-books,andrew-lawrence-on-astronomy-physics-and-people,andrew lawrence on astronomy physics and people,,content
fivebooks.com,https://fivebooks.com/best-books/bosnia-velma-saric/,2022-05-12,best-books,bosnia-velma-saric,bosnia velma saric,,content
fivebooks.com,https://fivebooks.com/best-books/frieda-hughes-on-poetry/,2022-05-14,best-books,frieda-hughes-on-poetry,frieda hughes on poetry,,content
fivebooks.com,https://fivebooks.com/best-books/matt-ridley-technology-optimism/,2022-05-16,best-books,matt-ridley-technology-optimism,matt ridley technology optimism,,content
fivebooks.com,https://fivebooks.com/best-books/peter-lilley-on-samuel-johnson/,2022-05-20,best-books,peter-lilley-on-samuel-johnson,peter lilley on samuel johnson,,content
fivebooks.com,https://fivebooks.com/best-books/antitrust-howard-smith/,2022-05-23,best-books,antitrust-howard-smith,antitrust howard smith,,content
fivebooks.com,https://fivebooks.com/best-books/shami-chakrabarti-on-human-rights/,2022-05-25,best-books,shami-chakrabarti-on-human-rights,shami chakrabarti on human rights,,content
fivebooks.com,https://fivebooks.com/best-books/british-royalty-andrew-morton/,2022-05-25,best-books,british-royalty-andrew-morton,british royalty andrew morton,,content
fivebooks.com,https://fivebooks.com/best-books/north-korea-lankov/,2022-05-25,best-books,north-korea-lankov,north korea lankov,,content
fivebooks.com,https://fivebooks.com/best-books/hyeonseo-lee-north-korea/,2022-05-25,best-books,hyeonseo-lee-north-korea,hyeonseo lee north korea,,content
fivebooks.com,https://fivebooks.com/best-books/anne-marie-slaughter-on-21st-century-foreign-policy/,2022-05-25,best-books,anne-marie-slaughter-on-21st-century-foreign-policy,anne marie slaughter on 21st century foreign policy,,content
fivebooks.com,https://fivebooks.com/best-books/continental-philosophy/,2022-05-27,best-books,continental-philosophy,continental philosophy,,content
fivebooks.com,https://fivebooks.com/best-books/history-2020-wolfson-richard-evans/,2022-05-27,best-books,history-2020-wolfson-richard-evans,history 2020 wolfson richard evans,2020,content
fivebooks.com,https://fivebooks.com/best-books/wanderlust-matthew-brookes-zack-raffin/,2022-05-30,best-books,wanderlust-matthew-brookes-zack-raffin,wanderlust matthew brookes zack raffin,,content
fivebooks.com,https://fivebooks.com/best-books/queer-history-benno-gammerl/,2022-05-31,best-books,queer-history-benno-gammerl,queer history benno gammerl,,content
fivebooks.com,https://fivebooks.com/best-books/war-writing-kate-mcloughlin/,2022-06-03,best-books,war-writing-kate-mcloughlin,war writing kate mcloughlin,,content
fivebooks.com,https://fivebooks.com/best-books/fran-lebowitz-on-new-york-writers/,2022-06-06,best-books,fran-lebowitz-on-new-york-writers,fran lebowitz on new york writers,,content
fivebooks.com,https://fivebooks.com/best-books/anthropocene-oceans-jan-zalasiewicz/,2022-06-07,best-books,anthropocene-oceans-jan-zalasiewicz,anthropocene oceans jan zalasiewicz,,content
fivebooks.com,https://fivebooks.com/best-books/ocean-life/,2022-06-08,best-books,ocean-life,ocean life,,content
fivebooks.com,https://fivebooks.com/best-books/gin-foundry-gin/,2022-06-14,best-books,gin-foundry-gin,gin foundry gin,,content
fivebooks.com,https://fivebooks.com/best-books/market-concentration-jan-loeys/,2022-06-14,best-books,market-concentration-jan-loeys,market concentration jan loeys,,content
fivebooks.com,https://fivebooks.com/best-books/natural-history-david-george-haskell/,2022-06-15,best-books,natural-history-david-george-haskell,natural history david george haskell,,content
fivebooks.com,https://fivebooks.com/best-books/history-2018-wolfson-prize-shortlist/,2022-06-16,best-books,history-2018-wolfson-prize-shortlist,history 2018 wolfson prize shortlist,2018,content
fivebooks.com,https://fivebooks.com/best-books/janine-di-giovanni-on-love-war-and-longing/,2022-06-18,best-books,janine-di-giovanni-on-love-war-and-longing,janine di giovanni on love war and longing,,content
fivebooks.com,https://fivebooks.com/best-books/troubles-timothy-knatchbull/,2022-06-20,best-books,troubles-timothy-knatchbull,troubles timothy knatchbull,,content
fivebooks.com,https://fivebooks.com/best-books/e-j-dionne-on-the-appeal-of-conservatism/,2022-06-21,best-books,e-j-dionne-on-the-appeal-of-conservatism,e j dionne on the appeal of conservatism,,content
fivebooks.com,https://fivebooks.com/best-books/vishakha-desai-on-asian-women/,2022-06-21,best-books,vishakha-desai-on-asian-women,vishakha desai on asian women,,content
fivebooks.com,https://fivebooks.com/best-books/talismanic-tomes-maria-tatar/,2022-06-23,best-books,talismanic-tomes-maria-tatar,talismanic tomes maria tatar,,content
fivebooks.com,https://fivebooks.com/best-books/george-dyson-on-the-origins-of-computing/,2022-06-23,best-books,george-dyson-on-the-origins-of-computing,george dyson on the origins of computing,,content
fivebooks.com,https://fivebooks.com/best-books/african-politics-evan-lieberman/,2022-06-29,best-books,african-politics-evan-lieberman,african politics evan lieberman,,content
fivebooks.com,https://fivebooks.com/best-books/language-and-post-truth-nick-enfield/,2022-07-05,best-books,language-and-post-truth-nick-enfield,language and post truth nick enfield,,content
fivebooks.com,https://fivebooks.com/best-books/long-term-thinking-roman-krznaric/,2022-07-06,best-books,long-term-thinking-roman-krznaric,long term thinking roman krznaric,,content
fivebooks.com,https://fivebooks.com/best-books/michael-lind-american-economic-history/,2022-07-06,best-books,michael-lind-american-economic-history,michael lind american economic history,,content
fivebooks.com,https://fivebooks.com/best-books/artificial-intelligence-calum-chace/,2022-07-07,best-books,artificial-intelligence-calum-chace,artificial intelligence calum chace,,content
fivebooks.com,https://fivebooks.com/best-books/money-samuel-a-chambers/,2022-07-08,best-books,money-samuel-a-chambers,money samuel a chambers,,content
fivebooks.com,https://fivebooks.com/best-books/global-history-maxine-berg/,2022-07-22,best-books,global-history-maxine-berg,global history maxine berg,,content
fivebooks.com,https://fivebooks.com/best-books/celebrity-sharon-marcus/,2022-07-23,best-books,celebrity-sharon-marcus,celebrity sharon marcus,,content
fivebooks.com,https://fivebooks.com/best-books/best-summer-mystery-books-caroline-crampton/,2022-07-25,best-books,best-summer-mystery-books-caroline-crampton,best summer mystery books caroline crampton,,content
fivebooks.com,https://fivebooks.com/best-books/nicholas-ostler-on-the-history-and-diversity-of-language/,2022-07-25,best-books,nicholas-ostler-on-the-history-and-diversity-of-language,nicholas ostler on the history and diversity of language,,content
fivebooks.com,https://fivebooks.com/best-books/sense-of-place-patrick-galbraith/,2022-07-26,best-books,sense-of-place-patrick-galbraith,sense of place patrick galbraith,,content
fivebooks.com,https://fivebooks.com/best-books/religion-in-china-ian-johnson/,2022-08-02,best-books,religion-in-china-ian-johnson,religion in china ian johnson,,content
fivebooks.com,https://fivebooks.com/best-books/olympics-dark-side-helen-j-lenskyj/,2022-08-02,best-books,olympics-dark-side-helen-j-lenskyj,olympics dark side helen j lenskyj,,content
fivebooks.com,https://fivebooks.com/best-books/jo-boyden-on-children/,2022-08-02,best-books,jo-boyden-on-children,jo boyden on children,,content
fivebooks.com,https://fivebooks.com/best-books/hector-mcdonnell-on-early-irish-history/,2022-08-03,best-books,hector-mcdonnell-on-early-irish-history,hector mcdonnell on early irish history,,content
fivebooks.com,https://fivebooks.com/best-books/japanese-history-adam-p-bronson/,2022-08-06,best-books,japanese-history-adam-p-bronson,japanese history adam p bronson,,content
fivebooks.com,https://fivebooks.com/best-books/mystery-david-baldacci/,2022-08-08,best-books,mystery-david-baldacci,mystery david baldacci,,content
fivebooks.com,https://fivebooks.com/best-books/the-best-introductions-to-octavia-butler-books-nisi-shawl/,2022-08-10,best-books,the-best-introductions-to-octavia-butler-books-nisi-shawl,the best introductions to octavia butler books nisi shawl,,content
fivebooks.com,https://fivebooks.com/best-books/geoff-berridge-on-why-we-need-diplomats/,2022-08-11,best-books,geoff-berridge-on-why-we-need-diplomats,geoff berridge on why we need diplomats,,content
fivebooks.com,https://fivebooks.com/best-books/daniel-headrick-technology-nature/,2022-08-11,best-books,daniel-headrick-technology-nature,daniel headrick technology nature,,content
fivebooks.com,https://fivebooks.com/best-books/fiction-2019-peter-florence/,2022-08-12,best-books,fiction-2019-peter-florence,fiction 2019 peter florence,2019,content
fivebooks.com,https://fivebooks.com/best-books/kathryn-schulz-being-wrong/,2022-08-15,best-books,kathryn-schulz-being-wrong,kathryn schulz being wrong,,content
fivebooks.com,https://fivebooks.com/best-books/richard-nixon-david-greenberg/,2022-08-15,best-books,richard-nixon-david-greenberg,richard nixon david greenberg,,content
fivebooks.com,https://fivebooks.com/best-books/eloisa-james-on-romance-novels/,2022-08-17,best-books,eloisa-james-on-romance-novels,eloisa james on romance novels,,content
fivebooks.com,https://fivebooks.com/best-books/kent-deng-on-china-in-the-world-economy/,2022-08-18,best-books,kent-deng-on-china-in-the-world-economy,kent deng on china in the world economy,,content
fivebooks.com,https://fivebooks.com/best-books/longtermism-will-macaskill/,2022-08-18,best-books,longtermism-will-macaskill,longtermism will macaskill,,content
fivebooks.com,https://fivebooks.com/best-books/summer-melissa-harrison/,2022-08-18,best-books,summer-melissa-harrison,summer melissa harrison,,content
fivebooks.com,https://fivebooks.com/best-books/aid-work-cassie-knight/,2022-08-19,best-books,aid-work-cassie-knight,aid work cassie knight,,content
fivebooks.com,https://fivebooks.com/best-books/dorothy-rowe-on-lying/,2022-08-20,best-books,dorothy-rowe-on-lying,dorothy rowe on lying,,content
fivebooks.com,https://fivebooks.com/best-books/horror-kim-newman/,2022-08-20,best-books,horror-kim-newman,horror kim newman,,content
fivebooks.com,https://fivebooks.com/best-books/nato-mark-webber/,2022-08-30,best-books,nato-mark-webber,nato mark webber,,content
fivebooks.com,https://fivebooks.com/best-books/alastair-campbell-on-leadership/,2022-08-30,best-books,alastair-campbell-on-leadership,alastair campbell on leadership,,content
fivebooks.com,https://fivebooks.com/best-books/mary-elise-sarotte-on-1989/,2022-08-30,best-books,mary-elise-sarotte-on-1989,mary elise sarotte on 1989,,content
fivebooks.com,https://fivebooks.com/best-books/doug-rossinow-reagan-era/,2022-08-30,best-books,doug-rossinow-reagan-era,doug rossinow reagan era,,content
fivebooks.com,https://fivebooks.com/best-books/the-cold-war-archie-brown/,2022-08-30,best-books,the-cold-war-archie-brown,the cold war archie brown,,content
fivebooks.com,https://fivebooks.com/best-books/putins-russia-simon-pirani/,2022-08-30,best-books,putins-russia-simon-pirani,putins russia simon pirani,,content
fivebooks.com,https://fivebooks.com/best-books/daniyal-mueenuddin-on-pakistan/,2022-08-31,best-books,daniyal-mueenuddin-on-pakistan,daniyal mueenuddin on pakistan,,content
fivebooks.com,https://fivebooks.com/best-books/tom-shakespeare-on-disability/,2022-09-02,best-books,tom-shakespeare-on-disability,tom shakespeare on disability,,content
fivebooks.com,https://fivebooks.com/best-books/helen-castor-on-queens-and-power/,2022-09-08,best-books,helen-castor-on-queens-and-power,helen castor on queens and power,,content
fivebooks.com,https://fivebooks.com/best-books/modern-british-history-andrew-hindmoor/,2022-09-08,best-books,modern-british-history-andrew-hindmoor,modern british history andrew hindmoor,,content
fivebooks.com,https://fivebooks.com/best-books/economics-books-to-read-on-holiday-daniel-hamermesh/,2022-09-09,best-books,economics-books-to-read-on-holiday-daniel-hamermesh,economics books to read on holiday daniel hamermesh,,content
fivebooks.com,https://fivebooks.com/best-books/michael-billington-on-20th-century-theatre/,2022-09-10,best-books,michael-billington-on-20th-century-theatre,michael billington on 20th century theatre,,content
fivebooks.com,https://fivebooks.com/best-books/how-worlds-political-economy-works-mark-blyth/,2022-09-11,best-books,how-worlds-political-economy-works-mark-blyth,how worlds political economy works mark blyth,,content
fivebooks.com,https://fivebooks.com/best-books/parenting-social-science-nate-g-hilger/,2022-09-11,best-books,parenting-social-science-nate-g-hilger,parenting social science nate g hilger,,content
fivebooks.com,https://fivebooks.com/best-books/architecture-history-dan-cruickshank/,2022-09-18,best-books,architecture-history-dan-cruickshank,architecture history dan cruickshank,,content
fivebooks.com,https://fivebooks.com/best-books/wonderful-cookbooks-madhur-jaffrey/,2022-09-18,best-books,wonderful-cookbooks-madhur-jaffrey,wonderful cookbooks madhur jaffrey,,content
fivebooks.com,https://fivebooks.com/best-books/the-non-aligned-movement-paul-stubbs/,2022-09-21,best-books,the-non-aligned-movement-paul-stubbs,the non aligned movement paul stubbs,,content
fivebooks.com,https://fivebooks.com/best-books/france-1960s-richard-wolin/,2022-09-21,best-books,france-1960s-richard-wolin,france 1960s richard wolin,,content
fivebooks.com,https://fivebooks.com/best-books/diane-greco-josefowicz-on-french-egyptomania/,2022-09-21,best-books,diane-greco-josefowicz-on-french-egyptomania,diane greco josefowicz on french egyptomania,,content
fivebooks.com,https://fivebooks.com/best-books/the-silk-road-valerie-hansen/,2022-09-21,best-books,the-silk-road-valerie-hansen,the silk road valerie hansen,,content
fivebooks.com,https://fivebooks.com/best-books/richard-cohen-on-the-sun/,2022-09-23,best-books,richard-cohen-on-the-sun,richard cohen on the sun,,content
fivebooks.com,https://fivebooks.com/best-books/essential-norwegian-fiction-roy-jacobsen-man-booker/,2022-09-25,best-books,essential-norwegian-fiction-roy-jacobsen-man-booker,essential norwegian fiction roy jacobsen man booker,,content
fivebooks.com,https://fivebooks.com/best-books/gang-crime-gavin-knight/,2022-09-27,best-books,gang-crime-gavin-knight,gang crime gavin knight,,content
fivebooks.com,https://fivebooks.com/best-books/lev-grossman-internet/,2022-09-27,best-books,lev-grossman-internet,lev grossman internet,,content
fivebooks.com,https://fivebooks.com/best-books/stephen-cave-on-immortality/,2022-09-28,best-books,stephen-cave-on-immortality,stephen cave on immortality,,content
fivebooks.com,https://fivebooks.com/best-books/orville-schell-on-china-and-the-west/,2022-09-28,best-books,orville-schell-on-china-and-the-west,orville schell on china and the west,,content
fivebooks.com,https://fivebooks.com/best-books/the-best-south-asian-novels-in-translation-jenny-bhatt/,2022-09-30,best-books,the-best-south-asian-novels-in-translation-jenny-bhatt,the best south asian novels in translation jenny bhatt,,content
fivebooks.com,https://fivebooks.com/best-books/isabel-hilton-on-chinas-environmental-crisis/,2022-10-02,best-books,isabel-hilton-on-chinas-environmental-crisis,isabel hilton on chinas environmental crisis,,content
fivebooks.com,https://fivebooks.com/best-books/longevity-steven-austad/,2022-10-03,best-books,longevity-steven-austad,longevity steven austad,,content
fivebooks.com,https://fivebooks.com/best-books/darius-rejali-on-violence/,2022-10-03,best-books,darius-rejali-on-violence,darius rejali on violence,,content
fivebooks.com,https://fivebooks.com/best-books/united-nations-edward-mortimer/,2022-10-03,best-books,united-nations-edward-mortimer,united nations edward mortimer,,content
fivebooks.com,https://fivebooks.com/best-books/french-attitudes-to-america-richard-kuiself/,2022-10-04,best-books,french-attitudes-to-america-richard-kuiself,french attitudes to america richard kuiself,,content
fivebooks.com,https://fivebooks.com/best-books/steve-bloomfield-on-world-football/,2022-10-04,best-books,steve-bloomfield-on-world-football,steve bloomfield on world football,,content
fivebooks.com,https://fivebooks.com/best-books/leaderless-revolution-carne-ross/,2022-10-05,best-books,leaderless-revolution-carne-ross,leaderless revolution carne ross,,content
fivebooks.com,https://fivebooks.com/best-books/guy-raz-on-essential-reading-for-reporters/,2022-10-05,best-books,guy-raz-on-essential-reading-for-reporters,guy raz on essential reading for reporters,,content
fivebooks.com,https://fivebooks.com/best-books/brazil-larry-rohter/,2022-10-05,best-books,brazil-larry-rohter,brazil larry rohter,,content
fivebooks.com,https://fivebooks.com/best-books/woody-allen-on-inspiration/,2022-10-06,best-books,woody-allen-on-inspiration,woody allen on inspiration,,content
fivebooks.com,https://fivebooks.com/best-books/adultery-evan-zimroth/,2022-10-06,best-books,adultery-evan-zimroth,adultery evan zimroth,,content
fivebooks.com,https://fivebooks.com/best-books/the-best-william-golding-books-judy-golding/,2022-10-06,best-books,the-best-william-golding-books-judy-golding,the best william golding books judy golding,,content
fivebooks.com,https://fivebooks.com/best-books/dreyfus-affair-belle-epoque-ruth-harris/,2022-10-06,best-books,dreyfus-affair-belle-epoque-ruth-harris,dreyfus affair belle epoque ruth harris,,content
fivebooks.com,https://fivebooks.com/best-books/dava-sobel-on-the-early-history-of-astronomy/,2022-10-06,best-books,dava-sobel-on-the-early-history-of-astronomy,dava sobel on the early history of astronomy,,content
fivebooks.com,https://fivebooks.com/best-books/chris-walsh-cowardice/,2022-10-11,best-books,chris-walsh-cowardice,chris walsh cowardice,,content
fivebooks.com,https://fivebooks.com/best-books/dante-nick-havely/,2022-10-11,best-books,dante-nick-havely,dante nick havely,,content
fivebooks.com,https://fivebooks.com/best-books/economic-history-books-simon-johnson/,2022-10-12,best-books,economic-history-books-simon-johnson,economic history books simon johnson,,content
fivebooks.com,https://fivebooks.com/best-books/history-economic-thought-niall-kishtainy/,2022-10-12,best-books,history-economic-thought-niall-kishtainy,history economic thought niall kishtainy,,content
fivebooks.com,https://fivebooks.com/best-books/christmas-story-brent-landau/,2022-10-14,best-books,christmas-story-brent-landau,christmas story brent landau,,content
fivebooks.com,https://fivebooks.com/best-books/hanukkah-dara-horn/,2022-10-14,best-books,hanukkah-dara-horn,hanukkah dara horn,,content
fivebooks.com,https://fivebooks.com/best-books/will-hobson-inkblots/,2022-10-15,best-books,will-hobson-inkblots,will hobson inkblots,,content
fivebooks.com,https://fivebooks.com/best-books/drawing-painting-juliette-aristides/,2022-10-15,best-books,drawing-painting-juliette-aristides,drawing painting juliette aristides,,content
fivebooks.com,https://fivebooks.com/best-books/victor-shih-on-the-chinese-economy/,2022-10-16,best-books,victor-shih-on-the-chinese-economy,victor shih on the chinese economy,,content
fivebooks.com,https://fivebooks.com/best-books/best-books-china-harry-wu/,2022-10-16,best-books,best-books-china-harry-wu,best books china harry wu,,content
fivebooks.com,https://fivebooks.com/best-books/maoism-julia-lovell/,2022-10-16,best-books,maoism-julia-lovell,maoism julia lovell,,content
fivebooks.com,https://fivebooks.com/best-books/border-stories-claudia-sadowski-smith/,2022-10-17,best-books,border-stories-claudia-sadowski-smith,border stories claudia sadowski smith,,content
fivebooks.com,https://fivebooks.com/best-books/michael-morpurgo-favourite-childrens-books/,2022-10-18,best-books,michael-morpurgo-favourite-childrens-books,michael morpurgo favourite childrens books,,content
fivebooks.com,https://fivebooks.com/best-books/richard-mcgregor-on-the-chinese-communist-party/,2022-10-19,best-books,richard-mcgregor-on-the-chinese-communist-party,richard mcgregor on the chinese communist party,,content
fivebooks.com,https://fivebooks.com/best-books/qiu-xiaolong-on-classical-chinese-poetry/,2022-10-19,best-books,qiu-xiaolong-on-classical-chinese-poetry,qiu xiaolong on classical chinese poetry,,content
fivebooks.com,https://fivebooks.com/best-books/the-dutch-golden-age-maarten-prak/,2022-10-24,best-books,the-dutch-golden-age-maarten-prak,the dutch golden age maarten prak,,content
fivebooks.com,https://fivebooks.com/best-books/jeremy-till-on-context-of-architecture/,2022-10-26,best-books,jeremy-till-on-context-of-architecture,jeremy till on context of architecture,,content
fivebooks.com,https://fivebooks.com/best-books/space-exploration-andrew-chaikin/,2022-10-27,best-books,space-exploration-andrew-chaikin,space exploration andrew chaikin,,content
fivebooks.com,https://fivebooks.com/best-books/identity-south-africa-jonny-steinberg/,2022-10-28,best-books,identity-south-africa-jonny-steinberg,identity south africa jonny steinberg,,content
fivebooks.com,https://fivebooks.com/best-books/south-african-fiction-imraan-coovadia/,2022-10-28,best-books,south-african-fiction-imraan-coovadia,south african fiction imraan coovadia,,content
fivebooks.com,https://fivebooks.com/best-books/daniel-everett-linguistics/,2022-10-28,best-books,daniel-everett-linguistics,daniel everett linguistics,,content
fivebooks.com,https://fivebooks.com/best-books/david-lammy-on-context-of-the-uk-riots/,2022-10-28,best-books,david-lammy-on-context-of-the-uk-riots,david lammy on context of the uk riots,,content
fivebooks.com,https://fivebooks.com/best-books/amy-liptrot-nature-writing/,2022-10-28,best-books,amy-liptrot-nature-writing,amy liptrot nature writing,,content
fivebooks.com,https://fivebooks.com/best-books/daisy-johnson-books-that-influenced-her/,2022-10-31,best-books,daisy-johnson-books-that-influenced-her,daisy johnson books that influenced her,,content
fivebooks.com,https://fivebooks.com/best-books/haunted-house-books/,2022-10-31,best-books,haunted-house-books,haunted house books,,content
fivebooks.com,https://fivebooks.com/best-books/jewish-vienna-brigid-grauman/,2022-10-31,best-books,jewish-vienna-brigid-grauman,jewish vienna brigid grauman,,content
fivebooks.com,https://fivebooks.com/best-books/20th-century-russia-francis-spufford/,2022-11-01,best-books,20th-century-russia-francis-spufford,20th century russia francis spufford,,content
fivebooks.com,https://fivebooks.com/best-books/robert-service-on-totalitarian-russia/,2022-11-01,best-books,robert-service-on-totalitarian-russia,robert service on totalitarian russia,,content
fivebooks.com,https://fivebooks.com/best-books/far-right-cas-mudde/,2022-11-01,best-books,far-right-cas-mudde,far right cas mudde,,content
fivebooks.com,https://fivebooks.com/best-books/zionism-anti-zionism/,2022-11-02,best-books,zionism-anti-zionism,zionism anti zionism,,content
fivebooks.com,https://fivebooks.com/best-books/russia-thomas-keneally/,2022-11-02,best-books,russia-thomas-keneally,russia thomas keneally,,content
fivebooks.com,https://fivebooks.com/best-books/oscar-guardiola-rivera-on-the-rise-of-latin-america/,2022-11-02,best-books,oscar-guardiola-rivera-on-the-rise-of-latin-america,oscar guardiola rivera on the rise of latin america,,content
fivebooks.com,https://fivebooks.com/best-books/eugenics-philippa-levine/,2022-11-02,best-books,eugenics-philippa-levine,eugenics philippa levine,,content
fivebooks.com,https://fivebooks.com/best-books/bankruptcy-john-ayer/,2022-11-03,best-books,bankruptcy-john-ayer,bankruptcy john ayer,,content
fivebooks.com,https://fivebooks.com/best-books/behavioral-science-nicholas-epley/,2022-11-03,best-books,behavioral-science-nicholas-epley,behavioral science nicholas epley,,content
fivebooks.com,https://fivebooks.com/best-books/the-scientific-revolution-vera-keller/,2022-11-03,best-books,the-scientific-revolution-vera-keller,the scientific revolution vera keller,,content
fivebooks.com,https://fivebooks.com/best-books/philosophical-wonder-eric-schwitzgebel/,2022-11-04,best-books,philosophical-wonder-eric-schwitzgebel,philosophical wonder eric schwitzgebel,,content
fivebooks.com,https://fivebooks.com/best-books/paul-preston-on-the-spanish-civil-war/,2022-11-04,best-books,paul-preston-on-the-spanish-civil-war,paul preston on the spanish civil war,,content
fivebooks.com,https://fivebooks.com/best-books/information-age-nicholas-carr/,2022-11-04,best-books,information-age-nicholas-carr,information age nicholas carr,,content
fivebooks.com,https://fivebooks.com/best-books/john-berger/,2022-11-05,best-books,john-berger,john berger,,content
fivebooks.com,https://fivebooks.com/best-books/richard-harries-on-faith-in-politics/,2022-11-07,best-books,richard-harries-on-faith-in-politics,richard harries on faith in politics,,content
fivebooks.com,https://fivebooks.com/best-books/the-nile-dan-morrison/,2022-11-07,best-books,the-nile-dan-morrison,the nile dan morrison,,content
fivebooks.com,https://fivebooks.com/best-books/donna-dickenson-on-body-shopping/,2022-11-10,best-books,donna-dickenson-on-body-shopping,donna dickenson on body shopping,,content
fivebooks.com,https://fivebooks.com/best-books/science-fiction-and-philosophy-eric-schwitzgebel/,2022-11-11,best-books,science-fiction-and-philosophy-eric-schwitzgebel,science fiction and philosophy eric schwitzgebel,,content
fivebooks.com,https://fivebooks.com/best-books/philosophy-of-travel-emily-thomas/,2022-11-11,best-books,philosophy-of-travel-emily-thomas,philosophy of travel emily thomas,,content
fivebooks.com,https://fivebooks.com/best-books/andy-stern-on-bringing-change-to-america/,2022-11-11,best-books,andy-stern-on-bringing-change-to-america,andy stern on bringing change to america,,content
fivebooks.com,https://fivebooks.com/best-books/russian-revolution/,2022-11-12,best-books,russian-revolution,russian revolution,,content
fivebooks.com,https://fivebooks.com/best-books/barry-estabrook-on-food-production/,2022-11-13,best-books,barry-estabrook-on-food-production,barry estabrook on food production,,content
fivebooks.com,https://fivebooks.com/best-books/turi-munthe-on-islam-v-modernity/,2022-11-13,best-books,turi-munthe-on-islam-v-modernity,turi munthe on islam v modernity,,content
fivebooks.com,https://fivebooks.com/best-books/understanding-finance-john-lanchester/,2022-11-14,best-books,understanding-finance-john-lanchester,understanding finance john lanchester,,content
fivebooks.com,https://fivebooks.com/best-books/ruth-reichl-on-american-food/,2022-11-15,best-books,ruth-reichl-on-american-food,ruth reichl on american food,,content
fivebooks.com,https://fivebooks.com/best-books/karl-rove-on-compassionate-conservatism/,2022-11-15,best-books,karl-rove-on-compassionate-conservatism,karl rove on compassionate conservatism,,content
fivebooks.com,https://fivebooks.com/best-books/monetary-policy-lars-christensen/,2022-11-15,best-books,monetary-policy-lars-christensen,monetary policy lars christensen,,content
fivebooks.com,https://fivebooks.com/best-books/jojo-tulloh-on-favourite-cookbooks/,2022-11-15,best-books,jojo-tulloh-on-favourite-cookbooks,jojo tulloh on favourite cookbooks,,content
fivebooks.com,https://fivebooks.com/best-books/science-2020-royal-society-book-prize-anne-osbourn/,2022-11-15,best-books,science-2020-royal-society-book-prize-anne-osbourn,science 2020 royal society book prize anne osbourn,2020,content
fivebooks.com,https://fivebooks.com/best-books/ian-christie-on-russian-cinema/,2022-11-16,best-books,ian-christie-on-russian-cinema,ian christie on russian cinema,,content
fivebooks.com,https://fivebooks.com/best-books/psychology-nazism-daniel-pick/,2022-11-16,best-books,psychology-nazism-daniel-pick,psychology nazism daniel pick,,content
fivebooks.com,https://fivebooks.com/best-books/adam-eve-stephen-greenblatt/,2022-11-16,best-books,adam-eve-stephen-greenblatt,adam eve stephen greenblatt,,content
fivebooks.com,https://fivebooks.com/best-books/edith-grossman-translation/,2022-11-16,best-books,edith-grossman-translation,edith grossman translation,,content
fivebooks.com,https://fivebooks.com/best-books/eating-meat-louise-gray-ethical-carnivore/,2022-11-16,best-books,eating-meat-louise-gray-ethical-carnivore,eating meat louise gray ethical carnivore,,content
fivebooks.com,https://fivebooks.com/best-books/best-books-robotics-daniel-wilson/,2022-11-17,best-books,best-books-robotics-daniel-wilson,best books robotics daniel wilson,,content
fivebooks.com,https://fivebooks.com/best-books/data-science-roger-peng/,2022-11-17,best-books,data-science-roger-peng,data science roger peng,,content
fivebooks.com,https://fivebooks.com/best-books/learning-python-and-data-science-vicki-boykis/,2022-11-17,best-books,learning-python-and-data-science-vicki-boykis,learning python and data science vicki boykis,,content
fivebooks.com,https://fivebooks.com/best-books/health-and-the-internet/,2022-11-17,best-books,health-and-the-internet,health and the internet,,content
fivebooks.com,https://fivebooks.com/best-books/climate-change-uncertainty/,2022-11-17,best-books,climate-change-uncertainty,climate change uncertainty,,content
fivebooks.com,https://fivebooks.com/best-books/history-american-south-edward-ayers/,2022-11-21,best-books,history-american-south-edward-ayers,history american south edward ayers,,content
fivebooks.com,https://fivebooks.com/best-books/juneteenth-barbara-krauthamer/,2022-11-21,best-books,juneteenth-barbara-krauthamer,juneteenth barbara krauthamer,,content
fivebooks.com,https://fivebooks.com/best-books/nonfiction-2020-sophie-roell/,2022-11-21,best-books,nonfiction-2020-sophie-roell,nonfiction 2020 sophie roell,2020,content
fivebooks.com,https://fivebooks.com/best-books/cookbooks-2020-becky-krystal/,2022-11-21,best-books,cookbooks-2020-becky-krystal,cookbooks 2020 becky krystal,2020,content
fivebooks.com,https://fivebooks.com/best-books/sean-turnell-burmese-economy/,2022-11-22,best-books,sean-turnell-burmese-economy,sean turnell burmese economy,,content
fivebooks.com,https://fivebooks.com/best-books/emma-larkin-on-burma/,2022-11-22,best-books,emma-larkin-on-burma,emma larkin on burma,,content
fivebooks.com,https://fivebooks.com/best-books/bertil-lintner-on-burma/,2022-11-22,best-books,bertil-lintner-on-burma,bertil lintner on burma,,content
fivebooks.com,https://fivebooks.com/best-books/sudhir-hazareesingh-on-charles-de-gaulles-place-in-french-culture/,2022-11-22,best-books,sudhir-hazareesingh-on-charles-de-gaulles-place-in-french-culture,sudhir hazareesingh on charles de gaulles place in french culture,,content
fivebooks.com,https://fivebooks.com/best-books/michael-palliser-on-diplomacy/,2022-11-23,best-books,michael-palliser-on-diplomacy,michael palliser on diplomacy,,content
fivebooks.com,https://fivebooks.com/best-books/contemporary-india-kapil-komireddi/,2022-11-24,best-books,contemporary-india-kapil-komireddi,contemporary india kapil komireddi,,content
fivebooks.com,https://fivebooks.com/best-books/toby-young-on-journalism/,2022-11-24,best-books,toby-young-on-journalism,toby young on journalism,,content
fivebooks.com,https://fivebooks.com/best-books/john-timoney-on-policing/,2022-11-24,best-books,john-timoney-on-policing,john timoney on policing,,content
fivebooks.com,https://fivebooks.com/best-books/stephen-bayley-on-pop-modern/,2022-11-24,best-books,stephen-bayley-on-pop-modern,stephen bayley on pop modern,,content
fivebooks.com,https://fivebooks.com/best-books/american-film-mark-harris/,2022-11-24,best-books,american-film-mark-harris,american film mark harris,,content
fivebooks.com,https://fivebooks.com/best-books/peter-temin-favourite-books/,2022-11-24,best-books,peter-temin-favourite-books,peter temin favourite books,,content
fivebooks.com,https://fivebooks.com/best-books/rosamund-mcdougall-global-warming/,2022-11-26,best-books,rosamund-mcdougall-global-warming,rosamund mcdougall global warming,,content
fivebooks.com,https://fivebooks.com/best-books/boudica-richard-hingley/,2022-11-27,best-books,boudica-richard-hingley,boudica richard hingley,,content
fivebooks.com,https://fivebooks.com/best-books/dating-mia-levitin/,2022-11-27,best-books,dating-mia-levitin,dating mia levitin,,content
fivebooks.com,https://fivebooks.com/best-books/eric-berkowitz-on-sex-and-society/,2022-11-27,best-books,eric-berkowitz-on-sex-and-society,eric berkowitz on sex and society,,content
fivebooks.com,https://fivebooks.com/best-books/physics-jim-al-khalili/,2022-11-27,best-books,physics-jim-al-khalili,physics jim al khalili,,content
fivebooks.com,https://fivebooks.com/best-books/david-bainbridge-accessible-science/,2022-11-27,best-books,david-bainbridge-accessible-science,david bainbridge accessible science,,content
fivebooks.com,https://fivebooks.com/best-books/native-americans-colonisers/,2022-11-27,best-books,native-americans-colonisers,native americans colonisers,,content
fivebooks.com,https://fivebooks.com/best-books/popular-protest-china-elizabeth-perry/,2022-11-27,best-books,popular-protest-china-elizabeth-perry,popular protest china elizabeth perry,,content
fivebooks.com,https://fivebooks.com/best-books/roots-of-radicalism-michael-kazin/,2022-11-28,best-books,roots-of-radicalism-michael-kazin,roots of radicalism michael kazin,,content
fivebooks.com,https://fivebooks.com/best-books/peter-atkins-emergence-understanding/,2022-11-29,best-books,peter-atkins-emergence-understanding,peter atkins emergence understanding,,content
fivebooks.com,https://fivebooks.com/best-books/history-new-york-louise-mirrer/,2022-11-30,best-books,history-new-york-louise-mirrer,history new york louise mirrer,,content
fivebooks.com,https://fivebooks.com/best-books/transhumanism-mark-oconnell/,2022-11-30,best-books,transhumanism-mark-oconnell,transhumanism mark oconnell,,content
fivebooks.com,https://fivebooks.com/best-books/economics-2019-diane-coyle/,2022-11-30,best-books,economics-2019-diane-coyle,economics 2019 diane coyle,2019,content
fivebooks.com,https://fivebooks.com/best-books/evolution-human-cooperation-paul-seabright/,2022-12-01,best-books,evolution-human-cooperation-paul-seabright,evolution human cooperation paul seabright,,content
fivebooks.com,https://fivebooks.com/best-books/audiobooks-2022-audies-michele-cobb/,2022-12-03,best-books,audiobooks-2022-audies-michele-cobb,audiobooks 2022 audies michele cobb,2022,content
fivebooks.com,https://fivebooks.com/best-books/american-philosophy-john-kaag/,2022-12-08,best-books,american-philosophy-john-kaag,american philosophy john kaag,,content
fivebooks.com,https://fivebooks.com/best-books/handel-andrew-gant/,2022-12-09,best-books,handel-andrew-gant,handel andrew gant,,content
fivebooks.com,https://fivebooks.com/best-books/beethoven-jessica-duchen/,2022-12-09,best-books,beethoven-jessica-duchen,beethoven jessica duchen,,content
fivebooks.com,https://fivebooks.com/best-books/best-cookbooks-2021-baking-becky-krystal/,2022-12-09,best-books,best-cookbooks-2021-baking-becky-krystal,best cookbooks 2021 baking becky krystal,2021,content
fivebooks.com,https://fivebooks.com/best-books/best-cookbooks-2022-becky-krystal/,2022-12-09,best-books,best-cookbooks-2022-becky-krystal,best cookbooks 2022 becky krystal,2022,content
fivebooks.com,https://fivebooks.com/best-books/argentina-psychoanalysis-chris-moss/,2022-12-09,best-books,argentina-psychoanalysis-chris-moss,argentina psychoanalysis chris moss,,content
fivebooks.com,https://fivebooks.com/best-books/steven-raichlen-on-barbecue-and-grill/,2022-12-09,best-books,steven-raichlen-on-barbecue-and-grill,steven raichlen on barbecue and grill,,content
fivebooks.com,https://fivebooks.com/best-books/books-influenced-her-esi-edugyan/,2022-12-13,best-books,books-influenced-her-esi-edugyan,books influenced her esi edugyan,,content
fivebooks.com,https://fivebooks.com/best-books/les-back-academia/,2022-12-15,best-books,les-back-academia,les back academia,,content
fivebooks.com,https://fivebooks.com/best-books/best-economic-history-books-2022-davis-kedrosky/,2022-12-17,best-books,best-economic-history-books-2022-davis-kedrosky,best economic history books 2022 davis kedrosky,2022,content
fivebooks.com,https://fivebooks.com/best-books/santigold-on-music-books/,2022-12-30,best-books,santigold-on-music-books,santigold on music books,,content
fivebooks.com,https://fivebooks.com/best-books/peace-john-gittings/,2023-01-03,best-books,peace-john-gittings,peace john gittings,,content
fivebooks.com,https://fivebooks.com/best-books/productivity-david-allen/,2023-01-05,best-books,productivity-david-allen,productivity david allen,,content
fivebooks.com,https://fivebooks.com/best-books/2021-british-academy-book-prize-global-cultural-understanding/,2023-01-07,best-books,2021-british-academy-book-prize-global-cultural-understanding,2021 british academy book prize global cultural understanding,2021,content
fivebooks.com,https://fivebooks.com/best-books/antonio-villaraigosa-on-progressive-america/,2023-01-09,best-books,antonio-villaraigosa-on-progressive-america,antonio villaraigosa on progressive america,,content
fivebooks.com,https://fivebooks.com/best-books/tsarist-russia-andrei-maylunas/,2023-01-10,best-books,tsarist-russia-andrei-maylunas,tsarist russia andrei maylunas,,content
fivebooks.com,https://fivebooks.com/best-books/peter-kellner-on-british-democracy/,2023-01-10,best-books,peter-kellner-on-british-democracy,peter kellner on british democracy,,content
fivebooks.com,https://fivebooks.com/best-books/royal-biographies-hugo-vickers/,2023-01-11,best-books,royal-biographies-hugo-vickers,royal biographies hugo vickers,,content
fivebooks.com,https://fivebooks.com/best-books/thom-beth-atkinson-on-myths-of-war/,2023-01-11,best-books,thom-beth-atkinson-on-myths-of-war,thom beth atkinson on myths of war,,content
fivebooks.com,https://fivebooks.com/best-books/science-2019-barbara-kiser/,2023-01-16,best-books,science-2019-barbara-kiser,science 2019 barbara kiser,2019,content
fivebooks.com,https://fivebooks.com/best-books/rupert-isaacson-miracle-autism/,2023-01-16,best-books,rupert-isaacson-miracle-autism,rupert isaacson miracle autism,,content
fivebooks.com,https://fivebooks.com/best-books/david-lipsey-on-british-politics/,2023-01-16,best-books,david-lipsey-on-british-politics,david lipsey on british politics,,content
fivebooks.com,https://fivebooks.com/best-books/david-goodhart-on-immigration-and-multiculturalism-in-britain/,2023-01-16,best-books,david-goodhart-on-immigration-and-multiculturalism-in-britain,david goodhart on immigration and multiculturalism in britain,,content
fivebooks.com,https://fivebooks.com/best-books/italian-mafia-john-dickie/,2023-01-17,best-books,italian-mafia-john-dickie,italian mafia john dickie,,content
fivebooks.com,https://fivebooks.com/best-books/deconstruction-peter-salmon/,2023-01-18,best-books,deconstruction-peter-salmon,deconstruction peter salmon,,content
fivebooks.com,https://fivebooks.com/best-books/peregrine-worsthorne-on-the-french-revolution/,2023-01-18,best-books,peregrine-worsthorne-on-the-french-revolution,peregrine worsthorne on the french revolution,,content
fivebooks.com,https://fivebooks.com/best-books/fred-inglis-on-the-cult-of-celebrity/,2023-01-19,best-books,fred-inglis-on-the-cult-of-celebrity,fred inglis on the cult of celebrity,,content
fivebooks.com,https://fivebooks.com/best-books/multiculturalism-tariq-modood/,2023-01-19,best-books,multiculturalism-tariq-modood,multiculturalism tariq modood,,content
fivebooks.com,https://fivebooks.com/best-books/peter-berkowitz-on-liberty-and-morality/,2023-01-20,best-books,peter-berkowitz-on-liberty-and-morality,peter berkowitz on liberty and morality,,content
fivebooks.com,https://fivebooks.com/best-books/sean-carroll-cosmology/,2023-01-20,best-books,sean-carroll-cosmology,sean carroll cosmology,,content
fivebooks.com,https://fivebooks.com/best-books/jonathan-evison-on-the-american-west/,2023-01-21,best-books,jonathan-evison-on-the-american-west,jonathan evison on the american west,,content
fivebooks.com,https://fivebooks.com/best-books/mary-seacole-jane-robinson/,2023-01-22,best-books,mary-seacole-jane-robinson,mary seacole jane robinson,,content
fivebooks.com,https://fivebooks.com/best-books/opium-war-julia-lovell/,2023-01-22,best-books,opium-war-julia-lovell,opium war julia lovell,,content
fivebooks.com,https://fivebooks.com/best-books/anarchism-ruth-kinna/,2023-01-23,best-books,anarchism-ruth-kinna,anarchism ruth kinna,,content
fivebooks.com,https://fivebooks.com/best-books/global-history-felipe-fernandez-armesto/,2023-01-23,best-books,global-history-felipe-fernandez-armesto,global history felipe fernandez armesto,,content
fivebooks.com,https://fivebooks.com/best-books/enlightenment-jonathan-israel/,2023-01-23,best-books,enlightenment-jonathan-israel,enlightenment jonathan israel,,content
fivebooks.com,https://fivebooks.com/best-books/bestsellers-jeffrey-archer/,2023-01-25,best-books,bestsellers-jeffrey-archer,bestsellers jeffrey archer,,content
fivebooks.com,https://fivebooks.com/best-books/native-american-history-jennifer-graber/,2023-01-25,best-books,native-american-history-jennifer-graber,native american history jennifer graber,,content
fivebooks.com,https://fivebooks.com/best-books/matthew-taylor-on-progress/,2023-01-25,best-books,matthew-taylor-on-progress,matthew taylor on progress,,content
fivebooks.com,https://fivebooks.com/best-books/best-australian-novels-nicholas-jose/,2023-01-25,best-books,best-australian-novels-nicholas-jose,best australian novels nicholas jose,,content
fivebooks.com,https://fivebooks.com/best-books/patricio-navia-on-latin-american-politics/,2023-01-26,best-books,patricio-navia-on-latin-american-politics,patricio navia on latin american politics,,content
fivebooks.com,https://fivebooks.com/best-books/juan-mendez-on-torture/,2023-01-26,best-books,juan-mendez-on-torture,juan mendez on torture,,content
fivebooks.com,https://fivebooks.com/best-books/joe-domanick-race-american-policing/,2023-01-27,best-books,joe-domanick-race-american-policing,joe domanick race american policing,,content
fivebooks.com,https://fivebooks.com/best-books/neil-fligstein-economic-sociology/,2023-01-29,best-books,neil-fligstein-economic-sociology,neil fligstein economic sociology,,content
fivebooks.com,https://fivebooks.com/best-books/nabeel-yasin-on-democracy-in-iraq/,2023-01-29,best-books,nabeel-yasin-on-democracy-in-iraq,nabeel yasin on democracy in iraq,,content
fivebooks.com,https://fivebooks.com/best-books/the-best-thrillers-of-2022-tosca-lee/,2023-01-29,best-books,the-best-thrillers-of-2022-tosca-lee,the best thrillers of 2022 tosca lee,2022,content
fivebooks.com,https://fivebooks.com/best-books/joe-posnanski-on-baseball/,2023-01-29,best-books,joe-posnanski-on-baseball,joe posnanski on baseball,,content
fivebooks.com,https://fivebooks.com/best-books/john-thorn-baseball/,2023-01-29,best-books,john-thorn-baseball,john thorn baseball,,content
fivebooks.com,https://fivebooks.com/best-books/baseball-novels-michael-carlson/,2023-01-29,best-books,baseball-novels-michael-carlson,baseball novels michael carlson,,content
fivebooks.com,https://fivebooks.com/best-books/design-kevin-g-bethune/,2023-01-31,best-books,design-kevin-g-bethune,design kevin g bethune,,content
fivebooks.com,https://fivebooks.com/best-books/the-austrian-empire-jonathan-kwan/,2023-01-31,best-books,the-austrian-empire-jonathan-kwan,the austrian empire jonathan kwan,,content
fivebooks.com,https://fivebooks.com/best-books/cat-barton-on-southeast-asian-travel-literature/,2023-02-01,best-books,cat-barton-on-southeast-asian-travel-literature,cat barton on southeast asian travel literature,,content
fivebooks.com,https://fivebooks.com/best-books/cookbooks-2019-becky-krystal/,2023-02-01,best-books,cookbooks-2019-becky-krystal,cookbooks 2019 becky krystal,2019,content
fivebooks.com,https://fivebooks.com/best-books/james-owen-weatherall-on-physics-and-financial-markets/,2023-02-01,best-books,james-owen-weatherall-on-physics-and-financial-markets,james owen weatherall on physics and financial markets,,content
fivebooks.com,https://fivebooks.com/best-books/five-books-on-international-relations-natasha-saunders/,2023-02-03,best-books,five-books-on-international-relations-natasha-saunders,five books on international relations natasha saunders,,content
fivebooks.com,https://fivebooks.com/best-books/best-christmas-romance-books-katherine-d-morgan/,2023-02-03,best-books,best-christmas-romance-books-katherine-d-morgan,best christmas romance books katherine d morgan,,content
fivebooks.com,https://fivebooks.com/best-books/elena-ferrante-sarah-chihaya-merve-emre/,2023-02-03,best-books,elena-ferrante-sarah-chihaya-merve-emre,elena ferrante sarah chihaya merve emre,,content
fivebooks.com,https://fivebooks.com/best-books/best-china-books-of-2022-jeffrey-wasserstrom/,2023-02-04,best-books,best-china-books-of-2022-jeffrey-wasserstrom,best china books of 2022 jeffrey wasserstrom,2022,content
fivebooks.com,https://fivebooks.com/best-books/marko-rakar-on-how-to-win-elections/,2023-02-04,best-books,marko-rakar-on-how-to-win-elections,marko rakar on how to win elections,,content
fivebooks.com,https://fivebooks.com/best-books/jo-nesbo-norwegian-crime-writing/,2023-02-04,best-books,jo-nesbo-norwegian-crime-writing,jo nesbo norwegian crime writing,,content
fivebooks.com,https://fivebooks.com/best-books/digital-africa-mohammad-amir-anwar/,2023-02-05,best-books,digital-africa-mohammad-amir-anwar,digital africa mohammad amir anwar,,content
fivebooks.com,https://fivebooks.com/best-books/sex-education-jonathan-zimmerman/,2023-02-05,best-books,sex-education-jonathan-zimmerman,sex education jonathan zimmerman,,content
fivebooks.com,https://fivebooks.com/best-books/historical-fiction-2020-katharine-grant/,2023-02-05,best-books,historical-fiction-2020-katharine-grant,historical fiction 2020 katharine grant,2020,content
fivebooks.com,https://fivebooks.com/best-books/vaccine-books-seth-mnookin/,2023-02-05,best-books,vaccine-books-seth-mnookin,vaccine books seth mnookin,,content
fivebooks.com,https://fivebooks.com/best-books/victorian-adventures-stephen-evans/,2023-02-05,best-books,victorian-adventures-stephen-evans,victorian adventures stephen evans,,content
fivebooks.com,https://fivebooks.com/best-books/prehistory-tim-white/,2023-02-07,best-books,prehistory-tim-white,prehistory tim white,,content
fivebooks.com,https://fivebooks.com/best-books/best-books-natural-disasters-alam/,2023-02-07,best-books,best-books-natural-disasters-alam,best books natural disasters alam,,content
fivebooks.com,https://fivebooks.com/best-books/architectural-icons-john-grindrod/,2023-02-08,best-books,architectural-icons-john-grindrod,architectural icons john grindrod,,content
fivebooks.com,https://fivebooks.com/best-books/yotam-ottolenghi-cookbooks/,2023-02-08,best-books,yotam-ottolenghi-cookbooks,yotam ottolenghi cookbooks,,content
fivebooks.com,https://fivebooks.com/best-books/george-eliot-philip-davis/,2023-02-10,best-books,george-eliot-philip-davis,george eliot philip davis,,content
fivebooks.com,https://fivebooks.com/best-books/samuel-taylor-coleridge-seamus-perry/,2023-02-10,best-books,samuel-taylor-coleridge-seamus-perry,samuel taylor coleridge seamus perry,,content
fivebooks.com,https://fivebooks.com/best-books/best-books-the-queen-robert-lacey/,2023-02-10,best-books,best-books-the-queen-robert-lacey,best books the queen robert lacey,,content
fivebooks.com,https://fivebooks.com/best-books/best-books-osama-bin-laden-peter-bergen/,2023-02-10,best-books,best-books-osama-bin-laden-peter-bergen,best books osama bin laden peter bergen,,content
fivebooks.com,https://fivebooks.com/best-books/fashion-biographies-justine-picardie/,2023-02-10,best-books,fashion-biographies-justine-picardie,fashion biographies justine picardie,,content
fivebooks.com,https://fivebooks.com/best-books/maxim-d-shrayer-on-nabokov/,2023-02-10,best-books,maxim-d-shrayer-on-nabokov,maxim d shrayer on nabokov,,content
fivebooks.com,https://fivebooks.com/best-books/jennifer-steil-on-foreign-memoirs/,2023-02-10,best-books,jennifer-steil-on-foreign-memoirs,jennifer steil on foreign memoirs,,content
fivebooks.com,https://fivebooks.com/best-books/los-libros-que-le-influyeron-enrique-vila-matas/,2023-02-10,best-books,los-libros-que-le-influyeron-enrique-vila-matas,los libros que le influyeron enrique vila matas,,content
fivebooks.com,https://fivebooks.com/best-books/graphic-narratives-hillary-chute/,2023-02-10,best-books,graphic-narratives-hillary-chute,graphic narratives hillary chute,,content
fivebooks.com,https://fivebooks.com/best-books/animal-history-harriet-ritvo/,2023-02-11,best-books,animal-history-harriet-ritvo,animal history harriet ritvo,,content
fivebooks.com,https://fivebooks.com/best-books/scientists-jimena-canales/,2023-02-12,best-books,scientists-jimena-canales,scientists jimena canales,,content
fivebooks.com,https://fivebooks.com/best-books/dutch-masters-adam-eaker/,2023-02-13,best-books,dutch-masters-adam-eaker,dutch masters adam eaker,,content
fivebooks.com,https://fivebooks.com/best-books/african-empires-ghana-mali-songhai-michael-gomez/,2023-02-14,best-books,african-empires-ghana-mali-songhai-michael-gomez,african empires ghana mali songhai michael gomez,,content
fivebooks.com,https://fivebooks.com/best-books/entrepreneurship-thomas-hellmann/,2023-02-17,best-books,entrepreneurship-thomas-hellmann,entrepreneurship thomas hellmann,,content
fivebooks.com,https://fivebooks.com/best-books/best-audiobooks-2022-robin-whitten/,2023-02-17,best-books,best-audiobooks-2022-robin-whitten,best audiobooks 2022 robin whitten,2022,content
fivebooks.com,https://fivebooks.com/best-books/stephen-walt-on-us-israel-relations/,2023-02-18,best-books,stephen-walt-on-us-israel-relations,stephen walt on us israel relations,,content
fivebooks.com,https://fivebooks.com/best-books/eric-foner-on-the-evolution-of-liberalism/,2023-02-18,best-books,eric-foner-on-the-evolution-of-liberalism,eric foner on the evolution of liberalism,,content
fivebooks.com,https://fivebooks.com/best-books/david-greenberg-on-political-spin/,2023-02-18,best-books,david-greenberg-on-political-spin,david greenberg on political spin,,content
fivebooks.com,https://fivebooks.com/best-books/hari-kunzru-american-desert/,2023-02-19,best-books,hari-kunzru-american-desert,hari kunzru american desert,,content
fivebooks.com,https://fivebooks.com/best-books/grammar-books-lane-greene/,2023-02-20,best-books,grammar-books-lane-greene,grammar books lane greene,,content
fivebooks.com,https://fivebooks.com/best-books/language-and-the-mind-lane-greene/,2023-02-20,best-books,language-and-the-mind-lane-greene,language and the mind lane greene,,content
fivebooks.com,https://fivebooks.com/best-books/angola-history-mariana-candido/,2023-02-21,best-books,angola-history-mariana-candido,angola history mariana candido,,content
fivebooks.com,https://fivebooks.com/best-books/best-hiking-memoirs-gail-simmons/,2023-02-21,best-books,best-hiking-memoirs-gail-simmons,best hiking memoirs gail simmons,,content
fivebooks.com,https://fivebooks.com/best-books/romance-audiobooks-emily-connelly/,2023-02-21,best-books,romance-audiobooks-emily-connelly,romance audiobooks emily connelly,,content
fivebooks.com,https://fivebooks.com/best-books/grammar-punctuation-mark-nichol/,2023-02-22,best-books,grammar-punctuation-mark-nichol,grammar punctuation mark nichol,,content
fivebooks.com,https://fivebooks.com/best-books/larry-summers-globalization/,2023-02-22,best-books,larry-summers-globalization,larry summers globalization,,content
fivebooks.com,https://fivebooks.com/best-books/being-sceptical-james-randi/,2023-02-23,best-books,being-sceptical-james-randi,being sceptical james randi,,content
fivebooks.com,https://fivebooks.com/best-books/james-dunkerley-on-latin-american-history/,2023-02-23,best-books,james-dunkerley-on-latin-american-history,james dunkerley on latin american history,,content
fivebooks.com,https://fivebooks.com/best-books/nonfiction-of-2022-fall-roundup-sophie-roell/,2023-02-27,best-books,nonfiction-of-2022-fall-roundup-sophie-roell,nonfiction of 2022 fall roundup sophie roell,2022,content
fivebooks.com,https://fivebooks.com/best-books/best-african-novels-blessing-musariri/,2023-03-01,best-books,best-african-novels-blessing-musariri,best african novels blessing musariri,,content
fivebooks.com,https://fivebooks.com/best-books/tintin-michael-farr/,2023-03-02,best-books,tintin-michael-farr,tintin michael farr,,content
fivebooks.com,https://fivebooks.com/best-books/nick-davies-on-investigative-journalism/,2023-03-06,best-books,nick-davies-on-investigative-journalism,nick davies on investigative journalism,,content
fivebooks.com,https://fivebooks.com/best-books/best-books-art-crime-noah-charney/,2023-03-06,best-books,best-books-art-crime-noah-charney,best books art crime noah charney,,content
fivebooks.com,https://fivebooks.com/best-books/negative-thinking-oliver-burkeman/,2023-03-06,best-books,negative-thinking-oliver-burkeman,negative thinking oliver burkeman,,content
fivebooks.com,https://fivebooks.com/best-books/space-travel-science-fiction-books-christopher-mason/,2023-03-07,best-books,space-travel-science-fiction-books-christopher-mason,space travel science fiction books christopher mason,,content
fivebooks.com,https://fivebooks.com/best-books/david-marquand-on-the-end-of-the-west/,2023-03-07,best-books,david-marquand-on-the-end-of-the-west,david marquand on the end of the west,,content
fivebooks.com,https://fivebooks.com/best-books/honeybees-helen-jukes/,2023-03-08,best-books,honeybees-helen-jukes,honeybees helen jukes,,content
fivebooks.com,https://fivebooks.com/best-books/surviving-your-twenties-dana-schwartz/,2023-03-10,best-books,surviving-your-twenties-dana-schwartz,surviving your twenties dana schwartz,,content
fivebooks.com,https://fivebooks.com/best-books/the-big-bang-dan-hooper/,2023-03-13,best-books,the-big-bang-dan-hooper,the big bang dan hooper,,content
fivebooks.com,https://fivebooks.com/best-books/tim-lott-on-brothers/,2023-03-14,best-books,tim-lott-on-brothers,tim lott on brothers,,content
fivebooks.com,https://fivebooks.com/best-books/the-mughal-empire-richard-m-eaton/,2023-03-15,best-books,the-mughal-empire-richard-m-eaton,the mughal empire richard m eaton,,content
fivebooks.com,https://fivebooks.com/best-books/great-divergence-davis-kedrosky/,2023-03-15,best-books,great-divergence-davis-kedrosky,great divergence davis kedrosky,,content
fivebooks.com,https://fivebooks.com/best-books/kids-klaus-flugge/,2023-03-15,best-books,kids-klaus-flugge,kids klaus flugge,,content
fivebooks.com,https://fivebooks.com/best-books/picture-books-2017/,2023-03-15,best-books,picture-books-2017,picture books 2017,2017,content
fivebooks.com,https://fivebooks.com/best-books/economic-theory-financial-crisis-eric-maskin/,2023-03-16,best-books,economic-theory-financial-crisis-eric-maskin,economic theory financial crisis eric maskin,,content
fivebooks.com,https://fivebooks.com/best-books/gady-epstein-on-china-and-the-internet/,2023-03-21,best-books,gady-epstein-on-china-and-the-internet,gady epstein on china and the internet,,content
fivebooks.com,https://fivebooks.com/best-books/the-best-jimmy-carter-books-robert-lieberman/,2023-03-21,best-books,the-best-jimmy-carter-books-robert-lieberman,the best jimmy carter books robert lieberman,,content
fivebooks.com,https://fivebooks.com/best-books/multi-voiced-audiobooks-audie-awards/,2023-03-24,best-books,multi-voiced-audiobooks-audie-awards,multi voiced audiobooks audie awards,,content
fivebooks.com,https://fivebooks.com/best-books/chris-mullin-on-political-diaries/,2023-03-27,best-books,chris-mullin-on-political-diaries,chris mullin on political diaries,,content
fivebooks.com,https://fivebooks.com/best-books/best-literary-science-books-2023-pen-e-o-wilson-award-david-hu/,2023-03-28,best-books,best-literary-science-books-2023-pen-e-o-wilson-award-david-hu,best literary science books 2023 pen e o wilson award david hu,2023,content
fivebooks.com,https://fivebooks.com/best-books/allen-macduffie-on-the-comic-novel/,2023-03-29,best-books,allen-macduffie-on-the-comic-novel,allen macduffie on the comic novel,,content
fivebooks.com,https://fivebooks.com/best-books/british-parliament-iain-dale/,2023-04-03,best-books,british-parliament-iain-dale,british parliament iain dale,,content
fivebooks.com,https://fivebooks.com/best-books/industrial-policy-danny-crichton/,2023-04-06,best-books,industrial-policy-danny-crichton,industrial policy danny crichton,,content
fivebooks.com,https://fivebooks.com/best-books/fishing-malachy-tallack/,2023-04-10,best-books,fishing-malachy-tallack,fishing malachy tallack,,content
fivebooks.com,https://fivebooks.com/best-books/san-francisco-armistead-maupin/,2023-04-10,best-books,san-francisco-armistead-maupin,san francisco armistead maupin,,content
fivebooks.com,https://fivebooks.com/best-books/pets-for-young-kids/,2023-04-11,best-books,pets-for-young-kids,pets for young kids,,content
fivebooks.com,https://fivebooks.com/best-books/mark-lynas-on-the-environment/,2023-04-12,best-books,mark-lynas-on-the-environment,mark lynas on the environment,,content
fivebooks.com,https://fivebooks.com/best-books/dogs-jose-castello/,2023-04-16,best-books,dogs-jose-castello,dogs jose castello,,content
fivebooks.com,https://fivebooks.com/best-books/sunnism-and-shiism-toby-matthiesen/,2023-04-16,best-books,sunnism-and-shiism-toby-matthiesen,sunnism and shiism toby matthiesen,,content
fivebooks.com,https://fivebooks.com/best-books/ian-thomson-on-jamaica/,2023-04-23,best-books,ian-thomson-on-jamaica,ian thomson on jamaica,,content
fivebooks.com,https://fivebooks.com/best-books/chokepoint-capitalism-cory-doctorow/,2023-04-25,best-books,chokepoint-capitalism-cory-doctorow,chokepoint capitalism cory doctorow,,content
fivebooks.com,https://fivebooks.com/best-books/favourite-novels-2020-cal-flyn/,2023-04-26,best-books,favourite-novels-2020-cal-flyn,favourite novels 2020 cal flyn,2020,content
fivebooks.com,https://fivebooks.com/best-books/the-art-market-georgina-adam/,2023-04-26,best-books,the-art-market-georgina-adam,the art market georgina adam,,content
fivebooks.com,https://fivebooks.com/best-books/andrew-curry-futures/,2023-04-26,best-books,andrew-curry-futures,andrew curry futures,,content
fivebooks.com,https://fivebooks.com/best-books/william-dalrymple-on-india-ancient-and-modern/,2023-04-26,best-books,william-dalrymple-on-india-ancient-and-modern,william dalrymple on india ancient and modern,,content
fivebooks.com,https://fivebooks.com/best-books/jon-burgerman-best-books-playful-children/,2023-04-27,best-books,jon-burgerman-best-books-playful-children,jon burgerman best books playful children,,content
fivebooks.com,https://fivebooks.com/best-books/dads-kids-paul-howard/,2023-04-27,best-books,dads-kids-paul-howard,dads kids paul howard,,content
fivebooks.com,https://fivebooks.com/best-books/korky-paul-inspiring-illustrations/,2023-04-27,best-books,korky-paul-inspiring-illustrations,korky paul inspiring illustrations,,content
fivebooks.com,https://fivebooks.com/best-books/children-relationships/,2023-04-28,best-books,children-relationships,children relationships,,content
fivebooks.com,https://fivebooks.com/best-books/kids-2019-bianca-schulze/,2023-05-02,best-books,kids-2019-bianca-schulze,kids 2019 bianca schulze,2019,content
fivebooks.com,https://fivebooks.com/best-books/tullis-onstott-life-surface-earth/,2023-05-03,best-books,tullis-onstott-life-surface-earth,tullis onstott life surface earth,,content
fivebooks.com,https://fivebooks.com/best-books/kids-books-about-courage-kindness/,2023-05-03,best-books,kids-books-about-courage-kindness,kids books about courage kindness,,content
fivebooks.com,https://fivebooks.com/best-books/michael-morpurgo-on-his-novels/,2023-05-03,best-books,michael-morpurgo-on-his-novels,michael morpurgo on his novels,,content
fivebooks.com,https://fivebooks.com/best-books/trees-for-younger-readers-neal-layton/,2023-05-03,best-books,trees-for-younger-readers-neal-layton,trees for younger readers neal layton,,content
fivebooks.com,https://fivebooks.com/best-books/ellah-allfrey-diaspora/,2023-05-09,best-books,ellah-allfrey-diaspora,ellah allfrey diaspora,,content
fivebooks.com,https://fivebooks.com/best-books/crime-irvine-welsh/,2023-05-10,best-books,crime-irvine-welsh,crime irvine welsh,,content
fivebooks.com,https://fivebooks.com/best-books/displacement-michelle-jana-chan/,2023-05-10,best-books,displacement-michelle-jana-chan,displacement michelle jana chan,,content
fivebooks.com,https://fivebooks.com/best-books/history-food-diane-purkiss/,2023-05-14,best-books,history-food-diane-purkiss,history food diane purkiss,,content
fivebooks.com,https://fivebooks.com/best-books/turkish-politics-hugh-pope/,2023-05-15,best-books,turkish-politics-hugh-pope,turkish politics hugh pope,,content
fivebooks.com,https://fivebooks.com/best-books/anthony-julius-on-censorship/,2023-05-15,best-books,anthony-julius-on-censorship,anthony julius on censorship,,content
fivebooks.com,https://fivebooks.com/best-books/penguin-paperbacks-clare-morpurgo/,2023-05-15,best-books,penguin-paperbacks-clare-morpurgo,penguin paperbacks clare morpurgo,,content
fivebooks.com,https://fivebooks.com/best-books/the-best-historical-fiction-the-2021-walter-scott-prize-shortlist-katharine-grant/,2023-05-15,best-books,the-best-historical-fiction-the-2021-walter-scott-prize-shortlist-katharine-grant,the best historical fiction the 2021 walter scott prize shortlist katharine grant,2021,content
fivebooks.com,https://fivebooks.com/best-books/politics-teens-adrienne-kisner/,2023-05-16,best-books,politics-teens-adrienne-kisner,politics teens adrienne kisner,,content
fivebooks.com,https://fivebooks.com/best-books/fairy-tales/,2023-05-16,best-books,fairy-tales,fairy tales,,content
fivebooks.com,https://fivebooks.com/best-books/exoplanets-chris-impey/,2023-05-17,best-books,exoplanets-chris-impey,exoplanets chris impey,,content
fivebooks.com,https://fivebooks.com/best-books/the-best-economics-books-of-2022-jason-furman/,2023-05-17,best-books,the-best-economics-books-of-2022-jason-furman,the best economics books of 2022 jason furman,2022,content
fivebooks.com,https://fivebooks.com/best-books/introductions-to-philosophy-warburton/,2023-05-17,best-books,introductions-to-philosophy-warburton,introductions to philosophy warburton,,content
fivebooks.com,https://fivebooks.com/best-books/romance-summer-reading-2019-frannie-strober-cassano/,2023-05-18,best-books,romance-summer-reading-2019-frannie-strober-cassano,romance summer reading 2019 frannie strober cassano,2019,content
fivebooks.com,https://fivebooks.com/best-books/civil-rights-era-lerone-martin/,2023-05-18,best-books,civil-rights-era-lerone-martin,civil rights era lerone martin,,content
fivebooks.com,https://fivebooks.com/best-books/keith-ellison-progressivism/,2023-05-18,best-books,keith-ellison-progressivism,keith ellison progressivism,,content
fivebooks.com,https://fivebooks.com/best-books/best-speeches-clarence-jones/,2023-05-18,best-books,best-speeches-clarence-jones,best speeches clarence jones,,content
fivebooks.com,https://fivebooks.com/best-books/make-your-kids-laugh-tom-mclaughlin/,2023-05-19,best-books,make-your-kids-laugh-tom-mclaughlin,make your kids laugh tom mclaughlin,,content
fivebooks.com,https://fivebooks.com/best-books/andy-borowitz-best-comic-novels/,2023-05-21,best-books,andy-borowitz-best-comic-novels,andy borowitz best comic novels,,content
fivebooks.com,https://fivebooks.com/best-books/arnold-jansen-on-a-poet-soldiers-view-of-bosnia/,2023-05-21,best-books,arnold-jansen-on-a-poet-soldiers-view-of-bosnia,arnold jansen on a poet soldiers view of bosnia,,content
fivebooks.com,https://fivebooks.com/best-books/britishness-matthew-engel/,2023-05-21,best-books,britishness-matthew-engel,britishness matthew engel,,content
fivebooks.com,https://fivebooks.com/best-books/essay-collections-adam-gopnik/,2023-05-21,best-books,essay-collections-adam-gopnik,essay collections adam gopnik,,content
fivebooks.com,https://fivebooks.com/best-books/family-history-thea-lenarduzzi/,2023-05-21,best-books,family-history-thea-lenarduzzi,family history thea lenarduzzi,,content
fivebooks.com,https://fivebooks.com/best-books/world-war-ii-novels-memoirs-james-holland/,2023-05-21,best-books,world-war-ii-novels-memoirs-james-holland,world war ii novels memoirs james holland,,content
fivebooks.com,https://fivebooks.com/best-books/childbirth-leah-hazard/,2023-05-22,best-books,childbirth-leah-hazard,childbirth leah hazard,,content
fivebooks.com,https://fivebooks.com/best-books/riz-khan-on-enduring-love/,2023-05-22,best-books,riz-khan-on-enduring-love,riz khan on enduring love,,content
fivebooks.com,https://fivebooks.com/best-books/sherlock-holmes-michael-dirda/,2023-05-22,best-books,sherlock-holmes-michael-dirda,sherlock holmes michael dirda,,content
fivebooks.com,https://fivebooks.com/best-books/best-of-nonfiction-books-of-2019-stig-abell/,2023-05-22,best-books,best-of-nonfiction-books-of-2019-stig-abell,best of nonfiction books of 2019 stig abell,2019,content
fivebooks.com,https://fivebooks.com/best-books/mike-maclay-on-the-thrill-of-diplomacy/,2023-05-23,best-books,mike-maclay-on-the-thrill-of-diplomacy,mike maclay on the thrill of diplomacy,,content
fivebooks.com,https://fivebooks.com/best-books/childrens-2020-krishna-grady/,2023-05-23,best-books,childrens-2020-krishna-grady,childrens 2020 krishna grady,2020,content
fivebooks.com,https://fivebooks.com/best-books/london-peter-ackroyd/,2023-05-25,best-books,london-peter-ackroyd,london peter ackroyd,,content
fivebooks.com,https://fivebooks.com/best-books/alex-carlile-on-ethics-in-public-life/,2023-05-25,best-books,alex-carlile-on-ethics-in-public-life,alex carlile on ethics in public life,,content
fivebooks.com,https://fivebooks.com/best-books/john-kay-on-economics-in-the-real-world/,2023-05-29,best-books,john-kay-on-economics-in-the-real-world,john kay on economics in the real world,,content
fivebooks.com,https://fivebooks.com/best-books/prison-abolition-tommie-shelby/,2023-05-29,best-books,prison-abolition-tommie-shelby,prison abolition tommie shelby,,content
fivebooks.com,https://fivebooks.com/best-books/russia-2020-pushkin-house-serhii-plokhy/,2023-05-30,best-books,russia-2020-pushkin-house-serhii-plokhy,russia 2020 pushkin house serhii plokhy,2020,content
fivebooks.com,https://fivebooks.com/best-books/best-books-ottoman-empire-alev-scott/,2023-06-05,best-books,best-books-ottoman-empire-alev-scott,best books ottoman empire alev scott,,content
fivebooks.com,https://fivebooks.com/best-books/best-modernist-novels-michael-clune/,2023-06-05,best-books,best-modernist-novels-michael-clune,best modernist novels michael clune,,content
fivebooks.com,https://fivebooks.com/best-books/science-wonder/,2023-06-05,best-books,science-wonder,science wonder,,content
fivebooks.com,https://fivebooks.com/best-books/the-best-novels-of-2021-cal-flyn/,2023-06-07,best-books,the-best-novels-of-2021-cal-flyn,the best novels of 2021 cal flyn,2021,content
fivebooks.com,https://fivebooks.com/best-books/making-good-decisions-sebastian-park/,2023-06-08,best-books,making-good-decisions-sebastian-park,making good decisions sebastian park,,content
fivebooks.com,https://fivebooks.com/best-books/notable-nonfiction-of-early-2022-sophie-roell/,2023-06-08,best-books,notable-nonfiction-of-early-2022-sophie-roell,notable nonfiction of early 2022 sophie roell,2022,content
fivebooks.com,https://fivebooks.com/best-books/sultan-suleyman-kaya-sahin/,2023-06-08,best-books,sultan-suleyman-kaya-sahin,sultan suleyman kaya sahin,,content
fivebooks.com,https://fivebooks.com/best-books/italian-history-politics-alan-rhode/,2023-06-08,best-books,italian-history-politics-alan-rhode,italian history politics alan rhode,,content
fivebooks.com,https://fivebooks.com/best-books/extinction-deextinction-beth-shapiro/,2023-06-11,best-books,extinction-deextinction-beth-shapiro,extinction deextinction beth shapiro,,content
fivebooks.com,https://fivebooks.com/best-books/may-berenbaum-on-bugs/,2023-06-11,best-books,may-berenbaum-on-bugs,may berenbaum on bugs,,content
fivebooks.com,https://fivebooks.com/best-books/wilding-isabella-tree/,2023-06-11,best-books,wilding-isabella-tree,wilding isabella tree,,content
fivebooks.com,https://fivebooks.com/best-books/being-average-eleanor-ross/,2023-06-11,best-books,being-average-eleanor-ross,being average eleanor ross,,content
fivebooks.com,https://fivebooks.com/best-books/best-space-opera-books-kate-elliott/,2023-06-13,best-books,best-space-opera-books-kate-elliott,best space opera books kate elliott,,content
fivebooks.com,https://fivebooks.com/best-books/iceland-sarah-thomas/,2023-06-22,best-books,iceland-sarah-thomas,iceland sarah thomas,,content
fivebooks.com,https://fivebooks.com/best-books/crime-fiction-social-justice-karin-slaughter/,2023-06-22,best-books,crime-fiction-social-justice-karin-slaughter,crime fiction social justice karin slaughter,,content
fivebooks.com,https://fivebooks.com/best-books/landmark-lgbtqi-books-rosie-wilby/,2023-06-25,best-books,landmark-lgbtqi-books-rosie-wilby,landmark lgbtqi books rosie wilby,,content
fivebooks.com,https://fivebooks.com/best-books/private-armies-mercenaries-stephen-armstrong/,2023-06-25,best-books,private-armies-mercenaries-stephen-armstrong,private armies mercenaries stephen armstrong,,content
fivebooks.com,https://fivebooks.com/best-books/feminism-kirsten-swinth/,2023-06-25,best-books,feminism-kirsten-swinth,feminism kirsten swinth,,content
fivebooks.com,https://fivebooks.com/best-books/hillary-clinton-david-maraniss/,2023-06-25,best-books,hillary-clinton-david-maraniss,hillary clinton david maraniss,,content
fivebooks.com,https://fivebooks.com/best-books/erica-jong-on-women-in-society/,2023-06-25,best-books,erica-jong-on-women-in-society,erica jong on women in society,,content
fivebooks.com,https://fivebooks.com/best-books/bibles-timothy-beal/,2023-06-25,best-books,bibles-timothy-beal,bibles timothy beal,,content
fivebooks.com,https://fivebooks.com/best-books/mary-wollstonecraft-sylvana-tomaselli/,2023-06-25,best-books,mary-wollstonecraft-sylvana-tomaselli,mary wollstonecraft sylvana tomaselli,,content
fivebooks.com,https://fivebooks.com/best-books/maria-sveland-on-feminism/,2023-06-25,best-books,maria-sveland-on-feminism,maria sveland on feminism,,content
fivebooks.com,https://fivebooks.com/best-books/taxes-taxation-joel-slemrod-michael-keen/,2023-06-25,best-books,taxes-taxation-joel-slemrod-michael-keen,taxes taxation joel slemrod michael keen,,content
fivebooks.com,https://fivebooks.com/best-books/best-lgbtq-romance-novels-aaron-aceves/,2023-06-30,best-books,best-lgbtq-romance-novels-aaron-aceves,best lgbtq romance novels aaron aceves,,content
fivebooks.com,https://fivebooks.com/best-books/best-history-books-of-2021-paul-lay/,2023-07-01,best-books,best-history-books-of-2021-paul-lay,best history books of 2021 paul lay,2021,content
fivebooks.com,https://fivebooks.com/best-books/russia-books-2023-ekaterina-schulmann/,2023-07-01,best-books,russia-books-2023-ekaterina-schulmann,russia books 2023 ekaterina schulmann,2023,content
fivebooks.com,https://fivebooks.com/best-books/world-economy-martin-wolf/,2023-07-06,best-books,world-economy-martin-wolf,world economy martin wolf,,content
fivebooks.com,https://fivebooks.com/best-books/food-books-2023-clare-finney/,2023-07-06,best-books,food-books-2023-clare-finney,food books 2023 clare finney,2023,content
fivebooks.com,https://fivebooks.com/best-books/the-best-nature-memoirs-victoria-bennett/,2023-07-06,best-books,the-best-nature-memoirs-victoria-bennett,the best nature memoirs victoria bennett,,content
fivebooks.com,https://fivebooks.com/best-books/peter-snow-on-military-history/,2023-07-06,best-books,peter-snow-on-military-history,peter snow on military history,,content
fivebooks.com,https://fivebooks.com/best-books/china-korea-relations-odd-arne-westad/,2023-07-06,best-books,china-korea-relations-odd-arne-westad,china korea relations odd arne westad,,content
fivebooks.com,https://fivebooks.com/best-books/learning-economics-john-quiggin/,2023-07-07,best-books,learning-economics-john-quiggin,learning economics john quiggin,,content
fivebooks.com,https://fivebooks.com/best-books/introductions-economics-tim-harford/,2023-07-07,best-books,introductions-economics-tim-harford,introductions economics tim harford,,content
fivebooks.com,https://fivebooks.com/best-books/macroeconomics-textbooks-raffaele-rossi/,2023-07-07,best-books,macroeconomics-textbooks-raffaele-rossi,macroeconomics textbooks raffaele rossi,,content
fivebooks.com,https://fivebooks.com/best-books/econometrics-mark-thoma/,2023-07-07,best-books,econometrics-mark-thoma,econometrics mark thoma,,content
fivebooks.com,https://fivebooks.com/best-books/inflation-federica-romei/,2023-07-07,best-books,inflation-federica-romei,inflation federica romei,,content
fivebooks.com,https://fivebooks.com/best-books/best-books-byzantium-judith-herrin/,2023-07-11,best-books,best-books-byzantium-judith-herrin,best books byzantium judith herrin,,content
fivebooks.com,https://fivebooks.com/best-books/slow-living-carl-honore/,2023-07-12,best-books,slow-living-carl-honore,slow living carl honore,,content
fivebooks.com,https://fivebooks.com/best-books/carlos-eire-time-and-eternity/,2023-07-12,best-books,carlos-eire-time-and-eternity,carlos eire time and eternity,,content
fivebooks.com,https://fivebooks.com/best-books/herman-melville-hester-blum/,2023-07-17,best-books,herman-melville-hester-blum,herman melville hester blum,,content
fivebooks.com,https://fivebooks.com/best-books/william-faulkner-ahmed-honeini/,2023-07-17,best-books,william-faulkner-ahmed-honeini,william faulkner ahmed honeini,,content
fivebooks.com,https://fivebooks.com/best-books/mark-girouard-on-art-and-culture-in-elizabethan-england/,2023-07-18,best-books,mark-girouard-on-art-and-culture-in-elizabethan-england,mark girouard on art and culture in elizabethan england,,content
fivebooks.com,https://fivebooks.com/best-books/helen-hackett-on-elizabeth-i/,2023-07-18,best-books,helen-hackett-on-elizabeth-i,helen hackett on elizabeth i,,content
fivebooks.com,https://fivebooks.com/best-books/adam-foulds-on-the-mau-mau-uprising-and-the-fading-empire/,2023-07-18,best-books,adam-foulds-on-the-mau-mau-uprising-and-the-fading-empire,adam foulds on the mau mau uprising and the fading empire,,content
fivebooks.com,https://fivebooks.com/best-books/best-historical-fiction-2022-walter-scott-prize-elizabeth-laird/,2023-07-20,best-books,best-historical-fiction-2022-walter-scott-prize-elizabeth-laird,best historical fiction 2022 walter scott prize elizabeth laird,2022,content
fivebooks.com,https://fivebooks.com/best-books/jules-evans-ecstatic-experiences/,2023-07-26,best-books,jules-evans-ecstatic-experiences,jules evans ecstatic experiences,,content
fivebooks.com,https://fivebooks.com/best-books/bruce-cumings-on-the-korean-war/,2023-07-27,best-books,bruce-cumings-on-the-korean-war,bruce cumings on the korean war,,content
fivebooks.com,https://fivebooks.com/best-books/best-comics-african-history-trevor-getz/,2023-07-29,best-books,best-comics-african-history-trevor-getz,best comics african history trevor getz,,content
fivebooks.com,https://fivebooks.com/best-books/classic-christmas-mysteries-caroline-crampton/,2023-07-29,best-books,classic-christmas-mysteries-caroline-crampton,classic christmas mysteries caroline crampton,,content
fivebooks.com,https://fivebooks.com/best-books/ian-mcewan-books-that-shape-his-novels/,2023-08-01,best-books,ian-mcewan-books-that-shape-his-novels,ian mcewan books that shape his novels,,content
fivebooks.com,https://fivebooks.com/best-books/achaemenid-persian-empire-lloyd-llewellyn-jones/,2023-08-01,best-books,achaemenid-persian-empire-lloyd-llewellyn-jones,achaemenid persian empire lloyd llewellyn jones,,content
fivebooks.com,https://fivebooks.com/best-books/yosri-fouda-on-911/,2023-08-02,best-books,yosri-fouda-on-911,yosri fouda on 911,,content
fivebooks.com,https://fivebooks.com/best-books/desert-nations-jo-tatchell/,2023-08-06,best-books,desert-nations-jo-tatchell,desert nations jo tatchell,,content
fivebooks.com,https://fivebooks.com/best-books/ben-greenman-on-new-york-city/,2023-08-06,best-books,ben-greenman-on-new-york-city,ben greenman on new york city,,content
fivebooks.com,https://fivebooks.com/best-books/shanghai-novels-paul-french/,2023-08-06,best-books,shanghai-novels-paul-french,shanghai novels paul french,,content
fivebooks.com,https://fivebooks.com/best-books/molly-greene-on-chaos-in-the-17th-century-mediterranean/,2023-08-06,best-books,molly-greene-on-chaos-in-the-17th-century-mediterranean,molly greene on chaos in the 17th century mediterranean,,content
fivebooks.com,https://fivebooks.com/best-books/late-antiquity-peter-brown/,2023-08-06,best-books,late-antiquity-peter-brown,late antiquity peter brown,,content
fivebooks.com,https://fivebooks.com/best-books/the-best-romance-books-of-2020-frannie-cassano/,2023-08-07,best-books,the-best-romance-books-of-2020-frannie-cassano,the best romance books of 2020 frannie cassano,2020,content
fivebooks.com,https://fivebooks.com/best-books/the-best-rom-com-books-the-2021-romantic-novelists-association-shortlist-celia-anderson/,2023-08-08,best-books,the-best-rom-com-books-the-2021-romantic-novelists-association-shortlist-celia-anderson,the best rom com books the 2021 romantic novelists association shortlist celia anderson,2021,content
fivebooks.com,https://fivebooks.com/best-books/best-feminist-books-50-years-of-virago-press-sarah-savitt/,2023-08-08,best-books,best-feminist-books-50-years-of-virago-press-sarah-savitt,best feminist books 50 years of virago press sarah savitt,,content
fivebooks.com,https://fivebooks.com/best-books/patriarchy-mona-eltahawy/,2023-08-09,best-books,patriarchy-mona-eltahawy,patriarchy mona eltahawy,,content
fivebooks.com,https://fivebooks.com/best-books/refugee-crisis-children/,2023-08-10,best-books,refugee-crisis-children,refugee crisis children,,content
fivebooks.com,https://fivebooks.com/best-books/tariq-ramadan-on-islam-in-the-west/,2023-08-10,best-books,tariq-ramadan-on-islam-in-the-west,tariq ramadan on islam in the west,,content
fivebooks.com,https://fivebooks.com/best-books/spinoza-steven-nadler/,2023-08-10,best-books,spinoza-steven-nadler,spinoza steven nadler,,content
fivebooks.com,https://fivebooks.com/best-books/tom-clarke-inspired-science/,2023-08-10,best-books,tom-clarke-inspired-science,tom clarke inspired science,,content
fivebooks.com,https://fivebooks.com/best-books/greil-marcus-on-rock-music/,2023-08-11,best-books,greil-marcus-on-rock-music,greil marcus on rock music,,content
fivebooks.com,https://fivebooks.com/best-books/new-york-novels-jay-mcinerney/,2023-08-11,best-books,new-york-novels-jay-mcinerney,new york novels jay mcinerney,,content
fivebooks.com,https://fivebooks.com/best-books/the-sas-pete-winner/,2023-08-11,best-books,the-sas-pete-winner,the sas pete winner,,content
fivebooks.com,https://fivebooks.com/best-books/henri-iv-of-france-vincent-pitts/,2023-08-12,best-books,henri-iv-of-france-vincent-pitts,henri iv of france vincent pitts,,content
fivebooks.com,https://fivebooks.com/best-books/comics-will-brooker/,2023-08-13,best-books,comics-will-brooker,comics will brooker,,content
fivebooks.com,https://fivebooks.com/best-books/chronic-illness-polly-atkin/,2023-08-16,best-books,chronic-illness-polly-atkin,chronic illness polly atkin,,content
fivebooks.com,https://fivebooks.com/best-books/football-simon-kuper/,2023-08-16,best-books,football-simon-kuper,football simon kuper,,content
fivebooks.com,https://fivebooks.com/best-books/andrei-markovits-on-global-sport/,2023-08-16,best-books,andrei-markovits-on-global-sport,andrei markovits on global sport,,content
fivebooks.com,https://fivebooks.com/best-books/forgotten-classics/,2023-08-17,best-books,forgotten-classics,forgotten classics,,content
fivebooks.com,https://fivebooks.com/best-books/surrealism-brain-bradley-voytek/,2023-08-18,best-books,surrealism-brain-bradley-voytek,surrealism brain bradley voytek,,content
fivebooks.com,https://fivebooks.com/best-books/murder-mysteries-stuart-turton/,2023-08-18,best-books,murder-mysteries-stuart-turton,murder mysteries stuart turton,,content
fivebooks.com,https://fivebooks.com/best-books/eva-hoffman-on-memoirs/,2023-08-19,best-books,eva-hoffman-on-memoirs,eva hoffman on memoirs,,content
fivebooks.com,https://fivebooks.com/best-books/samantha-harvey-mental-illness/,2023-08-19,best-books,samantha-harvey-mental-illness,samantha harvey mental illness,,content
fivebooks.com,https://fivebooks.com/best-books/history-books-teenagers-alex-age-16/,2023-08-23,best-books,history-books-teenagers-alex-age-16,history books teenagers alex age 16,,content
fivebooks.com,https://fivebooks.com/best-books/ocean-journalism-laura-trethewey/,2023-08-27,best-books,ocean-journalism-laura-trethewey,ocean journalism laura trethewey,,content
fivebooks.com,https://fivebooks.com/best-books/deborah-levy-motherhood-literature/,2023-08-29,best-books,deborah-levy-motherhood-literature,deborah levy motherhood literature,,content
fivebooks.com,https://fivebooks.com/best-books/history-by-tory-politicians-benedict-king/,2023-09-01,best-books,history-by-tory-politicians-benedict-king,history by tory politicians benedict king,,content
fivebooks.com,https://fivebooks.com/best-books/best-china-books-2021-jeffrey-wasserstrom/,2023-09-04,best-books,best-china-books-2021-jeffrey-wasserstrom,best china books 2021 jeffrey wasserstrom,2021,content
fivebooks.com,https://fivebooks.com/best-books/the-best-douglas-adams-books-kevin-jon-davies/,2023-09-04,best-books,the-best-douglas-adams-books-kevin-jon-davies,the best douglas adams books kevin jon davies,,content
fivebooks.com,https://fivebooks.com/best-books/ukraine-marci-shore/,2023-09-05,best-books,ukraine-marci-shore,ukraine marci shore,,content
fivebooks.com,https://fivebooks.com/best-books/using-data-to-understand-world-edouard-mathieu/,2023-09-05,best-books,using-data-to-understand-world-edouard-mathieu,using data to understand world edouard mathieu,,content
fivebooks.com,https://fivebooks.com/best-books/ukrainian-literature-sasha-dovzhyk/,2023-09-08,best-books,ukrainian-literature-sasha-dovzhyk,ukrainian literature sasha dovzhyk,,content
fivebooks.com,https://fivebooks.com/best-books/sportsmanship-cheating-debanjan-chakrabarti/,2023-09-09,best-books,sportsmanship-cheating-debanjan-chakrabarti,sportsmanship cheating debanjan chakrabarti,,content
fivebooks.com,https://fivebooks.com/best-books/simon-mawer-on-forgiveness/,2023-09-09,best-books,simon-mawer-on-forgiveness,simon mawer on forgiveness,,content
fivebooks.com,https://fivebooks.com/best-books/sri-lanka-razeen-sally/,2023-09-11,best-books,sri-lanka-razeen-sally,sri lanka razeen sally,,content
fivebooks.com,https://fivebooks.com/best-books/world-war-2-battles-alex-kershaw/,2023-09-12,best-books,world-war-2-battles-alex-kershaw,world war 2 battles alex kershaw,,content
fivebooks.com,https://fivebooks.com/best-books/responsible-business-vincent-stanley/,2023-09-14,best-books,responsible-business-vincent-stanley,responsible business vincent stanley,,content
fivebooks.com,https://fivebooks.com/best-books/the-best-psychology-books-for-teens-jessica-flitter-laura-brandt-nancy-fenton/,2023-09-16,best-books,the-best-psychology-books-for-teens-jessica-flitter-laura-brandt-nancy-fenton,the best psychology books for teens jessica flitter laura brandt nancy fenton,,content
fivebooks.com,https://fivebooks.com/best-books/football-kids-dave-cousins/,2023-09-16,best-books,football-kids-dave-cousins,football kids dave cousins,,content
fivebooks.com,https://fivebooks.com/best-books/navigating-future-chris-kutarna/,2023-09-16,best-books,navigating-future-chris-kutarna,navigating future chris kutarna,,content
fivebooks.com,https://fivebooks.com/best-books/audrey-penn-favourite-books/,2023-09-16,best-books,audrey-penn-favourite-books,audrey penn favourite books,,content
fivebooks.com,https://fivebooks.com/best-books/robert-muchamore-books-reluctant-12-year-old-reader/,2023-09-16,best-books,robert-muchamore-books-reluctant-12-year-old-reader,robert muchamore books reluctant 12 year old reader,,content
fivebooks.com,https://fivebooks.com/best-books/economics-novels-teenagers-yana-vandermeulen/,2023-09-16,best-books,economics-novels-teenagers-yana-vandermeulen,economics novels teenagers yana vandermeulen,,content
fivebooks.com,https://fivebooks.com/best-books/best-kids-books-translation-adam-freudenheim/,2023-09-20,best-books,best-kids-books-translation-adam-freudenheim,best kids books translation adam freudenheim,,content
fivebooks.com,https://fivebooks.com/best-books/russia-ukraine-serhii-plokhy/,2023-09-20,best-books,russia-ukraine-serhii-plokhy,russia ukraine serhii plokhy,,content
fivebooks.com,https://fivebooks.com/best-books/cas-mudde-populism/,2023-09-21,best-books,cas-mudde-populism,cas mudde populism,,content
fivebooks.com,https://fivebooks.com/best-books/turkey-elif-shafak/,2023-09-21,best-books,turkey-elif-shafak,turkey elif shafak,,content
fivebooks.com,https://fivebooks.com/best-books/the-best-popular-science-books-of-2021-the-royal-society-science-prize-luke-oneill/,2023-09-21,best-books,the-best-popular-science-books-of-2021-the-royal-society-science-prize-luke-oneill,the best popular science books of 2021 the royal society science prize luke oneill,2021,content
fivebooks.com,https://fivebooks.com/best-books/julius-caesar-peter-stothard/,2023-09-21,best-books,julius-caesar-peter-stothard,julius caesar peter stothard,,content
fivebooks.com,https://fivebooks.com/best-books/empires-peter-fibiger-bang/,2023-09-21,best-books,empires-peter-fibiger-bang,empires peter fibiger bang,,content
fivebooks.com,https://fivebooks.com/best-books/the-best-nonfiction-books-the-2022-baillie-gifford-prize-shortlist-caroline-sanderson/,2023-09-21,best-books,the-best-nonfiction-books-the-2022-baillie-gifford-prize-shortlist-caroline-sanderson,the best nonfiction books the 2022 baillie gifford prize shortlist caroline sanderson,2022,content
fivebooks.com,https://fivebooks.com/best-books/catherine-manegold-narrative-non-fiction/,2023-09-21,best-books,catherine-manegold-narrative-non-fiction,catherine manegold narrative non fiction,,content
fivebooks.com,https://fivebooks.com/best-books/narrative-nonfiction-samira-shackle/,2023-09-21,best-books,narrative-nonfiction-samira-shackle,narrative nonfiction samira shackle,,content
fivebooks.com,https://fivebooks.com/best-books/editors-picks-the-best-childrens-nonfiction-of-2018/,2023-09-21,best-books,editors-picks-the-best-childrens-nonfiction-of-2018,editors picks the best childrens nonfiction of 2018,2018,content
fivebooks.com,https://fivebooks.com/best-books/history-reading-groups-donna-mcbride/,2023-09-21,best-books,history-reading-groups-donna-mcbride,history reading groups donna mcbride,,content
fivebooks.com,https://fivebooks.com/best-books/technical-communication-kalid-azad/,2023-09-22,best-books,technical-communication-kalid-azad,technical communication kalid azad,,content
fivebooks.com,https://fivebooks.com/best-books/emotional-intelligence-daniel-goleman/,2023-09-22,best-books,emotional-intelligence-daniel-goleman,emotional intelligence daniel goleman,,content
fivebooks.com,https://fivebooks.com/best-books/the-psychology-of-killing-gwen-adshead/,2023-09-22,best-books,the-psychology-of-killing-gwen-adshead,the psychology of killing gwen adshead,,content
fivebooks.com,https://fivebooks.com/best-books/coping-with-failure-elizabeth-day/,2023-09-22,best-books,coping-with-failure-elizabeth-day,coping with failure elizabeth day,,content
fivebooks.com,https://fivebooks.com/best-books/fear-of-death-sheldon-solomon/,2023-09-22,best-books,fear-of-death-sheldon-solomon,fear of death sheldon solomon,,content
fivebooks.com,https://fivebooks.com/best-books/mindset-carol-dweck/,2023-09-22,best-books,mindset-carol-dweck,mindset carol dweck,,content
fivebooks.com,https://fivebooks.com/best-books/dick-passingham-cognitive-neuroscience/,2023-09-22,best-books,dick-passingham-cognitive-neuroscience,dick passingham cognitive neuroscience,,content
fivebooks.com,https://fivebooks.com/best-books/behavioural-economics-dan-ariely/,2023-09-22,best-books,behavioural-economics-dan-ariely,behavioural economics dan ariely,,content
fivebooks.com,https://fivebooks.com/best-books/making-a-good-impression-ovul-sezer/,2023-09-22,best-books,making-a-good-impression-ovul-sezer,making a good impression ovul sezer,,content
fivebooks.com,https://fivebooks.com/best-books/tanya-byron-on-child-psychology-and-mental-health/,2023-09-22,best-books,tanya-byron-on-child-psychology-and-mental-health,tanya byron on child psychology and mental health,,content
fivebooks.com,https://fivebooks.com/best-books/larry-dossey-premonitions/,2023-09-22,best-books,larry-dossey-premonitions,larry dossey premonitions,,content
fivebooks.com,https://fivebooks.com/best-books/decline-violence-steven-pinker/,2023-09-22,best-books,decline-violence-steven-pinker,decline violence steven pinker,,content
fivebooks.com,https://fivebooks.com/best-books/suzanne-osullivan-psychosomatic-illness/,2023-09-22,best-books,suzanne-osullivan-psychosomatic-illness,suzanne osullivan psychosomatic illness,,content
fivebooks.com,https://fivebooks.com/best-books/david-bell-on-psychoanalysis/,2023-09-22,best-books,david-bell-on-psychoanalysis,david bell on psychoanalysis,,content
fivebooks.com,https://fivebooks.com/best-books/disagreeing-ian-leslie/,2023-09-22,best-books,disagreeing-ian-leslie,disagreeing ian leslie,,content
fivebooks.com,https://fivebooks.com/best-books/best-indian-novels-radhika-jha/,2023-09-22,best-books,best-indian-novels-radhika-jha,best indian novels radhika jha,,content
fivebooks.com,https://fivebooks.com/best-books/best-conservation-books-of-2021-charlotte-smith/,2023-09-22,best-books,best-conservation-books-of-2021-charlotte-smith,best conservation books of 2021 charlotte smith,2021,content
fivebooks.com,https://fivebooks.com/best-books/charlemagne-carine-van-rhijn/,2023-09-24,best-books,charlemagne-carine-van-rhijn,charlemagne carine van rhijn,,content
fivebooks.com,https://fivebooks.com/best-books/niall-ferguson-on-intellectual-influences/,2023-09-25,best-books,niall-ferguson-on-intellectual-influences,niall ferguson on intellectual influences,,content
fivebooks.com,https://fivebooks.com/best-books/best-baby-books-barbara-band/,2023-09-27,best-books,best-baby-books-barbara-band,best baby books barbara band,,content
fivebooks.com,https://fivebooks.com/best-books/antiracist-kids-paula-young-shelton/,2023-09-27,best-books,antiracist-kids-paula-young-shelton,antiracist kids paula young shelton,,content
fivebooks.com,https://fivebooks.com/best-books/gratitude-dana-sheridan/,2023-09-27,best-books,gratitude-dana-sheridan,gratitude dana sheridan,,content
fivebooks.com,https://fivebooks.com/best-books/the-best-young-adult-science-fiction-books/,2023-09-27,best-books,the-best-young-adult-science-fiction-books,the best young adult science fiction books,,content
fivebooks.com,https://fivebooks.com/best-books/fantasy-young-adults-zoe/,2023-09-27,best-books,fantasy-young-adults-zoe,fantasy young adults zoe,,content
fivebooks.com,https://fivebooks.com/best-books/best-ocean-novels-for-10-14-year-olds-helen-scales/,2023-09-27,best-books,best-ocean-novels-for-10-14-year-olds-helen-scales,best ocean novels for 10 14 year olds helen scales,,content
fivebooks.com,https://fivebooks.com/best-books/science-kids-2020-royal-society-young-peoples-book-prize-mike-kendall/,2023-09-27,best-books,science-kids-2020-royal-society-young-peoples-book-prize-mike-kendall,science kids 2020 royal society young peoples book prize mike kendall,2020,content
fivebooks.com,https://fivebooks.com/best-books/notable-memoirs-2023-cal-flyn/,2023-09-27,best-books,notable-memoirs-2023-cal-flyn,notable memoirs 2023 cal flyn,2023,content
fivebooks.com,https://fivebooks.com/best-books/fiscal-policy-sergio-de-ferra/,2023-09-28,best-books,fiscal-policy-sergio-de-ferra,fiscal policy sergio de ferra,,content
fivebooks.com,https://fivebooks.com/best-books/electronic-literature-jessica-pressman/,2023-10-03,best-books,electronic-literature-jessica-pressman,electronic literature jessica pressman,,content
fivebooks.com,https://fivebooks.com/best-books/alon-hilu-on-israel-and-palestine-in-art/,2023-10-03,best-books,alon-hilu-on-israel-and-palestine-in-art,alon hilu on israel and palestine in art,,content
fivebooks.com,https://fivebooks.com/best-books/the-sublime-robert-clewis/,2023-10-03,best-books,the-sublime-robert-clewis,the sublime robert clewis,,content
fivebooks.com,https://fivebooks.com/best-books/ramsey-campbell-on-horror-stories/,2023-10-03,best-books,ramsey-campbell-on-horror-stories,ramsey campbell on horror stories,,content
fivebooks.com,https://fivebooks.com/best-books/overcoming-anxiety-children-chitra-soundar/,2023-10-03,best-books,overcoming-anxiety-children-chitra-soundar,overcoming anxiety children chitra soundar,,content
fivebooks.com,https://fivebooks.com/best-books/childrens-picture-books-kate-milner/,2023-10-03,best-books,childrens-picture-books-kate-milner,childrens picture books kate milner,,content
fivebooks.com,https://fivebooks.com/best-books/grandparents-and-grandchildren/,2023-10-03,best-books,grandparents-and-grandchildren,grandparents and grandchildren,,content
fivebooks.com,https://fivebooks.com/best-books/environment-for-kids-georgina-stevens/,2023-10-03,best-books,environment-for-kids-georgina-stevens,environment for kids georgina stevens,,content
fivebooks.com,https://fivebooks.com/best-books/economics-kids-yana-van-der-meulen-rodgers/,2023-10-03,best-books,economics-kids-yana-van-der-meulen-rodgers,economics kids yana van der meulen rodgers,,content
fivebooks.com,https://fivebooks.com/best-books/childrens-fiction-2018-editors-picks/,2023-10-03,best-books,childrens-fiction-2018-editors-picks,childrens fiction 2018 editors picks,2018,content
fivebooks.com,https://fivebooks.com/best-books/tweens-fierce-girls/,2023-10-03,best-books,tweens-fierce-girls,tweens fierce girls,,content
fivebooks.com,https://fivebooks.com/best-books/viking-history-kids-janina-ramirez/,2023-10-03,best-books,viking-history-kids-janina-ramirez,viking history kids janina ramirez,,content
fivebooks.com,https://fivebooks.com/best-books/haiti-wisskirchen/,2023-10-04,best-books,haiti-wisskirchen,haiti wisskirchen,,content
fivebooks.com,https://fivebooks.com/best-books/editors-choice-our-novels-of-the-year-2022-cal-flyn/,2023-10-05,best-books,editors-choice-our-novels-of-the-year-2022-cal-flyn,editors choice our novels of the year 2022 cal flyn,2022,content
fivebooks.com,https://fivebooks.com/best-books/best-nonfiction-books-2021-sophie-roell/,2023-10-09,best-books,best-nonfiction-books-2021-sophie-roell,best nonfiction books 2021 sophie roell,2021,content
fivebooks.com,https://fivebooks.com/best-books/sound-caspar-henderson/,2023-10-09,best-books,sound-caspar-henderson,sound caspar henderson,,content
fivebooks.com,https://fivebooks.com/best-books/best-ergodic-fiction-arianna-reiche/,2023-10-09,best-books,best-ergodic-fiction-arianna-reiche,best ergodic fiction arianna reiche,,content
fivebooks.com,https://fivebooks.com/best-books/women-and-work-myra-strober/,2023-10-09,best-books,women-and-work-myra-strober,women and work myra strober,,content
fivebooks.com,https://fivebooks.com/best-books/kennedys-david-nasaw/,2023-10-09,best-books,kennedys-david-nasaw,kennedys david nasaw,,content
fivebooks.com,https://fivebooks.com/best-books/burnout-work-exhaustion-josh-cohen/,2023-10-10,best-books,burnout-work-exhaustion-josh-cohen,burnout work exhaustion josh cohen,,content
fivebooks.com,https://fivebooks.com/best-books/robin-yassin-kassab-on-the-israel-palestine-conflict/,2023-10-13,best-books,robin-yassin-kassab-on-the-israel-palestine-conflict,robin yassin kassab on the israel palestine conflict,,content
fivebooks.com,https://fivebooks.com/best-books/sparta-andrew-bayliss/,2023-10-13,best-books,sparta-andrew-bayliss,sparta andrew bayliss,,content
fivebooks.com,https://fivebooks.com/best-books/modern-british-painting-chris-stephens/,2023-10-16,best-books,modern-british-painting-chris-stephens,modern british painting chris stephens,,content
fivebooks.com,https://fivebooks.com/best-books/energy-transitions/,2023-10-22,best-books,energy-transitions,energy transitions,,content
fivebooks.com,https://fivebooks.com/best-books/ayaan-hirsi-ali-on-women-and-islam/,2023-10-22,best-books,ayaan-hirsi-ali-on-women-and-islam,ayaan hirsi ali on women and islam,,content
fivebooks.com,https://fivebooks.com/best-books/john-gapper-financial-speculation/,2023-10-29,best-books,john-gapper-financial-speculation,john gapper financial speculation,,content
fivebooks.com,https://fivebooks.com/best-books/geopolitics-and-global-commerce-paul-tucker/,2023-11-01,best-books,geopolitics-and-global-commerce-paul-tucker,geopolitics and global commerce paul tucker,,content
fivebooks.com,https://fivebooks.com/best-books/economic-development-pranab-bardhan/,2023-11-03,best-books,economic-development-pranab-bardhan,economic development pranab bardhan,,content
fivebooks.com,https://fivebooks.com/best-books/james-purnell-on-power-and-ideas/,2023-11-03,best-books,james-purnell-on-power-and-ideas,james purnell on power and ideas,,content
fivebooks.com,https://fivebooks.com/best-books/pankaj-mishra-on-india/,2023-11-03,best-books,pankaj-mishra-on-india,pankaj mishra on india,,content
fivebooks.com,https://fivebooks.com/best-books/sci-fi-2019-arthur-c-clarke/,2023-11-05,best-books,sci-fi-2019-arthur-c-clarke,sci fi 2019 arthur c clarke,2019,content
fivebooks.com,https://fivebooks.com/best-books/the-best-science-fiction-of-2021-the-arthur-c-clarke-award-shortlist-tom-hunter/,2023-11-05,best-books,the-best-science-fiction-of-2021-the-arthur-c-clarke-award-shortlist-tom-hunter,the best science fiction of 2021 the arthur c clarke award shortlist tom hunter,2021,content
fivebooks.com,https://fivebooks.com/best-books/william-fiennes-on-first-person-narratives/,2023-11-15,best-books,william-fiennes-on-first-person-narratives,william fiennes on first person narratives,,content
fivebooks.com,https://fivebooks.com/best-books/transnational-literature-mohsin-hamid/,2023-11-15,best-books,transnational-literature-mohsin-hamid,transnational literature mohsin hamid,,content
fivebooks.com,https://fivebooks.com/best-books/nigeria-michael-peel/,2023-11-15,best-books,nigeria-michael-peel,nigeria michael peel,,content
fivebooks.com,https://fivebooks.com/best-books/tc-boyle-man-nature/,2023-11-15,best-books,tc-boyle-man-nature,tc boyle man nature,,content
fivebooks.com,https://fivebooks.com/best-books/eugene-rogan-on-the-arabs/,2023-11-15,best-books,eugene-rogan-on-the-arabs,eugene rogan on the arabs,,content
fivebooks.com,https://fivebooks.com/best-books/the-2023-womens-prize-for-fiction-shortlist-cal-flyn/,2023-11-16,best-books,the-2023-womens-prize-for-fiction-shortlist-cal-flyn,the 2023 womens prize for fiction shortlist cal flyn,2023,content
fivebooks.com,https://fivebooks.com/best-books/los-angeles-dennis-mcdougal/,2023-11-17,best-books,los-angeles-dennis-mcdougal,los angeles dennis mcdougal,,content
fivebooks.com,https://fivebooks.com/best-books/morten-kringelbach-emotion-brain/,2023-11-17,best-books,morten-kringelbach-emotion-brain,morten kringelbach emotion brain,,content
fivebooks.com,https://fivebooks.com/best-books/science-fiction-fantasy-debuts-2023-yume-kitasei/,2023-11-24,best-books,science-fiction-fantasy-debuts-2023-yume-kitasei,science fiction fantasy debuts 2023 yume kitasei,2023,content
fivebooks.com,https://fivebooks.com/best-books/notable-nonfiction-april-may-june-2023-sophie-roell/,2023-11-24,best-books,notable-nonfiction-april-may-june-2023-sophie-roell,notable nonfiction april may june 2023 sophie roell,2023,content
fivebooks.com,https://fivebooks.com/best-books/notable-nonfiction-january-february-march-2023-sophie-roell/,2023-11-24,best-books,notable-nonfiction-january-february-march-2023-sophie-roell,notable nonfiction january february march 2023 sophie roell,2023,content
fivebooks.com,https://fivebooks.com/best-books/stephen-baker-watson/,2023-11-26,best-books,stephen-baker-watson,stephen baker watson,,content
fivebooks.com,https://fivebooks.com/best-books/ellen-wayland-smith-utopia/,2023-11-27,best-books,ellen-wayland-smith-utopia,ellen wayland smith utopia,,content
fivebooks.com,https://fivebooks.com/best-books/african-american-history-imani-perry/,2023-11-28,best-books,african-american-history-imani-perry,african american history imani perry,,content
fivebooks.com,https://fivebooks.com/best-books/best-business-books-2022-andrew-hill/,2023-11-30,best-books,best-business-books-2022-andrew-hill,best business books 2022 andrew hill,2022,content
fivebooks.com,https://fivebooks.com/best-books/business-2020-financial-times-andrew-hill/,2023-11-30,best-books,business-2020-financial-times-andrew-hill,business 2020 financial times andrew hill,2020,content
fivebooks.com,https://fivebooks.com/best-books/best-business-books-2021-andrew-hill/,2023-11-30,best-books,best-business-books-2021-andrew-hill,best business books 2021 andrew hill,2021,content
fivebooks.com,https://fivebooks.com/best-books/political-philosophy-jonathan-wolff/,2023-12-01,best-books,political-philosophy-jonathan-wolff,political philosophy jonathan wolff,,content
fivebooks.com,https://fivebooks.com/best-books/hannah-arendt-samantha-rose-hill/,2023-12-01,best-books,hannah-arendt-samantha-rose-hill,hannah arendt samantha rose hill,,content
fivebooks.com,https://fivebooks.com/best-books/how-to-be-good-massimo-pigliucci/,2023-12-01,best-books,how-to-be-good-massimo-pigliucci,how to be good massimo pigliucci,,content
fivebooks.com,https://fivebooks.com/best-books/neoplatonism-ursula-coope/,2023-12-01,best-books,neoplatonism-ursula-coope,neoplatonism ursula coope,,content
fivebooks.com,https://fivebooks.com/best-books/philosophy-science-body-noga-arikha/,2023-12-01,best-books,philosophy-science-body-noga-arikha,philosophy science body noga arikha,,content
fivebooks.com,https://fivebooks.com/best-books/philosophy-prison-andy-west/,2023-12-01,best-books,philosophy-prison-andy-west,philosophy prison andy west,,content
fivebooks.com,https://fivebooks.com/best-books/italian-political-philosophy-guglielmo-verdirame/,2023-12-01,best-books,italian-political-philosophy-guglielmo-verdirame,italian political philosophy guglielmo verdirame,,content
fivebooks.com,https://fivebooks.com/best-books/aphorisms-andrew-hui/,2023-12-01,best-books,aphorisms-andrew-hui,aphorisms andrew hui,,content
fivebooks.com,https://fivebooks.com/best-books/state-power-and-violence-geoffroy-de-lagasnerie/,2023-12-01,best-books,state-power-and-violence-geoffroy-de-lagasnerie,state power and violence geoffroy de lagasnerie,,content
fivebooks.com,https://fivebooks.com/best-books/kierkegaard-clare-carlisle/,2023-12-01,best-books,kierkegaard-clare-carlisle,kierkegaard clare carlisle,,content
fivebooks.com,https://fivebooks.com/best-books/david-hume-simon-blackburn/,2023-12-01,best-books,david-hume-simon-blackburn,david hume simon blackburn,,content
fivebooks.com,https://fivebooks.com/best-books/human-rights/,2023-12-01,best-books,human-rights,human rights,,content
fivebooks.com,https://fivebooks.com/best-books/atheist-philosophy-of-religion/,2023-12-01,best-books,atheist-philosophy-of-religion,atheist philosophy of religion,,content
fivebooks.com,https://fivebooks.com/best-books/best-novels-2017-arifa-akbar/,2023-12-01,best-books,best-novels-2017-arifa-akbar,best novels 2017 arifa akbar,2017,content
fivebooks.com,https://fivebooks.com/best-books/vienna-circle-david-edmonds/,2023-12-01,best-books,vienna-circle-david-edmonds,vienna circle david edmonds,,content
fivebooks.com,https://fivebooks.com/best-books/noel-carroll-on-the-philosophy-of-art/,2023-12-01,best-books,noel-carroll-on-the-philosophy-of-art,noel carroll on the philosophy of art,,content
fivebooks.com,https://fivebooks.com/best-books/ethics-artificial-intelligence/,2023-12-01,best-books,ethics-artificial-intelligence,ethics artificial intelligence,,content
fivebooks.com,https://fivebooks.com/best-books/ralph-waldo-emerson-james-marcus/,2023-12-01,best-books,ralph-waldo-emerson-james-marcus,ralph waldo emerson james marcus,,content
fivebooks.com,https://fivebooks.com/best-books/anger-at-racial-injustice-myisha-cherry/,2023-12-01,best-books,anger-at-racial-injustice-myisha-cherry,anger at racial injustice myisha cherry,,content
fivebooks.com,https://fivebooks.com/best-books/midlife-crisis-kieran-setiya/,2023-12-01,best-books,midlife-crisis-kieran-setiya,midlife crisis kieran setiya,,content
fivebooks.com,https://fivebooks.com/best-books/philosophy-language-scott-soames/,2023-12-01,best-books,philosophy-language-scott-soames,philosophy language scott soames,,content
fivebooks.com,https://fivebooks.com/best-books/god/,2023-12-01,best-books,god,god,,content
fivebooks.com,https://fivebooks.com/best-books/rousseau-christopher-bertram/,2023-12-01,best-books,rousseau-christopher-bertram,rousseau christopher bertram,,content
fivebooks.com,https://fivebooks.com/best-books/isaiah-berlin-henry-hardy/,2023-12-01,best-books,isaiah-berlin-henry-hardy,isaiah berlin henry hardy,,content
fivebooks.com,https://fivebooks.com/best-books/david-papineau-philosophy-sport/,2023-12-01,best-books,david-papineau-philosophy-sport,david papineau philosophy sport,,content
fivebooks.com,https://fivebooks.com/best-books/jerry-coyne-incompatibility-religion-science/,2023-12-01,best-books,jerry-coyne-incompatibility-religion-science,jerry coyne incompatibility religion science,,content
fivebooks.com,https://fivebooks.com/best-books/evgeny-morozov-philosophy-technology/,2023-12-01,best-books,evgeny-morozov-philosophy-technology,evgeny morozov philosophy technology,,content
fivebooks.com,https://fivebooks.com/best-books/ac-grayling-being-good/,2023-12-01,best-books,ac-grayling-being-good,ac grayling being good,,content
fivebooks.com,https://fivebooks.com/best-books/toleration-timothy-stanton/,2023-12-01,best-books,toleration-timothy-stanton,toleration timothy stanton,,content
fivebooks.com,https://fivebooks.com/best-books/gary-bass-human-rights/,2023-12-01,best-books,gary-bass-human-rights,gary bass human rights,,content
fivebooks.com,https://fivebooks.com/best-books/best-humanist-books-2017/,2023-12-01,best-books,best-humanist-books-2017,best humanist books 2017,2017,content
fivebooks.com,https://fivebooks.com/best-books/julian-baggini-on-atheism/,2023-12-01,best-books,julian-baggini-on-atheism,julian baggini on atheism,,content
fivebooks.com,https://fivebooks.com/best-books/philosophy-children-peter-worley/,2023-12-01,best-books,philosophy-children-peter-worley,philosophy children peter worley,,content
fivebooks.com,https://fivebooks.com/best-books/dallas-denery-deceit/,2023-12-01,best-books,dallas-denery-deceit,dallas denery deceit,,content
fivebooks.com,https://fivebooks.com/best-books/adam-haslett-on-evil/,2023-12-02,best-books,adam-haslett-on-evil,adam haslett on evil,,content
fivebooks.com,https://fivebooks.com/best-books/philosophy-women-lisa-whiting-rebecca-buxton/,2023-12-02,best-books,philosophy-women-lisa-whiting-rebecca-buxton,philosophy women lisa whiting rebecca buxton,,content
fivebooks.com,https://fivebooks.com/best-books/existentialism-sarah-bakewell/,2023-12-02,best-books,existentialism-sarah-bakewell,existentialism sarah bakewell,,content
fivebooks.com,https://fivebooks.com/best-books/nineteenth-century-philosophy-peter-singer/,2023-12-02,best-books,nineteenth-century-philosophy-peter-singer,nineteenth century philosophy peter singer,,content
fivebooks.com,https://fivebooks.com/best-books/free-will-responsibility-paul-russell/,2023-12-02,best-books,free-will-responsibility-paul-russell,free will responsibility paul russell,,content
fivebooks.com,https://fivebooks.com/best-books/manga-anime-susan-napier/,2023-12-02,best-books,manga-anime-susan-napier,manga anime susan napier,,content
fivebooks.com,https://fivebooks.com/best-books/graphic-novels-eight-year-olds/,2023-12-02,best-books,graphic-novels-eight-year-olds,graphic novels eight year olds,,content
fivebooks.com,https://fivebooks.com/best-books/eco-philosophy-rupert-read/,2023-12-03,best-books,eco-philosophy-rupert-read,eco philosophy rupert read,,content
fivebooks.com,https://fivebooks.com/best-books/graphic-novels-movies-walt-hickey/,2023-12-04,best-books,graphic-novels-movies-walt-hickey,graphic novels movies walt hickey,,content
fivebooks.com,https://fivebooks.com/best-books/business-books-brian-okelley/,2023-12-05,best-books,business-books-brian-okelley,business books brian okelley,,content
fivebooks.com,https://fivebooks.com/best-books/christine-l-corton-on-london-fog/,2023-12-05,best-books,christine-l-corton-on-london-fog,christine l corton on london fog,,content
fivebooks.com,https://fivebooks.com/best-books/mia-farrow-on-changing-the-world-for-good/,2023-12-06,best-books,mia-farrow-on-changing-the-world-for-good,mia farrow on changing the world for good,,content
fivebooks.com,https://fivebooks.com/best-books/vietnam-war-karl-marlantes/,2023-12-08,best-books,vietnam-war-karl-marlantes,vietnam war karl marlantes,,content
fivebooks.com,https://fivebooks.com/best-books/nigeria-helon-habila/,2023-12-08,best-books,nigeria-helon-habila,nigeria helon habila,,content
fivebooks.com,https://fivebooks.com/best-books/humanism/,2023-12-08,best-books,humanism,humanism,,content
fivebooks.com,https://fivebooks.com/best-books/tracy-chevalier-on-trees-in-literature/,2023-12-08,best-books,tracy-chevalier-on-trees-in-literature,tracy chevalier on trees in literature,,content
fivebooks.com,https://fivebooks.com/best-books/best-novels-robert-mccrum/,2023-12-11,best-books,best-novels-robert-mccrum,best novels robert mccrum,,content
fivebooks.com,https://fivebooks.com/best-books/raja-shehadeh-on-palestine/,2023-12-14,best-books,raja-shehadeh-on-palestine,raja shehadeh on palestine,,content
fivebooks.com,https://fivebooks.com/best-books/tech-utopias-and-dystopias-mahlet-zimeta/,2023-12-14,best-books,tech-utopias-and-dystopias-mahlet-zimeta,tech utopias and dystopias mahlet zimeta,,content
fivebooks.com,https://fivebooks.com/best-books/uyghur-nationalism-michael-dillon/,2023-12-14,best-books,uyghur-nationalism-michael-dillon,uyghur nationalism michael dillon,,content
fivebooks.com,https://fivebooks.com/best-books/elves/,2023-12-20,best-books,elves,elves,,content
fivebooks.com,https://fivebooks.com/best-books/best-art-books-2023-francesca-ramsay/,2023-12-20,best-books,best-art-books-2023-francesca-ramsay,best art books 2023 francesca ramsay,2023,content
fivebooks.com,https://fivebooks.com/best-books/christmas-bruce-forbes/,2023-12-21,best-books,christmas-bruce-forbes,christmas bruce forbes,,content
fivebooks.com,https://fivebooks.com/best-books/australian-crime-fiction-emma-viskic/,2023-12-23,best-books,australian-crime-fiction-emma-viskic,australian crime fiction emma viskic,,content
fivebooks.com,https://fivebooks.com/best-books/southern-african-crime-fiction-michael-stanley/,2023-12-23,best-books,southern-african-crime-fiction-michael-stanley,southern african crime fiction michael stanley,,content
fivebooks.com,https://fivebooks.com/best-books/best-cook-books-of-2023-becky-krystal/,2023-12-23,best-books,best-cook-books-of-2023-becky-krystal,best cook books of 2023 becky krystal,2023,content
fivebooks.com,https://fivebooks.com/best-books/edwidge-danticat-on-haitian-literature/,2023-12-30,best-books,edwidge-danticat-on-haitian-literature,edwidge danticat on haitian literature,,content
fivebooks.com,https://fivebooks.com/best-books/british-empire-david-cannadine/,2024-01-03,best-books,british-empire-david-cannadine,british empire david cannadine,,content
fivebooks.com,https://fivebooks.com/best-books/ireland-as-a-colony-by-jane-ohlmeyer/,2024-01-05,best-books,ireland-as-a-colony-by-jane-ohlmeyer,ireland as a colony by jane ohlmeyer,,content
fivebooks.com,https://fivebooks.com/best-books/albrecht-durer-ulinka-rublack/,2024-01-07,best-books,albrecht-durer-ulinka-rublack,albrecht durer ulinka rublack,,content
fivebooks.com,https://fivebooks.com/best-books/margaret-drabble-ageing-literature/,2024-01-10,best-books,margaret-drabble-ageing-literature,margaret drabble ageing literature,,content
fivebooks.com,https://fivebooks.com/best-books/bernard-haykel-on-yemen/,2024-01-13,best-books,bernard-haykel-on-yemen,bernard haykel on yemen,,content
fivebooks.com,https://fivebooks.com/best-books/best-sci-fi-mysteries-mary-robinette-kowal/,2024-01-13,best-books,best-sci-fi-mysteries-mary-robinette-kowal,best sci fi mysteries mary robinette kowal,,content
fivebooks.com,https://fivebooks.com/best-books/fresh-voices-in-nature-writing-jessica-j-lee/,2024-01-13,best-books,fresh-voices-in-nature-writing-jessica-j-lee,fresh voices in nature writing jessica j lee,,content
fivebooks.com,https://fivebooks.com/best-books/persian-cookery-jila-dana-haeri-shahrzad-ghorashian/,2024-01-14,best-books,persian-cookery-jila-dana-haeri-shahrzad-ghorashian,persian cookery jila dana haeri shahrzad ghorashian,,content
fivebooks.com,https://fivebooks.com/best-books/chris-abbott-on-global-security/,2024-01-14,best-books,chris-abbott-on-global-security,chris abbott on global security,,content
fivebooks.com,https://fivebooks.com/best-books/steve-crawshaw-human-rights/,2024-01-14,best-books,steve-crawshaw-human-rights,steve crawshaw human rights,,content
fivebooks.com,https://fivebooks.com/best-books/modern-iran-jasmin-darznik/,2024-01-14,best-books,modern-iran-jasmin-darznik,modern iran jasmin darznik,,content
fivebooks.com,https://fivebooks.com/best-books/iran-pooneh-ghoddoosi/,2024-01-14,best-books,iran-pooneh-ghoddoosi,iran pooneh ghoddoosi,,content
fivebooks.com,https://fivebooks.com/best-books/feminism-islam-margot-badran/,2024-01-14,best-books,feminism-islam-margot-badran,feminism islam margot badran,,content
fivebooks.com,https://fivebooks.com/best-books/best-books-unexpected-economics-tim-harford/,2024-01-14,best-books,best-books-unexpected-economics-tim-harford,best books unexpected economics tim harford,,content
fivebooks.com,https://fivebooks.com/best-books/ya-nonfiction-teens-marc-favreau/,2024-01-14,best-books,ya-nonfiction-teens-marc-favreau,ya nonfiction teens marc favreau,,content
fivebooks.com,https://fivebooks.com/best-books/quantum-computing-chris-bernhardt/,2024-01-16,best-books,quantum-computing-chris-bernhardt,quantum computing chris bernhardt,,content
fivebooks.com,https://fivebooks.com/best-books/best-biography-2021-nbcc-shortlist-elizabeth-taylor/,2024-01-17,best-books,best-biography-2021-nbcc-shortlist-elizabeth-taylor,best biography 2021 nbcc shortlist elizabeth taylor,2021,content
fivebooks.com,https://fivebooks.com/best-books/the-best-memoirs-the-2022-nbcc-autobiography-shortlist-marion-winik/,2024-01-17,best-books,the-best-memoirs-the-2022-nbcc-autobiography-shortlist-marion-winik,the best memoirs the 2022 nbcc autobiography shortlist marion winik,2022,content
fivebooks.com,https://fivebooks.com/best-books/biography-2020-nbcc-elizabeth-taylor/,2024-01-17,best-books,biography-2020-nbcc-elizabeth-taylor,biography 2020 nbcc elizabeth taylor,2020,content
fivebooks.com,https://fivebooks.com/best-books/alain-de-botton-essays/,2024-01-18,best-books,alain-de-botton-essays,alain de botton essays,,content
fivebooks.com,https://fivebooks.com/best-books/matthew-obrien-las-vegas/,2024-01-19,best-books,matthew-obrien-las-vegas,matthew obrien las vegas,,content
fivebooks.com,https://fivebooks.com/best-books/best-science-books-2023-rebecca-henry/,2024-01-19,best-books,best-science-books-2023-rebecca-henry,best science books 2023 rebecca henry,2023,content
fivebooks.com,https://fivebooks.com/best-books/poetry-2019-jamie-mckendrick/,2024-01-19,best-books,poetry-2019-jamie-mckendrick,poetry 2019 jamie mckendrick,2019,content
fivebooks.com,https://fivebooks.com/best-books/contemporary-american-poetry/,2024-01-19,best-books,contemporary-american-poetry,contemporary american poetry,,content
fivebooks.com,https://fivebooks.com/best-books/art-living-roman-krznaric/,2024-01-19,best-books,art-living-roman-krznaric,art living roman krznaric,,content
fivebooks.com,https://fivebooks.com/best-books/historical-fiction-set-in-england-lesley-thomson/,2024-01-20,best-books,historical-fiction-set-in-england-lesley-thomson,historical fiction set in england lesley thomson,,content
fivebooks.com,https://fivebooks.com/best-books/jonathan-keates-on-great-letter-writers/,2024-01-23,best-books,jonathan-keates-on-great-letter-writers,jonathan keates on great letter writers,,content
fivebooks.com,https://fivebooks.com/best-books/the-best-history-books-the-2022-wolfson-prize-shortlist-carole-hillenbrand/,2024-01-23,best-books,the-best-history-books-the-2022-wolfson-prize-shortlist-carole-hillenbrand,the best history books the 2022 wolfson prize shortlist carole hillenbrand,2022,content
fivebooks.com,https://fivebooks.com/best-books/napoleon-andrew-roberts/,2024-01-23,best-books,napoleon-andrew-roberts,napoleon andrew roberts,,content
fivebooks.com,https://fivebooks.com/best-books/best-nonfiction-books-2023-baillie-gifford-prize-frederick-studemann/,2024-01-23,best-books,best-nonfiction-books-2023-baillie-gifford-prize-frederick-studemann,best nonfiction books 2023 baillie gifford prize frederick studemann,2023,content
fivebooks.com,https://fivebooks.com/best-books/history-of-ghana-kwasi-konadu/,2024-01-24,best-books,history-of-ghana-kwasi-konadu,history of ghana kwasi konadu,,content
fivebooks.com,https://fivebooks.com/best-books/hermione-lee-virginia-woolf/,2024-01-25,best-books,hermione-lee-virginia-woolf,hermione lee virginia woolf,,content
fivebooks.com,https://fivebooks.com/best-books/shazia-omar-drug-addiction/,2024-01-28,best-books,shazia-omar-drug-addiction,shazia omar drug addiction,,content
fivebooks.com,https://fivebooks.com/best-books/synaesthesia/,2024-02-09,best-books,synaesthesia,synaesthesia,,content
fivebooks.com,https://fivebooks.com/best-books/the-best-j-g-ballard-books-mark-blacklock/,2024-02-09,best-books,the-best-j-g-ballard-books-mark-blacklock,the best j g ballard books mark blacklock,,content
fivebooks.com,https://fivebooks.com/best-books/hitler-michael-burleigh/,2024-02-09,best-books,hitler-michael-burleigh,hitler michael burleigh,,content
fivebooks.com,https://fivebooks.com/best-books/programming-computer-science-ana-bell/,2024-02-09,best-books,programming-computer-science-ana-bell,programming computer science ana bell,,content
fivebooks.com,https://fivebooks.com/best-books/best-books-by-war-correspondents-james-macmanus/,2024-02-15,best-books,best-books-by-war-correspondents-james-macmanus,best books by war correspondents james macmanus,,content
fivebooks.com,https://fivebooks.com/best-books/british-colonialism-charlotte-lydia-riley/,2024-02-18,best-books,british-colonialism-charlotte-lydia-riley,british colonialism charlotte lydia riley,,content
fivebooks.com,https://fivebooks.com/best-books/best-audiobooks-2023-laura-sackton/,2024-02-19,best-books,best-audiobooks-2023-laura-sackton,best audiobooks 2023 laura sackton,2023,content
fivebooks.com,https://fivebooks.com/best-books/best-books-india-meghnad-desai/,2024-02-19,best-books,best-books-india-meghnad-desai,best books india meghnad desai,,content
fivebooks.com,https://fivebooks.com/best-books/calvin-trillin-memoirs/,2024-02-20,best-books,calvin-trillin-memoirs,calvin trillin memoirs,,content
fivebooks.com,https://fivebooks.com/best-books/science-kids-royal-society-sheila-rowan/,2024-02-21,best-books,science-kids-royal-society-sheila-rowan,science kids royal society sheila rowan,,content
fivebooks.com,https://fivebooks.com/best-books/africa-michela-wrong/,2024-02-25,best-books,africa-michela-wrong,africa michela wrong,,content
fivebooks.com,https://fivebooks.com/best-books/martin-sixsmith-on-why-russia-isnt-a-democracy/,2024-02-26,best-books,martin-sixsmith-on-why-russia-isnt-a-democracy,martin sixsmith on why russia isnt a democracy,,content
fivebooks.com,https://fivebooks.com/best-books/the-best-teen-fantasy-books-set-in-britain-sylvia-bishop/,2024-02-29,best-books,the-best-teen-fantasy-books-set-in-britain-sylvia-bishop,the best teen fantasy books set in britain sylvia bishop,,content
fivebooks.com,https://fivebooks.com/best-books/golden-age-mysteries-martin-edwards/,2024-03-01,best-books,golden-age-mysteries-martin-edwards,golden age mysteries martin edwards,,content
fivebooks.com,https://fivebooks.com/best-books/hallucination-ben-alderson-day/,2024-03-02,best-books,hallucination-ben-alderson-day,hallucination ben alderson day,,content
fivebooks.com,https://fivebooks.com/best-books/historical-fiction-around-world-jane-johnson/,2024-03-02,best-books,historical-fiction-around-world-jane-johnson,historical fiction around world jane johnson,,content
fivebooks.com,https://fivebooks.com/best-books/belgium-history-martin-conway/,2024-03-03,best-books,belgium-history-martin-conway,belgium history martin conway,,content
fivebooks.com,https://fivebooks.com/best-books/richard-cockett-on-sudan/,2024-03-03,best-books,richard-cockett-on-sudan,richard cockett on sudan,,content
fivebooks.com,https://fivebooks.com/best-books/alexander-the-great-hugh-bowden/,2024-03-04,best-books,alexander-the-great-hugh-bowden,alexander the great hugh bowden,,content
fivebooks.com,https://fivebooks.com/best-books/iranian-history-ali-ansari/,2024-03-04,best-books,iranian-history-ali-ansari,iranian history ali ansari,,content
fivebooks.com,https://fivebooks.com/best-books/gary-gutting-foucault-best-books/,2024-03-04,best-books,gary-gutting-foucault-best-books,gary gutting foucault best books,,content
fivebooks.com,https://fivebooks.com/best-books/stephen-law-on-pseudoscience/,2024-03-04,best-books,stephen-law-on-pseudoscience,stephen law on pseudoscience,,content
fivebooks.com,https://fivebooks.com/best-books/european-graphic-novels-edward-gauvin/,2024-03-04,best-books,european-graphic-novels-edward-gauvin,european graphic novels edward gauvin,,content
fivebooks.com,https://fivebooks.com/best-books/forensic-science-jim-fraser/,2024-03-04,best-books,forensic-science-jim-fraser,forensic science jim fraser,,content
fivebooks.com,https://fivebooks.com/best-books/pandemics-christian-w-mcmillen/,2024-03-04,best-books,pandemics-christian-w-mcmillen,pandemics christian w mcmillen,,content
fivebooks.com,https://fivebooks.com/best-books/xi-jinping-olivia-cheung/,2024-03-05,best-books,xi-jinping-olivia-cheung,xi jinping olivia cheung,,content
fivebooks.com,https://fivebooks.com/best-books/scottish-highlands-annie-worsley/,2024-03-05,best-books,scottish-highlands-annie-worsley,scottish highlands annie worsley,,content
fivebooks.com,https://fivebooks.com/best-books/michael-howard-on-war/,2024-03-08,best-books,michael-howard-on-war,michael howard on war,,content
fivebooks.com,https://fivebooks.com/best-books/zainab-salbi-on-womens-empowerment/,2024-03-09,best-books,zainab-salbi-on-womens-empowerment,zainab salbi on womens empowerment,,content
fivebooks.com,https://fivebooks.com/best-books/forensic-psychology-david-canter/,2024-03-10,best-books,forensic-psychology-david-canter,forensic psychology david canter,,content
fivebooks.com,https://fivebooks.com/best-books/peter-adamson-philosophy-islamic-world/,2024-03-10,best-books,peter-adamson-philosophy-islamic-world,peter adamson philosophy islamic world,,content
fivebooks.com,https://fivebooks.com/best-books/womens-suffrage-susan-ware/,2024-03-10,best-books,womens-suffrage-susan-ware,womens suffrage susan ware,,content
fivebooks.com,https://fivebooks.com/best-books/clinical-psychology-susan-llewelyn/,2024-03-10,best-books,clinical-psychology-susan-llewelyn,clinical psychology susan llewelyn,,content
fivebooks.com,https://fivebooks.com/best-books/cosmic-purpose-philip-goff/,2024-03-11,best-books,cosmic-purpose-philip-goff,cosmic purpose philip goff,,content
fivebooks.com,https://fivebooks.com/best-books/chigozie-obioma-boyhood-and-growing-up/,2024-03-11,best-books,chigozie-obioma-boyhood-and-growing-up,chigozie obioma boyhood and growing up,,content
fivebooks.com,https://fivebooks.com/best-books/canterbury-tales-chaucer-marion-turner/,2024-03-11,best-books,canterbury-tales-chaucer-marion-turner,canterbury tales chaucer marion turner,,content
fivebooks.com,https://fivebooks.com/best-books/charles-de-gaulle-julian-jackson/,2024-03-11,best-books,charles-de-gaulle-julian-jackson,charles de gaulle julian jackson,,content
fivebooks.com,https://fivebooks.com/best-books/immigration-ian-goldin/,2024-03-11,best-books,immigration-ian-goldin,immigration ian goldin,,content
fivebooks.com,https://fivebooks.com/best-books/ethics-parenting-elizabeth-cripps/,2024-03-11,best-books,ethics-parenting-elizabeth-cripps,ethics parenting elizabeth cripps,,content
fivebooks.com,https://fivebooks.com/best-books/athene-donald-on-women-in-science/,2024-03-11,best-books,athene-donald-on-women-in-science,athene donald on women in science,,content
fivebooks.com,https://fivebooks.com/best-books/fast-food-philosophy-henry-dimbleby/,2024-03-11,best-books,fast-food-philosophy-henry-dimbleby,fast food philosophy henry dimbleby,,content
fivebooks.com,https://fivebooks.com/best-books/stephen-d-king-on-globalisation/,2024-03-11,best-books,stephen-d-king-on-globalisation,stephen d king on globalisation,,content
fivebooks.com,https://fivebooks.com/best-books/owen-davies-on-magic/,2024-03-11,best-books,owen-davies-on-magic,owen davies on magic,,content
fivebooks.com,https://fivebooks.com/best-books/a-c-grayling-on-ideas-that-matter/,2024-03-11,best-books,a-c-grayling-on-ideas-that-matter,a c grayling on ideas that matter,,content
fivebooks.com,https://fivebooks.com/best-books/effective-altruism-will-macaskill/,2024-03-11,best-books,effective-altruism-will-macaskill,effective altruism will macaskill,,content
fivebooks.com,https://fivebooks.com/best-books/anthony-seldon-on-british-prime-ministers/,2024-03-11,best-books,anthony-seldon-on-british-prime-ministers,anthony seldon on british prime ministers,,content
fivebooks.com,https://fivebooks.com/best-books/modern-irish-history-richard-bourke/,2024-03-11,best-books,modern-irish-history-richard-bourke,modern irish history richard bourke,,content
fivebooks.com,https://fivebooks.com/best-books/dickens-and-christmas/,2024-03-11,best-books,dickens-and-christmas,dickens and christmas,,content
fivebooks.com,https://fivebooks.com/best-books/best-books-late-antiquity-lane-fox/,2024-03-11,best-books,best-books-late-antiquity-lane-fox,best books late antiquity lane fox,,content
fivebooks.com,https://fivebooks.com/best-books/will-hutton-on-fairness-and-inequality/,2024-03-11,best-books,will-hutton-on-fairness-and-inequality,will hutton on fairness and inequality,,content
fivebooks.com,https://fivebooks.com/best-books/science-fiction-fantasy-young-adult/,2024-03-11,best-books,science-fiction-fantasy-young-adult,science fiction fantasy young adult,,content
fivebooks.com,https://fivebooks.com/best-books/scientific-differences-between-women-and-men-angela-saini/,2024-03-11,best-books,scientific-differences-between-women-and-men-angela-saini,scientific differences between women and men angela saini,,content
fivebooks.com,https://fivebooks.com/best-books/john-kampfner-on-freedom/,2024-03-11,best-books,john-kampfner-on-freedom,john kampfner on freedom,,content
fivebooks.com,https://fivebooks.com/best-books/fuchsia-dunlop-on-chinese-food/,2024-03-11,best-books,fuchsia-dunlop-on-chinese-food,fuchsia dunlop on chinese food,,content
fivebooks.com,https://fivebooks.com/best-books/alexandra-horowitz-art-observation/,2024-03-12,best-books,alexandra-horowitz-art-observation,alexandra horowitz art observation,,content
fivebooks.com,https://fivebooks.com/best-books/the-meaning-of-ramadan-tharik-hussain/,2024-03-15,best-books,the-meaning-of-ramadan-tharik-hussain,the meaning of ramadan tharik hussain,,content
fivebooks.com,https://fivebooks.com/best-books/secret-service-keith-jeffery/,2024-03-16,best-books,secret-service-keith-jeffery,secret service keith jeffery,,content
fivebooks.com,https://fivebooks.com/best-books/best-popular-science-books-2022-royal-society-book-prize-maria-fitzgerald/,2024-03-17,best-books,best-popular-science-books-2022-royal-society-book-prize-maria-fitzgerald,best popular science books 2022 royal society book prize maria fitzgerald,2022,content
fivebooks.com,https://fivebooks.com/best-books/botany-chris-thorogood/,2024-03-17,best-books,botany-chris-thorogood,botany chris thorogood,,content
fivebooks.com,https://fivebooks.com/best-books/local-adventures-alastair-humphreys/,2024-03-20,best-books,local-adventures-alastair-humphreys,local adventures alastair humphreys,,content
fivebooks.com,https://fivebooks.com/best-books/life-tudor-era-ian-mortimer/,2024-03-24,best-books,life-tudor-era-ian-mortimer,life tudor era ian mortimer,,content
fivebooks.com,https://fivebooks.com/best-books/minimalism-kyle-chayka/,2024-03-26,best-books,minimalism-kyle-chayka,minimalism kyle chayka,,content
fivebooks.com,https://fivebooks.com/best-books/decisionmaking-jonah-lehrer/,2024-03-28,best-books,decisionmaking-jonah-lehrer,decisionmaking jonah lehrer,,content
fivebooks.com,https://fivebooks.com/best-books/andrew-gelman-on-statistics/,2024-03-28,best-books,andrew-gelman-on-statistics,andrew gelman on statistics,,content
fivebooks.com,https://fivebooks.com/best-books/wellness-james-riley/,2024-03-28,best-books,wellness-james-riley,wellness james riley,,content
fivebooks.com,https://fivebooks.com/best-books/guy-walters-on-nazi-hunters/,2024-04-01,best-books,guy-walters-on-nazi-hunters,guy walters on nazi hunters,,content
fivebooks.com,https://fivebooks.com/best-books/best-novels-from-pakistan-safinah-danish-elahi/,2024-04-02,best-books,best-novels-from-pakistan-safinah-danish-elahi,best novels from pakistan safinah danish elahi,,content
fivebooks.com,https://fivebooks.com/best-books/modern-indian-history-dinyar-patel/,2024-04-02,best-books,modern-indian-history-dinyar-patel,modern indian history dinyar patel,,content
fivebooks.com,https://fivebooks.com/best-books/italian-crime-fiction-massimo-carlotto/,2024-04-04,best-books,italian-crime-fiction-massimo-carlotto,italian crime fiction massimo carlotto,,content
fivebooks.com,https://fivebooks.com/best-books/history-take-on-holiday-suzannah-lipscomb/,2024-04-04,best-books,history-take-on-holiday-suzannah-lipscomb,history take on holiday suzannah lipscomb,,content
fivebooks.com,https://fivebooks.com/best-books/jackie-kay-on-poetry/,2024-04-07,best-books,jackie-kay-on-poetry,jackie kay on poetry,,content
fivebooks.com,https://fivebooks.com/best-books/bats/,2024-04-07,best-books,bats,bats,,content
fivebooks.com,https://fivebooks.com/best-books/jeffrey-wasserstrom-on-chinese-life-stories/,2024-04-09,best-books,jeffrey-wasserstrom-on-chinese-life-stories,jeffrey wasserstrom on chinese life stories,,content
fivebooks.com,https://fivebooks.com/best-books/iris-murdoch-miles-leeson/,2024-04-10,best-books,iris-murdoch-miles-leeson,iris murdoch miles leeson,,content
fivebooks.com,https://fivebooks.com/best-books/books-bibliotherapy-love-relationships/,2024-04-10,best-books,books-bibliotherapy-love-relationships,books bibliotherapy love relationships,,content
fivebooks.com,https://fivebooks.com/best-books/hypochondria-caroline-crampton/,2024-04-10,best-books,hypochondria-caroline-crampton,hypochondria caroline crampton,,content
fivebooks.com,https://fivebooks.com/best-books/audiobooks-2020-audie-awards/,2024-04-13,best-books,audiobooks-2020-audie-awards,audiobooks 2020 audie awards,2020,content
fivebooks.com,https://fivebooks.com/best-books/french-revolution-lynn-hunt/,2024-04-16,best-books,french-revolution-lynn-hunt,french revolution lynn hunt,,content
fivebooks.com,https://fivebooks.com/best-books/rachel-cohen-on-writing-about-art/,2024-04-16,best-books,rachel-cohen-on-writing-about-art,rachel cohen on writing about art,,content
fivebooks.com,https://fivebooks.com/best-books/andy-mcnab-on-anti-terror-the-politics-of-war/,2024-04-16,best-books,andy-mcnab-on-anti-terror-the-politics-of-war,andy mcnab on anti terror the politics of war,,content
fivebooks.com,https://fivebooks.com/best-books/john-quiggin-utopia/,2024-04-17,best-books,john-quiggin-utopia,john quiggin utopia,,content
fivebooks.com,https://fivebooks.com/best-books/best-twentieth-century-american-novels-david-hering/,2024-04-17,best-books,best-twentieth-century-american-novels-david-hering,best twentieth century american novels david hering,,content
fivebooks.com,https://fivebooks.com/best-books/native-american-literature-megan-tusler/,2024-04-17,best-books,native-american-literature-megan-tusler,native american literature megan tusler,,content
fivebooks.com,https://fivebooks.com/best-books/james-meek-on-the-death-of-empires/,2024-04-18,best-books,james-meek-on-the-death-of-empires,james meek on the death of empires,,content
fivebooks.com,https://fivebooks.com/best-books/paranormal-beliefs-christopher-french/,2024-04-18,best-books,paranormal-beliefs-christopher-french,paranormal beliefs christopher french,,content
fivebooks.com,https://fivebooks.com/best-books/mexican-history-timo-schaefer/,2024-04-21,best-books,mexican-history-timo-schaefer,mexican history timo schaefer,,content
fivebooks.com,https://fivebooks.com/best-books/ada-lovelace-ursula-martin/,2024-04-22,best-books,ada-lovelace-ursula-martin,ada lovelace ursula martin,,content
fivebooks.com,https://fivebooks.com/best-books/nordic-crime-ann-cleeves/,2024-04-23,best-books,nordic-crime-ann-cleeves,nordic crime ann cleeves,,content
fivebooks.com,https://fivebooks.com/best-books/micro-history-jonathan-healey/,2024-04-23,best-books,micro-history-jonathan-healey,micro history jonathan healey,,content
fivebooks.com,https://fivebooks.com/best-books/kant/,2024-04-23,best-books,kant,kant,,content
fivebooks.com,https://fivebooks.com/best-books/rwandan-genocide-philip-gourevitch/,2024-04-23,best-books,rwandan-genocide-philip-gourevitch,rwandan genocide philip gourevitch,,content
fivebooks.com,https://fivebooks.com/best-books/end-of-the-world-paul-cooper/,2024-04-23,best-books,end-of-the-world-paul-cooper,end of the world paul cooper,,content
fivebooks.com,https://fivebooks.com/best-books/five-of-the-best-paranormal-fantasy-books-nicole-peeler/,2024-04-24,best-books,five-of-the-best-paranormal-fantasy-books-nicole-peeler,five of the best paranormal fantasy books nicole peeler,,content
fivebooks.com,https://fivebooks.com/best-books/jason-zweig-on-personal-finance/,2024-04-25,best-books,jason-zweig-on-personal-finance,jason zweig on personal finance,,content
fivebooks.com,https://fivebooks.com/best-books/tech-ethics-tom-chatfield-technology/,2024-04-27,best-books,tech-ethics-tom-chatfield-technology,tech ethics tom chatfield technology,,content
fivebooks.com,https://fivebooks.com/best-books/american-poetry-elisa-new/,2024-05-04,best-books,american-poetry-elisa-new,american poetry elisa new,,content
fivebooks.com,https://fivebooks.com/best-books/british-conservatives-daniel-finkelstein/,2024-05-05,best-books,british-conservatives-daniel-finkelstein,british conservatives daniel finkelstein,,content
fivebooks.com,https://fivebooks.com/best-books/victorian-essay-david-russell/,2024-05-05,best-books,victorian-essay-david-russell,victorian essay david russell,,content
fivebooks.com,https://fivebooks.com/best-books/the-trojan-war-stephen-fry/,2024-05-05,best-books,the-trojan-war-stephen-fry,the trojan war stephen fry,,content
fivebooks.com,https://fivebooks.com/best-books/jerusalem-simon-sebag-montefiore/,2024-05-05,best-books,jerusalem-simon-sebag-montefiore,jerusalem simon sebag montefiore,,content
fivebooks.com,https://fivebooks.com/best-books/david-cortright-on-non-military-solutions-to-political-conflict/,2024-05-05,best-books,david-cortright-on-non-military-solutions-to-political-conflict,david cortright on non military solutions to political conflict,,content
fivebooks.com,https://fivebooks.com/best-books/cli-fi-dan-bloom/,2024-05-05,best-books,cli-fi-dan-bloom,cli fi dan bloom,,content
fivebooks.com,https://fivebooks.com/best-books/globalisation-dani-rodrik/,2024-05-05,best-books,globalisation-dani-rodrik,globalisation dani rodrik,,content
fivebooks.com,https://fivebooks.com/best-books/ancient-egypt-toby-wilkinson/,2024-05-07,best-books,ancient-egypt-toby-wilkinson,ancient egypt toby wilkinson,,content
fivebooks.com,https://fivebooks.com/best-books/novels-set-in-nigeria-chioma-okereke/,2024-05-08,best-books,novels-set-in-nigeria-chioma-okereke,novels set in nigeria chioma okereke,,content
fivebooks.com,https://fivebooks.com/best-books/covert-action-rory-cormac/,2024-05-08,best-books,covert-action-rory-cormac,covert action rory cormac,,content
fivebooks.com,https://fivebooks.com/best-books/venetian-empire-georg-christ/,2024-05-08,best-books,venetian-empire-georg-christ,venetian empire georg christ,,content
fivebooks.com,https://fivebooks.com/best-books/american-history-brent-glass/,2024-05-08,best-books,american-history-brent-glass,american history brent glass,,content
fivebooks.com,https://fivebooks.com/best-books/economics-environment-dieter-helm/,2024-05-09,best-books,economics-environment-dieter-helm,economics environment dieter helm,,content
fivebooks.com,https://fivebooks.com/best-books/hg-wells-roger-luckhurst/,2024-05-09,best-books,hg-wells-roger-luckhurst,hg wells roger luckhurst,,content
fivebooks.com,https://fivebooks.com/best-books/state-sponsored-assassinations-luca-trenta/,2024-05-10,best-books,state-sponsored-assassinations-luca-trenta,state sponsored assassinations luca trenta,,content
fivebooks.com,https://fivebooks.com/best-books/business-2019-andrew-hill/,2024-05-12,best-books,business-2019-andrew-hill,business 2019 andrew hill,2019,content
fivebooks.com,https://fivebooks.com/best-books/galileo-paula-findlen/,2024-05-12,best-books,galileo-paula-findlen,galileo paula findlen,,content
fivebooks.com,https://fivebooks.com/best-books/isaac-newton-william-newman/,2024-05-12,best-books,isaac-newton-william-newman,isaac newton william newman,,content
fivebooks.com,https://fivebooks.com/best-books/rembrandt-onno-blom/,2024-05-13,best-books,rembrandt-onno-blom,rembrandt onno blom,,content
fivebooks.com,https://fivebooks.com/best-books/spain-jason-webster/,2024-05-14,best-books,spain-jason-webster,spain jason webster,,content
fivebooks.com,https://fivebooks.com/best-books/physics-jim-baggott/,2024-05-14,best-books,physics-jim-baggott,physics jim baggott,,content
fivebooks.com,https://fivebooks.com/best-books/best-eastern-european-cookbooks-caroline-eden/,2024-05-14,best-books,best-eastern-european-cookbooks-caroline-eden,best eastern european cookbooks caroline eden,,content
fivebooks.com,https://fivebooks.com/best-books/cities-leo-hollis/,2024-05-15,best-books,cities-leo-hollis,cities leo hollis,,content
fivebooks.com,https://fivebooks.com/best-books/five-best-self-help-books-2022-avram-alpert/,2024-05-15,best-books,five-best-self-help-books-2022-avram-alpert,five best self help books 2022 avram alpert,2022,content
fivebooks.com,https://fivebooks.com/best-books/notable-psychology-and-self-help-books-of-2023-cal-flyn/,2024-05-15,best-books,notable-psychology-and-self-help-books-of-2023-cal-flyn,notable psychology and self help books of 2023 cal flyn,2023,content
fivebooks.com,https://fivebooks.com/best-books/self-help-2020-oliver-burkeman/,2024-05-15,best-books,self-help-2020-oliver-burkeman,self help 2020 oliver burkeman,2020,content
fivebooks.com,https://fivebooks.com/best-books/the-best-self-help-books-of-2021-emma-gannon/,2024-05-15,best-books,the-best-self-help-books-of-2021-emma-gannon,the best self help books of 2021 emma gannon,2021,content
fivebooks.com,https://fivebooks.com/best-books/paul-thagard-meaning-of-life/,2024-05-15,best-books,paul-thagard-meaning-of-life,paul thagard meaning of life,,content
fivebooks.com,https://fivebooks.com/best-books/german-history-hester-vaizey/,2024-05-16,best-books,german-history-hester-vaizey,german history hester vaizey,,content
fivebooks.com,https://fivebooks.com/best-books/best-hong-kong-novels-wong-yi/,2024-05-17,best-books,best-hong-kong-novels-wong-yi,best hong kong novels wong yi,,content
fivebooks.com,https://fivebooks.com/best-books/science-based-novels-children/,2024-05-18,best-books,science-based-novels-children,science based novels children,,content
fivebooks.com,https://fivebooks.com/best-books/fantasys-many-uses-brian-attebery/,2024-05-18,best-books,fantasys-many-uses-brian-attebery,fantasys many uses brian attebery,,content
fivebooks.com,https://fivebooks.com/best-books/jennifer-m-harris-geoeconomics/,2024-05-21,best-books,jennifer-m-harris-geoeconomics,jennifer m harris geoeconomics,,content
fivebooks.com,https://fivebooks.com/best-books/thomas-cromwell-benedict-king/,2024-05-21,best-books,thomas-cromwell-benedict-king,thomas cromwell benedict king,,content
fivebooks.com,https://fivebooks.com/best-books/giles-swayne-on-classical-composers/,2024-05-22,best-books,giles-swayne-on-classical-composers,giles swayne on classical composers,,content
fivebooks.com,https://fivebooks.com/best-books/music-for-kids-rachel-meurig-bowen/,2024-05-22,best-books,music-for-kids-rachel-meurig-bowen,music for kids rachel meurig bowen,,content
fivebooks.com,https://fivebooks.com/best-books/best-books-classical-music-igor-toronyi-lalic/,2024-05-22,best-books,best-books-classical-music-igor-toronyi-lalic,best books classical music igor toronyi lalic,,content
fivebooks.com,https://fivebooks.com/best-books/wagner/,2024-05-22,best-books,wagner,wagner,,content
fivebooks.com,https://fivebooks.com/best-books/northern-renaissance-christopher-s-wood/,2024-05-22,best-books,northern-renaissance-christopher-s-wood,northern renaissance christopher s wood,,content
fivebooks.com,https://fivebooks.com/best-books/maria-loh-lives-artists/,2024-05-22,best-books,maria-loh-lives-artists,maria loh lives artists,,content
fivebooks.com,https://fivebooks.com/best-books/best-science-fiction-2022-arthur-c-clarke-award-shortlist-andrew-m-butler/,2024-05-22,best-books,best-science-fiction-2022-arthur-c-clarke-award-shortlist-andrew-m-butler,best science fiction 2022 arthur c clarke award shortlist andrew m butler,2022,content
fivebooks.com,https://fivebooks.com/best-books/role-religion-selina-ogrady/,2024-05-22,best-books,role-religion-selina-ogrady,role religion selina ogrady,,content
fivebooks.com,https://fivebooks.com/best-books/assassination-lindsay-porter/,2024-05-22,best-books,assassination-lindsay-porter,assassination lindsay porter,,content
fivebooks.com,https://fivebooks.com/best-books/illustrated-philosophy-helen-de-cruz/,2024-05-22,best-books,illustrated-philosophy-helen-de-cruz,illustrated philosophy helen de cruz,,content
fivebooks.com,https://fivebooks.com/best-books/history-of-philosophy-justin-e-h-smith/,2024-05-22,best-books,history-of-philosophy-justin-e-h-smith,history of philosophy justin e h smith,,content
fivebooks.com,https://fivebooks.com/best-books/literary-letters-lucas-zwirner/,2024-05-22,best-books,literary-letters-lucas-zwirner,literary letters lucas zwirner,,content
fivebooks.com,https://fivebooks.com/best-books/best-philip-k-dick-books-david-hyde-running-clam/,2024-05-30,best-books,best-philip-k-dick-books-david-hyde-running-clam,best philip k dick books david hyde running clam,,content
fivebooks.com,https://fivebooks.com/best-books/simone-de-beauvoir-kate-kirkpatrick/,2024-06-04,best-books,simone-de-beauvoir-kate-kirkpatrick,simone de beauvoir kate kirkpatrick,,content
fivebooks.com,https://fivebooks.com/best-books/medicine-literature-gavin-francis/,2024-06-04,best-books,medicine-literature-gavin-francis,medicine literature gavin francis,,content
fivebooks.com,https://fivebooks.com/best-books/best-art-design-books-2022-romas-viesulas/,2024-06-04,best-books,best-art-design-books-2022-romas-viesulas,best art design books 2022 romas viesulas,2022,content
fivebooks.com,https://fivebooks.com/best-books/jules-evans-ancient-philosophy-modern-life/,2024-06-04,best-books,jules-evans-ancient-philosophy-modern-life,jules evans ancient philosophy modern life,,content
fivebooks.com,https://fivebooks.com/best-books/brett-wigdortz-on-leadership/,2024-06-04,best-books,brett-wigdortz-on-leadership,brett wigdortz on leadership,,content
fivebooks.com,https://fivebooks.com/best-books/nonfiction-2021-baillie-gifford-shorlist-kathryn-hughes/,2024-06-04,best-books,nonfiction-2021-baillie-gifford-shorlist-kathryn-hughes,nonfiction 2021 baillie gifford shorlist kathryn hughes,2021,content
fivebooks.com,https://fivebooks.com/best-books/best-nonfiction-2018-fiammetta-rocco/,2024-06-04,best-books,best-nonfiction-2018-fiammetta-rocco,best nonfiction 2018 fiammetta rocco,2018,content
fivebooks.com,https://fivebooks.com/best-books/best-nonfiction-books-2017-peter-bazalgette/,2024-06-04,best-books,best-nonfiction-books-2017-peter-bazalgette,best nonfiction books 2017 peter bazalgette,2017,content
fivebooks.com,https://fivebooks.com/best-books/holocaust-steven-katz/,2024-06-04,best-books,holocaust-steven-katz,holocaust steven katz,,content
fivebooks.com,https://fivebooks.com/best-books/human-imperfection-autism/,2024-06-04,best-books,human-imperfection-autism,human imperfection autism,,content
fivebooks.com,https://fivebooks.com/best-books/twins-helena-de-bres/,2024-06-07,best-books,twins-helena-de-bres,twins helena de bres,,content
fivebooks.com,https://fivebooks.com/best-books/gods-and-godlike-figures-in-science-fiction-karen-lord/,2024-06-11,best-books,gods-and-godlike-figures-in-science-fiction-karen-lord,gods and godlike figures in science fiction karen lord,,content
fivebooks.com,https://fivebooks.com/best-books/philosophy-of-love-skye-cleary/,2024-06-11,best-books,philosophy-of-love-skye-cleary,philosophy of love skye cleary,,content
fivebooks.com,https://fivebooks.com/best-books/best-romance-books-of-2022/,2024-06-11,best-books,best-romance-books-of-2022,best romance books of 2022,2022,content
fivebooks.com,https://fivebooks.com/best-books/queer-science-fiction-and-fantasy-everina-maxwell/,2024-06-11,best-books,queer-science-fiction-and-fantasy-everina-maxwell,queer science fiction and fantasy everina maxwell,,content
fivebooks.com,https://fivebooks.com/best-books/grief-sophie-ratcliffe/,2024-06-25,best-books,grief-sophie-ratcliffe,grief sophie ratcliffe,,content
fivebooks.com,https://fivebooks.com/best-books/best-memoirs-2021-nbcc-autobiography-marion-winik/,2024-06-25,best-books,best-memoirs-2021-nbcc-autobiography-marion-winik,best memoirs 2021 nbcc autobiography marion winik,2021,content
fivebooks.com,https://fivebooks.com/best-books/verdi-francesco-izzo/,2024-07-03,best-books,verdi-francesco-izzo,verdi francesco izzo,,content
fivebooks.com,https://fivebooks.com/best-books/swedish-crime-roslund-hellstrom/,2024-07-08,best-books,swedish-crime-roslund-hellstrom,swedish crime roslund hellstrom,,content
fivebooks.com,https://fivebooks.com/best-books/books-understand-2024-uk-british-general-election-politics-tom-rowley/,2024-07-08,best-books,books-understand-2024-uk-british-general-election-politics-tom-rowley,books understand 2024 uk british general election politics tom rowley,2024,content
fivebooks.com,https://fivebooks.com/best-books/history-peter-frankopan/,2024-07-15,best-books,history-peter-frankopan,history peter frankopan,,content
fivebooks.com,https://fivebooks.com/best-books/best-contemporary-mystery-books-mark-edwards/,2024-07-17,best-books,best-contemporary-mystery-books-mark-edwards,best contemporary mystery books mark edwards,,content
fivebooks.com,https://fivebooks.com/best-books/whodunnits-simon-brett/,2024-07-17,best-books,whodunnits-simon-brett,whodunnits simon brett,,content
fivebooks.com,https://fivebooks.com/best-books/best-crime-fiction-peter-james/,2024-07-17,best-books,best-crime-fiction-peter-james,best crime fiction peter james,,content
fivebooks.com,https://fivebooks.com/best-books/new-romance-books-to-read-summer-2023/,2024-07-20,best-books,new-romance-books-to-read-summer-2023,new romance books to read summer 2023,2023,content
fivebooks.com,https://fivebooks.com/best-books/kamala-harris/,2024-07-22,best-books,kamala-harris,kamala harris,,content
fivebooks.com,https://fivebooks.com/best-books/best-cycling-books-james-hibbard/,2024-07-25,best-books,best-cycling-books-james-hibbard,best cycling books james hibbard,,content
fivebooks.com,https://fivebooks.com/best-books/the-bible-nicholas-king/,2024-07-25,best-books,the-bible-nicholas-king,the bible nicholas king,,content
fivebooks.com,https://fivebooks.com/best-books/alternative-futures-catherine-mayer/,2024-07-27,best-books,alternative-futures-catherine-mayer,alternative futures catherine mayer,,content
fivebooks.com,https://fivebooks.com/best-books/warships-books-jim-carter-naval-history/,2024-07-27,best-books,warships-books-jim-carter-naval-history,warships books jim carter naval history,,content
fivebooks.com,https://fivebooks.com/best-books/best-graphic-histories-eleanor-janega-neil-emmanuel/,2024-07-29,best-books,best-graphic-histories-eleanor-janega-neil-emmanuel,best graphic histories eleanor janega neil emmanuel,,content
fivebooks.com,https://fivebooks.com/best-books/best-terry-pratchett-books-marc-burrows/,2024-07-30,best-books,best-terry-pratchett-books-marc-burrows,best terry pratchett books marc burrows,,content
fivebooks.com,https://fivebooks.com/best-books/regenerative-agriculture-louise-gray/,2024-08-06,best-books,regenerative-agriculture-louise-gray,regenerative agriculture louise gray,,content
fivebooks.com,https://fivebooks.com/best-books/barry-forshaw-on-film-noir/,2024-08-06,best-books,barry-forshaw-on-film-noir,barry forshaw on film noir,,content
fivebooks.com,https://fivebooks.com/best-books/andy-warhol-blake-gopnik/,2024-08-06,best-books,andy-warhol-blake-gopnik,andy warhol blake gopnik,,content
fivebooks.com,https://fivebooks.com/best-books/best-fantasy-graphic-novels-mike-carey/,2024-08-07,best-books,best-fantasy-graphic-novels-mike-carey,best fantasy graphic novels mike carey,,content
fivebooks.com,https://fivebooks.com/best-books/nuclear-richard-wolfson/,2024-08-07,best-books,nuclear-richard-wolfson,nuclear richard wolfson,,content
fivebooks.com,https://fivebooks.com/best-books/sarah-jayne-blakemore-mind-brain/,2024-08-08,best-books,sarah-jayne-blakemore-mind-brain,sarah jayne blakemore mind brain,,content
fivebooks.com,https://fivebooks.com/best-books/business-books-2023-andrew-hill/,2024-08-08,best-books,business-books-2023-andrew-hill,business books 2023 andrew hill,2023,content
fivebooks.com,https://fivebooks.com/best-books/best-books-tibet-robbie-barnett/,2024-08-09,best-books,best-books-tibet-robbie-barnett,best books tibet robbie barnett,,content
fivebooks.com,https://fivebooks.com/best-books/moral-philosophy-jonathan-glover/,2024-08-12,best-books,moral-philosophy-jonathan-glover,moral philosophy jonathan glover,,content
fivebooks.com,https://fivebooks.com/best-books/mary-warnock-godless-morality/,2024-08-12,best-books,mary-warnock-godless-morality,mary warnock godless morality,,content
fivebooks.com,https://fivebooks.com/best-books/best-noir-novels-simon-hawkins/,2024-08-12,best-books,best-noir-novels-simon-hawkins,best noir novels simon hawkins,,content
fivebooks.com,https://fivebooks.com/best-books/crime-fiction-2019-val-mcdermid/,2024-08-17,best-books,crime-fiction-2019-val-mcdermid,crime fiction 2019 val mcdermid,2019,content
fivebooks.com,https://fivebooks.com/best-books/crime-fiction-2020-sophie-roell/,2024-08-17,best-books,crime-fiction-2020-sophie-roell,crime fiction 2020 sophie roell,2020,content
fivebooks.com,https://fivebooks.com/best-books/pg-wodehouse-sophie-ratcliffe/,2024-08-19,best-books,pg-wodehouse-sophie-ratcliffe,pg wodehouse sophie ratcliffe,,content
fivebooks.com,https://fivebooks.com/best-books/oppenheimer-books-movie-mark-wolverton/,2024-08-19,best-books,oppenheimer-books-movie-mark-wolverton,oppenheimer books movie mark wolverton,,content
fivebooks.com,https://fivebooks.com/best-books/best-vegan-cook-books-alicia-kennedy/,2024-08-20,best-books,best-vegan-cook-books-alicia-kennedy,best vegan cook books alicia kennedy,,content
fivebooks.com,https://fivebooks.com/best-books/best-australian-historical-fiction-kate-kruimink/,2024-08-20,best-books,best-australian-historical-fiction-kate-kruimink,best australian historical fiction kate kruimink,,content
fivebooks.com,https://fivebooks.com/best-books/best-books-khyber-pass/,2024-08-20,best-books,best-books-khyber-pass,best books khyber pass,,content
fivebooks.com,https://fivebooks.com/best-books/chinggis-khan-timothy-may/,2024-08-20,best-books,chinggis-khan-timothy-may,chinggis khan timothy may,,content
fivebooks.com,https://fivebooks.com/best-books/andrew-lawson-on-garden-photography/,2024-08-21,best-books,andrew-lawson-on-garden-photography,andrew lawson on garden photography,,content
fivebooks.com,https://fivebooks.com/best-books/nonfiction-spring-2022-sophie-roell/,2024-08-21,best-books,nonfiction-spring-2022-sophie-roell,nonfiction spring 2022 sophie roell,2022,content
fivebooks.com,https://fivebooks.com/best-books/anna-reid-on-the-siege-of-leningrad/,2024-08-21,best-books,anna-reid-on-the-siege-of-leningrad,anna reid on the siege of leningrad,,content
fivebooks.com,https://fivebooks.com/best-books/sex-in-victorian-literature/,2024-08-21,best-books,sex-in-victorian-literature,sex in victorian literature,,content
fivebooks.com,https://fivebooks.com/best-books/reason-limitations/,2024-08-21,best-books,reason-limitations,reason limitations,,content
fivebooks.com,https://fivebooks.com/best-books/learning-spanish-benny-lewis/,2024-08-21,best-books,learning-spanish-benny-lewis,learning spanish benny lewis,,content
fivebooks.com,https://fivebooks.com/best-books/robert-mccrum-on-us-and-uk-english/,2024-08-23,best-books,robert-mccrum-on-us-and-uk-english,robert mccrum on us and uk english,,content
fivebooks.com,https://fivebooks.com/best-books/interracial-relationships-tineka-smith-and-alex-court/,2024-08-23,best-books,interracial-relationships-tineka-smith-and-alex-court,interracial relationships tineka smith and alex court,,content
fivebooks.com,https://fivebooks.com/best-books/philippe-legrain-on-europe/,2024-08-23,best-books,philippe-legrain-on-europe,philippe legrain on europe,,content
fivebooks.com,https://fivebooks.com/best-books/counterfactual-novels-catherine-lacey/,2024-08-23,best-books,counterfactual-novels-catherine-lacey,counterfactual novels catherine lacey,,content
fivebooks.com,https://fivebooks.com/best-books/daphne-du-maurier/,2024-08-23,best-books,daphne-du-maurier,daphne du maurier,,content
fivebooks.com,https://fivebooks.com/best-books/sex-and-teenagers-jennifer-hirsch/,2024-08-23,best-books,sex-and-teenagers-jennifer-hirsch,sex and teenagers jennifer hirsch,,content
fivebooks.com,https://fivebooks.com/best-books/will-self-influences/,2024-08-23,best-books,will-self-influences,will self influences,,content
fivebooks.com,https://fivebooks.com/best-books/jane-austen-devoney-looser/,2024-08-24,best-books,jane-austen-devoney-looser,jane austen devoney looser,,content
fivebooks.com,https://fivebooks.com/best-books/consciousness-david-carmel/,2024-08-24,best-books,consciousness-david-carmel,consciousness david carmel,,content
fivebooks.com,https://fivebooks.com/best-books/animal-consciousness-david-pena-guzman/,2024-08-24,best-books,animal-consciousness-david-pena-guzman,animal consciousness david pena guzman,,content
fivebooks.com,https://fivebooks.com/best-books/philosophy-mind-keith-frankish/,2024-08-24,best-books,philosophy-mind-keith-frankish,philosophy mind keith frankish,,content
fivebooks.com,https://fivebooks.com/best-books/economics-fun-daniel-hamermesh/,2024-08-26,best-books,economics-fun-daniel-hamermesh,economics fun daniel hamermesh,,content
fivebooks.com,https://fivebooks.com/best-books/tarek-osman-arab-world/,2024-08-27,best-books,tarek-osman-arab-world,tarek osman arab world,,content
fivebooks.com,https://fivebooks.com/best-books/mary-beard-on-ancient-history-in-modern-life/,2024-08-27,best-books,mary-beard-on-ancient-history-in-modern-life,mary beard on ancient history in modern life,,content
fivebooks.com,https://fivebooks.com/best-books/caspar-henderson-anthropocene/,2024-08-28,best-books,caspar-henderson-anthropocene,caspar henderson anthropocene,,content
fivebooks.com,https://fivebooks.com/best-books/pompeii-books/,2024-08-28,best-books,pompeii-books,pompeii books,,content
fivebooks.com,https://fivebooks.com/best-books/ma-jian-on-chinese-dissident-literature/,2024-08-29,best-books,ma-jian-on-chinese-dissident-literature,ma jian on chinese dissident literature,,content
fivebooks.com,https://fivebooks.com/best-books/novels-to-read-with-your-book-club-2024/,2024-08-29,best-books,novels-to-read-with-your-book-club-2024,novels to read with your book club 2024,2024,content
fivebooks.com,https://fivebooks.com/best-books/pirates-adrian-tinniswood/,2024-08-29,best-books,pirates-adrian-tinniswood,pirates adrian tinniswood,,content
fivebooks.com,https://fivebooks.com/best-books/carlos-fraenkel-on-philosophy-in-a-divided-world/,2024-09-01,best-books,carlos-fraenkel-on-philosophy-in-a-divided-world,carlos fraenkel on philosophy in a divided world,,content
fivebooks.com,https://fivebooks.com/best-books/absurdism-joanna-walsh/,2024-09-02,best-books,absurdism-joanna-walsh,absurdism joanna walsh,,content
fivebooks.com,https://fivebooks.com/best-books/charles-glass-on-americans-abroad/,2024-09-03,best-books,charles-glass-on-americans-abroad,charles glass on americans abroad,,content
fivebooks.com,https://fivebooks.com/best-books/joanna-kavenna-parallel-worlds/,2024-09-03,best-books,joanna-kavenna-parallel-worlds,joanna kavenna parallel worlds,,content
fivebooks.com,https://fivebooks.com/best-books/realistic-fiction/,2024-09-04,best-books,realistic-fiction,realistic fiction,,content
fivebooks.com,https://fivebooks.com/best-books/best-books-magic-richard-heygate/,2024-09-05,best-books,best-books-magic-richard-heygate,best books magic richard heygate,,content
fivebooks.com,https://fivebooks.com/best-books/mountaineering-anna-fleming/,2024-09-06,best-books,mountaineering-anna-fleming,mountaineering anna fleming,,content
fivebooks.com,https://fivebooks.com/best-books/narrative-nonfiction-peter-hessler/,2024-09-08,best-books,narrative-nonfiction-peter-hessler,narrative nonfiction peter hessler,,content
fivebooks.com,https://fivebooks.com/best-books/life-changing-philosophy-books-eric-weiner/,2024-09-10,best-books,life-changing-philosophy-books-eric-weiner,life changing philosophy books eric weiner,,content
fivebooks.com,https://fivebooks.com/best-books/landmark-western-novels-susan-kollin/,2024-09-10,best-books,landmark-western-novels-susan-kollin,landmark western novels susan kollin,,content
fivebooks.com,https://fivebooks.com/best-books/michael-fried-philosophical-stakes-art/,2024-09-12,best-books,michael-fried-philosophical-stakes-art,michael fried philosophical stakes art,,content
fivebooks.com,https://fivebooks.com/best-books/digital-ethics-carissa-veliz/,2024-09-14,best-books,digital-ethics-carissa-veliz,digital ethics carissa veliz,,content
fivebooks.com,https://fivebooks.com/best-books/simon-young-on-the-celts/,2024-09-14,best-books,simon-young-on-the-celts,simon young on the celts,,content
fivebooks.com,https://fivebooks.com/best-books/biographies-artists-sue-prideaux/,2024-09-14,best-books,biographies-artists-sue-prideaux,biographies artists sue prideaux,,content
fivebooks.com,https://fivebooks.com/best-books/summer-reading-philosophy-nigel-warburton/,2024-09-17,best-books,summer-reading-philosophy-nigel-warburton,summer reading philosophy nigel warburton,,content
fivebooks.com,https://fivebooks.com/best-books/marc-wittmann-time-mind-perception/,2024-09-17,best-books,marc-wittmann-time-mind-perception,marc wittmann time mind perception,,content
fivebooks.com,https://fivebooks.com/best-books/comfort-reads-neil-gaiman/,2024-09-17,best-books,comfort-reads-neil-gaiman,comfort reads neil gaiman,,content
fivebooks.com,https://fivebooks.com/best-books/sinead-morrissey-on-poetry/,2024-09-17,best-books,sinead-morrissey-on-poetry,sinead morrissey on poetry,,content
fivebooks.com,https://fivebooks.com/best-books/jewish-humour-ruth-wisse/,2024-09-17,best-books,jewish-humour-ruth-wisse,jewish humour ruth wisse,,content
fivebooks.com,https://fivebooks.com/best-books/judith-edwards-child-psychotherapy/,2024-09-17,best-books,judith-edwards-child-psychotherapy,judith edwards child psychotherapy,,content
fivebooks.com,https://fivebooks.com/best-books/sigmund-freud-lisa-appignanesi/,2024-09-17,best-books,sigmund-freud-lisa-appignanesi,sigmund freud lisa appignanesi,,content
fivebooks.com,https://fivebooks.com/best-books/virtue-edward-skidelsky/,2024-09-17,best-books,virtue-edward-skidelsky,virtue edward skidelsky,,content
fivebooks.com,https://fivebooks.com/best-books/richard-walter-on-screenwriting/,2024-09-17,best-books,richard-walter-on-screenwriting,richard walter on screenwriting,,content
fivebooks.com,https://fivebooks.com/best-books/marcus-chown-on-cosmology/,2024-09-17,best-books,marcus-chown-on-cosmology,marcus chown on cosmology,,content
fivebooks.com,https://fivebooks.com/best-books/cruelty-and-evil-paul-bloom/,2024-09-17,best-books,cruelty-and-evil-paul-bloom,cruelty and evil paul bloom,,content
fivebooks.com,https://fivebooks.com/best-books/divine-women-bettany-hughes/,2024-09-17,best-books,divine-women-bettany-hughes,divine women bettany hughes,,content
fivebooks.com,https://fivebooks.com/best-books/rob-hughes-on-football/,2024-09-17,best-books,rob-hughes-on-football,rob hughes on football,,content
fivebooks.com,https://fivebooks.com/best-books/genocide-norman-naimark/,2024-09-17,best-books,genocide-norman-naimark,genocide norman naimark,,content
fivebooks.com,https://fivebooks.com/best-books/paula-fredriksen-on-sin/,2024-09-17,best-books,paula-fredriksen-on-sin,paula fredriksen on sin,,content
fivebooks.com,https://fivebooks.com/best-books/david-kynaston-on-social-history-of-post-war-britain/,2024-09-17,best-books,david-kynaston-on-social-history-of-post-war-britain,david kynaston on social history of post war britain,,content
fivebooks.com,https://fivebooks.com/best-books/mary-habeck-on-terrorism/,2024-09-17,best-books,mary-habeck-on-terrorism,mary habeck on terrorism,,content
fivebooks.com,https://fivebooks.com/best-books/andy-beckett-on-the-1970s/,2024-09-17,best-books,andy-beckett-on-the-1970s,andy beckett on the 1970s,,content
fivebooks.com,https://fivebooks.com/best-books/sophie-gee-on-the-enlightenment/,2024-09-17,best-books,sophie-gee-on-the-enlightenment,sophie gee on the enlightenment,,content
fivebooks.com,https://fivebooks.com/best-books/history-mathematics-robin-wilson/,2024-09-17,best-books,history-mathematics-robin-wilson,history mathematics robin wilson,,content
fivebooks.com,https://fivebooks.com/best-books/louise-foxcroft-on-the-history-of-medicine-and-addiction/,2024-09-17,best-books,louise-foxcroft-on-the-history-of-medicine-and-addiction,louise foxcroft on the history of medicine and addiction,,content
fivebooks.com,https://fivebooks.com/best-books/best-ian-fleming-books-charlie-higson/,2024-09-17,best-books,best-ian-fleming-books-charlie-higson,best ian fleming books charlie higson,,content
fivebooks.com,https://fivebooks.com/best-books/brexit-anand-menon/,2024-09-18,best-books,brexit-anand-menon,brexit anand menon,,content
fivebooks.com,https://fivebooks.com/best-books/timothy-jorgensen-on-radiation/,2024-09-22,best-books,timothy-jorgensen-on-radiation,timothy jorgensen on radiation,,content
fivebooks.com,https://fivebooks.com/best-books/the-best-historical-fiction-set-in-italy-tracy-chevalier/,2024-09-24,best-books,the-best-historical-fiction-set-in-italy-tracy-chevalier,the best historical fiction set in italy tracy chevalier,,content
fivebooks.com,https://fivebooks.com/best-books/best-campus-novels/,2024-09-24,best-books,best-campus-novels,best campus novels,,content
fivebooks.com,https://fivebooks.com/best-books/carl-zimmer-on-the-strangeness-of-life/,2024-09-25,best-books,carl-zimmer-on-the-strangeness-of-life,carl zimmer on the strangeness of life,,content
fivebooks.com,https://fivebooks.com/best-books/susan-jacoby-on-atheism/,2024-09-25,best-books,susan-jacoby-on-atheism,susan jacoby on atheism,,content
fivebooks.com,https://fivebooks.com/best-books/daniel-dennett-book-recommendations/,2024-09-25,best-books,daniel-dennett-book-recommendations,daniel dennett book recommendations,,content
fivebooks.com,https://fivebooks.com/best-books/robert-shiller-on-capitalism-and-human-nature/,2024-09-25,best-books,robert-shiller-on-capitalism-and-human-nature,robert shiller on capitalism and human nature,,content
fivebooks.com,https://fivebooks.com/best-books/hegel-stephen-houlgate/,2024-09-25,best-books,hegel-stephen-houlgate,hegel stephen houlgate,,content
fivebooks.com,https://fivebooks.com/best-books/editors-picks-nonfiction-2018/,2024-09-25,best-books,editors-picks-nonfiction-2018,editors picks nonfiction 2018,2018,content
fivebooks.com,https://fivebooks.com/best-books/philosophy-and-everyday-living/,2024-09-25,best-books,philosophy-and-everyday-living,philosophy and everyday living,,content
fivebooks.com,https://fivebooks.com/best-books/aristotle-edith-hall/,2024-09-25,best-books,aristotle-edith-hall,aristotle edith hall,,content
fivebooks.com,https://fivebooks.com/best-books/sylvia-plath-tim-kendall/,2024-09-25,best-books,sylvia-plath-tim-kendall,sylvia plath tim kendall,,content
fivebooks.com,https://fivebooks.com/best-books/best-nineteenth-century-american-novels-nathan-wolff/,2024-09-26,best-books,best-nineteenth-century-american-novels-nathan-wolff,best nineteenth century american novels nathan wolff,,content
fivebooks.com,https://fivebooks.com/best-books/the-best-science-fiction-worlds-tom-huddleston/,2024-09-26,best-books,the-best-science-fiction-worlds-tom-huddleston,the best science fiction worlds tom huddleston,,content
fivebooks.com,https://fivebooks.com/best-books/sci-fi-books-for-beginners-nicholas-whyte/,2024-09-26,best-books,sci-fi-books-for-beginners-nicholas-whyte,sci fi books for beginners nicholas whyte,,content
fivebooks.com,https://fivebooks.com/best-books/hong-kong-protests-ben-bland/,2024-09-26,best-books,hong-kong-protests-ben-bland,hong kong protests ben bland,,content
fivebooks.com,https://fivebooks.com/best-books/the-best-political-science-fiction-arkady-martine/,2024-09-26,best-books,the-best-political-science-fiction-arkady-martine,the best political science fiction arkady martine,,content
fivebooks.com,https://fivebooks.com/best-books/deborah-blum-on-science-in-society/,2024-09-29,best-books,deborah-blum-on-science-in-society,deborah blum on science in society,,content
fivebooks.com,https://fivebooks.com/best-books/five-of-the-best-u-s-political-biographies-william-cooper/,2024-09-30,best-books,five-of-the-best-u-s-political-biographies-william-cooper,five of the best u s political biographies william cooper,,content
fivebooks.com,https://fivebooks.com/best-books/great-actors-read-great-novels/,2024-10-01,best-books,great-actors-read-great-novels,great actors read great novels,,content
fivebooks.com,https://fivebooks.com/best-books/roy-moxham-on-indian-journeys/,2024-10-03,best-books,roy-moxham-on-indian-journeys,roy moxham on indian journeys,,content
fivebooks.com,https://fivebooks.com/best-books/ahmede-hussain-on-south-asian-literature/,2024-10-03,best-books,ahmede-hussain-on-south-asian-literature,ahmede hussain on south asian literature,,content
fivebooks.com,https://fivebooks.com/best-books/dominic-lawson-on-chess/,2024-10-03,best-books,dominic-lawson-on-chess,dominic lawson on chess,,content
fivebooks.com,https://fivebooks.com/best-books/turtle-bunbury-on-family-history/,2024-10-09,best-books,turtle-bunbury-on-family-history,turtle bunbury on family history,,content
fivebooks.com,https://fivebooks.com/best-books/economic-ideology-thomas-piketty/,2024-10-19,best-books,economic-ideology-thomas-piketty,economic ideology thomas piketty,,content
fivebooks.com,https://fivebooks.com/best-books/oscar-hijuelos-on-cuba/,2024-10-19,best-books,oscar-hijuelos-on-cuba,oscar hijuelos on cuba,,content
fivebooks.com,https://fivebooks.com/best-books/inequality-daron-acemoglu/,2024-10-20,best-books,inequality-daron-acemoglu,inequality daron acemoglu,,content
fivebooks.com,https://fivebooks.com/best-books/francis-fukuyama-on-the-financial-crisis/,2024-10-20,best-books,francis-fukuyama-on-the-financial-crisis,francis fukuyama on the financial crisis,,content
fivebooks.com,https://fivebooks.com/best-books/cultural-memoirs-margo-jefferson/,2024-10-21,best-books,cultural-memoirs-margo-jefferson,cultural memoirs margo jefferson,,content
fivebooks.com,https://fivebooks.com/best-books/juliet-davenport-on-renewable-energy/,2024-10-31,best-books,juliet-davenport-on-renewable-energy,juliet davenport on renewable energy,,content
fivebooks.com,https://fivebooks.com/best-books/saints-simon-yarrow/,2024-11-01,best-books,saints-simon-yarrow,saints simon yarrow,,content
fivebooks.com,https://fivebooks.com/best-books/cozy-fantasy-books-t-j-klune/,2024-11-01,best-books,cozy-fantasy-books-t-j-klune,cozy fantasy books t j klune,,content
fivebooks.com,https://fivebooks.com/best-books/hunger-united-states-mariana-chilton/,2024-11-02,best-books,hunger-united-states-mariana-chilton,hunger united states mariana chilton,,content
fivebooks.com,https://fivebooks.com/best-books/best-tolkien-books-beyond-the-lord-of-the-rings-valentin/,2024-11-02,best-books,best-tolkien-books-beyond-the-lord-of-the-rings-valentin,best tolkien books beyond the lord of the rings valentin,,content
fivebooks.com,https://fivebooks.com/best-books/rory-mcturk-on-old-icelandic-culture/,2024-11-02,best-books,rory-mcturk-on-old-icelandic-culture,rory mcturk on old icelandic culture,,content
fivebooks.com,https://fivebooks.com/best-books/marketing-seth-godin/,2024-11-03,best-books,marketing-seth-godin,marketing seth godin,,content
fivebooks.com,https://fivebooks.com/best-books/essentialism-susan-gelman/,2024-11-04,best-books,essentialism-susan-gelman,essentialism susan gelman,,content
fivebooks.com,https://fivebooks.com/best-books/menstruation-kate-clancy/,2024-11-05,best-books,menstruation-kate-clancy,menstruation kate clancy,,content
fivebooks.com,https://fivebooks.com/best-books/abraham-lincoln-ted-widmer/,2024-11-06,best-books,abraham-lincoln-ted-widmer,abraham lincoln ted widmer,,content
fivebooks.com,https://fivebooks.com/best-books/best-intellectual-biographies-henry-oliver/,2024-11-06,best-books,best-intellectual-biographies-henry-oliver,best intellectual biographies henry oliver,,content
fivebooks.com,https://fivebooks.com/best-books/the-best-science-fiction-of-2020-tom-hunter/,2024-11-08,best-books,the-best-science-fiction-of-2020-tom-hunter,the best science fiction of 2020 tom hunter,2020,content
fivebooks.com,https://fivebooks.com/best-books/presidential-memoirs-audiobooks-robin-whitten/,2024-11-11,best-books,presidential-memoirs-audiobooks-robin-whitten,presidential memoirs audiobooks robin whitten,,content
fivebooks.com,https://fivebooks.com/best-books/algeria-xavier-le-clerc/,2024-11-13,best-books,algeria-xavier-le-clerc,algeria xavier le clerc,,content
fivebooks.com,https://fivebooks.com/best-books/sex-susan-quilliam/,2024-11-13,best-books,sex-susan-quilliam,sex susan quilliam,,content
fivebooks.com,https://fivebooks.com/best-books/philosophy-for-teens-andrew-brower-latz/,2024-11-13,best-books,philosophy-for-teens-andrew-brower-latz,philosophy for teens andrew brower latz,,content
fivebooks.com,https://fivebooks.com/best-books/audiobooks-narrated-by-timothy-west/,2024-11-14,best-books,audiobooks-narrated-by-timothy-west,audiobooks narrated by timothy west,,content
fivebooks.com,https://fivebooks.com/best-books/mark-kurlansky-on-favourite-science-books/,2024-11-17,best-books,mark-kurlansky-on-favourite-science-books,mark kurlansky on favourite science books,,content
fivebooks.com,https://fivebooks.com/best-books/notable-nonfiction-july-august-september-2023-sophie-roell/,2024-11-18,best-books,notable-nonfiction-july-august-september-2023-sophie-roell,notable nonfiction july august september 2023 sophie roell,2023,content
fivebooks.com,https://fivebooks.com/best-books/kaushik-basu-indian-economy/,2024-11-19,best-books,kaushik-basu-indian-economy,kaushik basu indian economy,,content
fivebooks.com,https://fivebooks.com/best-books/d-h-lawrence/,2024-11-19,best-books,d-h-lawrence,d h lawrence,,content
fivebooks.com,https://fivebooks.com/best-books/cecile-fabre-war/,2024-11-19,best-books,cecile-fabre-war,cecile fabre war,,content
fivebooks.com,https://fivebooks.com/best-books/the-best-sci-fi-series-ada-palmer/,2024-11-19,best-books,the-best-sci-fi-series-ada-palmer,the best sci fi series ada palmer,,content
fivebooks.com,https://fivebooks.com/best-books/adam-smith-dennis-rasmussen/,2024-11-19,best-books,adam-smith-dennis-rasmussen,adam smith dennis rasmussen,,content
fivebooks.com,https://fivebooks.com/best-books/the-best-korean-novels-bruce-fulton/,2024-11-19,best-books,the-best-korean-novels-bruce-fulton,the best korean novels bruce fulton,,content
fivebooks.com,https://fivebooks.com/best-books/book-new-sun-series-gene-wolfe/,2024-11-20,best-books,book-new-sun-series-gene-wolfe,book new sun series gene wolfe,,content
fivebooks.com,https://fivebooks.com/best-books/epistolary-novels/,2024-11-22,best-books,epistolary-novels,epistolary novels,,content
fivebooks.com,https://fivebooks.com/best-books/five-mysteries-set-in-russia-boris-akunin/,2024-11-22,best-books,five-mysteries-set-in-russia-boris-akunin,five mysteries set in russia boris akunin,,content
fivebooks.com,https://fivebooks.com/best-books/virgil-sarah-ruden/,2024-11-22,best-books,virgil-sarah-ruden,virgil sarah ruden,,content
fivebooks.com,https://fivebooks.com/best-books/public-health-thomas-frieden/,2024-11-25,best-books,public-health-thomas-frieden,public health thomas frieden,,content
fivebooks.com,https://fivebooks.com/best-books/hugh-gusterson-drone-warfare/,2024-11-25,best-books,hugh-gusterson-drone-warfare,hugh gusterson drone warfare,,content
fivebooks.com,https://fivebooks.com/best-books/viruses-dorothy-crawford/,2024-11-25,best-books,viruses-dorothy-crawford,viruses dorothy crawford,,content
fivebooks.com,https://fivebooks.com/best-books/emma-rothschild-economic-history/,2024-11-26,best-books,emma-rothschild-economic-history,emma rothschild economic history,,content
fivebooks.com,https://fivebooks.com/best-books/prize-winning-nonfiction/,2024-11-27,best-books,prize-winning-nonfiction,prize winning nonfiction,,content
fivebooks.com,https://fivebooks.com/best-books/anti-memoirs-yiyun-li/,2024-11-28,best-books,anti-memoirs-yiyun-li,anti memoirs yiyun li,,content
fivebooks.com,https://fivebooks.com/best-books/islam-and-the-state-ahmet-t-kuru/,2024-11-29,best-books,islam-and-the-state-ahmet-t-kuru,islam and the state ahmet t kuru,,content
fivebooks.com,https://fivebooks.com/best-books/market-competition-jason-furman/,2024-11-29,best-books,market-competition-jason-furman,market competition jason furman,,content
fivebooks.com,https://fivebooks.com/best-books/vlatko-vedral-on-the-quantification-of-everything/,2024-11-29,best-books,vlatko-vedral-on-the-quantification-of-everything,vlatko vedral on the quantification of everything,,content
fivebooks.com,https://fivebooks.com/best-books/existential-risks-cambridge-cser/,2024-11-29,best-books,existential-risks-cambridge-cser,existential risks cambridge cser,,content
fivebooks.com,https://fivebooks.com/best-books/best-economics-books-of-2018/,2024-11-29,best-books,best-economics-books-of-2018,best economics books of 2018,2018,content
fivebooks.com,https://fivebooks.com/best-books/best-sci-fi-horror-books-aliya-whiteley/,2024-11-29,best-books,best-sci-fi-horror-books-aliya-whiteley,best sci fi horror books aliya whiteley,,content
fivebooks.com,https://fivebooks.com/best-books/best-science-fiction-2023-clarke-award-shortlist-tom-hunter/,2024-11-29,best-books,best-science-fiction-2023-clarke-award-shortlist-tom-hunter,best science fiction 2023 clarke award shortlist tom hunter,2023,content
fivebooks.com,https://fivebooks.com/best-books/best-romance-books-2023-katherine-d-morgan/,2024-11-29,best-books,best-romance-books-2023-katherine-d-morgan,best romance books 2023 katherine d morgan,2023,content
fivebooks.com,https://fivebooks.com/best-books/military-strategy-antulio-echevarria/,2024-12-01,best-books,military-strategy-antulio-echevarria,military strategy antulio echevarria,,content
fivebooks.com,https://fivebooks.com/best-books/contemporary-irish-fiction-liz-nugent/,2024-12-01,best-books,contemporary-irish-fiction-liz-nugent,contemporary irish fiction liz nugent,,content
fivebooks.com,https://fivebooks.com/best-books/ziauddin-sardar-on-the-future-of-islam/,2024-12-01,best-books,ziauddin-sardar-on-the-future-of-islam,ziauddin sardar on the future of islam,,content
fivebooks.com,https://fivebooks.com/best-books/ziauddin-sardar-on-travel-in-the-muslim-world/,2024-12-02,best-books,ziauddin-sardar-on-travel-in-the-muslim-world,ziauddin sardar on travel in the muslim world,,content
fivebooks.com,https://fivebooks.com/best-books/best-nonfiction-2024-isabel-hilton/,2024-12-02,best-books,best-nonfiction-2024-isabel-hilton,best nonfiction 2024 isabel hilton,2024,content
fivebooks.com,https://fivebooks.com/best-books/best-politics-books-of-2024-orwell-prize/,2024-12-02,best-books,best-politics-books-of-2024-orwell-prize,best politics books of 2024 orwell prize,2024,content
fivebooks.com,https://fivebooks.com/best-books/the-best-speculative-novels-of-2024-the-hugo-award-shortlist-sylvia-bishop/,2024-12-02,best-books,the-best-speculative-novels-of-2024-the-hugo-award-shortlist-sylvia-bishop,the best speculative novels of 2024 the hugo award shortlist sylvia bishop,2024,content
fivebooks.com,https://fivebooks.com/best-books/best-audiobooks-of-2024-michele-cobb/,2024-12-02,best-books,best-audiobooks-of-2024-michele-cobb,best audiobooks of 2024 michele cobb,2024,content
fivebooks.com,https://fivebooks.com/best-books/recent-fiction-highlights-the-2024-womens-prize-shortlist-monica-ali/,2024-12-02,best-books,recent-fiction-highlights-the-2024-womens-prize-shortlist-monica-ali,recent fiction highlights the 2024 womens prize shortlist monica ali,2024,content
fivebooks.com,https://fivebooks.com/best-books/recent-nonfiction-highlights-the-2024-womens-prize-shortlist-suzannah-lipscomb/,2024-12-02,best-books,recent-nonfiction-highlights-the-2024-womens-prize-shortlist-suzannah-lipscomb,recent nonfiction highlights the 2024 womens prize shortlist suzannah lipscomb,2024,content
fivebooks.com,https://fivebooks.com/best-books/sarah-churchwell-on-the-great-gatsby/,2024-12-04,best-books,sarah-churchwell-on-the-great-gatsby,sarah churchwell on the great gatsby,,content
fivebooks.com,https://fivebooks.com/best-books/franklin-foer-on-the-roots-of-liberalism/,2024-12-04,best-books,franklin-foer-on-the-roots-of-liberalism,franklin foer on the roots of liberalism,,content
fivebooks.com,https://fivebooks.com/best-books/first-ladies-carl-sferrazza-anthony/,2024-12-04,best-books,first-ladies-carl-sferrazza-anthony,first ladies carl sferrazza anthony,,content
fivebooks.com,https://fivebooks.com/best-books/best-books-cambodia/,2024-12-04,best-books,best-books-cambodia,best books cambodia,,content
fivebooks.com,https://fivebooks.com/best-books/big-history-toby-ord/,2024-12-04,best-books,big-history-toby-ord,big history toby ord,,content
fivebooks.com,https://fivebooks.com/best-books/satanism-la-carmina/,2024-12-04,best-books,satanism-la-carmina,satanism la carmina,,content
fivebooks.com,https://fivebooks.com/best-books/how-to-think-julian-baggini/,2024-12-04,best-books,how-to-think-julian-baggini,how to think julian baggini,,content
fivebooks.com,https://fivebooks.com/best-books/peg-tyre-on-educating-your-child/,2024-12-04,best-books,peg-tyre-on-educating-your-child,peg tyre on educating your child,,content
fivebooks.com,https://fivebooks.com/best-books/andrew-cayley-on-war-crimes/,2024-12-05,best-books,andrew-cayley-on-war-crimes,andrew cayley on war crimes,,content
fivebooks.com,https://fivebooks.com/best-books/syrian-civil-war-nikolaos-van-dam/,2024-12-06,best-books,syrian-civil-war-nikolaos-van-dam,syrian civil war nikolaos van dam,,content
fivebooks.com,https://fivebooks.com/best-books/diplomacy-jeremy-greenstock/,2024-12-06,best-books,diplomacy-jeremy-greenstock,diplomacy jeremy greenstock,,content
fivebooks.com,https://fivebooks.com/best-books/the-middle-east-fawaz-a-gerges/,2024-12-08,best-books,the-middle-east-fawaz-a-gerges,the middle east fawaz a gerges,,content
fivebooks.com,https://fivebooks.com/best-books/biographies-of-20th-century-leaders-michael-mandelbaum/,2024-12-10,best-books,biographies-of-20th-century-leaders-michael-mandelbaum,biographies of 20th century leaders michael mandelbaum,,content
fivebooks.com,https://fivebooks.com/best-books/best-business-books-2024-andrew-hill/,2024-12-10,best-books,best-business-books-2024-andrew-hill,best business books 2024 andrew hill,2024,content
fivebooks.com,https://fivebooks.com/best-books/world-war-ii-antony-beevor/,2024-12-10,best-books,world-war-ii-antony-beevor,world war ii antony beevor,,content
fivebooks.com,https://fivebooks.com/best-books/2024-british-academy-book-prize-charles-tripp/,2024-12-11,best-books,2024-british-academy-book-prize-charles-tripp,2024 british academy book prize charles tripp,2024,content
fivebooks.com,https://fivebooks.com/best-books/tudor-historical-fiction-alison-weir/,2024-12-11,best-books,tudor-historical-fiction-alison-weir,tudor historical fiction alison weir,,content
fivebooks.com,https://fivebooks.com/best-books/best-historical-fiction-2019-walter-scott-prize-shortlist/,2024-12-11,best-books,best-historical-fiction-2019-walter-scott-prize-shortlist,best historical fiction 2019 walter scott prize shortlist,2019,content
fivebooks.com,https://fivebooks.com/best-books/rachel-kushner-influences/,2024-12-11,best-books,rachel-kushner-influences,rachel kushner influences,,content
fivebooks.com,https://fivebooks.com/best-books/lynda-la-plante-crime-novels/,2024-12-11,best-books,lynda-la-plante-crime-novels,lynda la plante crime novels,,content
fivebooks.com,https://fivebooks.com/best-books/the-slave-trade-william-a-pettigrew/,2024-12-11,best-books,the-slave-trade-william-a-pettigrew,the slave trade william a pettigrew,,content
fivebooks.com,https://fivebooks.com/best-books/math-geometry-david-acheson/,2024-12-11,best-books,math-geometry-david-acheson,math geometry david acheson,,content
fivebooks.com,https://fivebooks.com/best-books/poetry-books-2024-pen-heaney-prize-shortlist-paula-meehan/,2024-12-11,best-books,poetry-books-2024-pen-heaney-prize-shortlist-paula-meehan,poetry books 2024 pen heaney prize shortlist paula meehan,2024,content
fivebooks.com,https://fivebooks.com/best-books/simon-winchester-on-american-stories/,2024-12-14,best-books,simon-winchester-on-american-stories,simon winchester on american stories,,content
fivebooks.com,https://fivebooks.com/best-books/polar-exploration-roland-huntford/,2024-12-14,best-books,polar-exploration-roland-huntford,polar exploration roland huntford,,content
fivebooks.com,https://fivebooks.com/best-books/forgotten-classics-the-best-b-side-books-john-plotz/,2024-12-14,best-books,forgotten-classics-the-best-b-side-books-john-plotz,forgotten classics the best b side books john plotz,,content
fivebooks.com,https://fivebooks.com/best-books/benjamin-franklin-d-g-hart/,2024-12-17,best-books,benjamin-franklin-d-g-hart,benjamin franklin d g hart,,content
fivebooks.com,https://fivebooks.com/best-books/the-best-recent-memoirs-the-2024-nbcc-autobiography-shortlist-may-lee-chai/,2024-12-19,best-books,the-best-recent-memoirs-the-2024-nbcc-autobiography-shortlist-may-lee-chai,the best recent memoirs the 2024 nbcc autobiography shortlist may lee chai,2024,content
fivebooks.com,https://fivebooks.com/best-books/the-best-travel-writing-of-2024-the-stanfords-book-awards-shafik-meghji/,2024-12-19,best-books,the-best-travel-writing-of-2024-the-stanfords-book-awards-shafik-meghji,the best travel writing of 2024 the stanfords book awards shafik meghji,2024,content
fivebooks.com,https://fivebooks.com/best-books/libraries-richard-ovenden/,2024-12-20,best-books,libraries-richard-ovenden,libraries richard ovenden,,content
fivebooks.com,https://fivebooks.com/best-books/historical-fiction-ancient-world-harry-sidebottom/,2024-12-29,best-books,historical-fiction-ancient-world-harry-sidebottom,historical fiction ancient world harry sidebottom,,content
fivebooks.com,https://fivebooks.com/best-books/robert-kelsey-on-overcoming-insecurities/,2025-01-03,best-books,robert-kelsey-on-overcoming-insecurities,robert kelsey on overcoming insecurities,,content
fivebooks.com,https://fivebooks.com/best-books/diet-books-tim-spector/,2025-01-04,best-books,diet-books-tim-spector,diet books tim spector,,content
fivebooks.com,https://fivebooks.com/best-books/relationship-therapy-mira-kirshenbaum/,2025-01-04,best-books,relationship-therapy-mira-kirshenbaum,relationship therapy mira kirshenbaum,,content
fivebooks.com,https://fivebooks.com/best-books/time-management-oliver-burkeman/,2025-01-05,best-books,time-management-oliver-burkeman,time management oliver burkeman,,content
fivebooks.com,https://fivebooks.com/best-books/notable-self-help-psychology-books-of-2024-cal-flyn/,2025-01-05,best-books,notable-self-help-psychology-books-of-2024-cal-flyn,notable self help psychology books of 2024 cal flyn,2024,content
fivebooks.com,https://fivebooks.com/best-books/ahmad-thomson-on-the-essence-of-islam/,2025-01-08,best-books,ahmad-thomson-on-the-essence-of-islam,ahmad thomson on the essence of islam,,content
fivebooks.com,https://fivebooks.com/best-books/best-series-10-year-olds-izzy/,2025-01-10,best-books,best-series-10-year-olds-izzy,best series 10 year olds izzy,,content
fivebooks.com,https://fivebooks.com/best-books/best-new-celebrity-memoirs-sharon-marcus/,2025-01-10,best-books,best-new-celebrity-memoirs-sharon-marcus,best new celebrity memoirs sharon marcus,,content
fivebooks.com,https://fivebooks.com/best-books/slavery-race-david-olusoga/,2025-01-10,best-books,slavery-race-david-olusoga,slavery race david olusoga,,content
fivebooks.com,https://fivebooks.com/best-books/sci-fi-books-space-settlement-erika-nesvold/,2025-01-10,best-books,sci-fi-books-space-settlement-erika-nesvold,sci fi books space settlement erika nesvold,,content
fivebooks.com,https://fivebooks.com/best-books/science-fiction-aliens-jaime-green/,2025-01-10,best-books,science-fiction-aliens-jaime-green,science fiction aliens jaime green,,content
fivebooks.com,https://fivebooks.com/best-books/best-biographies-2024-national-book-critics-circle-shortlist-elizabeth-taylor/,2025-01-11,best-books,best-biographies-2024-national-book-critics-circle-shortlist-elizabeth-taylor,best biographies 2024 national book critics circle shortlist elizabeth taylor,2024,content
fivebooks.com,https://fivebooks.com/best-books/american-civil-war-drew-gilpin-faust/,2025-01-14,best-books,american-civil-war-drew-gilpin-faust,american civil war drew gilpin faust,,content
fivebooks.com,https://fivebooks.com/best-books/m-c-beaton-on-cosy-mysteries/,2025-01-14,best-books,m-c-beaton-on-cosy-mysteries,m c beaton on cosy mysteries,,content
fivebooks.com,https://fivebooks.com/best-books/kenan-malik-on-morality-without-god/,2025-01-15,best-books,kenan-malik-on-morality-without-god,kenan malik on morality without god,,content
fivebooks.com,https://fivebooks.com/best-books/memoirs-of-girlhood-tyler-wetherall/,2025-01-16,best-books,memoirs-of-girlhood-tyler-wetherall,memoirs of girlhood tyler wetherall,,content
fivebooks.com,https://fivebooks.com/best-books/cultural-evolution-joe-henrich/,2025-01-17,best-books,cultural-evolution-joe-henrich,cultural evolution joe henrich,,content
fivebooks.com,https://fivebooks.com/best-books/new-york-novels-hermione-hoby/,2025-01-17,best-books,new-york-novels-hermione-hoby,new york novels hermione hoby,,content
fivebooks.com,https://fivebooks.com/best-books/wilkie-collins-jason-hall/,2025-01-18,best-books,wilkie-collins-jason-hall,wilkie collins jason hall,,content
fivebooks.com,https://fivebooks.com/best-books/cryptocurrency-david-birch/,2025-01-21,best-books,cryptocurrency-david-birch,cryptocurrency david birch,,content
fivebooks.com,https://fivebooks.com/best-books/craig-brown-on-diaries-and-autobiography/,2025-01-21,best-books,craig-brown-on-diaries-and-autobiography,craig brown on diaries and autobiography,,content
fivebooks.com,https://fivebooks.com/best-books/novellas-claire-fuller/,2025-01-21,best-books,novellas-claire-fuller,novellas claire fuller,,content
fivebooks.com,https://fivebooks.com/best-books/the-best-biographies-of-2023-the-national-book-critics-circle-shortlist-elizabeth-taylor/,2025-01-22,best-books,the-best-biographies-of-2023-the-national-book-critics-circle-shortlist-elizabeth-taylor,the best biographies of 2023 the national book critics circle shortlist elizabeth taylor,2023,content
fivebooks.com,https://fivebooks.com/best-books/andrea-wulf-on-horticulture/,2025-01-22,best-books,andrea-wulf-on-horticulture,andrea wulf on horticulture,,content
fivebooks.com,https://fivebooks.com/best-books/editors-picks-very-short-books-you-can-read-in-a-day-cal-flyn/,2025-01-23,best-books,editors-picks-very-short-books-you-can-read-in-a-day-cal-flyn,editors picks very short books you can read in a day cal flyn,,content
fivebooks.com,https://fivebooks.com/best-books/best-historical-fiction-novels-set-american-south-xan-brooks/,2025-01-23,best-books,best-historical-fiction-novels-set-american-south-xan-brooks,best historical fiction novels set american south xan brooks,,content
fivebooks.com,https://fivebooks.com/best-books/auschwitz-mary-fulbrook/,2025-01-24,best-books,auschwitz-mary-fulbrook,auschwitz mary fulbrook,,content
fivebooks.com,https://fivebooks.com/best-books/china-2020-jeffrey-wasserstrom/,2025-02-02,best-books,china-2020-jeffrey-wasserstrom,china 2020 jeffrey wasserstrom,2020,content
fivebooks.com,https://fivebooks.com/best-books/amy-chua-on-being-a-mother/,2025-02-02,best-books,amy-chua-on-being-a-mother,amy chua on being a mother,,content
fivebooks.com,https://fivebooks.com/best-books/the-best-grimdark-fantasy-anna-smith-spark/,2025-02-02,best-books,the-best-grimdark-fantasy-anna-smith-spark,the best grimdark fantasy anna smith spark,,content
fivebooks.com,https://fivebooks.com/best-books/historical-fiction-set-in-china/,2025-02-02,best-books,historical-fiction-set-in-china,historical fiction set in china,,content
fivebooks.com,https://fivebooks.com/best-books/dorian-lynskey-on-protest-songs/,2025-02-05,best-books,dorian-lynskey-on-protest-songs,dorian lynskey on protest songs,,content
fivebooks.com,https://fivebooks.com/best-books/bruce-chatwin/,2025-02-06,best-books,bruce-chatwin,bruce chatwin,,content
fivebooks.com,https://fivebooks.com/best-books/james-hamilton-economics-news/,2025-02-06,best-books,james-hamilton-economics-news,james hamilton economics news,,content
fivebooks.com,https://fivebooks.com/best-books/european-union-giles-merritt/,2025-02-06,best-books,european-union-giles-merritt,european union giles merritt,,content
fivebooks.com,https://fivebooks.com/best-books/egypt-america-lloyd-gardner/,2025-02-06,best-books,egypt-america-lloyd-gardner,egypt america lloyd gardner,,content
fivebooks.com,https://fivebooks.com/best-books/the-best-black-british-voices-jacqueline-roy/,2025-02-06,best-books,the-best-black-british-voices-jacqueline-roy,the best black british voices jacqueline roy,,content
fivebooks.com,https://fivebooks.com/best-books/kafka-stanley-corngold/,2025-02-07,best-books,kafka-stanley-corngold,kafka stanley corngold,,content
fivebooks.com,https://fivebooks.com/best-books/ariel-rubinstein-on-game-theory/,2025-02-07,best-books,ariel-rubinstein-on-game-theory,ariel rubinstein on game theory,,content
fivebooks.com,https://fivebooks.com/best-books/award-winning-fiction-novels-2022-cal-flyn/,2025-02-07,best-books,award-winning-fiction-novels-2022-cal-flyn,award winning fiction novels 2022 cal flyn,2022,content
fivebooks.com,https://fivebooks.com/best-books/the-best-addiction-memoirs-matt-rowland-hill/,2025-02-08,best-books,the-best-addiction-memoirs-matt-rowland-hill,the best addiction memoirs matt rowland hill,,content
fivebooks.com,https://fivebooks.com/best-books/robert-talisse-on-pragmatism/,2025-02-08,best-books,robert-talisse-on-pragmatism,robert talisse on pragmatism,,content
fivebooks.com,https://fivebooks.com/best-books/renaissance-kenneth-bartlett/,2025-02-08,best-books,renaissance-kenneth-bartlett,renaissance kenneth bartlett,,content
fivebooks.com,https://fivebooks.com/best-books/roald-dahl-tilly-burn/,2025-02-09,best-books,roald-dahl-tilly-burn,roald dahl tilly burn,,content
fivebooks.com,https://fivebooks.com/best-books/contemporary-indonesian-literature-dee-lestari/,2025-02-11,best-books,contemporary-indonesian-literature-dee-lestari,contemporary indonesian literature dee lestari,,content
fivebooks.com,https://fivebooks.com/best-books/indonesia-krithika-varagur/,2025-02-11,best-books,indonesia-krithika-varagur,indonesia krithika varagur,,content
fivebooks.com,https://fivebooks.com/best-books/character-development-angela-duckworth/,2025-02-12,best-books,character-development-angela-duckworth,character development angela duckworth,,content
fivebooks.com,https://fivebooks.com/best-books/the-best-nonfiction-audiobooks-of-2024-audiofile-editors/,2025-02-12,best-books,the-best-nonfiction-audiobooks-of-2024-audiofile-editors,the best nonfiction audiobooks of 2024 audiofile editors,2024,content
fivebooks.com,https://fivebooks.com/best-books/the-best-biography-and-memoir-audiobooks-of-2024-audiofile-editors/,2025-02-12,best-books,the-best-biography-and-memoir-audiobooks-of-2024-audiofile-editors,the best biography and memoir audiobooks of 2024 audiofile editors,2024,content
fivebooks.com,https://fivebooks.com/best-books/anti-semitism-abe-foxman/,2025-02-12,best-books,anti-semitism-abe-foxman,anti semitism abe foxman,,content
fivebooks.com,https://fivebooks.com/best-books/clinical-neuroscience-frederick-lepore/,2025-02-12,best-books,clinical-neuroscience-frederick-lepore,clinical neuroscience frederick lepore,,content
fivebooks.com,https://fivebooks.com/best-books/david-brooks-neuroscience/,2025-02-12,best-books,david-brooks-neuroscience,david brooks neuroscience,,content
fivebooks.com,https://fivebooks.com/best-books/neuroscience-of-consciousness-anil-seth/,2025-02-12,best-books,neuroscience-of-consciousness-anil-seth,neuroscience of consciousness anil seth,,content
fivebooks.com,https://fivebooks.com/best-books/best-history-books-2023-sudhir-hazareesingh/,2025-02-12,best-books,best-history-books-2023-sudhir-hazareesingh,best history books 2023 sudhir hazareesingh,2023,content
fivebooks.com,https://fivebooks.com/best-books/philip-marsden-on-the-sea/,2025-02-12,best-books,philip-marsden-on-the-sea,philip marsden on the sea,,content
fivebooks.com,https://fivebooks.com/best-books/martin-bell-on-reportage-and-war/,2025-02-12,best-books,martin-bell-on-reportage-and-war,martin bell on reportage and war,,content
fivebooks.com,https://fivebooks.com/best-books/london-iain-sinclair/,2025-02-12,best-books,london-iain-sinclair,london iain sinclair,,content
fivebooks.com,https://fivebooks.com/best-books/jessica-stern-on-who-terrorists-are/,2025-02-12,best-books,jessica-stern-on-who-terrorists-are,jessica stern on who terrorists are,,content
fivebooks.com,https://fivebooks.com/best-books/computer-science-data-science-hadley-wickham/,2025-02-12,best-books,computer-science-data-science-hadley-wickham,computer science data science hadley wickham,,content
fivebooks.com,https://fivebooks.com/best-books/adrienne-mayor-on-enemies-of-ancient-rome/,2025-02-12,best-books,adrienne-mayor-on-enemies-of-ancient-rome,adrienne mayor on enemies of ancient rome,,content
fivebooks.com,https://fivebooks.com/best-books/biographies-of-ancient-greeks-and-romans/,2025-02-13,best-books,biographies-of-ancient-greeks-and-romans,biographies of ancient greeks and romans,,content
fivebooks.com,https://fivebooks.com/best-books/leadership-jeffrey-beneker/,2025-02-13,best-books,leadership-jeffrey-beneker,leadership jeffrey beneker,,content
fivebooks.com,https://fivebooks.com/best-books/azerbaijan-nigar-hasan-zadeh/,2025-02-13,best-books,azerbaijan-nigar-hasan-zadeh,azerbaijan nigar hasan zadeh,,content
fivebooks.com,https://fivebooks.com/best-books/best-books-on-tech-azeem-azhar/,2025-02-14,best-books,best-books-on-tech-azeem-azhar,best books on tech azeem azhar,,content
fivebooks.com,https://fivebooks.com/best-books/richard-beeston-on-spies-lies-and-foreign-correspondents/,2025-02-16,best-books,richard-beeston-on-spies-lies-and-foreign-correspondents,richard beeston on spies lies and foreign correspondents,,content
fivebooks.com,https://fivebooks.com/best-books/p-j-orourke-on-political-satire/,2025-02-16,best-books,p-j-orourke-on-political-satire,p j orourke on political satire,,content
fivebooks.com,https://fivebooks.com/best-books/being-kinder-to-yourself-and-others-ross-white/,2025-02-18,best-books,being-kinder-to-yourself-and-others-ross-white,being kinder to yourself and others ross white,,content
fivebooks.com,https://fivebooks.com/best-books/the-best-books-for-parents-of-autistic-children-syreeta-brown/,2025-02-19,best-books,the-best-books-for-parents-of-autistic-children-syreeta-brown,the best books for parents of autistic children syreeta brown,,content
fivebooks.com,https://fivebooks.com/best-books/best-classics-books-for-children-annelise-gray/,2025-02-19,best-books,best-classics-books-for-children-annelise-gray,best classics books for children annelise gray,,content
fivebooks.com,https://fivebooks.com/best-books/best-books-for-preschool-kids-janice-stewart-yates/,2025-02-19,best-books,best-books-for-preschool-kids-janice-stewart-yates,best books for preschool kids janice stewart yates,,content
fivebooks.com,https://fivebooks.com/best-books/best-human-body-books-for-kids-sonia-joseph/,2025-02-19,best-books,best-human-body-books-for-kids-sonia-joseph,best human body books for kids sonia joseph,,content
fivebooks.com,https://fivebooks.com/best-books/books-like-percy-jackson/,2025-02-19,best-books,books-like-percy-jackson,books like percy jackson,,content
fivebooks.com,https://fivebooks.com/best-books/best-science-books-for-children-the-2022-royal-society-young-peoples-book-prize-alan-wilson/,2025-02-20,best-books,best-science-books-for-children-the-2022-royal-society-young-peoples-book-prize-alan-wilson,best science books for children the 2022 royal society young peoples book prize alan wilson,2022,content
fivebooks.com,https://fivebooks.com/best-books/audiobooks-teenagers-audie-awards/,2025-02-20,best-books,audiobooks-teenagers-audie-awards,audiobooks teenagers audie awards,,content
fivebooks.com,https://fivebooks.com/best-books/best-lgbt-books-for-young-adults-cassie-kemp/,2025-02-20,best-books,best-lgbt-books-for-young-adults-cassie-kemp,best lgbt books for young adults cassie kemp,,content
fivebooks.com,https://fivebooks.com/best-books/best-audiobooks-for-kids-of-2022-emily-connelly/,2025-02-20,best-books,best-audiobooks-for-kids-of-2022-emily-connelly,best audiobooks for kids of 2022 emily connelly,2022,content
fivebooks.com,https://fivebooks.com/best-books/the-best-audiobooks-for-kids-of-2023-emily-connelly/,2025-02-20,best-books,the-best-audiobooks-for-kids-of-2023-emily-connelly,the best audiobooks for kids of 2023 emily connelly,2023,content
fivebooks.com,https://fivebooks.com/best-books/beautiful-science-books-for-4-8-year-olds-our-childrens-editor/,2025-02-20,best-books,beautiful-science-books-for-4-8-year-olds-our-childrens-editor,beautiful science books for 4 8 year olds our childrens editor,,content
fivebooks.com,https://fivebooks.com/best-books/best-horror-novels-for-9-12-year-olds-jennifer-killick/,2025-02-21,best-books,best-horror-novels-for-9-12-year-olds-jennifer-killick,best horror novels for 9 12 year olds jennifer killick,,content
fivebooks.com,https://fivebooks.com/best-books/how-things-work-great-stem-books-for-8-12-year-olds/,2025-02-21,best-books,how-things-work-great-stem-books-for-8-12-year-olds,how things work great stem books for 8 12 year olds,,content
fivebooks.com,https://fivebooks.com/best-books/best-manga-for-children-and-teens-oscar/,2025-02-21,best-books,best-manga-for-children-and-teens-oscar,best manga for children and teens oscar,,content
fivebooks.com,https://fivebooks.com/best-books/the-best-graphic-novels-for-10-12-year-olds-harald/,2025-02-21,best-books,the-best-graphic-novels-for-10-12-year-olds-harald,the best graphic novels for 10 12 year olds harald,,content
fivebooks.com,https://fivebooks.com/best-books/beautiful-science-books-for-9-12-year-olds-our-childrens-editor/,2025-02-21,best-books,beautiful-science-books-for-9-12-year-olds-our-childrens-editor,beautiful science books for 9 12 year olds our childrens editor,,content
fivebooks.com,https://fivebooks.com/best-books/the-middle-ages-hannah-skoda/,2025-02-22,best-books,the-middle-ages-hannah-skoda,the middle ages hannah skoda,,content
fivebooks.com,https://fivebooks.com/best-books/wild-animals-for-kids-margaret-darawanda/,2025-02-22,best-books,wild-animals-for-kids-margaret-darawanda,wild animals for kids margaret darawanda,,content
fivebooks.com,https://fivebooks.com/best-books/dark-fantasy-alex-pheby/,2025-02-23,best-books,dark-fantasy-alex-pheby,dark fantasy alex pheby,,content
fivebooks.com,https://fivebooks.com/best-books/best-science-fiction-books-for-8-12-year-olds-dan-smith/,2025-02-24,best-books,best-science-fiction-books-for-8-12-year-olds-dan-smith,best science fiction books for 8 12 year olds dan smith,,content
fivebooks.com,https://fivebooks.com/best-books/traveller-books-kids-richard-oneill/,2025-02-24,best-books,traveller-books-kids-richard-oneill,traveller books kids richard oneill,,content
fivebooks.com,https://fivebooks.com/best-books/prehistoric-women-thomas-cirotteau/,2025-02-24,best-books,prehistoric-women-thomas-cirotteau,prehistoric women thomas cirotteau,,content
fivebooks.com,https://fivebooks.com/best-books/learning-chinese-chris-livaccari/,2025-02-24,best-books,learning-chinese-chris-livaccari,learning chinese chris livaccari,,content
fivebooks.com,https://fivebooks.com/best-books/boston-jane-kamensky/,2025-02-24,best-books,boston-jane-kamensky,boston jane kamensky,,content
fivebooks.com,https://fivebooks.com/best-books/world-philosophy-bryan-van-norden/,2025-02-24,best-books,world-philosophy-bryan-van-norden,world philosophy bryan van norden,,content
fivebooks.com,https://fivebooks.com/best-books/chinese-philosophy-michael-puett/,2025-02-24,best-books,chinese-philosophy-michael-puett,chinese philosophy michael puett,,content
fivebooks.com,https://fivebooks.com/best-books/legal-novels-scott-turow/,2025-02-25,best-books,legal-novels-scott-turow,legal novels scott turow,,content
fivebooks.com,https://fivebooks.com/best-books/third-culture-kids-elizabeth-wein/,2025-02-25,best-books,third-culture-kids-elizabeth-wein,third culture kids elizabeth wein,,content
fivebooks.com,https://fivebooks.com/best-books/john-kerry-on-progressivism/,2025-02-25,best-books,john-kerry-on-progressivism,john kerry on progressivism,,content
fivebooks.com,https://fivebooks.com/best-books/luciano-floridi-philosophy-information/,2025-02-26,best-books,luciano-floridi-philosophy-information,luciano floridi philosophy information,,content
fivebooks.com,https://fivebooks.com/best-books/finance-books-for-teens-and-young-adults-darren-collins/,2025-02-26,best-books,finance-books-for-teens-and-young-adults-darren-collins,finance books for teens and young adults darren collins,,content
fivebooks.com,https://fivebooks.com/best-books/the-best-philosophy-books-for-8-13-year-olds-zara/,2025-02-26,best-books,the-best-philosophy-books-for-8-13-year-olds-zara,the best philosophy books for 8 13 year olds zara,,content
fivebooks.com,https://fivebooks.com/best-books/best-ursula-le-guin-books-sherryl-vint/,2025-02-27,best-books,best-ursula-le-guin-books-sherryl-vint,best ursula le guin books sherryl vint,,content
fivebooks.com,https://fivebooks.com/best-books/darren-aronofsky-on-making-movies/,2025-02-27,best-books,darren-aronofsky-on-making-movies,darren aronofsky on making movies,,content
fivebooks.com,https://fivebooks.com/best-books/batteries-lukasz-bednarski/,2025-02-27,best-books,batteries-lukasz-bednarski,batteries lukasz bednarski,,content
fivebooks.com,https://fivebooks.com/best-books/regency-romance-novels-olivia-waite/,2025-02-27,best-books,regency-romance-novels-olivia-waite,regency romance novels olivia waite,,content
fivebooks.com,https://fivebooks.com/best-books/fourth-of-july-gordon-s-wood/,2025-02-27,best-books,fourth-of-july-gordon-s-wood,fourth of july gordon s wood,,content
fivebooks.com,https://fivebooks.com/best-books/free-speech-timothy-garton-ash/,2025-02-28,best-books,free-speech-timothy-garton-ash,free speech timothy garton ash,,content
fivebooks.com,https://fivebooks.com/best-books/evolution-jerry-coyne/,2025-02-28,best-books,evolution-jerry-coyne,evolution jerry coyne,,content
fivebooks.com,https://fivebooks.com/best-books/radical-environmentalism-daegan-miller/,2025-02-28,best-books,radical-environmentalism-daegan-miller,radical environmentalism daegan miller,,content
fivebooks.com,https://fivebooks.com/best-books/gaia-vince-anthropocene/,2025-02-28,best-books,gaia-vince-anthropocene,gaia vince anthropocene,,content
fivebooks.com,https://fivebooks.com/best-books/paul-krugman-readinglist/,2025-02-28,best-books,paul-krugman-readinglist,paul krugman readinglist,,content
fivebooks.com,https://fivebooks.com/best-books/naval-history-nicholas-rodger/,2025-03-03,best-books,naval-history-nicholas-rodger,naval history nicholas rodger,,content
fivebooks.com,https://fivebooks.com/best-books/franklin-d-roosevelt-cynthia-koch/,2025-03-04,best-books,franklin-d-roosevelt-cynthia-koch,franklin d roosevelt cynthia koch,,content
fivebooks.com,https://fivebooks.com/best-books/marx-marxism-terrell-carver/,2025-03-04,best-books,marx-marxism-terrell-carver,marx marxism terrell carver,,content
fivebooks.com,https://fivebooks.com/best-books/wittgenstein-peter-hacker/,2025-03-05,best-books,wittgenstein-peter-hacker,wittgenstein peter hacker,,content
fivebooks.com,https://fivebooks.com/best-books/best-high-fantasy-novels-richard-swan/,2025-03-06,best-books,best-high-fantasy-novels-richard-swan,best high fantasy novels richard swan,,content
fivebooks.com,https://fivebooks.com/best-books/putin-russian-history-edward-lucas/,2025-03-07,best-books,putin-russian-history-edward-lucas,putin russian history edward lucas,,content
fivebooks.com,https://fivebooks.com/best-books/ahilan-kadirgamar-on-sri-lanka/,2025-03-08,best-books,ahilan-kadirgamar-on-sri-lanka,ahilan kadirgamar on sri lanka,,content
fivebooks.com,https://fivebooks.com/best-books/mary-king-on-the-equestrian-life/,2025-03-08,best-books,mary-king-on-the-equestrian-life,mary king on the equestrian life,,content
fivebooks.com,https://fivebooks.com/best-books/novels-history-united-states-bernard-t-joy/,2025-03-09,best-books,novels-history-united-states-bernard-t-joy,novels history united states bernard t joy,,content
fivebooks.com,https://fivebooks.com/best-books/american-foreign-policy-gideon-rose/,2025-03-10,best-books,american-foreign-policy-gideon-rose,american foreign policy gideon rose,,content
fivebooks.com,https://fivebooks.com/best-books/the-best-21st-century-argentinian-novels-claudia-pineiro/,2025-03-10,best-books,the-best-21st-century-argentinian-novels-claudia-pineiro,the best 21st century argentinian novels claudia pineiro,,content
fivebooks.com,https://fivebooks.com/best-books/steven-amsterdam-on-worry/,2025-03-11,best-books,steven-amsterdam-on-worry,steven amsterdam on worry,,content
fivebooks.com,https://fivebooks.com/best-books/novels-about-science-fiction-gary-k-wolfe/,2025-03-11,best-books,novels-about-science-fiction-gary-k-wolfe,novels about science fiction gary k wolfe,,content
fivebooks.com,https://fivebooks.com/best-books/dostoevsky-alex-christofi/,2025-03-11,best-books,dostoevsky-alex-christofi,dostoevsky alex christofi,,content
fivebooks.com,https://fivebooks.com/best-books/toni-morrison-marilyn-mobley/,2025-03-11,best-books,toni-morrison-marilyn-mobley,toni morrison marilyn mobley,,content
fivebooks.com,https://fivebooks.com/best-books/the-best-african-contemporary-writing-mphuthumi-ntabeni/,2025-03-11,best-books,the-best-african-contemporary-writing-mphuthumi-ntabeni,the best african contemporary writing mphuthumi ntabeni,,content
fivebooks.com,https://fivebooks.com/best-books/robert-barro-on-the-lessons-of-the-great-depression/,2025-03-12,best-books,robert-barro-on-the-lessons-of-the-great-depression,robert barro on the lessons of the great depression,,content
fivebooks.com,https://fivebooks.com/best-books/the-best-audiobooks-for-kids-of-2021-emily-connelly/,2025-03-12,best-books,the-best-audiobooks-for-kids-of-2021-emily-connelly,the best audiobooks for kids of 2021 emily connelly,2021,content
fivebooks.com,https://fivebooks.com/best-books/zombies/,2025-03-13,best-books,zombies,zombies,,content
fivebooks.com,https://fivebooks.com/best-books/best-books-on-fashion-for-kids-eunice-olumide/,2025-03-13,best-books,best-books-on-fashion-for-kids-eunice-olumide,best books on fashion for kids eunice olumide,,content
fivebooks.com,https://fivebooks.com/best-books/liberal-democracy-francis-fukuyama/,2025-03-14,best-books,liberal-democracy-francis-fukuyama,liberal democracy francis fukuyama,,content
fivebooks.com,https://fivebooks.com/best-books/father-christmas-on-christmas/,2025-03-16,best-books,father-christmas-on-christmas,father christmas on christmas,,content
fivebooks.com,https://fivebooks.com/best-books/kid-detectives-robin-stevens/,2025-03-16,best-books,kid-detectives-robin-stevens,kid detectives robin stevens,,content
fivebooks.com,https://fivebooks.com/best-books/richard-fortey-on-palaeontology/,2025-03-17,best-books,richard-fortey-on-palaeontology,richard fortey on palaeontology,,content
fivebooks.com,https://fivebooks.com/best-books/the-best-sci-fi-audiobooks-ray-porter/,2025-03-17,best-books,the-best-sci-fi-audiobooks-ray-porter,the best sci fi audiobooks ray porter,,content
fivebooks.com,https://fivebooks.com/best-books/best-police-procedurals-louisa-scarr/,2025-03-17,best-books,best-police-procedurals-louisa-scarr,best police procedurals louisa scarr,,content
fivebooks.com,https://fivebooks.com/best-books/eric-olsen-on-how-to-write/,2025-03-17,best-books,eric-olsen-on-how-to-write,eric olsen on how to write,,content
fivebooks.com,https://fivebooks.com/best-books/award-winning-nonfiction-books-of-2022-sophie-roell/,2025-03-18,best-books,award-winning-nonfiction-books-of-2022-sophie-roell,award winning nonfiction books of 2022 sophie roell,2022,content
fivebooks.com,https://fivebooks.com/best-books/witches-diane-purkiss/,2025-03-18,best-books,witches-diane-purkiss,witches diane purkiss,,content
fivebooks.com,https://fivebooks.com/best-books/latin-american-novels-john-king/,2025-03-18,best-books,latin-american-novels-john-king,latin american novels john king,,content
fivebooks.com,https://fivebooks.com/best-books/the-best-20th-century-arab-novels-raphael-cormack/,2025-03-19,best-books,the-best-20th-century-arab-novels-raphael-cormack,the best 20th century arab novels raphael cormack,,content
fivebooks.com,https://fivebooks.com/best-books/the-best-european-classics-david-campbell/,2025-03-22,best-books,the-best-european-classics-david-campbell,the best european classics david campbell,,content
fivebooks.com,https://fivebooks.com/best-books/east-asian-classic-books-tuva-kahrs/,2025-03-22,best-books,east-asian-classic-books-tuva-kahrs,east asian classic books tuva kahrs,,content
fivebooks.com,https://fivebooks.com/best-books/classic-historical-fiction-set-in-ancient-rome/,2025-03-22,best-books,classic-historical-fiction-set-in-ancient-rome,classic historical fiction set in ancient rome,,content
fivebooks.com,https://fivebooks.com/best-books/classic-novels-of-the-american-civil-war-craig-a-warren/,2025-03-22,best-books,classic-novels-of-the-american-civil-war-craig-a-warren,classic novels of the american civil war craig a warren,,content
fivebooks.com,https://fivebooks.com/best-books/classic-chinese-novels/,2025-03-22,best-books,classic-chinese-novels,classic chinese novels,,content
fivebooks.com,https://fivebooks.com/best-books/best-russian-novels-orlando-figes/,2025-03-22,best-books,best-russian-novels-orlando-figes,best russian novels orlando figes,,content
fivebooks.com,https://fivebooks.com/best-books/african-american-literature-farah-griffin/,2025-03-22,best-books,african-american-literature-farah-griffin,african american literature farah griffin,,content
fivebooks.com,https://fivebooks.com/best-books/denise-hamilton-perfume/,2025-03-22,best-books,denise-hamilton-perfume,denise hamilton perfume,,content
fivebooks.com,https://fivebooks.com/best-books/the-best-colombian-novels-pilar-quintana/,2025-03-23,best-books,the-best-colombian-novels-pilar-quintana,the best colombian novels pilar quintana,,content
fivebooks.com,https://fivebooks.com/best-books/classic-mexican-novels-ave-barrera/,2025-03-23,best-books,classic-mexican-novels-ave-barrera,classic mexican novels ave barrera,,content
fivebooks.com,https://fivebooks.com/best-books/contemporary-scandinavian-fiction-man-booker/,2025-03-23,best-books,contemporary-scandinavian-fiction-man-booker,contemporary scandinavian fiction man booker,,content
fivebooks.com,https://fivebooks.com/best-books/south-asian-american-novels-wajahat-ali/,2025-03-23,best-books,south-asian-american-novels-wajahat-ali,south asian american novels wajahat ali,,content
fivebooks.com,https://fivebooks.com/best-books/historical-mystery-novels-tuva-kahrs/,2025-03-24,best-books,historical-mystery-novels-tuva-kahrs,historical mystery novels tuva kahrs,,content
fivebooks.com,https://fivebooks.com/best-books/thrillers-for-teens-kathryn-foxfield/,2025-03-24,best-books,thrillers-for-teens-kathryn-foxfield,thrillers for teens kathryn foxfield,,content
fivebooks.com,https://fivebooks.com/best-books/best-audiobooks-2023-michele-cobb/,2025-03-26,best-books,best-audiobooks-2023-michele-cobb,best audiobooks 2023 michele cobb,2023,content
fivebooks.com,https://fivebooks.com/best-books/the-best-science-fiction-fantasy-books-of-2023-the-hugo-award-nominees-sylvia-bishop/,2025-03-26,best-books,the-best-science-fiction-fantasy-books-of-2023-the-hugo-award-nominees-sylvia-bishop,the best science fiction fantasy books of 2023 the hugo award nominees sylvia bishop,2023,content
fivebooks.com,https://fivebooks.com/best-books/magical-realism-books/,2025-03-26,best-books,magical-realism-books,magical realism books,,content
fivebooks.com,https://fivebooks.com/best-books/dr-michael-goodman-on-pioneers-of-intelligence-gathering/,2025-03-27,best-books,dr-michael-goodman-on-pioneers-of-intelligence-gathering,dr michael goodman on pioneers of intelligence gathering,,content
fivebooks.com,https://fivebooks.com/best-books/the-best-book-to-movie-adaptations-peter-markham/,2025-03-27,best-books,the-best-book-to-movie-adaptations-peter-markham,the best book to movie adaptations peter markham,,content
fivebooks.com,https://fivebooks.com/best-books/spy-novels-real-events-charles-beaumont/,2025-03-27,best-books,spy-novels-real-events-charles-beaumont,spy novels real events charles beaumont,,content
fivebooks.com,https://fivebooks.com/best-books/james-turner-on-philology/,2025-03-27,best-books,james-turner-on-philology,james turner on philology,,content
fivebooks.com,https://fivebooks.com/best-books/classics-books-teenagers-olly-murphy/,2025-03-28,best-books,classics-books-teenagers-olly-murphy,classics books teenagers olly murphy,,content
fivebooks.com,https://fivebooks.com/best-books/physics-for-teenagers-kate-lee/,2025-04-01,best-books,physics-for-teenagers-kate-lee,physics for teenagers kate lee,,content
fivebooks.com,https://fivebooks.com/best-books/anxiety-lucy-foulkes/,2025-04-03,best-books,anxiety-lucy-foulkes,anxiety lucy foulkes,,content
fivebooks.com,https://fivebooks.com/best-books/running-sabrina-little/,2025-04-03,best-books,running-sabrina-little,running sabrina little,,content
fivebooks.com,https://fivebooks.com/best-books/jim-shepard-on-short-stories/,2025-04-04,best-books,jim-shepard-on-short-stories,jim shepard on short stories,,content
fivebooks.com,https://fivebooks.com/best-books/history-christianity-diarmaid-macculloch/,2025-04-04,best-books,history-christianity-diarmaid-macculloch,history christianity diarmaid macculloch,,content
fivebooks.com,https://fivebooks.com/best-books/sung-j-woo-on-the-asian-american-experience/,2025-04-04,best-books,sung-j-woo-on-the-asian-american-experience,sung j woo on the asian american experience,,content
fivebooks.com,https://fivebooks.com/best-books/susan-abulhawa-on-palestinian-writing/,2025-04-07,best-books,susan-abulhawa-on-palestinian-writing,susan abulhawa on palestinian writing,,content
fivebooks.com,https://fivebooks.com/best-books/chemistry-michelle-francl/,2025-04-07,best-books,chemistry-michelle-francl,chemistry michelle francl,,content
fivebooks.com,https://fivebooks.com/best-books/key-philosophical-texts-western-nigel-warburton/,2025-04-09,best-books,key-philosophical-texts-western-nigel-warburton,key philosophical texts western nigel warburton,,content
fivebooks.com,https://fivebooks.com/best-books/public-domain-books/,2025-04-09,best-books,public-domain-books,public domain books,,content
fivebooks.com,https://fivebooks.com/best-books/the-best-cozy-mystery-books-sophie-roell/,2025-04-09,best-books,the-best-cozy-mystery-books-sophie-roell,the best cozy mystery books sophie roell,,content
fivebooks.com,https://fivebooks.com/best-books/best-apocalyptic-books-elliot-ackerman/,2025-04-09,best-books,best-apocalyptic-books-elliot-ackerman,best apocalyptic books elliot ackerman,,content
fivebooks.com,https://fivebooks.com/best-books/the-best-wartime-mystery-books-caroline-crampton/,2025-04-09,best-books,the-best-wartime-mystery-books-caroline-crampton,the best wartime mystery books caroline crampton,,content
fivebooks.com,https://fivebooks.com/best-books/love-stories-jenny-davidson/,2025-04-10,best-books,love-stories-jenny-davidson,love stories jenny davidson,,content
fivebooks.com,https://fivebooks.com/best-books/novels-set-in-paris/,2025-04-13,best-books,novels-set-in-paris,novels set in paris,,content
fivebooks.com,https://fivebooks.com/best-books/the-best-science-fiction-the-2024-arthur-c-clarke-award-shortlist-andrew-m-butler/,2025-04-13,best-books,the-best-science-fiction-the-2024-arthur-c-clarke-award-shortlist-andrew-m-butler,the best science fiction the 2024 arthur c clarke award shortlist andrew m butler,2024,content
fivebooks.com,https://fivebooks.com/best-books/great-teen-reads-from-irelands-great-reads-awards-breege-obrien/,2025-04-14,best-books,great-teen-reads-from-irelands-great-reads-awards-breege-obrien,great teen reads from irelands great reads awards breege obrien,,content
fivebooks.com,https://fivebooks.com/best-books/martin-kemp-leonardo-da-vinci/,2025-04-15,best-books,martin-kemp-leonardo-da-vinci,martin kemp leonardo da vinci,,content
fivebooks.com,https://fivebooks.com/best-books/depression-bryony-gordon/,2025-04-15,best-books,depression-bryony-gordon,depression bryony gordon,,content
fivebooks.com,https://fivebooks.com/best-books/teenage-mental-health-books/,2025-04-15,best-books,teenage-mental-health-books,teenage mental health books,,content
fivebooks.com,https://fivebooks.com/best-books/contemporary-fiction-robert-eaglestone/,2025-04-16,best-books,contemporary-fiction-robert-eaglestone,contemporary fiction robert eaglestone,,content
fivebooks.com,https://fivebooks.com/best-books/the-great-american-novel-lawrence-buell/,2025-04-17,best-books,the-great-american-novel-lawrence-buell,the great american novel lawrence buell,,content
fivebooks.com,https://fivebooks.com/best-books/chase-stories-louise-bagshawe/,2025-04-17,best-books,chase-stories-louise-bagshawe,chase stories louise bagshawe,,content
fivebooks.com,https://fivebooks.com/best-books/wine-jancis-robinson/,2025-04-18,best-books,wine-jancis-robinson,wine jancis robinson,,content
fivebooks.com,https://fivebooks.com/best-books/the-senses-bianca-bosker/,2025-04-18,best-books,the-senses-bianca-bosker,the senses bianca bosker,,content
fivebooks.com,https://fivebooks.com/best-books/congress-julian-zelizer/,2025-04-18,best-books,congress-julian-zelizer,congress julian zelizer,,content
fivebooks.com,https://fivebooks.com/best-books/autobiographical-fiction-juliet-jacques/,2025-04-18,best-books,autobiographical-fiction-juliet-jacques,autobiographical fiction juliet jacques,,content
fivebooks.com,https://fivebooks.com/best-books/gideon-lichfield-on-perspectives-on-israel-and-palestine/,2025-04-18,best-books,gideon-lichfield-on-perspectives-on-israel-and-palestine,gideon lichfield on perspectives on israel and palestine,,content
fivebooks.com,https://fivebooks.com/best-books/modern-japanese-literature-linda-flores/,2025-04-18,best-books,modern-japanese-literature-linda-flores,modern japanese literature linda flores,,content
fivebooks.com,https://fivebooks.com/best-books/gdp-david-pilling/,2025-04-23,best-books,gdp-david-pilling,gdp david pilling,,content
fivebooks.com,https://fivebooks.com/best-books/french-resistance-jonathan-fenby/,2025-04-23,best-books,french-resistance-jonathan-fenby,french resistance jonathan fenby,,content
fivebooks.com,https://fivebooks.com/best-books/carmen-callil-on-the-other-france/,2025-04-23,best-books,carmen-callil-on-the-other-france,carmen callil on the other france,,content
fivebooks.com,https://fivebooks.com/best-books/books-that-shaped-enrique-vila-matas/,2025-04-24,best-books,books-that-shaped-enrique-vila-matas,books that shaped enrique vila matas,,content
fivebooks.com,https://fivebooks.com/best-books/r-j-ellory-on-human-dramas/,2025-04-24,best-books,r-j-ellory-on-human-dramas,r j ellory on human dramas,,content
fivebooks.com,https://fivebooks.com/best-books/forgotten-20th-century-classic-books-rebeka-russell/,2025-04-24,best-books,forgotten-20th-century-classic-books-rebeka-russell,forgotten 20th century classic books rebeka russell,,content
fivebooks.com,https://fivebooks.com/best-books/the-best-stephen-king-books-hans-ake-lilja/,2025-04-24,best-books,the-best-stephen-king-books-hans-ake-lilja,the best stephen king books hans ake lilja,,content
fivebooks.com,https://fivebooks.com/best-books/classic-japanese-mysteries-on-nomoto/,2025-04-24,best-books,classic-japanese-mysteries-on-nomoto,classic japanese mysteries on nomoto,,content
fivebooks.com,https://fivebooks.com/best-books/peter-paret-on-war-and-intellect/,2025-04-24,best-books,peter-paret-on-war-and-intellect,peter paret on war and intellect,,content
fivebooks.com,https://fivebooks.com/best-books/white-supremacy-kathleen-belew/,2025-04-24,best-books,white-supremacy-kathleen-belew,white supremacy kathleen belew,,content
fivebooks.com,https://fivebooks.com/best-books/vanora-bennett-on-chechnya/,2025-04-27,best-books,vanora-bennett-on-chechnya,vanora bennett on chechnya,,content
fivebooks.com,https://fivebooks.com/best-books/fascism-ruth-ben-ghiat/,2025-04-27,best-books,fascism-ruth-ben-ghiat,fascism ruth ben ghiat,,content
fivebooks.com,https://fivebooks.com/best-books/greatest-romantic-poems-gillen-darcy-wood/,2025-04-29,best-books,greatest-romantic-poems-gillen-darcy-wood,greatest romantic poems gillen darcy wood,,content
fivebooks.com,https://fivebooks.com/best-books/the-best-alternate-histories-harry-turtledove/,2025-04-30,best-books,the-best-alternate-histories-harry-turtledove,the best alternate histories harry turtledove,,content
fivebooks.com,https://fivebooks.com/best-books/jeffrey-wasserstrom-june-4th-1989/,2025-04-30,best-books,jeffrey-wasserstrom-june-4th-1989,jeffrey wasserstrom june 4th 1989,,content
fivebooks.com,https://fivebooks.com/best-books/cultural-revolution-roderick-macfarquhar/,2025-04-30,best-books,cultural-revolution-roderick-macfarquhar,cultural revolution roderick macfarquhar,,content
fivebooks.com,https://fivebooks.com/best-books/chinese-history-rana-mitter/,2025-04-30,best-books,chinese-history-rana-mitter,chinese history rana mitter,,content
fivebooks.com,https://fivebooks.com/best-books/novels-spanish-authors-richard-village/,2025-04-30,best-books,novels-spanish-authors-richard-village,novels spanish authors richard village,,content
fivebooks.com,https://fivebooks.com/best-books/hidden-history-mike-dash/,2025-05-01,best-books,hidden-history-mike-dash,hidden history mike dash,,content
fivebooks.com,https://fivebooks.com/best-books/the-best-isaac-asimov-books-alec-nevala-lee/,2025-05-01,best-books,the-best-isaac-asimov-books-alec-nevala-lee,the best isaac asimov books alec nevala lee,,content
fivebooks.com,https://fivebooks.com/best-books/dark-academia-lev-grossman/,2025-05-03,best-books,dark-academia-lev-grossman,dark academia lev grossman,,content
fivebooks.com,https://fivebooks.com/best-books/william-st-clair-on-reading-the-romantics/,2025-05-03,best-books,william-st-clair-on-reading-the-romantics,william st clair on reading the romantics,,content
fivebooks.com,https://fivebooks.com/best-books/time-carlo-rovelli/,2025-05-04,best-books,time-carlo-rovelli,time carlo rovelli,,content
fivebooks.com,https://fivebooks.com/best-books/brink-lindsey-traditional-liberal-conservatism/,2025-05-04,best-books,brink-lindsey-traditional-liberal-conservatism,brink lindsey traditional liberal conservatism,,content
fivebooks.com,https://fivebooks.com/best-books/arthur-ammann-aids/,2025-05-04,best-books,arthur-ammann-aids,arthur ammann aids,,content
fivebooks.com,https://fivebooks.com/best-books/nick-thorpe-on-the-fall-of-communism/,2025-05-06,best-books,nick-thorpe-on-the-fall-of-communism,nick thorpe on the fall of communism,,content
fivebooks.com,https://fivebooks.com/best-books/japan-chigusa-yamaura/,2025-05-06,best-books,japan-chigusa-yamaura,japan chigusa yamaura,,content
fivebooks.com,https://fivebooks.com/best-books/viktor-mayer-schonberger-memory-digital-age/,2025-05-09,best-books,viktor-mayer-schonberger-memory-digital-age,viktor mayer schonberger memory digital age,,content
fivebooks.com,https://fivebooks.com/best-books/short-novels/,2025-05-09,best-books,short-novels,short novels,,content
fivebooks.com,https://fivebooks.com/best-books/best-chess-books-for-beginners-andrew-green/,2025-05-10,best-books,best-chess-books-for-beginners-andrew-green,best chess books for beginners andrew green,,content
fivebooks.com,https://fivebooks.com/best-books/feel-good-books-mike-gayle/,2025-05-12,best-books,feel-good-books-mike-gayle,feel good books mike gayle,,content
fivebooks.com,https://fivebooks.com/best-books/classic-horror-books/,2025-05-13,best-books,classic-horror-books,classic horror books,,content
fivebooks.com,https://fivebooks.com/best-books/the-best-naval-historical-fiction-katie-daysh/,2025-05-16,best-books,the-best-naval-historical-fiction-katie-daysh,the best naval historical fiction katie daysh,,content
fivebooks.com,https://fivebooks.com/best-books/science-summer-reading-jim-al-khalili/,2025-05-17,best-books,science-summer-reading-jim-al-khalili,science summer reading jim al khalili,,content
fivebooks.com,https://fivebooks.com/best-books/angela-hobbs-on-the-presocratics/,2025-05-18,best-books,angela-hobbs-on-the-presocratics,angela hobbs on the presocratics,,content
fivebooks.com,https://fivebooks.com/best-books/fairy-tales-fiction-kids-cornelia-funke/,2025-05-19,best-books,fairy-tales-fiction-kids-cornelia-funke,fairy tales fiction kids cornelia funke,,content
fivebooks.com,https://fivebooks.com/best-books/thoreau-laura-dassow-walls/,2025-05-19,best-books,thoreau-laura-dassow-walls,thoreau laura dassow walls,,content
fivebooks.com,https://fivebooks.com/best-books/books-becoming-movies-in-2025/,2025-05-19,best-books,books-becoming-movies-in-2025,books becoming movies in 2025,2025,content
fivebooks.com,https://fivebooks.com/best-books/oliver-bullough-on-the-caucasus/,2025-05-20,best-books,oliver-bullough-on-the-caucasus,oliver bullough on the caucasus,,content
fivebooks.com,https://fivebooks.com/best-books/robert-conquest-on-communism/,2025-05-20,best-books,robert-conquest-on-communism,robert conquest on communism,,content
fivebooks.com,https://fivebooks.com/best-books/the-best-norse-mythology-books-carolyne-larrington/,2025-05-21,best-books,the-best-norse-mythology-books-carolyne-larrington,the best norse mythology books carolyne larrington,,content
fivebooks.com,https://fivebooks.com/best-books/the-most-beautifully-illustrated-childrens-books-ella-beech/,2025-05-21,best-books,the-most-beautifully-illustrated-childrens-books-ella-beech,the most beautifully illustrated childrens books ella beech,,content
fivebooks.com,https://fivebooks.com/best-books/scariest-books-for-kids-jack-meggitt-phillips/,2025-05-21,best-books,scariest-books-for-kids-jack-meggitt-phillips,scariest books for kids jack meggitt phillips,,content
fivebooks.com,https://fivebooks.com/best-books/mg-leonard-nature-books-kids/,2025-05-21,best-books,mg-leonard-nature-books-kids,mg leonard nature books kids,,content
fivebooks.com,https://fivebooks.com/best-books/magic-children-cressida-cowell/,2025-05-21,best-books,magic-children-cressida-cowell,magic children cressida cowell,,content
fivebooks.com,https://fivebooks.com/best-books/best-historical-fiction-8-12-year-olds-catherine-johnson/,2025-05-21,best-books,best-historical-fiction-8-12-year-olds-catherine-johnson,best historical fiction 8 12 year olds catherine johnson,,content
fivebooks.com,https://fivebooks.com/best-books/larry-doyle-on-comic-writing/,2025-05-22,best-books,larry-doyle-on-comic-writing,larry doyle on comic writing,,content
fivebooks.com,https://fivebooks.com/best-books/rosamund-bartlett-on-russian-short-stories/,2025-05-23,best-books,rosamund-bartlett-on-russian-short-stories,rosamund bartlett on russian short stories,,content
fivebooks.com,https://fivebooks.com/best-books/muriel-spark-alan-taylor/,2025-05-23,best-books,muriel-spark-alan-taylor,muriel spark alan taylor,,content
fivebooks.com,https://fivebooks.com/best-books/holding-power-account-heather-brooke/,2025-05-23,best-books,holding-power-account-heather-brooke,holding power account heather brooke,,content
fivebooks.com,https://fivebooks.com/best-books/short-classic-books/,2025-05-23,best-books,short-classic-books,short classic books,,content
fivebooks.com,https://fivebooks.com/best-books/best-philip-roth-books-ira-nadel/,2025-05-23,best-books,best-philip-roth-books-ira-nadel,best philip roth books ira nadel,,content
fivebooks.com,https://fivebooks.com/best-books/sam-tanenhaus-on-conservatism-and-culture/,2025-05-23,best-books,sam-tanenhaus-on-conservatism-and-culture,sam tanenhaus on conservatism and culture,,content
fivebooks.com,https://fivebooks.com/best-books/best-road-trip-novels-benjamin-markovits/,2025-05-24,best-books,best-road-trip-novels-benjamin-markovits,best road trip novels benjamin markovits,,content
fivebooks.com,https://fivebooks.com/best-books/best-dragon-fantasy-books-taran-matharu/,2025-05-25,best-books,best-dragon-fantasy-books-taran-matharu,best dragon fantasy books taran matharu,,content
fivebooks.com,https://fivebooks.com/best-books/best-romance-books-summer-2024/,2025-05-26,best-books,best-romance-books-summer-2024,best romance books summer 2024,2024,content
fivebooks.com,https://fivebooks.com/best-books/best-audiobooks-for-a-family-road-trip-emily-connelly/,2025-05-26,best-books,best-audiobooks-for-a-family-road-trip-emily-connelly,best audiobooks for a family road trip emily connelly,,content
fivebooks.com,https://fivebooks.com/best-books/finance-andrew-lo/,2025-05-26,best-books,finance-andrew-lo,finance andrew lo,,content
fivebooks.com,https://fivebooks.com/best-books/best-books-colonial-africa-sam-kiley/,2025-05-28,best-books,best-books-colonial-africa-sam-kiley,best books colonial africa sam kiley,,content
fivebooks.com,https://fivebooks.com/best-books/noir-crime-thrillers-cory-doctorow/,2025-05-29,best-books,noir-crime-thrillers-cory-doctorow,noir crime thrillers cory doctorow,,content
fivebooks.com,https://fivebooks.com/best-books/supreme-court-justices-dahlia-lithwick/,2025-05-29,best-books,supreme-court-justices-dahlia-lithwick,supreme court justices dahlia lithwick,,content
fivebooks.com,https://fivebooks.com/best-books/assassination-michael-burleigh/,2025-05-29,best-books,assassination-michael-burleigh,assassination michael burleigh,,content
fivebooks.com,https://fivebooks.com/best-books/conspiracy-theories-david-free/,2025-05-29,best-books,conspiracy-theories-david-free,conspiracy theories david free,,content
fivebooks.com,https://fivebooks.com/best-books/regency-period-stella-tillyard/,2025-05-29,best-books,regency-period-stella-tillyard,regency period stella tillyard,,content
fivebooks.com,https://fivebooks.com/best-books/prison-literature-david-coogan/,2025-06-03,best-books,prison-literature-david-coogan,prison literature david coogan,,content
fivebooks.com,https://fivebooks.com/best-books/psychological-novels-salley-vickers/,2025-06-03,best-books,psychological-novels-salley-vickers,psychological novels salley vickers,,content
fivebooks.com,https://fivebooks.com/best-books/melvin-burgess-childrens-and-ya-fiction/,2025-06-04,best-books,melvin-burgess-childrens-and-ya-fiction,melvin burgess childrens and ya fiction,,content
fivebooks.com,https://fivebooks.com/best-books/classic-childrens-books/,2025-06-04,best-books,classic-childrens-books,classic childrens books,,content
fivebooks.com,https://fivebooks.com/best-books/marcel-proust-books-joshua-landy/,2025-06-05,best-books,marcel-proust-books-joshua-landy,marcel proust books joshua landy,,content
fivebooks.com,https://fivebooks.com/best-books/scary-books-xavier-aldana-reyes/,2025-06-05,best-books,scary-books-xavier-aldana-reyes,scary books xavier aldana reyes,,content
fivebooks.com,https://fivebooks.com/best-books/edmund-white-on-gay-fiction/,2025-06-07,best-books,edmund-white-on-gay-fiction,edmund white on gay fiction,,content
fivebooks.com,https://fivebooks.com/best-books/david-edmonds-ethical-problems/,2025-06-08,best-books,david-edmonds-ethical-problems,david edmonds ethical problems,,content
fivebooks.com,https://fivebooks.com/best-books/patrick-french-on-india/,2025-06-08,best-books,patrick-french-on-india,patrick french on india,,content
fivebooks.com,https://fivebooks.com/best-books/walter-isaacson-on-einstein/,2025-06-08,best-books,walter-isaacson-on-einstein,walter isaacson on einstein,,content
fivebooks.com,https://fivebooks.com/best-books/long-distance-journeys-louis-hall/,2025-06-10,best-books,long-distance-journeys-louis-hall,long distance journeys louis hall,,content
fivebooks.com,https://fivebooks.com/best-books/prize-winning-crime-novels-of-2024-sophie-roell/,2025-06-11,best-books,prize-winning-crime-novels-of-2024-sophie-roell,prize winning crime novels of 2024 sophie roell,2024,content
fivebooks.com,https://fivebooks.com/best-books/cyber-security-josephine-wolff/,2025-06-11,best-books,cyber-security-josephine-wolff,cyber security josephine wolff,,content
fivebooks.com,https://fivebooks.com/best-books/award-winning-novels-2023-cal-flyn/,2025-06-11,best-books,award-winning-novels-2023-cal-flyn,award winning novels 2023 cal flyn,2023,content
fivebooks.com,https://fivebooks.com/best-books/christos-chomenidis-real-greece/,2025-06-15,best-books,christos-chomenidis-real-greece,christos chomenidis real greece,,content
fivebooks.com,https://fivebooks.com/best-books/venice-matthew-rice/,2025-06-19,best-books,venice-matthew-rice,venice matthew rice,,content
fivebooks.com,https://fivebooks.com/best-books/richard-reynolds-on-guerrilla-gardening/,2025-06-20,best-books,richard-reynolds-on-guerrilla-gardening,richard reynolds on guerrilla gardening,,content
fivebooks.com,https://fivebooks.com/best-books/best-john-le-carre-books-nick-harkaway/,2025-06-22,best-books,best-john-le-carre-books-nick-harkaway,best john le carre books nick harkaway,,content
fivebooks.com,https://fivebooks.com/best-books/the-best-amateur-detective-novels-jess-kidd/,2025-06-22,best-books,the-best-amateur-detective-novels-jess-kidd,the best amateur detective novels jess kidd,,content
fivebooks.com,https://fivebooks.com/best-books/modern-greek-history-yanni-kotsonis/,2025-06-22,best-books,modern-greek-history-yanni-kotsonis,modern greek history yanni kotsonis,,content
fivebooks.com,https://fivebooks.com/best-books/the-best-h-p-lovecraft-books-jeffrey-weinstock/,2025-06-22,best-books,the-best-h-p-lovecraft-books-jeffrey-weinstock,the best h p lovecraft books jeffrey weinstock,,content
fivebooks.com,https://fivebooks.com/best-books/the-best-historical-fantasy-books-p-djeli-clark/,2025-06-22,best-books,the-best-historical-fantasy-books-p-djeli-clark,the best historical fantasy books p djeli clark,,content
fivebooks.com,https://fivebooks.com/best-books/the-best-historical-fiction-set-in-the-18th-century-ariel-lawhon/,2025-06-22,best-books,the-best-historical-fiction-set-in-the-18th-century-ariel-lawhon,the best historical fiction set in the 18th century ariel lawhon,,content
fivebooks.com,https://fivebooks.com/best-books/sport-romance-novels-tegan-phillips/,2025-06-22,best-books,sport-romance-novels-tegan-phillips,sport romance novels tegan phillips,,content
fivebooks.com,https://fivebooks.com/best-books/18th-century-novels-sophie-gee/,2025-06-22,best-books,18th-century-novels-sophie-gee,18th century novels sophie gee,,content
fivebooks.com,https://fivebooks.com/best-books/best-popular-science-books-2024-royal-society-book-prize-john-hutchinson/,2025-06-22,best-books,best-popular-science-books-2024-royal-society-book-prize-john-hutchinson,best popular science books 2024 royal society book prize john hutchinson,2024,content
fivebooks.com,https://fivebooks.com/best-books/mythological-retellings-francesca-simon/,2025-06-22,best-books,mythological-retellings-francesca-simon,mythological retellings francesca simon,,content
fivebooks.com,https://fivebooks.com/best-books/warhammer-40k-books-graham-mcneill/,2025-06-22,best-books,warhammer-40k-books-graham-mcneill,warhammer 40k books graham mcneill,,content
fivebooks.com,https://fivebooks.com/best-books/taoism-simon-cox/,2025-06-22,best-books,taoism-simon-cox,taoism simon cox,,content
fivebooks.com,https://fivebooks.com/best-books/augustus-peter-wiseman/,2025-06-22,best-books,augustus-peter-wiseman,augustus peter wiseman,,content
fivebooks.com,https://fivebooks.com/best-books/the-history-of-brazil-and-slavery-ana-lucia-araujo/,2025-06-24,best-books,the-history-of-brazil-and-slavery-ana-lucia-araujo,the history of brazil and slavery ana lucia araujo,,content
fivebooks.com,https://fivebooks.com/best-books/the-best-audiobooks-for-young-adults-of-2024-audiofile-editors/,2025-06-24,best-books,the-best-audiobooks-for-young-adults-of-2024-audiofile-editors,the best audiobooks for young adults of 2024 audiofile editors,2024,content
fivebooks.com,https://fivebooks.com/best-books/the-best-hard-science-fiction-books-adrian-tchaikovsky/,2025-06-24,best-books,the-best-hard-science-fiction-books-adrian-tchaikovsky,the best hard science fiction books adrian tchaikovsky,,content
fivebooks.com,https://fivebooks.com/best-books/the-best-romance-audiobooks-of-2024-audiofile-editors/,2025-06-24,best-books,the-best-romance-audiobooks-of-2024-audiofile-editors,the best romance audiobooks of 2024 audiofile editors,2024,content
fivebooks.com,https://fivebooks.com/best-books/mystery-suspense-audiobooks-2024-audiofile-editors/,2025-06-24,best-books,mystery-suspense-audiobooks-2024-audiofile-editors,mystery suspense audiobooks 2024 audiofile editors,2024,content
fivebooks.com,https://fivebooks.com/best-books/cancer-jarle-breivik/,2025-06-24,best-books,cancer-jarle-breivik,cancer jarle breivik,,content
fivebooks.com,https://fivebooks.com/best-books/the-best-sci-fi-short-stories-r-s-a-garcia/,2025-06-24,best-books,the-best-sci-fi-short-stories-r-s-a-garcia,the best sci fi short stories r s a garcia,,content
fivebooks.com,https://fivebooks.com/best-books/five-graphic-novels-need-to-read-ivanka-hahnenberger/,2025-06-24,best-books,five-graphic-novels-need-to-read-ivanka-hahnenberger,five graphic novels need to read ivanka hahnenberger,,content
fivebooks.com,https://fivebooks.com/best-books/lessons-of-history-roman-krznaric/,2025-06-24,best-books,lessons-of-history-roman-krznaric,lessons of history roman krznaric,,content
fivebooks.com,https://fivebooks.com/best-books/adventure-novels-2024-emma-styles/,2025-06-24,best-books,adventure-novels-2024-emma-styles,adventure novels 2024 emma styles,2024,content
fivebooks.com,https://fivebooks.com/best-books/post-ian-fleming-bond-books-mark-edlitz/,2025-06-24,best-books,post-ian-fleming-bond-books-mark-edlitz,post ian fleming bond books mark edlitz,,content
fivebooks.com,https://fivebooks.com/best-books/the-best-steampunk-books-mike-perschon/,2025-06-28,best-books,the-best-steampunk-books-mike-perschon,the best steampunk books mike perschon,,content
fivebooks.com,https://fivebooks.com/best-books/nonfiction-fall-2024-sophie-roell/,2025-06-28,best-books,nonfiction-fall-2024-sophie-roell,nonfiction fall 2024 sophie roell,2024,content
fivebooks.com,https://fivebooks.com/best-books/prize-winning-sci-fi-novels-of-2024-sylvia-bishop/,2025-06-28,best-books,prize-winning-sci-fi-novels-of-2024-sylvia-bishop,prize winning sci fi novels of 2024 sylvia bishop,2024,content
fivebooks.com,https://fivebooks.com/best-books/best-fantasy-mystery-books-jim-butcher/,2025-06-28,best-books,best-fantasy-mystery-books-jim-butcher,best fantasy mystery books jim butcher,,content
fivebooks.com,https://fivebooks.com/best-books/slovenia-sam-baldwin/,2025-06-28,best-books,slovenia-sam-baldwin,slovenia sam baldwin,,content
fivebooks.com,https://fivebooks.com/best-books/the-best-20th-century-short-stories-etgar-keret/,2025-06-28,best-books,the-best-20th-century-short-stories-etgar-keret,the best 20th century short stories etgar keret,,content
fivebooks.com,https://fivebooks.com/best-books/memoirs-dorothy-byrne/,2025-06-28,best-books,memoirs-dorothy-byrne,memoirs dorothy byrne,,content
fivebooks.com,https://fivebooks.com/best-books/the-best-21st-century-german-novels-katy-derbyshire/,2025-06-28,best-books,the-best-21st-century-german-novels-katy-derbyshire,the best 21st century german novels katy derbyshire,,content
fivebooks.com,https://fivebooks.com/best-books/the-best-romance-books-with-a-twist-dani-atkins/,2025-06-28,best-books,the-best-romance-books-with-a-twist-dani-atkins,the best romance books with a twist dani atkins,,content
fivebooks.com,https://fivebooks.com/best-books/central-asia-and-its-golden-age-s-frederick-starr/,2025-06-28,best-books,central-asia-and-its-golden-age-s-frederick-starr,central asia and its golden age s frederick starr,,content
fivebooks.com,https://fivebooks.com/best-books/crime-novels-set-oxford-cara-hunter/,2025-06-28,best-books,crime-novels-set-oxford-cara-hunter,crime novels set oxford cara hunter,,content
fivebooks.com,https://fivebooks.com/best-books/the-best-dick-francis-books-felix-francis/,2025-06-28,best-books,the-best-dick-francis-books-felix-francis,the best dick francis books felix francis,,content
fivebooks.com,https://fivebooks.com/best-books/machine-learning-eric-siegel/,2025-06-28,best-books,machine-learning-eric-siegel,machine learning eric siegel,,content
fivebooks.com,https://fivebooks.com/best-books/british-academy-book-prize-2023-madawi-al-rasheed/,2025-06-28,best-books,british-academy-book-prize-2023-madawi-al-rasheed,british academy book prize 2023 madawi al rasheed,2023,content
fivebooks.com,https://fivebooks.com/best-books/best-crime-novels-2023-sophie-roell/,2025-06-28,best-books,best-crime-novels-2023-sophie-roell,best crime novels 2023 sophie roell,2023,content
fivebooks.com,https://fivebooks.com/best-books/short-stories-from-taiwan-sabina-knight/,2025-06-28,best-books,short-stories-from-taiwan-sabina-knight,short stories from taiwan sabina knight,,content
fivebooks.com,https://fivebooks.com/best-books/citizen-assemblies-hugh-pope/,2025-06-28,best-books,citizen-assemblies-hugh-pope,citizen assemblies hugh pope,,content
fivebooks.com,https://fivebooks.com/best-books/best-history-books-for-10-year-olds-alex/,2025-07-01,best-books,best-history-books-for-10-year-olds-alex,best history books for 10 year olds alex,,content
fivebooks.com,https://fivebooks.com/best-books/the-best-recent-novels-from-francophone-africa-mutt-lon/,2025-07-01,best-books,the-best-recent-novels-from-francophone-africa-mutt-lon,the best recent novels from francophone africa mutt lon,,content
fivebooks.com,https://fivebooks.com/best-books/endangered-languages-samantha-ellis/,2025-07-01,best-books,endangered-languages-samantha-ellis,endangered languages samantha ellis,,content
fivebooks.com,https://fivebooks.com/best-books/shakespeare-reception-emma-smith/,2025-07-02,best-books,shakespeare-reception-emma-smith,shakespeare reception emma smith,,content
fivebooks.com,https://fivebooks.com/best-books/shakespeare-sonnets-scott-newstok/,2025-07-02,best-books,shakespeare-sonnets-scott-newstok,shakespeare sonnets scott newstok,,content
fivebooks.com,https://fivebooks.com/best-books/shakespeares-sources-robert-s-miola/,2025-07-02,best-books,shakespeares-sources-robert-s-miola,shakespeares sources robert s miola,,content
fivebooks.com,https://fivebooks.com/best-books/best-shakespeare-kids-natasha/,2025-07-02,best-books,best-shakespeare-kids-natasha,best shakespeare kids natasha,,content
fivebooks.com,https://fivebooks.com/best-books/shakespeare-biography-james-shapiro/,2025-07-02,best-books,shakespeare-biography-james-shapiro,shakespeare biography james shapiro,,content
fivebooks.com,https://fivebooks.com/best-books/feminist-historical-novels-flora-carr/,2025-07-06,best-books,feminist-historical-novels-flora-carr,feminist historical novels flora carr,,content
fivebooks.com,https://fivebooks.com/best-books/andrei-codrescu-fantastical-tales/,2025-07-06,best-books,andrei-codrescu-fantastical-tales,andrei codrescu fantastical tales,,content
fivebooks.com,https://fivebooks.com/best-books/wordless-picture-books-evelyn-arizpe/,2025-07-07,best-books,wordless-picture-books-evelyn-arizpe,wordless picture books evelyn arizpe,,content
fivebooks.com,https://fivebooks.com/best-books/psychological-thrillers-with-a-twist/,2025-07-07,best-books,psychological-thrillers-with-a-twist,psychological thrillers with a twist,,content
fivebooks.com,https://fivebooks.com/best-books/the-best-postcolonial-literature-anjuli-fatima-raza-kolb/,2025-07-07,best-books,the-best-postcolonial-literature-anjuli-fatima-raza-kolb,the best postcolonial literature anjuli fatima raza kolb,,content
fivebooks.com,https://fivebooks.com/best-books/epic-poems/,2025-07-08,best-books,epic-poems,epic poems,,content
fivebooks.com,https://fivebooks.com/best-books/special-edition-books/,2025-07-09,best-books,special-edition-books,special edition books,,content
fivebooks.com,https://fivebooks.com/best-books/cosmology-david-goldberg/,2025-07-10,best-books,cosmology-david-goldberg,cosmology david goldberg,,content
fivebooks.com,https://fivebooks.com/best-books/andreas-wesemann-on-the-european-civil-war-1914-1945/,2025-07-11,best-books,andreas-wesemann-on-the-european-civil-war-1914-1945,andreas wesemann on the european civil war 1914 1945,,content
fivebooks.com,https://fivebooks.com/best-books/salem-witch-trials/,2025-07-13,best-books,salem-witch-trials,salem witch trials,,content
fivebooks.com,https://fivebooks.com/best-books/science-fiction-classics-adam-roberts/,2025-07-13,best-books,science-fiction-classics-adam-roberts,science fiction classics adam roberts,,content
fivebooks.com,https://fivebooks.com/best-books/short-sci-fi-books-karin-tidbeck/,2025-07-16,best-books,short-sci-fi-books-karin-tidbeck,short sci fi books karin tidbeck,,content
fivebooks.com,https://fivebooks.com/best-books/how-to-be-happy-anthony-seldon/,2025-07-23,best-books,how-to-be-happy-anthony-seldon,how to be happy anthony seldon,,content
fivebooks.com,https://fivebooks.com/best-books/jesus-robert-morgan/,2025-07-23,best-books,jesus-robert-morgan,jesus robert morgan,,content
fivebooks.com,https://fivebooks.com/best-books/arguments-existence-of-god-ed-feser/,2025-07-23,best-books,arguments-existence-of-god-ed-feser,arguments existence of god ed feser,,content
fivebooks.com,https://fivebooks.com/best-books/jerry-mcnerney-on-clean-energy/,2025-07-23,best-books,jerry-mcnerney-on-clean-energy,jerry mcnerney on clean energy,,content
fivebooks.com,https://fivebooks.com/best-books/lewis-wolpert-science/,2025-07-26,best-books,lewis-wolpert-science,lewis wolpert science,,content
fivebooks.com,https://fivebooks.com/best-books/kwame-anthony-appiah-on-honour/,2025-07-26,best-books,kwame-anthony-appiah-on-honour,kwame anthony appiah on honour,,content
fivebooks.com,https://fivebooks.com/best-books/the-best-fiction-audiobooks-of-2024-audiofile-editors/,2025-07-28,best-books,the-best-fiction-audiobooks-of-2024-audiofile-editors,the best fiction audiobooks of 2024 audiofile editors,2024,content
fivebooks.com,https://fivebooks.com/best-books/books-rooted-in-oral-storytelling-tuva-kahrs/,2025-07-29,best-books,books-rooted-in-oral-storytelling-tuva-kahrs,books rooted in oral storytelling tuva kahrs,,content
fivebooks.com,https://fivebooks.com/best-books/hades-and-persephone-melinda-salisbury/,2025-07-30,best-books,hades-and-persephone-melinda-salisbury,hades and persephone melinda salisbury,,content
fivebooks.com,https://fivebooks.com/best-books/peter-gilliver-oxford-english-dictionary/,2025-08-04,best-books,peter-gilliver-oxford-english-dictionary,peter gilliver oxford english dictionary,,content
fivebooks.com,https://fivebooks.com/best-books/five-favourite-books-philip-pullman/,2025-08-04,best-books,five-favourite-books-philip-pullman,five favourite books philip pullman,,content
fivebooks.com,https://fivebooks.com/best-books/andrew-briggs-nature-of-reality/,2025-08-04,best-books,andrew-briggs-nature-of-reality,andrew briggs nature of reality,,content
fivebooks.com,https://fivebooks.com/best-books/best-books-on-etymology/,2025-08-04,best-books,best-books-on-etymology,best books on etymology,,content
fivebooks.com,https://fivebooks.com/best-books/p-w-singer-august-cole-best-books-world-war-iii/,2025-08-05,best-books,p-w-singer-august-cole-best-books-world-war-iii,p w singer august cole best books world war iii,,content
fivebooks.com,https://fivebooks.com/best-books/john-gray-on-critiques-of-utopia-and-apocalypse/,2025-08-05,best-books,john-gray-on-critiques-of-utopia-and-apocalypse,john gray on critiques of utopia and apocalypse,,content
fivebooks.com,https://fivebooks.com/best-books/best-post-apocalyptic-novels/,2025-08-06,best-books,best-post-apocalyptic-novels,best post apocalyptic novels,,content
fivebooks.com,https://fivebooks.com/best-books/classical-literature-charlotte-higgins/,2025-08-08,best-books,classical-literature-charlotte-higgins,classical literature charlotte higgins,,content
fivebooks.com,https://fivebooks.com/best-books/david-biro-pain/,2025-08-08,best-books,david-biro-pain,david biro pain,,content
fivebooks.com,https://fivebooks.com/best-books/confucius/,2025-08-08,best-books,confucius,confucius,,content
fivebooks.com,https://fivebooks.com/best-books/best-baltic-literature-jayde-will/,2025-08-10,best-books,best-baltic-literature-jayde-will,best baltic literature jayde will,,content
fivebooks.com,https://fivebooks.com/best-books/french-novels-david-bellos/,2025-08-10,best-books,french-novels-david-bellos,french novels david bellos,,content
fivebooks.com,https://fivebooks.com/best-books/best-historical-fiction-set-france-david-lawday/,2025-08-10,best-books,best-historical-fiction-set-france-david-lawday,best historical fiction set france david lawday,,content
fivebooks.com,https://fivebooks.com/best-books/anthony-trollope-francesca-simon/,2025-08-10,best-books,anthony-trollope-francesca-simon,anthony trollope francesca simon,,content
fivebooks.com,https://fivebooks.com/best-books/emotions-lisa-feldman-barrett/,2025-08-10,best-books,emotions-lisa-feldman-barrett,emotions lisa feldman barrett,,content
fivebooks.com,https://fivebooks.com/best-books/apollo-christopher-riley/,2025-08-10,best-books,apollo-christopher-riley,apollo christopher riley,,content
fivebooks.com,https://fivebooks.com/best-books/the-best-20th-century-chinese-fiction-lijia-zhang/,2025-08-12,best-books,the-best-20th-century-chinese-fiction-lijia-zhang,the best 20th century chinese fiction lijia zhang,,content
fivebooks.com,https://fivebooks.com/best-books/augustine-catherine-conybeare/,2025-08-12,best-books,augustine-catherine-conybeare,augustine catherine conybeare,,content
fivebooks.com,https://fivebooks.com/best-books/sleep/,2025-08-13,best-books,sleep,sleep,,content
fivebooks.com,https://fivebooks.com/best-books/logic-tom-stoneham/,2025-08-13,best-books,logic-tom-stoneham,logic tom stoneham,,content
fivebooks.com,https://fivebooks.com/best-books/jonathon-green-on-slang/,2025-08-14,best-books,jonathon-green-on-slang,jonathon green on slang,,content
fivebooks.com,https://fivebooks.com/best-books/henry-hitchings-on-language/,2025-08-14,best-books,henry-hitchings-on-language,henry hitchings on language,,content
fivebooks.com,https://fivebooks.com/best-books/swearing-melissa-mohr/,2025-08-14,best-books,swearing-melissa-mohr,swearing melissa mohr,,content
fivebooks.com,https://fivebooks.com/best-books/apocalyptic-novels-james-miller/,2025-08-14,best-books,apocalyptic-novels-james-miller,apocalyptic novels james miller,,content
fivebooks.com,https://fivebooks.com/best-books/the-body-karen-harvey/,2025-08-14,best-books,the-body-karen-harvey,the body karen harvey,,content
fivebooks.com,https://fivebooks.com/best-books/timothy-snyder-on-dissent/,2025-08-15,best-books,timothy-snyder-on-dissent,timothy snyder on dissent,,content
fivebooks.com,https://fivebooks.com/best-books/ancient-rome-tom-holland/,2025-08-17,best-books,ancient-rome-tom-holland,ancient rome tom holland,,content
fivebooks.com,https://fivebooks.com/best-books/high-performance-psychology-michael-gervais/,2025-08-20,best-books,high-performance-psychology-michael-gervais,high performance psychology michael gervais,,content
fivebooks.com,https://fivebooks.com/best-books/contemporary-chinese-fiction-sinoist-books/,2025-08-25,best-books,contemporary-chinese-fiction-sinoist-books,contemporary chinese fiction sinoist books,,content
fivebooks.com,https://fivebooks.com/best-books/the-best-solarpunk-books-sarena-ulibarri/,2025-08-25,best-books,the-best-solarpunk-books-sarena-ulibarri,the best solarpunk books sarena ulibarri,,content
fivebooks.com,https://fivebooks.com/best-books/arthur-schopenhauer-david-bather-woods/,2025-08-27,best-books,arthur-schopenhauer-david-bather-woods,arthur schopenhauer david bather woods,,content
fivebooks.com,https://fivebooks.com/best-books/albert-camus-jamie-lombardi/,2025-08-27,best-books,albert-camus-jamie-lombardi,albert camus jamie lombardi,,content
fivebooks.com,https://fivebooks.com/best-books/best-mystery-books-of-2022/,2025-08-29,best-books,best-mystery-books-of-2022,best mystery books of 2022,2022,content
fivebooks.com,https://fivebooks.com/best-books/crime-novels-2024-sophie-roell/,2025-08-29,best-books,crime-novels-2024-sophie-roell,crime novels 2024 sophie roell,2024,content
fivebooks.com,https://fivebooks.com/best-books/the-best-mystery-books-of-2020/,2025-08-29,best-books,the-best-mystery-books-of-2020,the best mystery books of 2020,2020,content
fivebooks.com,https://fivebooks.com/best-books/best-1930s-mysteries-louise-hare/,2025-08-29,best-books,best-1930s-mysteries-louise-hare,best 1930s mysteries louise hare,,content
fivebooks.com,https://fivebooks.com/best-books/best-mystery-books-of-2023/,2025-08-29,best-books,best-mystery-books-of-2023,best mystery books of 2023,2023,content
fivebooks.com,https://fivebooks.com/best-books/best-mystery-books-of-2021/,2025-08-29,best-books,best-mystery-books-of-2021,best mystery books of 2021,2021,content
fivebooks.com,https://fivebooks.com/best-books/the-best-mystery-books-of-2024/,2025-08-29,best-books,the-best-mystery-books-of-2024,the best mystery books of 2024,2024,content
fivebooks.com,https://fivebooks.com/best-books/peter-boetkke-on-austrian-economics/,2025-08-31,best-books,peter-boetkke-on-austrian-economics,peter boetkke on austrian economics,,content
fivebooks.com,https://fivebooks.com/best-books/philosophical-novels-rebecca-goldstein/,2025-09-01,best-books,philosophical-novels-rebecca-goldstein,philosophical novels rebecca goldstein,,content
fivebooks.com,https://fivebooks.com/best-books/the-best-20th-century-japanese-novels-rie-qudan/,2025-09-03,best-books,the-best-20th-century-japanese-novels-rie-qudan,the best 20th century japanese novels rie qudan,,content
fivebooks.com,https://fivebooks.com/best-books/stephen-glain-on-us-militarism/,2025-09-03,best-books,stephen-glain-on-us-militarism,stephen glain on us militarism,,content
fivebooks.com,https://fivebooks.com/best-books/new-economics-books/,2025-09-04,best-books,new-economics-books,new economics books,,content
fivebooks.com,https://fivebooks.com/best-books/historical-novels-with-strong-female-leads-kate-mosse/,2025-09-05,best-books,historical-novels-with-strong-female-leads-kate-mosse,historical novels with strong female leads kate mosse,,content
fivebooks.com,https://fivebooks.com/best-books/baillie-gifford-nonfiction-2016/,2025-09-08,best-books,baillie-gifford-nonfiction-2016,baillie gifford nonfiction 2016,2016,content
fivebooks.com,https://fivebooks.com/best-books/surfing-gerry-lopez/,2025-09-08,best-books,surfing-gerry-lopez,surfing gerry lopez,,content
fivebooks.com,https://fivebooks.com/best-books/goya-janis-tomlinson/,2025-09-10,best-books,goya-janis-tomlinson,goya janis tomlinson,,content
fivebooks.com,https://fivebooks.com/best-books/medieval-historical-fiction-marion-turner/,2025-09-11,best-books,medieval-historical-fiction-marion-turner,medieval historical fiction marion turner,,content
fivebooks.com,https://fivebooks.com/best-books/solzhenitsyn-michael-nicholson/,2025-09-12,best-books,solzhenitsyn-michael-nicholson,solzhenitsyn michael nicholson,,content
fivebooks.com,https://fivebooks.com/best-books/best-locked-room-or-puzzle-mysteries-tom-mead/,2025-09-12,best-books,best-locked-room-or-puzzle-mysteries-tom-mead,best locked room or puzzle mysteries tom mead,,content
fivebooks.com,https://fivebooks.com/best-books/tom-piazza-on-new-orleans/,2025-09-16,best-books,tom-piazza-on-new-orleans,tom piazza on new orleans,,content
fivebooks.com,https://fivebooks.com/best-books/negotiation-jonathan-powell/,2025-09-17,best-books,negotiation-jonathan-powell,negotiation jonathan powell,,content
fivebooks.com,https://fivebooks.com/best-books/brigid-keenan-on-the-diplomats-wife/,2025-09-17,best-books,brigid-keenan-on-the-diplomats-wife,brigid keenan on the diplomats wife,,content
fivebooks.com,https://fivebooks.com/best-books/helena-frith-powell-on-glamour/,2025-09-17,best-books,helena-frith-powell-on-glamour,helena frith powell on glamour,,content
fivebooks.com,https://fivebooks.com/best-books/sophie-roell-on-favourite-books/,2025-09-17,best-books,sophie-roell-on-favourite-books,sophie roell on favourite books,,content
fivebooks.com,https://fivebooks.com/best-books/sport-novels-chad-harbach/,2025-09-17,best-books,sport-novels-chad-harbach,sport novels chad harbach,,content
fivebooks.com,https://fivebooks.com/best-books/steve-lance-on-the-future-of-advertising/,2025-09-17,best-books,steve-lance-on-the-future-of-advertising,steve lance on the future of advertising,,content
fivebooks.com,https://fivebooks.com/best-books/ve-day-books-sophie-roell/,2025-09-17,best-books,ve-day-books-sophie-roell,ve day books sophie roell,,content
fivebooks.com,https://fivebooks.com/best-books/evolutionary-psychology-chris-paley/,2025-09-17,best-books,evolutionary-psychology-chris-paley,evolutionary psychology chris paley,,content
fivebooks.com,https://fivebooks.com/best-books/books-by-japanese-authors/,2025-09-17,best-books,books-by-japanese-authors,books by japanese authors,,content
fivebooks.com,https://fivebooks.com/best-books/books-by-hispanic-authors/,2025-09-17,best-books,books-by-hispanic-authors,books by hispanic authors,,content
fivebooks.com,https://fivebooks.com/best-books/books-robert-redford-starred-in/,2025-09-17,best-books,books-robert-redford-starred-in,books robert redford starred in,,content
fivebooks.com,https://fivebooks.com/best-books/john-david-lewis-on-war-and-foreign-policy/,2025-09-18,best-books,john-david-lewis-on-war-and-foreign-policy,john david lewis on war and foreign policy,,content
fivebooks.com,https://fivebooks.com/best-books/historical-fiction-teens/,2025-09-18,best-books,historical-fiction-teens,historical fiction teens,,content
fivebooks.com,https://fivebooks.com/best-books/rick-riordan-books-alex-age-13/,2025-09-19,best-books,rick-riordan-books-alex-age-13,rick riordan books alex age 13,,content
fivebooks.com,https://fivebooks.com/best-books/books-that-changed-the-world-amanda-craig/,2025-09-19,best-books,books-that-changed-the-world-amanda-craig,books that changed the world amanda craig,,content
fivebooks.com,https://fivebooks.com/best-books/geraldine-mccaughrean-true-stories/,2025-09-19,best-books,geraldine-mccaughrean-true-stories,geraldine mccaughrean true stories,,content
fivebooks.com,https://fivebooks.com/best-books/wild-places/,2025-09-19,best-books,wild-places,wild places,,content
fivebooks.com,https://fivebooks.com/best-books/outsiders/,2025-09-19,best-books,outsiders,outsiders,,content
fivebooks.com,https://fivebooks.com/best-books/alien-invasions-seth-dickinson/,2025-09-19,best-books,alien-invasions-seth-dickinson,alien invasions seth dickinson,,content
fivebooks.com,https://fivebooks.com/best-books/the-soviet-union-sheila-fitzpatrick/,2025-09-19,best-books,the-soviet-union-sheila-fitzpatrick,the soviet union sheila fitzpatrick,,content
fivebooks.com,https://fivebooks.com/best-books/the-best-roman-history-books-ross-king/,2025-09-20,best-books,the-best-roman-history-books-ross-king,the best roman history books ross king,,content
fivebooks.com,https://fivebooks.com/best-books/the-best-science-fantasy-vajra-chandrasekera/,2025-09-21,best-books,the-best-science-fantasy-vajra-chandrasekera,the best science fantasy vajra chandrasekera,,content
fivebooks.com,https://fivebooks.com/best-books/long-novels/,2025-09-21,best-books,long-novels,long novels,,content
fivebooks.com,https://fivebooks.com/best-books/best-historical-novels-set-in-india-ruchir-joshi/,2025-09-23,best-books,best-historical-novels-set-in-india-ruchir-joshi,best historical novels set in india ruchir joshi,,content
fivebooks.com,https://fivebooks.com/best-books/detective-fiction-jeffrey-archer/,2025-09-24,best-books,detective-fiction-jeffrey-archer,detective fiction jeffrey archer,,content
fivebooks.com,https://fivebooks.com/best-books/aleksandar-hemon-man-inhumanity-man/,2025-09-25,best-books,aleksandar-hemon-man-inhumanity-man,aleksandar hemon man inhumanity man,,content
fivebooks.com,https://fivebooks.com/best-books/william-boyd-writers-inspired/,2025-09-27,best-books,william-boyd-writers-inspired,william boyd writers inspired,,content
fivebooks.com,https://fivebooks.com/best-books/award-winning-best-biographies-of-2024-cal-flyn/,2025-09-28,best-books,award-winning-best-biographies-of-2024-cal-flyn,award winning best biographies of 2024 cal flyn,2024,content
fivebooks.com,https://fivebooks.com/best-books/new-biographies/,2025-09-30,best-books,new-biographies,new biographies,,content
fivebooks.com,https://fivebooks.com/best-books/jack-rakove-on-the-us-constitution/,2025-10-01,best-books,jack-rakove-on-the-us-constitution,jack rakove on the us constitution,,content
fivebooks.com,https://fivebooks.com/best-books/the-best-cyberpunk-novels-jared-shurin/,2025-10-03,best-books,the-best-cyberpunk-novels-jared-shurin,the best cyberpunk novels jared shurin,,content
fivebooks.com,https://fivebooks.com/best-books/the-best-john-wyndham-books-amy-binns/,2025-10-03,best-books,the-best-john-wyndham-books-amy-binns,the best john wyndham books amy binns,,content
fivebooks.com,https://fivebooks.com/best-books/tales-soviet-russia-robert-chandler/,2025-10-03,best-books,tales-soviet-russia-robert-chandler,tales soviet russia robert chandler,,content
fivebooks.com,https://fivebooks.com/best-books/stephen-lucas-on-soviet-law/,2025-10-03,best-books,stephen-lucas-on-soviet-law,stephen lucas on soviet law,,content
fivebooks.com,https://fivebooks.com/best-books/novels-imagining-neanderthals-rebecca-wragg-sykes/,2025-10-07,best-books,novels-imagining-neanderthals-rebecca-wragg-sykes,novels imagining neanderthals rebecca wragg sykes,,content
fivebooks.com,https://fivebooks.com/best-books/sara-maitland-on-silence/,2025-10-07,best-books,sara-maitland-on-silence,sara maitland on silence,,content
fivebooks.com,https://fivebooks.com/best-books/rabbi-lionel-blue-favourite-books/,2025-10-07,best-books,rabbi-lionel-blue-favourite-books,rabbi lionel blue favourite books,,content
fivebooks.com,https://fivebooks.com/best-books/anwilson-christian-books/,2025-10-07,best-books,anwilson-christian-books,anwilson christian books,,content
fivebooks.com,https://fivebooks.com/best-books/richard-harries-on-christianity/,2025-10-07,best-books,richard-harries-on-christianity,richard harries on christianity,,content
fivebooks.com,https://fivebooks.com/best-books/mike-huckabee-on-simple-governance/,2025-10-07,best-books,mike-huckabee-on-simple-governance,mike huckabee on simple governance,,content
fivebooks.com,https://fivebooks.com/best-books/fantasy-worlds-r-j-barker/,2025-10-08,best-books,fantasy-worlds-r-j-barker,fantasy worlds r j barker,,content
fivebooks.com,https://fivebooks.com/best-books/british-academy-book-prize-2022-philippe-sands/,2025-10-09,best-books,british-academy-book-prize-2022-philippe-sands,british academy book prize 2022 philippe sands,2022,content
fivebooks.com,https://fivebooks.com/best-books/history-reading-leah-price/,2025-10-12,best-books,history-reading-leah-price,history reading leah price,,content
fivebooks.com,https://fivebooks.com/best-books/joshua-foer-on-memory/,2025-10-12,best-books,joshua-foer-on-memory,joshua foer on memory,,content
fivebooks.com,https://fivebooks.com/best-books/quick-reads-the-reading-agency/,2025-10-15,best-books,quick-reads-the-reading-agency,quick reads the reading agency,,content
fivebooks.com,https://fivebooks.com/best-books/adventurers-alastair-humphreys/,2025-10-16,best-books,adventurers-alastair-humphreys,adventurers alastair humphreys,,content
fivebooks.com,https://fivebooks.com/best-books/award-winning-biographies-of-2022-sophie-roell/,2025-10-17,best-books,award-winning-biographies-of-2022-sophie-roell,award winning biographies of 2022 sophie roell,2022,content
fivebooks.com,https://fivebooks.com/best-books/books-by-christian-authors/,2025-10-21,best-books,books-by-christian-authors,books by christian authors,,content
fivebooks.com,https://fivebooks.com/best-books/volcanoes-david-pyle/,2025-10-23,best-books,volcanoes-david-pyle,volcanoes david pyle,,content
fivebooks.com,https://fivebooks.com/best-books/best-historical-thrillers-mike-downey/,2025-10-27,best-books,best-historical-thrillers-mike-downey,best historical thrillers mike downey,,content
fivebooks.com,https://fivebooks.com/best-books/tariffs-dmitry-grozoubinski/,2025-10-27,best-books,tariffs-dmitry-grozoubinski,tariffs dmitry grozoubinski,,content
fivebooks.com,https://fivebooks.com/best-books/orson-scott-card-on-science-fiction/,2025-10-29,best-books,orson-scott-card-on-science-fiction,orson scott card on science fiction,,content
fivebooks.com,https://fivebooks.com/best-books/award-winning-nonfiction-of-2024/,2025-10-29,best-books,award-winning-nonfiction-of-2024,award winning nonfiction of 2024,2024,content
fivebooks.com,https://fivebooks.com/best-books/graciela-chichilnisky-on-risk-management/,2025-10-30,best-books,graciela-chichilnisky-on-risk-management,graciela chichilnisky on risk management,,content
fivebooks.com,https://fivebooks.com/best-books/beautiful-classic-novels/,2025-10-31,best-books,beautiful-classic-novels,beautiful classic novels,,content
fivebooks.com,https://fivebooks.com/best-books/the-best-vampire-books-grady-hendrix/,2025-10-31,best-books,the-best-vampire-books-grady-hendrix,the best vampire books grady hendrix,,content
fivebooks.com,https://fivebooks.com/best-books/regina-marchi-on-the-day-of-the-dead/,2025-11-02,best-books,regina-marchi-on-the-day-of-the-dead,regina marchi on the day of the dead,,content
fivebooks.com,https://fivebooks.com/best-books/philip-plait-on-the-wonders-of-the-universe/,2025-11-06,best-books,philip-plait-on-the-wonders-of-the-universe,philip plait on the wonders of the universe,,content
fivebooks.com,https://fivebooks.com/best-books/roger-pielke-jr-climate-change-innovation/,2025-11-07,best-books,roger-pielke-jr-climate-change-innovation,roger pielke jr climate change innovation,,content
fivebooks.com,https://fivebooks.com/best-books/failed-states-clare-lockhart/,2025-11-07,best-books,failed-states-clare-lockhart,failed states clare lockhart,,content
fivebooks.com,https://fivebooks.com/best-books/venkatesh-rao-how-world-works/,2025-11-07,best-books,venkatesh-rao-how-world-works,venkatesh rao how world works,,content
fivebooks.com,https://fivebooks.com/best-books/mitch-daniels-on-how-libertarians-can-govern/,2025-11-07,best-books,mitch-daniels-on-how-libertarians-can-govern,mitch daniels on how libertarians can govern,,content
fivebooks.com,https://fivebooks.com/best-books/george-monbiot-essential-reading-list/,2025-11-07,best-books,george-monbiot-essential-reading-list,george monbiot essential reading list,,content
fivebooks.com,https://fivebooks.com/best-books/massimo-pigliucci-stoicism/,2025-11-07,best-books,massimo-pigliucci-stoicism,massimo pigliucci stoicism,,content
fivebooks.com,https://fivebooks.com/best-books/history-science-matthew-cobb/,2025-11-08,best-books,history-science-matthew-cobb,history science matthew cobb,,content
fivebooks.com,https://fivebooks.com/best-books/adam-hart-davis-popular-science/,2025-11-08,best-books,adam-hart-davis-popular-science,adam hart davis popular science,,content
fivebooks.com,https://fivebooks.com/best-books/enemies-to-lovers-books-lauren-ford/,2025-11-11,best-books,enemies-to-lovers-books-lauren-ford,enemies to lovers books lauren ford,,content
fivebooks.com,https://fivebooks.com/best-books/how-americans-vote-andrew-gelman/,2025-11-12,best-books,how-americans-vote-andrew-gelman,how americans vote andrew gelman,,content
fivebooks.com,https://fivebooks.com/best-books/politics-of-information-henry-farrell/,2025-11-12,best-books,politics-of-information-henry-farrell,politics of information henry farrell,,content
fivebooks.com,https://fivebooks.com/best-books/aztecs-michael-e-smith/,2025-11-13,best-books,aztecs-michael-e-smith,aztecs michael e smith,,content
fivebooks.com,https://fivebooks.com/best-books/hinduism-sravana-borkataky-varma/,2025-11-14,best-books,hinduism-sravana-borkataky-varma,hinduism sravana borkataky varma,,content
fivebooks.com,https://fivebooks.com/best-books/bbc-simon-j-potter/,2025-11-16,best-books,bbc-simon-j-potter,bbc simon j potter,,content
fivebooks.com,https://fivebooks.com/best-books/george-orwell-d-j-taylor/,2025-11-16,best-books,george-orwell-d-j-taylor,george orwell d j taylor,,content
fivebooks.com,https://fivebooks.com/best-books/thirty-years-war-peter-wilson/,2025-11-19,best-books,thirty-years-war-peter-wilson,thirty years war peter wilson,,content
fivebooks.com,https://fivebooks.com/best-books/best-sci-fi-romance-natasha-pulley/,2025-11-20,best-books,best-sci-fi-romance-natasha-pulley,best sci fi romance natasha pulley,,content
fivebooks.com,https://fivebooks.com/best-books/romantasy-francesca-martin/,2025-11-20,best-books,romantasy-francesca-martin,romantasy francesca martin,,content
fivebooks.com,https://fivebooks.com/best-books/richard-baum-on-obstacles-to-political-reform-in-china/,2025-11-21,best-books,richard-baum-on-obstacles-to-political-reform-in-china,richard baum on obstacles to political reform in china,,content
fivebooks.com,https://fivebooks.com/best-books/richard-wiseman-debunking-the-paranormal/,2025-11-24,best-books,richard-wiseman-debunking-the-paranormal,richard wiseman debunking the paranormal,,content
fivebooks.com,https://fivebooks.com/best-books/sebastian-seung-on-identity-and-the-mind/,2025-11-25,best-books,sebastian-seung-on-identity-and-the-mind,sebastian seung on identity and the mind,,content
fivebooks.com,https://fivebooks.com/best-books/yoga-liz-derow/,2025-11-27,best-books,yoga-liz-derow,yoga liz derow,,content
fivebooks.com,https://fivebooks.com/best-books/vikings-eleanor-barraclough/,2025-11-27,best-books,vikings-eleanor-barraclough,vikings eleanor barraclough,,content
fivebooks.com,https://fivebooks.com/best-books/the-best-strength-books-michael-joseph-gross/,2025-11-27,best-books,the-best-strength-books-michael-joseph-gross,the best strength books michael joseph gross,,content
fivebooks.com,https://fivebooks.com/best-books/the-best-south-african-novels-andile-cele/,2025-11-27,best-books,the-best-south-african-novels-andile-cele,the best south african novels andile cele,,content
fivebooks.com,https://fivebooks.com/best-books/the-best-political-science-books-robert-e-goodin/,2025-11-27,best-books,the-best-political-science-books-robert-e-goodin,the best political science books robert e goodin,,content
fivebooks.com,https://fivebooks.com/best-books/new-in-health/,2025-11-28,best-books,new-in-health,new in health,,content
fivebooks.com,https://fivebooks.com/best-books/puzzle-books-a-j-jacobs/,2025-11-29,best-books,puzzle-books-a-j-jacobs,puzzle books a j jacobs,,content
fivebooks.com,https://fivebooks.com/best-books/audiobooks-kids-2020-emily-connelly/,2025-12-02,best-books,audiobooks-kids-2020-emily-connelly,audiobooks kids 2020 emily connelly,2020,content
fivebooks.com,https://fivebooks.com/best-books/matthew-syed-on-champions/,2025-12-02,best-books,matthew-syed-on-champions,matthew syed on champions,,content
fivebooks.com,https://fivebooks.com/best-books/best-verse-novels-for-8-12-year-olds-alison-king/,2025-12-04,best-books,best-verse-novels-for-8-12-year-olds-alison-king,best verse novels for 8 12 year olds alison king,,content
fivebooks.com,https://fivebooks.com/best-books/the-best-kindles-in-2024-maneetpaul-singh/,2025-12-05,best-books,the-best-kindles-in-2024-maneetpaul-singh,the best kindles in 2024 maneetpaul singh,2024,content
fivebooks.com,https://fivebooks.com/best-books/gifts-for-book-lovers/,2025-12-05,best-books,gifts-for-book-lovers,gifts for book lovers,,content
fivebooks.com,https://fivebooks.com/best-books/beautiful-books-of-2025-romas-viesulas/,2025-12-06,best-books,beautiful-books-of-2025-romas-viesulas,beautiful books of 2025 romas viesulas,2025,content
fivebooks.com,https://fivebooks.com/best-books/the-best-fiction-audiobooks-of-2025-audiofile-editors/,2025-12-07,best-books,the-best-fiction-audiobooks-of-2025-audiofile-editors,the best fiction audiobooks of 2025 audiofile editors,2025,content
fivebooks.com,https://fivebooks.com/best-books/the-funniest-books-of-2025-stephanie-merritt/,2025-12-07,best-books,the-funniest-books-of-2025-stephanie-merritt,the funniest books of 2025 stephanie merritt,2025,content
fivebooks.com,https://fivebooks.com/best-books/the-best-novels-of-2025-the-booker-prize-shortlist-ayobami-adebayo/,2025-12-07,best-books,the-best-novels-of-2025-the-booker-prize-shortlist-ayobami-adebayo,the best novels of 2025 the booker prize shortlist ayobami adebayo,2025,content
fivebooks.com,https://fivebooks.com/best-books/adventure-novels-2025-nathan-gray/,2025-12-07,best-books,adventure-novels-2025-nathan-gray,adventure novels 2025 nathan gray,2025,content
fivebooks.com,https://fivebooks.com/best-books/the-best-mystery-books-of-2025/,2025-12-07,best-books,the-best-mystery-books-of-2025,the best mystery books of 2025,2025,content
fivebooks.com,https://fivebooks.com/best-books/the-best-thriller-books-of-2025-the-international-thriller-writers-awards/,2025-12-07,best-books,the-best-thriller-books-of-2025-the-international-thriller-writers-awards,the best thriller books of 2025 the international thriller writers awards,2025,content
fivebooks.com,https://fivebooks.com/best-books/beach-reads-2025-francesca-martin/,2025-12-07,best-books,beach-reads-2025-francesca-martin,beach reads 2025 francesca martin,2025,content
fivebooks.com,https://fivebooks.com/best-books/2025-womens-prize-fiction-shortlist-kit-de-waal/,2025-12-07,best-books,2025-womens-prize-fiction-shortlist-kit-de-waal,2025 womens prize fiction shortlist kit de waal,2025,content
fivebooks.com,https://fivebooks.com/best-books/best-science-fiction-books-of-2025-andrew-m-butler/,2025-12-07,best-books,best-science-fiction-books-of-2025-andrew-m-butler,best science fiction books of 2025 andrew m butler,2025,content
fivebooks.com,https://fivebooks.com/best-books/the-best-political-novels-of-2025-orwell-prize-fiction/,2025-12-07,best-books,the-best-political-novels-of-2025-orwell-prize-fiction,the best political novels of 2025 orwell prize fiction,2025,content
fivebooks.com,https://fivebooks.com/best-books/best-country-house-mystery-books-gareth-rubin/,2025-12-08,best-books,best-country-house-mystery-books-gareth-rubin,best country house mystery books gareth rubin,,content
fivebooks.com,https://fivebooks.com/best-books/learning-latin-harry-mount/,2025-12-12,best-books,learning-latin-harry-mount,learning latin harry mount,,content
fivebooks.com,https://fivebooks.com/best-books/best-sports-books-of-2025-alyson-rudd/,2025-12-12,best-books,best-sports-books-of-2025-alyson-rudd,best sports books of 2025 alyson rudd,2025,content
fivebooks.com,https://fivebooks.com/best-books/best-business-books-2025-andrew-hill/,2025-12-12,best-books,best-business-books-2025-andrew-hill,best business books 2025 andrew hill,2025,content
fivebooks.com,https://fivebooks.com/best-books/best-nonfiction-2025-robbie-millen/,2025-12-12,best-books,best-nonfiction-2025-robbie-millen,best nonfiction 2025 robbie millen,2025,content
fivebooks.com,https://fivebooks.com/best-books/best-new-popular-science-books-2025-the-royal-society-book-prize-sandra-knapp/,2025-12-12,best-books,best-new-popular-science-books-2025-the-royal-society-book-prize-sandra-knapp,best new popular science books 2025 the royal society book prize sandra knapp,2025,content
fivebooks.com,https://fivebooks.com/best-books/notable-nonfiction-books-of-mid-2025-sophie-roell/,2025-12-12,best-books,notable-nonfiction-books-of-mid-2025-sophie-roell,notable nonfiction books of mid 2025 sophie roell,2025,content
fivebooks.com,https://fivebooks.com/best-books/the-best-nonfiction-books-the-2025-womens-prize-for-non-fiction-kavita-puri/,2025-12-12,best-books,the-best-nonfiction-books-the-2025-womens-prize-for-non-fiction-kavita-puri,the best nonfiction books the 2025 womens prize for non fiction kavita puri,2025,content
fivebooks.com,https://fivebooks.com/best-books/best-travel-books-2025-tom-parfitt/,2025-12-12,best-books,best-travel-books-2025-tom-parfitt,best travel books 2025 tom parfitt,2025,content
fivebooks.com,https://fivebooks.com/best-books/notable-nonfiction-books-of-early-2025-sophie-roell/,2025-12-12,best-books,notable-nonfiction-books-of-early-2025-sophie-roell,notable nonfiction books of early 2025 sophie roell,2025,content
fivebooks.com,https://fivebooks.com/best-books/the-best-ai-books-in-2025-chatgpt/,2025-12-12,best-books,the-best-ai-books-in-2025-chatgpt,the best ai books in 2025 chatgpt,2025,content
fivebooks.com,https://fivebooks.com/best-books/the-best-history-books-of-2025-helen-king/,2025-12-12,best-books,the-best-history-books-of-2025-helen-king,the best history books of 2025 helen king,2025,content
fivebooks.com,https://fivebooks.com/best-books/sophie-kinsella-on-chick-lit/,2025-12-12,best-books,sophie-kinsella-on-chick-lit,sophie kinsella on chick lit,,content
fivebooks.com,https://fivebooks.com/best-books/the-best-chinese-picture-books-our-childrens-editor/,2025-12-13,best-books,the-best-chinese-picture-books-our-childrens-editor,the best chinese picture books our childrens editor,,content
fivebooks.com,https://fivebooks.com/best-books/philosophy-2019-nigel-warburton/,2025-12-15,best-books,philosophy-2019-nigel-warburton,philosophy 2019 nigel warburton,2019,content
fivebooks.com,https://fivebooks.com/best-books/the-best-philosophy-books-of-2022-nigel-warburton/,2025-12-15,best-books,the-best-philosophy-books-of-2022-nigel-warburton,the best philosophy books of 2022 nigel warburton,2022,content
fivebooks.com,https://fivebooks.com/best-books/the-best-philosophy-books-of-2021-nigel-warburton/,2025-12-15,best-books,the-best-philosophy-books-of-2021-nigel-warburton,the best philosophy books of 2021 nigel warburton,2021,content
fivebooks.com,https://fivebooks.com/best-books/best-philosophy-books-2023-nigel-warburton/,2025-12-15,best-books,best-philosophy-books-2023-nigel-warburton,best philosophy books 2023 nigel warburton,2023,content
fivebooks.com,https://fivebooks.com/best-books/best-philosophy-books-2024-nigel-warburton/,2025-12-15,best-books,best-philosophy-books-2024-nigel-warburton,best philosophy books 2024 nigel warburton,2024,content
fivebooks.com,https://fivebooks.com/best-books/best-philosophy-books-2025-nigel-warburton/,2025-12-15,best-books,best-philosophy-books-2025-nigel-warburton,best philosophy books 2025 nigel warburton,2025,content
fivebooks.com,https://fivebooks.com/best-books/philosophy-2020-nigel-warburton/,2025-12-15,best-books,philosophy-2020-nigel-warburton,philosophy 2020 nigel warburton,2020,content
fivebooks.com,https://fivebooks.com/best-books/best-philosophy-books-2017/,2025-12-15,best-books,best-philosophy-books-2017,best philosophy books 2017,2017,content
fivebooks.com,https://fivebooks.com/best-books/best-philosophy-books-2016/,2025-12-15,best-books,best-philosophy-books-2016,best philosophy books 2016,2016,content
fivebooks.com,https://fivebooks.com/best-books/award-winning-novels-of-2025-cal-flyn/,2025-12-17,best-books,award-winning-novels-of-2025-cal-flyn,award winning novels of 2025 cal flyn,2025,content
fivebooks.com,https://fivebooks.com/best-books/artist-studios-debbie-hillyerd/,2025-12-19,best-books,artist-studios-debbie-hillyerd,artist studios debbie hillyerd,,content
fivebooks.com,https://fivebooks.com/best-books/justice-and-law-the-secret-barrister/,2025-12-19,best-books,justice-and-law-the-secret-barrister,justice and law the secret barrister,,content
fivebooks.com,https://fivebooks.com/best-books/award-winning-biographies-of-2025-cal-flyn/,2025-12-20,best-books,award-winning-biographies-of-2025-cal-flyn,award winning biographies of 2025 cal flyn,2025,content
fivebooks.com,https://fivebooks.com/best-books/best-west-african-fantasy-books-for-teenagers-efua-traore/,2025-12-21,best-books,best-west-african-fantasy-books-for-teenagers-efua-traore,best west african fantasy books for teenagers efua traore,,content
fivebooks.com,https://fivebooks.com/best-books/award-winning-memoirs-of-2025-cal-flyn/,2025-12-22,best-books,award-winning-memoirs-of-2025-cal-flyn,award winning memoirs of 2025 cal flyn,2025,content
fivebooks.com,https://fivebooks.com/best-books/the-best-china-books-of-2025-jeffrey-wasserstrom/,2026-01-02,best-books,the-best-china-books-of-2025-jeffrey-wasserstrom,the best china books of 2025 jeffrey wasserstrom,2025,content
fivebooks.com,https://fivebooks.com/best-books/william-leogrande-on-u-s-relations-with-latin-america/,2026-01-03,best-books,william-leogrande-on-u-s-relations-with-latin-america,william leogrande on u s relations with latin america,,content
fivebooks.com,https://fivebooks.com/best-books/afrofuturism-books-eugen-bacon/,2026-01-04,best-books,afrofuturism-books-eugen-bacon,afrofuturism books eugen bacon,,content
fivebooks.com,https://fivebooks.com/best-books/the-best-sci-fi-and-fantasy-audiobooks-of-2024-audiofile-editors/,2026-01-04,best-books,the-best-sci-fi-and-fantasy-audiobooks-of-2024-audiofile-editors,the best sci fi and fantasy audiobooks of 2024 audiofile editors,2024,content
fivebooks.com,https://fivebooks.com/best-books/retellings-of-shakespeare-sally-oreilly/,2026-01-07,best-books,retellings-of-shakespeare-sally-oreilly,retellings of shakespeare sally oreilly,,content
fivebooks.com,https://fivebooks.com/best-books/alan-angell-pinochet-chilean-politics/,2026-01-07,best-books,alan-angell-pinochet-chilean-politics,alan angell pinochet chilean politics,,content
fivebooks.com,https://fivebooks.com/best-books/gravity-james-riordon/,2026-01-09,best-books,gravity-james-riordon,gravity james riordon,,content
fivebooks.com,https://fivebooks.com/best-books/frederick-the-great-adam-storring/,2026-01-11,best-books,frederick-the-great-adam-storring,frederick the great adam storring,,content
fivebooks.com,https://fivebooks.com/best-books/funniest-books-of-the-21st-century-tatty-mcleod/,2026-01-12,best-books,funniest-books-of-the-21st-century-tatty-mcleod,funniest books of the 21st century tatty mcleod,,content
fivebooks.com,https://fivebooks.com/best-books/the-best-books-to-learn-japanese-kazuki-morimoto/,2026-01-12,best-books,the-best-books-to-learn-japanese-kazuki-morimoto,the best books to learn japanese kazuki morimoto,,content
fivebooks.com,https://fivebooks.com/best-books/stuart-clark-on-astronomers/,2026-01-14,best-books,stuart-clark-on-astronomers,stuart clark on astronomers,,content
fivebooks.com,https://fivebooks.com/best-books/teens-2025-susannah-richards/,2026-01-18,best-books,teens-2025-susannah-richards,teens 2025 susannah richards,2025,content
fivebooks.com,https://fivebooks.com/best-books/historical-novels-set-in-the-victorian-era-virginia-feito/,2026-01-27,best-books,historical-novels-set-in-the-victorian-era-virginia-feito,historical novels set in the victorian era virginia feito,,content
fivebooks.com,https://fivebooks.com/best-books/modern-classics-james-rebanks/,2026-02-02,best-books,modern-classics-james-rebanks,modern classics james rebanks,,content
fivebooks.com,https://fivebooks.com/best-books/ed-smith-on-my-life-and-luck/,2026-02-04,best-books,ed-smith-on-my-life-and-luck,ed smith on my life and luck,,content
fivebooks.com,https://fivebooks.com/best-books/nietzsche-brian-leiter/,2026-02-04,best-books,nietzsche-brian-leiter,nietzsche brian leiter,,content
fivebooks.com,https://fivebooks.com/best-books/philip-ball-on-the-origins-of-curiosity/,2026-02-04,best-books,philip-ball-on-the-origins-of-curiosity,philip ball on the origins of curiosity,,content
fivebooks.com,https://fivebooks.com/best-books/popular-books-of-the-last-month/,2026-02-04,best-books,popular-books-of-the-last-month,popular books of the last month,,content
fivebooks.com,https://fivebooks.com/best-books/kate-bornstein-on-gender-outlaws/,2026-02-08,best-books,kate-bornstein-on-gender-outlaws,kate bornstein on gender outlaws,,content
fivebooks.com,https://fivebooks.com/best-books/christopher-columbus-matthew-restall/,2026-02-08,best-books,christopher-columbus-matthew-restall,christopher columbus matthew restall,,content
fivebooks.com,https://fivebooks.com/best-books/reformation-peter-marshall/,2026-02-08,best-books,reformation-peter-marshall,reformation peter marshall,,content
fivebooks.com,https://fivebooks.com/best-books/classic-crime-stig-abell/,2026-02-08,best-books,classic-crime-stig-abell,classic crime stig abell,,content
fivebooks.com,https://fivebooks.com/best-books/oliver-james-on-why-we-live-in-a-mad-world/,2026-02-11,best-books,oliver-james-on-why-we-live-in-a-mad-world,oliver james on why we live in a mad world,,content
fivebooks.com,https://fivebooks.com/best-books/manifest-destiny-andrew-isenberg/,2026-02-12,best-books,manifest-destiny-andrew-isenberg,manifest destiny andrew isenberg,,content
fivebooks.com,https://fivebooks.com/best-books/black-icons-for-kids-jamia-wilson-andrea-pippins/,2026-02-14,best-books,black-icons-for-kids-jamia-wilson-andrea-pippins,black icons for kids jamia wilson andrea pippins,,content
fivebooks.com,https://fivebooks.com/best-books/the-best-books-about-libraries-for-4-8-year-olds-bahram-rahman/,2026-02-14,best-books,the-best-books-about-libraries-for-4-8-year-olds-bahram-rahman,the best books about libraries for 4 8 year olds bahram rahman,,content
fivebooks.com,https://fivebooks.com/best-books/product-design-katia-martins-tiago-russo/,2026-02-17,best-books,product-design-katia-martins-tiago-russo,product design katia martins tiago russo,,content
fivebooks.com,https://fivebooks.com/best-books/titanic-steven-biel/,2026-02-22,best-books,titanic-steven-biel,titanic steven biel,,content
fivebooks.com,https://fivebooks.com/best-books/historical-fiction-set-in-latin-america-sofia-robleda/,2026-02-24,best-books,historical-fiction-set-in-latin-america-sofia-robleda,historical fiction set in latin america sofia robleda,,content
fivebooks.com,https://fivebooks.com/best-books/communication-matt-abrahams/,2026-02-25,best-books,communication-matt-abrahams,communication matt abrahams,,content
fivebooks.com,https://fivebooks.com/best-books/five-lesser-known-books-by-sci-fi-greats-sylvia-bishop/,2026-02-28,best-books,five-lesser-known-books-by-sci-fi-greats-sylvia-bishop,five lesser known books by sci fi greats sylvia bishop,,content
fivebooks.com,https://fivebooks.com/best-books/must-read-novels-of-early-2026-cal-flyn/,2026-03-01,best-books,must-read-novels-of-early-2026-cal-flyn,must read novels of early 2026 cal flyn,2026,content
fivebooks.com,https://fivebooks.com/best-books/friedrich-hayek-philip-mirowski/,2026-03-02,best-books,friedrich-hayek-philip-mirowski,friedrich hayek philip mirowski,,content
fivebooks.com,https://fivebooks.com/best-books/modern-britain-danny-dorling/,2026-03-03,best-books,modern-britain-danny-dorling,modern britain danny dorling,,content
fivebooks.com,https://fivebooks.com/best-books/neoliberalism-gary-gerstle/,2026-03-03,best-books,neoliberalism-gary-gerstle,neoliberalism gary gerstle,,content
fivebooks.com,https://fivebooks.com/best-books/books-by-russian-authors/,2026-03-04,best-books,books-by-russian-authors,books by russian authors,,content
fivebooks.com,https://fivebooks.com/best-books/prizewinning-audiobooks-for-kids/,2026-03-04,best-books,prizewinning-audiobooks-for-kids,prizewinning audiobooks for kids,,content
fivebooks.com,https://fivebooks.com/best-books/best-audiobooks-for-young-adults-of-2025-audiofile-editors/,2026-03-04,best-books,best-audiobooks-for-young-adults-of-2025-audiofile-editors,best audiobooks for young adults of 2025 audiofile editors,2025,content
fivebooks.com,https://fivebooks.com/best-books/prizewinning-audiobooks-for-teens-and-young-adults/,2026-03-04,best-books,prizewinning-audiobooks-for-teens-and-young-adults,prizewinning audiobooks for teens and young adults,,content
fivebooks.com,https://fivebooks.com/best-books/historical-novels-based-on-true-stories-emily-howes/,2026-03-04,best-books,historical-novels-based-on-true-stories-emily-howes,historical novels based on true stories emily howes,,content
fivebooks.com,https://fivebooks.com/best-books/the-best-historical-crime-novels-anna-mazzola/,2026-03-07,best-books,the-best-historical-crime-novels-anna-mazzola,the best historical crime novels anna mazzola,,content
fivebooks.com,https://fivebooks.com/best-books/gayle-lemmon-on-women-and-war/,2026-03-08,best-books,gayle-lemmon-on-women-and-war,gayle lemmon on women and war,,content
fivebooks.com,https://fivebooks.com/best-books/best-sports-books-2024-alyson-rudd/,2026-03-08,best-books,best-sports-books-2024-alyson-rudd,best sports books 2024 alyson rudd,2024,content
fivebooks.com,https://fivebooks.com/best-books/autobiography-memoirs-2020-mark-athitakis/,2026-03-08,best-books,autobiography-memoirs-2020-mark-athitakis,autobiography memoirs 2020 mark athitakis,2020,content
fivebooks.com,https://fivebooks.com/best-books/fantasy-novels-battle-couples-valerie-valdes/,2026-03-08,best-books,fantasy-novels-battle-couples-valerie-valdes,fantasy novels battle couples valerie valdes,,content
fivebooks.com,https://fivebooks.com/best-books/nancy-goldstone-on-dauntless-daughters/,2026-03-08,best-books,nancy-goldstone-on-dauntless-daughters,nancy goldstone on dauntless daughters,,content
fivebooks.com,https://fivebooks.com/best-books/mona-simpson-on-family-stories/,2026-03-08,best-books,mona-simpson-on-family-stories,mona simpson on family stories,,content
fivebooks.com,https://fivebooks.com/best-books/italian-novels-tim-parks/,2026-03-08,best-books,italian-novels-tim-parks,italian novels tim parks,,content
fivebooks.com,https://fivebooks.com/best-books/illustrated-novels-rosalind-parry/,2026-03-10,best-books,illustrated-novels-rosalind-parry,illustrated novels rosalind parry,,content
fivebooks.com,https://fivebooks.com/best-books/daily-life-in-medieval-england-ian-mortimer/,2026-03-11,best-books,daily-life-in-medieval-england-ian-mortimer,daily life in medieval england ian mortimer,,content
fivebooks.com,https://fivebooks.com/best-books/venezuela-julia-buxton/,2026-03-13,best-books,venezuela-julia-buxton,venezuela julia buxton,,content
fivebooks.com,https://fivebooks.com/best-books/ww2-historical-fiction/,2026-03-16,best-books,ww2-historical-fiction,ww2 historical fiction,,content
fivebooks.com,https://fivebooks.com/best-books/best-world-war-ii-novels-lori-inglis-hall/,2026-03-18,best-books,best-world-war-ii-novels-lori-inglis-hall,best world war ii novels lori inglis hall,,content
fivebooks.com,https://fivebooks.com/best-books/nonfiction-2026-duff-cooper-andrew-holgate/,2026-03-18,best-books,nonfiction-2026-duff-cooper-andrew-holgate,nonfiction 2026 duff cooper andrew holgate,2026,content
fivebooks.com,https://fivebooks.com/best-books/paul-barrett-dinosaurs/,2026-03-19,best-books,paul-barrett-dinosaurs,paul barrett dinosaurs,,content
fivebooks.com,https://fivebooks.com/best-books/award-winning-sci-fi-novels-of-2025-sylvia-bishop/,2026-03-23,best-books,award-winning-sci-fi-novels-of-2025-sylvia-bishop,award winning sci fi novels of 2025 sylvia bishop,2025,content
fivebooks.com,https://fivebooks.com/best-books/mindfulness-tessa-watt/,2026-03-25,best-books,mindfulness-tessa-watt,mindfulness tessa watt,,content
fivebooks.com,https://fivebooks.com/best-books/harry-potter-books-in-order/,2026-03-25,best-books,harry-potter-books-in-order,harry potter books in order,,content
fivebooks.com,https://fivebooks.com/best-books/overthinking-jessamy-hibberd/,2026-03-27,best-books,overthinking-jessamy-hibberd,overthinking jessamy hibberd,,content
fivebooks.com,https://fivebooks.com/best-books/best-thriller-books-2026-the-international-thriller-writers-awards/,2026-03-27,best-books,best-thriller-books-2026-the-international-thriller-writers-awards,best thriller books 2026 the international thriller writers awards,2026,content
fivebooks.com,https://fivebooks.com/best-books/the-best-fairy-books-for-adults-jo-walton/,2026-03-27,best-books,the-best-fairy-books-for-adults-jo-walton,the best fairy books for adults jo walton,,content
fivebooks.com,https://fivebooks.com/best-books/industrial-artifacts-photography-jeff-brouws/,2026-03-27,best-books,industrial-artifacts-photography-jeff-brouws,industrial artifacts photography jeff brouws,,content
fivebooks.com,https://fivebooks.com/best-books/psychology-human-behaviour-michael-hallsworth/,2026-03-27,best-books,psychology-human-behaviour-michael-hallsworth,psychology human behaviour michael hallsworth,,content
fivebooks.com,https://fivebooks.com/best-books/big-projects-jonathan-simcock/,2026-03-27,best-books,big-projects-jonathan-simcock,big projects jonathan simcock,,content
fivebooks.com,https://fivebooks.com/best-books/the-best-bonkbuster-novels-melanie-blake/,2026-03-27,best-books,the-best-bonkbuster-novels-melanie-blake,the best bonkbuster novels melanie blake,,content
fivebooks.com,https://fivebooks.com/best-books/the-burma-railway-jacqueline-passman/,2026-03-27,best-books,the-burma-railway-jacqueline-passman,the burma railway jacqueline passman,,content
fivebooks.com,https://fivebooks.com/best-books/the-best-central-and-east-european-novels/,2026-03-27,best-books,the-best-central-and-east-european-novels,the best central and east european novels,,content
fivebooks.com,https://fivebooks.com/best-books/the-best-sci-fi-and-fantasy-audiobooks-of-2025-audiofile-editors/,2026-03-27,best-books,the-best-sci-fi-and-fantasy-audiobooks-of-2025-audiofile-editors,the best sci fi and fantasy audiobooks of 2025 audiofile editors,2025,content
fivebooks.com,https://fivebooks.com/best-books/five-lesser-known-books-by-fantasy-greats-sylvia-bishop/,2026-03-27,best-books,five-lesser-known-books-by-fantasy-greats-sylvia-bishop,five lesser known books by fantasy greats sylvia bishop,,content
fivebooks.com,https://fivebooks.com/best-books/the-best-spy-books-of-2025-shane-whaley/,2026-03-27,best-books,the-best-spy-books-of-2025-shane-whaley,the best spy books of 2025 shane whaley,2025,content
fivebooks.com,https://fivebooks.com/best-books/the-best-crime-novels-of-2025-sophie-roell/,2026-03-27,best-books,the-best-crime-novels-of-2025-sophie-roell,the best crime novels of 2025 sophie roell,2025,content
fivebooks.com,https://fivebooks.com/best-books/the-best-sci-fi-fantasy-novels-as-chosen-by-fans-the-2025-hugo-awards-sylvia-bishop/,2026-03-27,best-books,the-best-sci-fi-fantasy-novels-as-chosen-by-fans-the-2025-hugo-awards-sylvia-bishop,the best sci fi fantasy novels as chosen by fans the 2025 hugo awards sylvia bishop,2025,content
fivebooks.com,https://fivebooks.com/best-books/the-best-biography-memoir-audiobooks-of-2025-audiofile-editors/,2026-03-27,best-books,the-best-biography-memoir-audiobooks-of-2025-audiofile-editors,the best biography memoir audiobooks of 2025 audiofile editors,2025,content
fivebooks.com,https://fivebooks.com/best-books/the-best-cosmic-horror-books-john-langan/,2026-03-27,best-books,the-best-cosmic-horror-books-john-langan,the best cosmic horror books john langan,,content
fivebooks.com,https://fivebooks.com/best-books/the-best-mystery-suspense-audiobooks-of-2025-audiofile-editors/,2026-03-27,best-books,the-best-mystery-suspense-audiobooks-of-2025-audiofile-editors,the best mystery suspense audiobooks of 2025 audiofile editors,2025,content
fivebooks.com,https://fivebooks.com/best-books/beautiful-fantasy-novels-sylvia-bishop/,2026-03-27,best-books,beautiful-fantasy-novels-sylvia-bishop,beautiful fantasy novels sylvia bishop,,content
fivebooks.com,https://fivebooks.com/best-books/award-winning-fantasy-novels-of-2025/,2026-03-27,best-books,award-winning-fantasy-novels-of-2025,award winning fantasy novels of 2025,2025,content
fivebooks.com,https://fivebooks.com/best-books/korean-myth-fantasy-books-minsoo-kang/,2026-03-27,best-books,korean-myth-fantasy-books-minsoo-kang,korean myth fantasy books minsoo kang,,content
fivebooks.com,https://fivebooks.com/best-books/the-best-nonfiction-audiobooks-of-2025-audiofile-editors/,2026-03-27,best-books,the-best-nonfiction-audiobooks-of-2025-audiofile-editors,the best nonfiction audiobooks of 2025 audiofile editors,2025,content
fivebooks.com,https://fivebooks.com/best-books/the-best-romance-audiobooks-of-2025-audiofile-editors/,2026-03-27,best-books,the-best-romance-audiobooks-of-2025-audiofile-editors,the best romance audiobooks of 2025 audiofile editors,2025,content
fivebooks.com,https://fivebooks.com/best-books/the-best-multi-voice-audiobooks-of-2025-audiofile-editors/,2026-03-27,best-books,the-best-multi-voice-audiobooks-of-2025-audiofile-editors,the best multi voice audiobooks of 2025 audiofile editors,2025,content
fivebooks.com,https://fivebooks.com/best-books/tuscan-wine-gabriele-gorelli/,2026-03-27,best-books,tuscan-wine-gabriele-gorelli,tuscan wine gabriele gorelli,,content
fivebooks.com,https://fivebooks.com/best-books/best-historical-novels-south-africa-karen-jennings/,2026-03-27,best-books,best-historical-novels-south-africa-karen-jennings,best historical novels south africa karen jennings,,content
fivebooks.com,https://fivebooks.com/best-books/the-best-biographies-the-2026-nbcc-shortlist-iris-jamahl-dunkle/,2026-03-31,best-books,the-best-biographies-the-2026-nbcc-shortlist-iris-jamahl-dunkle,the best biographies the 2026 nbcc shortlist iris jamahl dunkle,2026,content
fivebooks.com,https://fivebooks.com/best-books/jane-austen-patricia-meyer-spacks/,2026-04-01,best-books,jane-austen-patricia-meyer-spacks,jane austen patricia meyer spacks,,content
fivebooks.com,https://fivebooks.com/best-books/agatha-christie-mathew-prichard/,2026-04-01,best-books,agatha-christie-mathew-prichard,agatha christie mathew prichard,,content
fivebooks.com,https://fivebooks.com/best-books/the-best-fantasy-series-samantha-shannon/,2026-04-02,best-books,the-best-fantasy-series-samantha-shannon,the best fantasy series samantha shannon,,content
fivebooks.com,https://fivebooks.com/best-books/the-best-epic-fantasy-novels-christopher-paolini/,2026-04-02,best-books,the-best-epic-fantasy-novels-christopher-paolini,the best epic fantasy novels christopher paolini,,content
fivebooks.com,https://fivebooks.com/best-books/sports-psychology-bill-cole/,2026-04-08,best-books,sports-psychology-bill-cole,sports psychology bill cole,,content
fivebooks.com,https://fivebooks.com/best-books/memoirs-2026-nbcc-autobiography-shortlist-grace-talusan/,2026-04-12,best-books,memoirs-2026-nbcc-autobiography-shortlist-grace-talusan,memoirs 2026 nbcc autobiography shortlist grace talusan,2026,content
fivebooks.com,https://fivebooks.com/best-books/landmark-environmental-books-fred-pearce/,2026-04-14,best-books,landmark-environmental-books-fred-pearce,landmark environmental books fred pearce,,content
fivebooks.com,https://fivebooks.com/best-books/taiwan-and-us-china-relations-eyck-freymann/,2026-04-16,best-books,taiwan-and-us-china-relations-eyck-freymann,taiwan and us china relations eyck freymann,,content
fivebooks.com,https://fivebooks.com/best-books/the-best-historical-novels-set-in-the-1980s-eleanor-anstruther/,2026-04-19,best-books,the-best-historical-novels-set-in-the-1980s-eleanor-anstruther,the best historical novels set in the 1980s eleanor anstruther,,content
fivebooks.com,https://fivebooks.com/best-books/best-thomas-hardy-books-mark-chutter/,2026-04-19,best-books,best-thomas-hardy-books-mark-chutter,best thomas hardy books mark chutter,,content
fivebooks.com,https://fivebooks.com/best-books/american-naval-history-john-kroger/,2026-04-19,best-books,american-naval-history-john-kroger,american naval history john kroger,,content
fivebooks.com,https://fivebooks.com/best-books/dinosaur-books-for-kids-daniel-and-caleb/,2026-04-20,best-books,dinosaur-books-for-kids-daniel-and-caleb,dinosaur books for kids daniel and caleb,,content
fivebooks.com,https://fivebooks.com/best-books/best-illustrated-harry-potter-books-our-childrens-editor/,2026-04-20,best-books,best-illustrated-harry-potter-books-our-childrens-editor,best illustrated harry potter books our childrens editor,,content
fivebooks.com,https://fivebooks.com/best-books/the-best-ai-books-in-2026-chatgpt/,2026-04-21,best-books,the-best-ai-books-in-2026-chatgpt,the best ai books in 2026 chatgpt,2026,content
fivebooks.com,https://fivebooks.com/best-books/chernobyl-kate-brown/,2026-04-25,best-books,chernobyl-kate-brown,chernobyl kate brown,,content
fivebooks.com,https://fivebooks.com/best-books/same-sex-love-in-the-ancient-world-harry-tanner/,2026-04-26,best-books,same-sex-love-in-the-ancient-world-harry-tanner,same sex love in the ancient world harry tanner,,content
fivebooks.com,https://fivebooks.com/best-books/kristin-hannahs-books-in-order/,2026-04-28,best-books,kristin-hannahs-books-in-order,kristin hannahs books in order,,content
fivebooks.com,https://fivebooks.com/best-books/best-novels-about-witches-witch-hunts-margaret-meyer-books/,2026-05-02,best-books,best-novels-about-witches-witch-hunts-margaret-meyer-books,best novels about witches witch hunts margaret meyer books,,content
fivebooks.com,https://fivebooks.com/best-books/best-classic-mysteries-sophie-roell/,2026-05-03,best-books,best-classic-mysteries-sophie-roell,best classic mysteries sophie roell,,content
fivebooks.com,https://fivebooks.com/best-books/coming-of-age-books-meg-rosoff/,2026-05-04,best-books,coming-of-age-books-meg-rosoff,coming of age books meg rosoff,,content
fivebooks.com,https://fivebooks.com/best-books/edgar-allan-poe-shawn-rosenheim/,2026-05-05,best-books,edgar-allan-poe-shawn-rosenheim,edgar allan poe shawn rosenheim,,content
fivebooks.com,https://fivebooks.com/best-books/shirley-jackson-books-joan-passey/,2026-05-05,best-books,shirley-jackson-books-joan-passey,shirley jackson books joan passey,,content
fivebooks.com,https://fivebooks.com/best-books/cormac-mccarthy-stacey-peebles/,2026-05-05,best-books,cormac-mccarthy-stacey-peebles,cormac mccarthy stacey peebles,,content
fivebooks.com,https://fivebooks.com/best-books/samuel-beckett/,2026-05-05,best-books,samuel-beckett,samuel beckett,,content
fivebooks.com,https://fivebooks.com/best-books/slavoj-zizek-favourite-plays/,2026-05-05,best-books,slavoj-zizek-favourite-plays,slavoj zizek favourite plays,,content
fivebooks.com,https://fivebooks.com/best-books/sos-eltis-oscar-wilde/,2026-05-05,best-books,sos-eltis-oscar-wilde,sos eltis oscar wilde,,content
fivebooks.com,https://fivebooks.com/best-books/music-biographies-andrew-ford/,2026-05-05,best-books,music-biographies-andrew-ford,music biographies andrew ford,,content
fivebooks.com,https://fivebooks.com/best-books/french-theatre-florent-masse/,2026-05-05,best-books,french-theatre-florent-masse,french theatre florent masse,,content
fivebooks.com,https://fivebooks.com/best-books/charles-isherwood-on-broadway/,2026-05-05,best-books,charles-isherwood-on-broadway,charles isherwood on broadway,,content
fivebooks.com,https://fivebooks.com/best-books/the-best-ghost-stories-will-maclean/,2026-05-05,best-books,the-best-ghost-stories-will-maclean,the best ghost stories will maclean,,content
fivebooks.com,https://fivebooks.com/best-books/tennessee-williams-books-ahmed-honeini/,2026-05-05,best-books,tennessee-williams-books-ahmed-honeini,tennessee williams books ahmed honeini,,content
fivebooks.com,https://fivebooks.com/best-books/the-best-gothic-horror-books-nathan-ballingrud/,2026-05-05,best-books,the-best-gothic-horror-books-nathan-ballingrud,the best gothic horror books nathan ballingrud,,content
fivebooks.com,https://fivebooks.com/best-books/nancy-goldstone-on-strong-women-in-bad-marriages/,2026-05-05,best-books,nancy-goldstone-on-strong-women-in-bad-marriages,nancy goldstone on strong women in bad marriages,,content
fivebooks.com,https://fivebooks.com/best-books/goethe-david-wellbery/,2026-05-06,best-books,goethe-david-wellbery,goethe david wellbery,,content
fivebooks.com,https://fivebooks.com/best-books/easter-island-terry-hunt/,2026-05-10,best-books,easter-island-terry-hunt,easter island terry hunt,,content
fivebooks.com,https://fivebooks.com/best-books/rock-music-peter-lawlor/,2026-05-11,best-books,rock-music-peter-lawlor,rock music peter lawlor,,content
fivebooks.com,https://fivebooks.com/best-books/world-war-2-in-asia-lucy-betteridge-dyson/,2026-05-11,best-books,world-war-2-in-asia-lucy-betteridge-dyson,world war 2 in asia lucy betteridge dyson,,content
fivebooks.com,https://fivebooks.com/best-books/europes-vanished-states-norman-davies/,2026-05-13,best-books,europes-vanished-states-norman-davies,europes vanished states norman davies,,content
fivebooks.com,https://fivebooks.com/best-books/john-lewis-gaddis-history-international-relations/,2026-05-13,best-books,john-lewis-gaddis-history-international-relations,john lewis gaddis history international relations,,content
fivebooks.com,https://fivebooks.com/best-books/aftermath-world-war-one-wade-davis/,2026-05-13,best-books,aftermath-world-war-one-wade-davis,aftermath world war one wade davis,,content
fivebooks.com,https://fivebooks.com/best-books/best-first-world-war-novels-ww1-fiction-alice-winn/,2026-05-13,best-books,best-first-world-war-novels-ww1-fiction-alice-winn,best first world war novels ww1 fiction alice winn,,content
fivebooks.com,https://fivebooks.com/best-books/poetry-of-the-first-world-war-guy-cuthbertson/,2026-05-13,best-books,poetry-of-the-first-world-war-guy-cuthbertson,poetry of the first world war guy cuthbertson,,content
fivebooks.com,https://fivebooks.com/best-books/world-war-i-jonathan-boff/,2026-05-13,best-books,world-war-i-jonathan-boff,world war i jonathan boff,,content
fivebooks.com,https://fivebooks.com/best-books/ancient-greece-christopher-pelling/,2026-05-13,best-books,ancient-greece-christopher-pelling,ancient greece christopher pelling,,content
fivebooks.com,https://fivebooks.com/best-books/military-history-hew-strachan/,2026-05-14,best-books,military-history-hew-strachan,military history hew strachan,,content
fivebooks.com,https://fivebooks.com/best-books/the-best-politics-books-of-2025-the-orwell-prize-for-political-writing/,2026-05-17,best-books,the-best-politics-books-of-2025-the-orwell-prize-for-political-writing,the best politics books of 2025 the orwell prize for political writing,2025,content
fivebooks.com,https://fivebooks.com/best-books/2026-the-orwell-prize-for-political-writing/,2026-05-17,best-books,2026-the-orwell-prize-for-political-writing,2026 the orwell prize for political writing,2026,content
fivebooks.com,https://fivebooks.com/best-books/prophecy-carissa-veliz/,2026-05-20,best-books,prophecy-carissa-veliz,prophecy carissa veliz,,content
fivebooks.com,https://fivebooks.com/best-books/biographies-of-18th-century-figures-andrea-wulf/,2026-05-20,best-books,biographies-of-18th-century-figures-andrea-wulf,biographies of 18th century figures andrea wulf,,content
fivebooks.com,https://fivebooks.com/best-books/the-best-addiction-books-carl-erik-fisher/,2026-05-27,best-books,the-best-addiction-books-carl-erik-fisher,the best addiction books carl erik fisher,,content
fivebooks.com,https://fivebooks.com/best-books/must-read-novels-of-summer-2026-cal-flyn/,2026-05-28,best-books,must-read-novels-of-summer-2026-cal-flyn,must read novels of summer 2026 cal flyn,2026,content
fivebooks.com,https://fivebooks.com/best-books/books-about-zoroastrianism-arash-zeini/,2026-05-29,best-books,books-about-zoroastrianism-arash-zeini,books about zoroastrianism arash zeini,,content
fivebooks.com,https://fivebooks.com/best-books/the-best-political-novels-of-2026-the-orwell-prize/,2026-05-31,best-books,the-best-political-novels-of-2026-the-orwell-prize,the best political novels of 2026 the orwell prize,2026,content
fivebooks.com,https://fivebooks.com/best-books/new-sci-fi-fantasy-novels-the-2024-nebula-awards-shortlist-sylvia-bishop/,2026-06-02,best-books,new-sci-fi-fantasy-novels-the-2024-nebula-awards-shortlist-sylvia-bishop,new sci fi fantasy novels the 2024 nebula awards shortlist sylvia bishop,2024,content
fivebooks.com,https://fivebooks.com/best-books/irish-authors/,2026-06-04,best-books,irish-authors,irish authors,,content
fivebooks.com,https://fivebooks.com/best-books/mythical-creatures-katherine-arden/,2026-06-06,best-books,mythical-creatures-katherine-arden,mythical creatures katherine arden,,content
fivebooks.com,https://fivebooks.com/best-books/the-best-sci-fi-fantasy-novels-the-2026-nebula-awards-sylvia-bishop/,2026-06-06,best-books,the-best-sci-fi-fantasy-novels-the-2026-nebula-awards-sylvia-bishop,the best sci fi fantasy novels the 2026 nebula awards sylvia bishop,2026,content
fivebooks.com,https://fivebooks.com/best-books/nonfiction-books-on-world-war-2-tim-bouverie/,2026-06-07,best-books,nonfiction-books-on-world-war-2-tim-bouverie,nonfiction books on world war 2 tim bouverie,,content
fivebooks.com,https://fivebooks.com/best-books/environmental-history-john-r-mcneill/,2026-06-08,best-books,environmental-history-john-r-mcneill,environmental history john r mcneill,,content
fivebooks.com,https://fivebooks.com/best-books/the-best-new-novels-the-2026-womens-prize-shortlist-salma-salma-el-wardany/,2026-06-12,best-books,the-best-new-novels-the-2026-womens-prize-shortlist-salma-salma-el-wardany,the best new novels the 2026 womens prize shortlist salma salma el wardany,2026,content
fivebooks.com,https://fivebooks.com/best-books/sovereign-default-and-debt-restructuring-gregory-makoff/,2026-06-12,best-books,sovereign-default-and-debt-restructuring-gregory-makoff,sovereign default and debt restructuring gregory makoff,,content
fivebooks.com,https://fivebooks.com/best-books/historical-novels-set-in-the-1700s-francesca-de-tores/,2026-06-16,best-books,historical-novels-set-in-the-1700s-francesca-de-tores,historical novels set in the 1700s francesca de tores,,content
fivebooks.com,https://fivebooks.com/best-books/childrens-books-2025-georgina-atwell/,2026-06-22,best-books,childrens-books-2025-georgina-atwell,childrens books 2025 georgina atwell,2025,content
fivebooks.com,https://fivebooks.com/best-books/meditation-andy-puddicombe/,2026-06-23,best-books,meditation-andy-puddicombe,meditation andy puddicombe,,content
fivebooks.com,https://fivebooks.com/best-books/horror-novels-2026-bram-stoker-awards/,2026-06-23,best-books,horror-novels-2026-bram-stoker-awards,horror novels 2026 bram stoker awards,2026,content
fivebooks.com,https://fivebooks.com/best-books/historical-nonfiction-kate-summerscale/,2026-06-29,best-books,historical-nonfiction-kate-summerscale,historical nonfiction kate summerscale,,content
fivebooks.com,https://fivebooks.com/best-books/friendship/,2026-06-30,best-books,friendship,friendship,,content
fivebooks.com,https://fivebooks.com/best-books/margaret-atwood-novels-in-order/,2026-07-03,best-books,margaret-atwood-novels-in-order,margaret atwood novels in order,,content
fivebooks.com,https://fivebooks.com/best-books/stephen-breyer-intellectual-influences/,2026-07-03,best-books,stephen-breyer-intellectual-influences,stephen breyer intellectual influences,,content
fivebooks.com,https://fivebooks.com/best-books/best-jack-kerouac-books-howard-cunnell/,2026-07-08,best-books,best-jack-kerouac-books-howard-cunnell,best jack kerouac books howard cunnell,,content
fivebooks.com,https://fivebooks.com/best-books/best-historical-biographies-2026-elizabeth-longford-prize-roy-foster/,2026-07-08,best-books,best-historical-biographies-2026-elizabeth-longford-prize-roy-foster,best historical biographies 2026 elizabeth longford prize roy foster,2026,content
fivebooks.com,https://fivebooks.com/best-books/ann-widdecombe-on-childhood-innocence/,2026-07-14,best-books,ann-widdecombe-on-childhood-innocence,ann widdecombe on childhood innocence,,content
fivebooks.com,https://fivebooks.com/best-books/donald-trump-tony-schwartz/,2026-07-15,best-books,donald-trump-tony-schwartz,donald trump tony schwartz,,content
fivebooks.com,https://fivebooks.com/best-books/wild-living-mark-boyle/,2026-07-21,best-books,wild-living-mark-boyle,wild living mark boyle,,content
fivebooks.com,https://fivebooks.com/best-books/ghostwritten-books-joshua-lisec/,2026-07-22,best-books,ghostwritten-books-joshua-lisec,ghostwritten books joshua lisec,,content
fivebooks.com,https://fivebooks.com/best-books/heist-books-jeffrey-archer/,2026-07-25,best-books,heist-books-jeffrey-archer,heist books jeffrey archer,,content
fivebooks.com,https://fivebooks.com/best-books/ecology-kulbhushansingh-suryawanshi/,2026-07-28,best-books,ecology-kulbhushansingh-suryawanshi,ecology kulbhushansingh suryawanshi,,content
fivebooks.com,https://fivebooks.com/best-books/memoirs-armenian-genocide-thomas-de-waal/,2026-08-01,best-books,memoirs-armenian-genocide-thomas-de-waal,memoirs armenian genocide thomas de waal,,content
fivebooks.com,https://fivebooks.com/best-books/award-winning-nonfiction-books-of-2025-sophie-roell/,2026-08-02,best-books,award-winning-nonfiction-books-of-2025-sophie-roell,award winning nonfiction books of 2025 sophie roell,2025,content
fivebooks.com,https://fivebooks.com/best-books/paul-falkowski-on-microbes/,2026-08-02,best-books,paul-falkowski-on-microbes,paul falkowski on microbes,,content
fivebooks.com,https://fivebooks.com/best-books/the-best-body-horror-books-heather-parry/,2026-08-05,best-books,the-best-body-horror-books-heather-parry,the best body horror books heather parry,,content
fivebooks.com,https://fivebooks.com/best-books/greek-myths-lucy-coats/,2026-08-08,best-books,greek-myths-lucy-coats,greek myths lucy coats,,content
fivebooks.com,https://fivebooks.com/best-books/critical-thinking-nigel-warburton/,2026-08-08,best-books,critical-thinking-nigel-warburton,critical thinking nigel warburton,,content
fivebooks.com,https://fivebooks.com/best-books/modern-french-history-richard-vinen/,2026-08-09,best-books,modern-french-history-richard-vinen,modern french history richard vinen,,content
fivebooks.com,https://fivebooks.com/best-books/award-winning-books-for-teens/,2026-08-11,best-books,award-winning-books-for-teens,award winning books for teens,,content
fivebooks.com,https://fivebooks.com/best-books/plato-melissa-lane/,2026-08-12,best-books,plato-melissa-lane,plato melissa lane,,content
fivebooks.com,https://fivebooks.com/best-books/thucydides-johanna-hanink/,2026-08-12,best-books,thucydides-johanna-hanink,thucydides johanna hanink,,content
fivebooks.com,https://fivebooks.com/best-books/the-odyssey-emily-wilson/,2026-08-12,best-books,the-odyssey-emily-wilson,the odyssey emily wilson,,content
fivebooks.com,https://fivebooks.com/best-books/the-best-sci-fi-fantasy-novels-as-chosen-by-fans-the-2026-hugo-awards-sylvia-bishop/,2026-08-14,best-books,the-best-sci-fi-fantasy-novels-as-chosen-by-fans-the-2026-hugo-awards-sylvia-bishop,the best sci fi fantasy novels as chosen by fans the 2026 hugo awards sylvia bishop,2026,content
fivebooks.com,https://fivebooks.com/best-books/the-best-mystery-books-of-2026/,2026-08-14,best-books,the-best-mystery-books-of-2026,the best mystery books of 2026,2026,content
fivebooks.com,https://fivebooks.com/best-books/divided-cities-jon-calame/,2026-08-15,best-books,divided-cities-jon-calame,divided cities jon calame,,content
fivebooks.com,https://fivebooks.com/best-books/popular-uprisings-robert-poole/,2026-08-15,best-books,popular-uprisings-robert-poole,popular uprisings robert poole,,content
fivebooks.com,https://fivebooks.com/best-books/classics-of-arabic-literature-robert-irwin/,2026-08-16,best-books,classics-of-arabic-literature-robert-irwin,classics of arabic literature robert irwin,,content
fivebooks.com,https://fivebooks.com/best-books/the-best-crime-fiction-the-2026-gold-dagger-shortlist-sophie-roell/,2026-08-16,best-books,the-best-crime-fiction-the-2026-gold-dagger-shortlist-sophie-roell,the best crime fiction the 2026 gold dagger shortlist sophie roell,2026,content
fivebooks.com,https://fivebooks.com/best-books/drawing-as-thought-andrea-kantrowitz/,2026-08-18,best-books,drawing-as-thought-andrea-kantrowitz,drawing as thought andrea kantrowitz,,content
fivebooks.com,https://fivebooks.com/best-books/socrates-mm-mccabe/,2026-08-18,best-books,socrates-mm-mccabe,socrates mm mccabe,,content
fivebooks.com,https://fivebooks.com/best-books/oldest-books-tuva-kahrs/,2026-08-20,best-books,oldest-books-tuva-kahrs,oldest books tuva kahrs,,content
fivebooks.com,https://fivebooks.com/best-books/henry-vii-thomas-penn/,2026-08-22,best-books,henry-vii-thomas-penn,henry vii thomas penn,,content
fivebooks.com,https://fivebooks.com/best-books/best-history-books-2018/,2026-08-23,best-books,best-history-books-2018,best history books 2018,2018,content
fivebooks.com,https://fivebooks.com/best-books/the-best-psychological-horror-books-tabitha-potts/,2026-08-24,best-books,the-best-psychological-horror-books-tabitha-potts,the best psychological horror books tabitha potts,,content
fivebooks.com,https://fivebooks.com/best-books/coming-of-age-novels/,2026-08-24,best-books,coming-of-age-novels,coming of age novels,,content
fivebooks.com,https://fivebooks.com/best-books/dystopian-sci-fi-books-adrian-tchaikovsky/,2026-08-24,best-books,dystopian-sci-fi-books-adrian-tchaikovsky,dystopian sci fi books adrian tchaikovsky,,content
fivebooks.com,https://fivebooks.com/best-books/best-books-wilderness-cal-flyn/,2026-08-24,best-books,best-books-wilderness-cal-flyn,best books wilderness cal flyn,,content
fivebooks.com,https://fivebooks.com/best-books/machu-picchu-mark-rice/,2026-08-24,best-books,machu-picchu-mark-rice,machu picchu mark rice,,content
fivebooks.com,https://fivebooks.com/best-books/stonehenge-susan-greaney/,2026-08-24,best-books,stonehenge-susan-greaney,stonehenge susan greaney,,content
fivebooks.com,https://fivebooks.com/best-books/united-states-don-watson/,2026-08-24,best-books,united-states-don-watson,united states don watson,,content
fivebooks.com,https://fivebooks.com/best-books/the-best-science-fiction-the-2026-arthur-c-clarke-award-shortlist-andrew-m-butler/,2026-08-24,best-books,the-best-science-fiction-the-2026-arthur-c-clarke-award-shortlist-andrew-m-butler,the best science fiction the 2026 arthur c clarke award shortlist andrew m butler,2026,content
fivebooks.com,https://fivebooks.com/best-books/maga-laura-field/,2026-08-24,best-books,maga-laura-field,maga laura field,,content
fivebooks.com,https://fivebooks.com/best-books/dolly-partons-imagination-library-inspiring-a-lifelong-love-of-reading-marion-gillooly/,2026-08-25,best-books,dolly-partons-imagination-library-inspiring-a-lifelong-love-of-reading-marion-gillooly,dolly partons imagination library inspiring a lifelong love of reading marion gillooly,,content
fivebooks.com,https://fivebooks.com/best-books/entomology-dino-martins/,2026-08-26,best-books,entomology-dino-martins,entomology dino martins,,content
fivebooks.com,https://fivebooks.com/best-books/hassan-abbas-on-reform-in-pakistan/,2026-08-27,best-books,hassan-abbas-on-reform-in-pakistan,hassan abbas on reform in pakistan,,content
fivebooks.com,https://fivebooks.com/best-books/best-books-the-mafia-diego-gambetta/,2026-08-30,best-books,best-books-the-mafia-diego-gambetta,best books the mafia diego gambetta,,content
fivebooks.com,https://fivebooks.com/best-books/sewing-alison-smith/,2026-08-30,best-books,sewing-alison-smith,sewing alison smith,,content
fivebooks.com,https://fivebooks.com/best-books/geoff-dyer-on-unusual-histories/,2026-08-30,best-books,geoff-dyer-on-unusual-histories,geoff dyer on unusual histories,,content
fivebooks.com,https://fivebooks.com/best-books/biological-anthropology-brenna-hassett/,2026-09-03,best-books,biological-anthropology-brenna-hassett,biological anthropology brenna hassett,,content
fivebooks.com,https://fivebooks.com/best-books/political-anthropology-ruben-andersson/,2026-09-03,best-books,political-anthropology-ruben-andersson,political anthropology ruben andersson,,content
fivebooks.com,https://fivebooks.com/best-books/notable-novels-of-fall-2026-cal-flyn/,2026-09-03,best-books,notable-novels-of-fall-2026-cal-flyn,notable novels of fall 2026 cal flyn,2026,content
fivebooks.com,https://fivebooks.com/best-books/notable-new-novels-of-summer-2025-cal-flyn/,2026-09-03,best-books,notable-new-novels-of-summer-2025-cal-flyn,notable new novels of summer 2025 cal flyn,2025,content
fivebooks.com,https://fivebooks.com/best-books/notable-new-novels-of-spring-2025-cal-flyn/,2026-09-03,best-books,notable-new-novels-of-spring-2025-cal-flyn,notable new novels of spring 2025 cal flyn,2025,content
fivebooks.com,https://fivebooks.com/best-books/notable-novels-of-fall-2024-cal-flyn/,2026-09-03,best-books,notable-novels-of-fall-2024-cal-flyn,notable novels of fall 2024 cal flyn,2024,content
fivebooks.com,https://fivebooks.com/best-books/notable-novels-of-fall-2023-cal-flyn/,2026-09-03,best-books,notable-novels-of-fall-2023-cal-flyn,notable novels of fall 2023 cal flyn,2023,content
fivebooks.com,https://fivebooks.com/best-books/notable-novels-of-summer-2023-cal-flyn/,2026-09-03,best-books,notable-novels-of-summer-2023-cal-flyn,notable novels of summer 2023 cal flyn,2023,content
fivebooks.com,https://fivebooks.com/best-books/notable-novels-spring-2023-cal-flyn/,2026-09-03,best-books,notable-novels-spring-2023-cal-flyn,notable novels spring 2023 cal flyn,2023,content
fivebooks.com,https://fivebooks.com/best-books/the-notable-novels-of-fall-2022-cal-flyn/,2026-09-03,best-books,the-notable-novels-of-fall-2022-cal-flyn,the notable novels of fall 2022 cal flyn,2022,content
fivebooks.com,https://fivebooks.com/best-books/notable-new-novels-of-summer-2022-cal-flyn/,2026-09-03,best-books,notable-new-novels-of-summer-2022-cal-flyn,notable new novels of summer 2022 cal flyn,2022,content
fivebooks.com,https://fivebooks.com/best-books/notable-novels-of-spring-2022-cal-flyn/,2026-09-03,best-books,notable-novels-of-spring-2022-cal-flyn,notable novels of spring 2022 cal flyn,2022,content
fivebooks.com,https://fivebooks.com/best-books/notable-novels-of-fall-2021-cal-flyn/,2026-09-03,best-books,notable-novels-of-fall-2021-cal-flyn,notable novels of fall 2021 cal flyn,2021,content
fivebooks.com,https://fivebooks.com/best-books/notable-novels-of-spring-2021-cal-flyn/,2026-09-03,best-books,notable-novels-of-spring-2021-cal-flyn,notable novels of spring 2021 cal flyn,2021,content
fivebooks.com,https://fivebooks.com/best-books/the-best-new-novels-of-summer-2021-cal-flyn/,2026-09-03,best-books,the-best-new-novels-of-summer-2021-cal-flyn,the best new novels of summer 2021 cal flyn,2021,content
fivebooks.com,https://fivebooks.com/best-books/notable-novels-fall-2020-cal-flyn/,2026-09-03,best-books,notable-novels-fall-2020-cal-flyn,notable novels fall 2020 cal flyn,2020,content
fivebooks.com,https://fivebooks.com/best-books/notable-novels-summer-2020-cal-flyn/,2026-09-03,best-books,notable-novels-summer-2020-cal-flyn,notable novels summer 2020 cal flyn,2020,content
fivebooks.com,https://fivebooks.com/best-books/editors-picks-the-most-anticipated-novels-of-early-2020-cal-flyn/,2026-09-03,best-books,editors-picks-the-most-anticipated-novels-of-early-2020-cal-flyn,editors picks the most anticipated novels of early 2020 cal flyn,2020,content
fivebooks.com,https://fivebooks.com/best-books/the-best-fiction-books-the-2026-international-booker-prize-troy-onyango/,2026-09-03,best-books,the-best-fiction-books-the-2026-international-booker-prize-troy-onyango,the best fiction books the 2026 international booker prize troy onyango,2026,content
fivebooks.com,https://fivebooks.com/best-books/booker-prize-nominated-mystery-novels-cal-flyn/,2026-09-03,best-books,booker-prize-nominated-mystery-novels-cal-flyn,booker prize nominated mystery novels cal flyn,,content
fivebooks.com,https://fivebooks.com/best-books/booker-prize-winning-historical-novels-cal-flyn/,2026-09-03,best-books,booker-prize-winning-historical-novels-cal-flyn,booker prize winning historical novels cal flyn,,content
fivebooks.com,https://fivebooks.com/best-books/fiction-2025-international-booker-prize-anton-hur/,2026-09-03,best-books,fiction-2025-international-booker-prize-anton-hur,fiction 2025 international booker prize anton hur,2025,content
fivebooks.com,https://fivebooks.com/best-books/the-best-novels-of-2024-the-booker-prize-shortlist-nitin-sawhney/,2026-09-03,best-books,the-best-novels-of-2024-the-booker-prize-shortlist-nitin-sawhney,the best novels of 2024 the booker prize shortlist nitin sawhney,2024,content
fivebooks.com,https://fivebooks.com/best-books/booker-prize-winning-novels/,2026-09-03,best-books,booker-prize-winning-novels,booker prize winning novels,,content
fivebooks.com,https://fivebooks.com/best-books/novels-translation-2024-international-booker-prize-shortlist-eleanor-wachtel/,2026-09-03,best-books,novels-translation-2024-international-booker-prize-shortlist-eleanor-wachtel,novels translation 2024 international booker prize shortlist eleanor wachtel,2024,content
fivebooks.com,https://fivebooks.com/best-books/best-novels-2023-booker-prize-shortlist-cal-flyn/,2026-09-03,best-books,best-novels-2023-booker-prize-shortlist-cal-flyn,best novels 2023 booker prize shortlist cal flyn,2023,content
fivebooks.com,https://fivebooks.com/best-books/the-best-fiction-of-2022-the-booker-prize-shortlist-neil-macgregor/,2026-09-03,best-books,the-best-fiction-of-2022-the-booker-prize-shortlist-neil-macgregor,the best fiction of 2022 the booker prize shortlist neil macgregor,2022,content
fivebooks.com,https://fivebooks.com/best-books/the-best-of-world-literature-the-2022-international-booker-prize-shortlist-frank-wynne/,2026-09-03,best-books,the-best-of-world-literature-the-2022-international-booker-prize-shortlist-frank-wynne,the best of world literature the 2022 international booker prize shortlist frank wynne,2022,content
fivebooks.com,https://fivebooks.com/best-books/the-best-fiction-of-2021-the-booker-prize-shortlist-maya-jasanoff/,2026-09-03,best-books,the-best-fiction-of-2021-the-booker-prize-shortlist-maya-jasanoff,the best fiction of 2021 the booker prize shortlist maya jasanoff,2021,content
fivebooks.com,https://fivebooks.com/best-books/the-best-world-literature-the-2021-international-booker-prize-shortlist-lucy-hughes-hallett/,2026-09-03,best-books,the-best-world-literature-the-2021-international-booker-prize-shortlist-lucy-hughes-hallett,the best world literature the 2021 international booker prize shortlist lucy hughes hallett,2021,content
fivebooks.com,https://fivebooks.com/best-books/the-best-fiction-of-2020-the-booker-prize-shortlist-margaret-busby/,2026-09-03,best-books,the-best-fiction-of-2020-the-booker-prize-shortlist-margaret-busby,the best fiction of 2020 the booker prize shortlist margaret busby,2020,content
fivebooks.com,https://fivebooks.com/best-books/the-best-fiction-in-translation-the-2020-booker-international-prize-ted-hodgkinson/,2026-09-03,best-books,the-best-fiction-in-translation-the-2020-booker-international-prize-ted-hodgkinson,the best fiction in translation the 2020 booker international prize ted hodgkinson,2020,content
fivebooks.com,https://fivebooks.com/best-books/fiction-in-translation-bettany-hughes/,2026-09-03,best-books,fiction-in-translation-bettany-hughes,fiction in translation bettany hughes,,content
fivebooks.com,https://fivebooks.com/best-books/best-fiction-2018/,2026-09-03,best-books,best-fiction-2018,best fiction 2018,2018,content
fivebooks.com,https://fivebooks.com/best-books/best-literary-love-stories-lily-king/,2026-09-03,best-books,best-literary-love-stories-lily-king,best literary love stories lily king,,content
fivebooks.com,https://fivebooks.com/best-books/five-of-the-best-literary-historical-novels-paul-carlucci/,2026-09-03,best-books,five-of-the-best-literary-historical-novels-paul-carlucci,five of the best literary historical novels paul carlucci,,content
fivebooks.com,https://fivebooks.com/best-books/literary-horror-sue-rainsford/,2026-09-03,best-books,literary-horror-sue-rainsford,literary horror sue rainsford,,content
fivebooks.com,https://fivebooks.com/best-books/the-best-literary-thrillers-chris-power/,2026-09-03,best-books,the-best-literary-thrillers-chris-power,the best literary thrillers chris power,,content
fivebooks.com,https://fivebooks.com/best-books/books-being-made-into-movies-in-2026/,2026-09-03,best-books,books-being-made-into-movies-in-2026,books being made into movies in 2026,2026,content
fivebooks.com,https://fivebooks.com/best-books/the-best-19th-century-books/,2026-09-04,best-books,the-best-19th-century-books,the best 19th century books,,content
fivebooks.com,https://fivebooks.com/best-books/learning-russian-books-tom-besinger/,2026-09-06,best-books,learning-russian-books-tom-besinger,learning russian books tom besinger,,content
fivebooks.com,https://fivebooks.com/best-books/egyptian-mythology-books-gary-j-shaw/,2026-09-07,best-books,egyptian-mythology-books-gary-j-shaw,egyptian mythology books gary j shaw,,content
fivebooks.com,https://fivebooks.com/best-books/funny-short-stories-cal-flyn/,2026-09-08,best-books,funny-short-stories-cal-flyn,funny short stories cal flyn,,content
fivebooks.com,https://fivebooks.com/best-books/elys-dolan-funny-books-kids/,2026-09-08,best-books,elys-dolan-funny-books-kids,elys dolan funny books kids,,content
fivebooks.com,https://fivebooks.com/best-books/emily-henry-books-in-order-five-books/,2026-09-08,best-books,emily-henry-books-in-order-five-books,emily henry books in order five books,,content
fivebooks.com,https://fivebooks.com/best-books/marian-keyes-books-in-order/,2026-09-08,best-books,marian-keyes-books-in-order,marian keyes books in order,,content
fivebooks.com,https://fivebooks.com/best-books/pulitzer-prize-winning-autobiographies-and-memoirs/,2026-09-09,best-books,pulitzer-prize-winning-autobiographies-and-memoirs,pulitzer prize winning autobiographies and memoirs,,content
fivebooks.com,https://fivebooks.com/best-books/pulitzer-prize-winning-biographies/,2026-09-09,best-books,pulitzer-prize-winning-biographies,pulitzer prize winning biographies,,content
fivebooks.com,https://fivebooks.com/best-books/pulitzer-prize-winning-novels/,2026-09-09,best-books,pulitzer-prize-winning-novels,pulitzer prize winning novels,,content
fivebooks.com,https://fivebooks.com/best-books/pulitzer-prize-winning-history-books/,2026-09-09,best-books,pulitzer-prize-winning-history-books,pulitzer prize winning history books,,content
fivebooks.com,https://fivebooks.com/best-books/2025-pulitzer-prize-nonfiction-book-winners/,2026-09-09,best-books,2025-pulitzer-prize-nonfiction-book-winners,2025 pulitzer prize nonfiction book winners,2025,content
fivebooks.com,https://fivebooks.com/best-books/marianne-bastid-bruguiere-on-life-in-china/,2026-09-13,best-books,marianne-bastid-bruguiere-on-life-in-china,marianne bastid bruguiere on life in china,,content
fivebooks.com,https://fivebooks.com/best-books/the-best-chinese-science-fiction-mingwei-song/,2026-09-13,best-books,the-best-chinese-science-fiction-mingwei-song,the best chinese science fiction mingwei song,,content
fivebooks.com,https://fivebooks.com/best-books/classics-daniel-mendelsohn/,2026-09-13,best-books,classics-daniel-mendelsohn,classics daniel mendelsohn,,content
fivebooks.com,https://fivebooks.com/best-books/the-best-economics-books-of-2025-jason-furman/,2026-09-13,best-books,the-best-economics-books-of-2025-jason-furman,the best economics books of 2025 jason furman,2025,content
fivebooks.com,https://fivebooks.com/best-books/honesty-christian-b-miller/,2026-09-16,best-books,honesty-christian-b-miller,honesty christian b miller,,content
fivebooks.com,https://fivebooks.com/best-books/what-is-a-memoir-jenny-evans/,2026-09-20,best-books,what-is-a-memoir-jenny-evans,what is a memoir jenny evans,,content
fivebooks.com,https://fivebooks.com/best-books/the-holy-roman-empire-barbara-stollberg-rilinger/,2026-09-20,best-books,the-holy-roman-empire-barbara-stollberg-rilinger,the holy roman empire barbara stollberg rilinger,,content
fivebooks.com,https://fivebooks.com/best-books/best-historical-fiction-of-2026-katharine-grant/,2026-09-22,best-books,best-historical-fiction-of-2026-katharine-grant,best historical fiction of 2026 katharine grant,2026,content
fivebooks.com,https://fivebooks.com/best-books/the-best-historical-fiction-of-2024-katharine-grant/,2026-09-22,best-books,the-best-historical-fiction-of-2024-katharine-grant,the best historical fiction of 2024 katharine grant,2024,content
fivebooks.com,https://fivebooks.com/best-books/best-historical-fiction-2025-katharine-grant/,2026-09-22,best-books,best-historical-fiction-2025-katharine-grant,best historical fiction 2025 katharine grant,2025,content
fivebooks.com,https://fivebooks.com/best-books/historical-novels-about-women-written-out-of-history-alice-jolly/,2026-09-23,best-books,historical-novels-about-women-written-out-of-history-alice-jolly,historical novels about women written out of history alice jolly,,content
fivebooks.com,https://fivebooks.com/best-books/the-best-literary-spy-novels-alex-preston/,2026-09-24,best-books,the-best-literary-spy-novels-alex-preston,the best literary spy novels alex preston,,content
fivebooks.com,https://fivebooks.com/best-books/battles-iain-macgregor/,2026-09-27,best-books,battles-iain-macgregor,battles iain macgregor,,content
fivebooks.com,https://fivebooks.com/best-books/new-history-books/,2026-09-29,best-books,new-history-books,new history books,,content
fivebooks.com,https://fivebooks.com/best-books/the-best-james-baldwin-books-ahmed-honeini/,2026-09-30,best-books,the-best-james-baldwin-books-ahmed-honeini,the best james baldwin books ahmed honeini,,content
fivebooks.com,https://fivebooks.com/best-books/novels-about-rich-wealthy-people-andrew-hunter-murray/,2026-10-04,best-books,novels-about-rich-wealthy-people-andrew-hunter-murray,novels about rich wealthy people andrew hunter murray,,content
fivebooks.com,https://fivebooks.com/best-books/funny-sci-fi-books-andrew-hunter-murray/,2026-10-04,best-books,funny-sci-fi-books-andrew-hunter-murray,funny sci fi books andrew hunter murray,,content
fivebooks.com,https://fivebooks.com/best-books/vasily-grossman-maxim-shrayer/,2026-10-05,best-books,vasily-grossman-maxim-shrayer,vasily grossman maxim shrayer,,content
fivebooks.com,https://fivebooks.com/best-books/robin-robertson-books-that-influenced-him/,2026-10-05,best-books,robin-robertson-books-that-influenced-him,robin robertson books that influenced him,,content
fivebooks.com,https://fivebooks.com/best-books/books-with-strong-female-leads/,2026-10-07,best-books,books-with-strong-female-leads,books with strong female leads,,content
fivebooks.com,https://fivebooks.com/best-books/football-11-year-olds-alexander/,2026-10-07,best-books,football-11-year-olds-alexander,football 11 year olds alexander,,content
fivebooks.com,https://fivebooks.com/best-books/knitting-rosie-fletcher/,2026-10-07,best-books,knitting-rosie-fletcher,knitting rosie fletcher,,content
fivebooks.com,https://fivebooks.com/best-books/max-porter-favourite-books-all-time/,2026-10-08,best-books,max-porter-favourite-books-all-time,max porter favourite books all time,,content
fivebooks.com,https://fivebooks.com/event/latin-lovers-book-club-november-meeting/,2016-11-22,event,latin-lovers-book-club-november-meeting,latin lovers book club november meeting,,content
fivebooks.com,https://fivebooks.com/event/dante-italian-book-club/,2016-11-22,event,dante-italian-book-club,dante italian book club,,content
fivebooks.com,https://fivebooks.com/event/latin-lovers-book-club-december-meeting/,2016-12-07,event,latin-lovers-book-club-december-meeting,latin lovers book club december meeting,,content
fivebooks.com,https://fivebooks.com/event/italian-book-club-january-meeting/,2016-12-17,event,italian-book-club-january-meeting,italian book club january meeting,,content
fivebooks.com,https://fivebooks.com/event/latin-lovers-bookclub-january-meeting/,2017-01-10,event,latin-lovers-bookclub-january-meeting,latin lovers bookclub january meeting,,content
fivebooks.com,https://fivebooks.com/event/latin-book-club/,2017-01-25,event,latin-book-club,latin book club,,content
fivebooks.com,https://fivebooks.com/event/italian-book-club-leopard/,2017-01-25,event,italian-book-club-leopard,italian book club leopard,,content
fivebooks.com,https://fivebooks.com/event/italian-book-club-slow-food-movement/,2017-04-04,event,italian-book-club-slow-food-movement,italian book club slow food movement,,content
fivebooks.com,https://fivebooks.com/event/zenos-conscience-italo-svevo/,2017-05-23,event,zenos-conscience-italo-svevo,zenos conscience italo svevo,,content
fivebooks.com,https://fivebooks.com/event/alberto-moravia-italian-book-club/,2017-07-03,event,alberto-moravia-italian-book-club,alberto moravia italian book club,,content
fivebooks.com,https://fivebooks.com/event/italian-bookclub-crime-novel-set-sicily-leonardo-sciascias-day-owl/,2017-08-27,event,italian-bookclub-crime-novel-set-sicily-leonardo-sciascias-day-owl,italian bookclub crime novel set sicily leonardo sciascias day owl,,content
fivebooks.com,https://fivebooks.com/event/italian-bookclub-politics-washing/,2017-09-07,event,italian-bookclub-politics-washing,italian bookclub politics washing,,content
fivebooks.com,https://fivebooks.com/event/italian-book-club-microcosms/,2018-01-23,event,italian-book-club-microcosms,italian book club microcosms,,content
fivebooks.com,https://fivebooks.com/event/italian-book-club-dante-alighieri/,2018-01-23,event,italian-book-club-dante-alighieri,italian book club dante alighieri,,content
fivebooks.com,https://fivebooks.com/event/italian-book-club-io-non-ho-paura-im-not-scared/,2018-02-06,event,italian-book-club-io-non-ho-paura-im-not-scared,italian book club io non ho paura im not scared,,content
fivebooks.com,https://fivebooks.com/event/italo-calvino-italian-book-club-event/,2018-02-06,event,italo-calvino-italian-book-club-event,italo calvino italian book club event,,content
fivebooks.com,https://fivebooks.com/event/leonardo-da-vinci-martin-kemp/,2018-02-06,event,leonardo-da-vinci-martin-kemp,leonardo da vinci martin kemp,,content
fivebooks.com,https://fivebooks.com/event/waterstones-italian-book-club/,2018-08-13,event,waterstones-italian-book-club,waterstones italian book club,,content
fivebooks.com,https://fivebooks.com/reader-lists/,2026-05-14,reader-lists,reader-lists,reader lists,,content
fivebooks.com,https://fivebooks.com/reader-list/five-of-the-best-books-that-have-been-subject-to-bans/,,reader-list,five-of-the-best-books-that-have-been-subject-to-bans,five of the best books that have been subject to bans,,content
fivebooks.com,https://fivebooks.com/reader-list/water/,,reader-list,water,water,,content
fivebooks.com,https://fivebooks.com/reader-list/five-best-little-kids-books/,2018-04-10,reader-list,five-best-little-kids-books,five best little kids books,,content
fivebooks.com,https://fivebooks.com/reader-list/sharp-new-york-women/,2018-04-10,reader-list,sharp-new-york-women,sharp new york women,,content
fivebooks.com,https://fivebooks.com/reader-list/world-war-i-books-i-want-to-read/,2018-04-23,reader-list,world-war-i-books-i-want-to-read,world war i books i want to read,,content
fivebooks.com,https://fivebooks.com/reader-list/five-of-the-best-american-classics/,2018-05-14,reader-list,five-of-the-best-american-classics,five of the best american classics,,content
fivebooks.com,https://fivebooks.com/reader-list/the-best-warrior-cat-books-2/,2018-05-15,reader-list,the-best-warrior-cat-books-2,the best warrior cat books 2,,content
fivebooks.com,https://fivebooks.com/reader-list/an-intro-to-the-philosophy-of-science-joshua-lazarus/,2018-06-01,reader-list,an-intro-to-the-philosophy-of-science-joshua-lazarus,an intro to the philosophy of science joshua lazarus,,content
fivebooks.com,https://fivebooks.com/reader-list/the-best-books-on-rationality-and-data-edouard-mathieu/,2018-06-06,reader-list,the-best-books-on-rationality-and-data-edouard-mathieu,the best books on rationality and data edouard mathieu,,content
fivebooks.com,https://fivebooks.com/reader-list/five-brilliant-books-about-islands/,2018-06-06,reader-list,five-brilliant-books-about-islands,five brilliant books about islands,,content
fivebooks.com,https://fivebooks.com/reader-list/best-whodunnits-2/,2018-06-07,reader-list,best-whodunnits-2,best whodunnits 2,,content
fivebooks.com,https://fivebooks.com/reader-list/five-of-the-best-books-for-pony-mad-girls-2/,2018-06-07,reader-list,five-of-the-best-books-for-pony-mad-girls-2,five of the best books for pony mad girls 2,,content
fivebooks.com,https://fivebooks.com/reader-list/scary-books-zoe/,2018-06-07,reader-list,scary-books-zoe,scary books zoe,,content
fivebooks.com,https://fivebooks.com/reader-list/useful-books-for-exploring-non-religious-spirituality-jimpalmer/,2018-06-07,reader-list,useful-books-for-exploring-non-religious-spirituality-jimpalmer,useful books for exploring non religious spirituality jimpalmer,,content
fivebooks.com,https://fivebooks.com/reader-list/best-books-for-new-philosophy-students-lancergoebel/,2018-06-07,reader-list,best-books-for-new-philosophy-students-lancergoebel,best books for new philosophy students lancergoebel,,content
fivebooks.com,https://fivebooks.com/reader-list/strength-and-conditioning-jeffrey_h_diritto/,2018-06-08,reader-list,strength-and-conditioning-jeffrey_h_diritto,strength and conditioning jeffrey h diritto,,content
fivebooks.com,https://fivebooks.com/reader-list/literature-of-the-habsburg-empire-alok/,2018-06-09,reader-list,literature-of-the-habsburg-empire-alok,literature of the habsburg empire alok,,content
fivebooks.com,https://fivebooks.com/reader-list/young-adult-lesbian-fiction-emilyquixote/,2018-06-09,reader-list,young-adult-lesbian-fiction-emilyquixote,young adult lesbian fiction emilyquixote,,content
fivebooks.com,https://fivebooks.com/reader-list/world-war-1-francisco_de_zavalia/,2018-06-09,reader-list,world-war-1-francisco_de_zavalia,world war 1 francisco de zavalia,,content
fivebooks.com,https://fivebooks.com/reader-list/the-best-books-on-philosophy-tawhid4theworld/,2018-06-09,reader-list,the-best-books-on-philosophy-tawhid4theworld,the best books on philosophy tawhid4theworld,,content
fivebooks.com,https://fivebooks.com/reader-list/favourite-series-to-read-with-kids/,2018-06-10,reader-list,favourite-series-to-read-with-kids,favourite series to read with kids,,content
fivebooks.com,https://fivebooks.com/reader-list/best-books-on-leibniz-rub%c3%a9n-pereda/,2018-06-11,reader-list,best-books-on-leibniz-rubén-pereda,best books on leibniz rub n pereda,,content
fivebooks.com,https://fivebooks.com/reader-list/love-fate-and-the-rest-of-important-things-carlosgomez_id/,2018-06-11,reader-list,love-fate-and-the-rest-of-important-things-carlosgomez_id,love fate and the rest of important things carlosgomez id,,content
fivebooks.com,https://fivebooks.com/reader-list/five-of-my-favourite-works-of-creative-nonfiction-cal-flyn/,2018-06-11,reader-list,five-of-my-favourite-works-of-creative-nonfiction-cal-flyn,five of my favourite works of creative nonfiction cal flyn,,content
fivebooks.com,https://fivebooks.com/reader-list/the-best-five-funny-books-imo-zoe/,2018-06-14,reader-list,the-best-five-funny-books-imo-zoe,the best five funny books imo zoe,,content
fivebooks.com,https://fivebooks.com/reader-list/for-an-armchair-travel-to-the-indian-subcontinent-sivashakthia/,2018-06-15,reader-list,for-an-armchair-travel-to-the-indian-subcontinent-sivashakthia,for an armchair travel to the indian subcontinent sivashakthia,,content
fivebooks.com,https://fivebooks.com/reader-list/chinese-early-modern-to-present-history-alex79070825/,2018-06-17,reader-list,chinese-early-modern-to-present-history-alex79070825,chinese early modern to present history alex79070825,,content
fivebooks.com,https://fivebooks.com/reader-list/the-best-non-fiction-adventure-books-marty-weil/,2018-06-17,reader-list,the-best-non-fiction-adventure-books-marty-weil,the best non fiction adventure books marty weil,,content
fivebooks.com,https://fivebooks.com/reader-list/the-five-books-that-made-me-a-better-person-bullsearching/,2018-06-17,reader-list,the-five-books-that-made-me-a-better-person-bullsearching,the five books that made me a better person bullsearching,,content
fivebooks.com,https://fivebooks.com/reader-list/memoirs-set-at-the-racetrack-jessica_chapel/,2018-06-19,reader-list,memoirs-set-at-the-racetrack-jessica_chapel,memoirs set at the racetrack jessica chapel,,content
fivebooks.com,https://fivebooks.com/reader-list/the-best-books-on-football-richard_west/,2018-06-19,reader-list,the-best-books-on-football-richard_west,the best books on football richard west,,content
fivebooks.com,https://fivebooks.com/reader-list/writing-london-peter_lowe/,2018-06-20,reader-list,writing-london-peter_lowe,writing london peter lowe,,content
fivebooks.com,https://fivebooks.com/reader-list/provincetown-jessica_chapel/,2018-06-20,reader-list,provincetown-jessica_chapel,provincetown jessica chapel,,content
fivebooks.com,https://fivebooks.com/reader-list/books-on-virtue-ethics-in-business-caleb_bernacchio/,2018-06-20,reader-list,books-on-virtue-ethics-in-business-caleb_bernacchio,books on virtue ethics in business caleb bernacchio,,content
fivebooks.com,https://fivebooks.com/reader-list/primers-on-occultism-and-esoteric-religions-in-the-americas-daniel_gorman_jr_/,2018-06-20,reader-list,primers-on-occultism-and-esoteric-religions-in-the-americas-daniel_gorman_jr_,primers on occultism and esoteric religions in the americas daniel gorman jr,,content
fivebooks.com,https://fivebooks.com/reader-list/best-dystopian-novels-aimee_dars_ellis/,2018-06-21,reader-list,best-dystopian-novels-aimee_dars_ellis,best dystopian novels aimee dars ellis,,content
fivebooks.com,https://fivebooks.com/reader-list/william-blake-scholarship-roger_whitson/,2018-06-21,reader-list,william-blake-scholarship-roger_whitson,william blake scholarship roger whitson,,content
fivebooks.com,https://fivebooks.com/reader-list/best-swiss-fiction-anil_oezdemir/,2018-06-23,reader-list,best-swiss-fiction-anil_oezdemir,best swiss fiction anil oezdemir,,content
fivebooks.com,https://fivebooks.com/reader-list/best-books-denmark-eva-hoier-greene/,2018-06-23,reader-list,best-books-denmark-eva-hoier-greene,best books denmark eva hoier greene,,content
fivebooks.com,https://fivebooks.com/reader-list/the-spirit-of-portugal-romas/,2018-06-23,reader-list,the-spirit-of-portugal-romas,the spirit of portugal romas,,content
fivebooks.com,https://fivebooks.com/reader-list/the-best-books-on-senegal-carla-de-gregorio/,2018-06-23,reader-list,the-best-books-on-senegal-carla-de-gregorio,the best books on senegal carla de gregorio,,content
fivebooks.com,https://fivebooks.com/reader-list/best-books-translated-from-yiddish-cheryl_collins/,2018-06-23,reader-list,best-books-translated-from-yiddish-cheryl_collins,best books translated from yiddish cheryl collins,,content
fivebooks.com,https://fivebooks.com/reader-list/best-colombia-books-sofia-hernandez/,2018-06-25,reader-list,best-colombia-books-sofia-hernandez,best colombia books sofia hernandez,,content
fivebooks.com,https://fivebooks.com/reader-list/peru-frankie/,2018-06-28,reader-list,peru-frankie,peru frankie,,content
fivebooks.com,https://fivebooks.com/reader-list/saudi-arabia-some-books-riyadh-girl/,2018-06-28,reader-list,saudi-arabia-some-books-riyadh-girl,saudi arabia some books riyadh girl,,content
fivebooks.com,https://fivebooks.com/reader-list/best-books-poland-jakub-widzyk/,2018-06-28,reader-list,best-books-poland-jakub-widzyk,best books poland jakub widzyk,,content
fivebooks.com,https://fivebooks.com/reader-list/the-best-novels-on-belgium-francis_baert-2/,2018-06-29,reader-list,the-best-novels-on-belgium-francis_baert-2,the best novels on belgium francis baert 2,,content
fivebooks.com,https://fivebooks.com/reader-list/the-best-books-on-belgian-poetry-francis_baert/,2018-06-29,reader-list,the-best-books-on-belgian-poetry-francis_baert,the best books on belgian poetry francis baert,,content
fivebooks.com,https://fivebooks.com/reader-list/the-best-books-on-the-history-of-belgium-francis_baert/,2018-06-29,reader-list,the-best-books-on-the-history-of-belgium-francis_baert,the best books on the history of belgium francis baert,,content
fivebooks.com,https://fivebooks.com/reader-list/classical-painting-drawing-technique-romas_viesulas/,2018-07-02,reader-list,classical-painting-drawing-technique-romas_viesulas,classical painting drawing technique romas viesulas,,content
fivebooks.com,https://fivebooks.com/reader-list/best-books-belgium-onserfdeel/,2018-07-06,reader-list,best-books-belgium-onserfdeel,best books belgium onserfdeel,,content
fivebooks.com,https://fivebooks.com/reader-list/best-books-on-the-economics-of-the-arts-michael_rushton/,2018-07-10,reader-list,best-books-on-the-economics-of-the-arts-michael_rushton,best books on the economics of the arts michael rushton,,content
fivebooks.com,https://fivebooks.com/reader-list/the-best-books-i-read-to-my-kids-when-they-were-younger-scott_pack/,2018-07-17,reader-list,the-best-books-i-read-to-my-kids-when-they-were-younger-scott_pack,the best books i read to my kids when they were younger scott pack,,content
fivebooks.com,https://fivebooks.com/reader-list/the-best-books-on-future-antonio_gallo/,2018-07-28,reader-list,the-best-books-on-future-antonio_gallo,the best books on future antonio gallo,,content
fivebooks.com,https://fivebooks.com/reader-list/the-best-books-on-gut-health-and-nutrition-tom_gorst/,2018-07-31,reader-list,the-best-books-on-gut-health-and-nutrition-tom_gorst,the best books on gut health and nutrition tom gorst,,content
fivebooks.com,https://fivebooks.com/reader-list/best-books-about-the-toronto-blue-jays-matthew_elmslie/,2018-08-13,reader-list,best-books-about-the-toronto-blue-jays-matthew_elmslie,best books about the toronto blue jays matthew elmslie,,content
fivebooks.com,https://fivebooks.com/reader-list/crisis-communications-books-jodetavernier/,2018-08-13,reader-list,crisis-communications-books-jodetavernier,crisis communications books jodetavernier,,content
fivebooks.com,https://fivebooks.com/reader-list/best-books-for-15-year-olds-theannagat/,2018-08-15,reader-list,best-books-for-15-year-olds-theannagat,best books for 15 year olds theannagat,,content
fivebooks.com,https://fivebooks.com/reader-list/the-best-books-on-dating-and-relationships-tom_gorst/,2018-08-15,reader-list,the-best-books-on-dating-and-relationships-tom_gorst,the best books on dating and relationships tom gorst,,content
fivebooks.com,https://fivebooks.com/reader-list/five-books-that-made-me-cry-theannagat/,2018-08-16,reader-list,five-books-that-made-me-cry-theannagat,five books that made me cry theannagat,,content
fivebooks.com,https://fivebooks.com/reader-list/best-golf-books-bob_ashley/,2018-08-17,reader-list,best-golf-books-bob_ashley,best golf books bob ashley,,content
fivebooks.com,https://fivebooks.com/reader-list/classical-education-scott_meadows/,2018-08-25,reader-list,classical-education-scott_meadows,classical education scott meadows,,content
fivebooks.com,https://fivebooks.com/reader-list/the-best-books-on-bullsearching/,2018-08-26,reader-list,the-best-books-on-bullsearching,the best books on bullsearching,,content
fivebooks.com,https://fivebooks.com/reader-list/the-best-books-on-the-psychedelic-experience-leo_huxley/,2018-09-02,reader-list,the-best-books-on-the-psychedelic-experience-leo_huxley,the best books on the psychedelic experience leo huxley,,content
fivebooks.com,https://fivebooks.com/reader-list/books-written-by-artists-davidpeacock/,2018-09-02,reader-list,books-written-by-artists-davidpeacock,books written by artists davidpeacock,,content
fivebooks.com,https://fivebooks.com/reader-list/the-best-gay-novels-before-gay-novels-were-a-thing-simon_edge/,2018-09-04,reader-list,the-best-gay-novels-before-gay-novels-were-a-thing-simon_edge,the best gay novels before gay novels were a thing simon edge,,content
fivebooks.com,https://fivebooks.com/reader-list/reimagining-the-ancient-world-dredford/,2018-09-11,reader-list,reimagining-the-ancient-world-dredford,reimagining the ancient world dredford,,content
fivebooks.com,https://fivebooks.com/reader-list/the-best-books-on-denialism-keith_kahn-harris/,2018-09-12,reader-list,the-best-books-on-denialism-keith_kahn-harris,the best books on denialism keith kahn harris,,content
fivebooks.com,https://fivebooks.com/reader-list/my-favourite-hungarian-novels-you-can-read-in-english-theannagat/,2018-09-12,reader-list,my-favourite-hungarian-novels-you-can-read-in-english-theannagat,my favourite hungarian novels you can read in english theannagat,,content
fivebooks.com,https://fivebooks.com/reader-list/the-best-books-i-havent-read-duncanastuart/,2018-09-20,reader-list,the-best-books-i-havent-read-duncanastuart,the best books i havent read duncanastuart,,content
fivebooks.com,https://fivebooks.com/reader-list/understanding-islam-by-frithjof-schuon-muhammad_naeem/,2018-09-27,reader-list,understanding-islam-by-frithjof-schuon-muhammad_naeem,understanding islam by frithjof schuon muhammad naeem,,content
fivebooks.com,https://fivebooks.com/reader-list/five-novels-ive-enjoyed-in-2018-calflyn_1/,2018-10-01,reader-list,five-novels-ive-enjoyed-in-2018-calflyn_1,five novels ive enjoyed in 2018 calflyn 1,2018,content
fivebooks.com,https://fivebooks.com/reader-list/best-croatia-books-sasha-king/,2018-10-02,reader-list,best-croatia-books-sasha-king,best croatia books sasha king,,content
fivebooks.com,https://fivebooks.com/reader-list/best-books-on-cosmic-perspective-roakulkarni/,2018-10-18,reader-list,best-books-on-cosmic-perspective-roakulkarni,best books on cosmic perspective roakulkarni,,content
fivebooks.com,https://fivebooks.com/reader-list/the-best-piano-books-for-intermediate-players-sophie-roell/,2018-10-24,reader-list,the-best-piano-books-for-intermediate-players-sophie-roell,the best piano books for intermediate players sophie roell,,content
fivebooks.com,https://fivebooks.com/reader-list/our-irrational-choices-biases-and-our-inherent-ignorance-kaveh_daneshvar/,2018-10-26,reader-list,our-irrational-choices-biases-and-our-inherent-ignorance-kaveh_daneshvar,our irrational choices biases and our inherent ignorance kaveh daneshvar,,content
fivebooks.com,https://fivebooks.com/reader-list/books-for-software-developers-merrion/,2018-10-26,reader-list,books-for-software-developers-merrion,books for software developers merrion,,content
fivebooks.com,https://fivebooks.com/reader-list/the-best-books-on-the-theory-of-constraints-michael_clingan/,2018-10-31,reader-list,the-best-books-on-the-theory-of-constraints-michael_clingan,the best books on the theory of constraints michael clingan,,content
fivebooks.com,https://fivebooks.com/reader-list/embracing-learning-from-and-exploiting-uncertainty-at-work-henrik_lindberg/,2018-11-15,reader-list,embracing-learning-from-and-exploiting-uncertainty-at-work-henrik_lindberg,embracing learning from and exploiting uncertainty at work henrik lindberg,,content
fivebooks.com,https://fivebooks.com/reader-list/five-of-the-books-that-helped-me-understand-2018-phil_darby/,2018-11-17,reader-list,five-of-the-books-that-helped-me-understand-2018-phil_darby,five of the books that helped me understand 2018 phil darby,2018,content
fivebooks.com,https://fivebooks.com/reader-list/the-soul-of-architecture-dilgreen/,2018-11-18,reader-list,the-soul-of-architecture-dilgreen,the soul of architecture dilgreen,,content
fivebooks.com,https://fivebooks.com/reader-list/best-self-help-books-carol_yannarella/,2018-11-24,reader-list,best-self-help-books-carol_yannarella,best self help books carol yannarella,,content
fivebooks.com,https://fivebooks.com/reader-list/5-books-i-didnt-like-but-everybody-else-did-and-now-i-think-there-is-something-theannagat/,2018-11-24,reader-list,5-books-i-didnt-like-but-everybody-else-did-and-now-i-think-there-is-something-theannagat,5 books i didnt like but everybody else did and now i think there is something theannagat,,content
fivebooks.com,https://fivebooks.com/reader-list/unschool-kyleschutter/,2018-11-26,reader-list,unschool-kyleschutter,unschool kyleschutter,,content
fivebooks.com,https://fivebooks.com/reader-list/startups-kyleschutter/,2018-11-27,reader-list,startups-kyleschutter,startups kyleschutter,,content
fivebooks.com,https://fivebooks.com/reader-list/stories-about-boating-in-england-matthew_elmslie/,2018-11-30,reader-list,stories-about-boating-in-england-matthew_elmslie,stories about boating in england matthew elmslie,,content
fivebooks.com,https://fivebooks.com/reader-list/nationalism-nino_gozalishvili/,2018-12-01,reader-list,nationalism-nino_gozalishvili,nationalism nino gozalishvili,,content
fivebooks.com,https://fivebooks.com/reader-list/best-books-on-sapphic-modernism-anna_hill/,2018-12-03,reader-list,best-books-on-sapphic-modernism-anna_hill,best books on sapphic modernism anna hill,,content
fivebooks.com,https://fivebooks.com/reader-list/philosophy-of-law-gigi_gogelia/,2018-12-08,reader-list,philosophy-of-law-gigi_gogelia,philosophy of law gigi gogelia,,content
fivebooks.com,https://fivebooks.com/reader-list/the-five-best-classics-anuja_harivallabhdas/,2018-12-18,reader-list,the-five-best-classics-anuja_harivallabhdas,the five best classics anuja harivallabhdas,,content
fivebooks.com,https://fivebooks.com/reader-list/practical-guide-to-climbing-mt-everest-michael_tomordy/,2018-12-22,reader-list,practical-guide-to-climbing-mt-everest-michael_tomordy,practical guide to climbing mt everest michael tomordy,,content
fivebooks.com,https://fivebooks.com/reader-list/on-beauty-in-culture-menashedisrael/,2018-12-23,reader-list,on-beauty-in-culture-menashedisrael,on beauty in culture menashedisrael,,content
fivebooks.com,https://fivebooks.com/reader-list/a-crash-course-on-understanding-cities-menashedisrael/,2018-12-23,reader-list,a-crash-course-on-understanding-cities-menashedisrael,a crash course on understanding cities menashedisrael,,content
fivebooks.com,https://fivebooks.com/reader-list/my-best-reads-of-2018-fiction-danielccandedu/,2018-12-27,reader-list,my-best-reads-of-2018-fiction-danielccandedu,my best reads of 2018 fiction danielccandedu,2018,content
fivebooks.com,https://fivebooks.com/reader-list/essential-tok-books-paul_sharry/,2019-01-03,reader-list,essential-tok-books-paul_sharry,essential tok books paul sharry,,content
fivebooks.com,https://fivebooks.com/reader-list/the-best-books-on-balochistan-malik_siraj_akbar/,2019-01-11,reader-list,the-best-books-on-balochistan-malik_siraj_akbar,the best books on balochistan malik siraj akbar,,content
fivebooks.com,https://fivebooks.com/reader-list/life-changing-books-dimitris_antonoglou/,2019-01-16,reader-list,life-changing-books-dimitris_antonoglou,life changing books dimitris antonoglou,,content
fivebooks.com,https://fivebooks.com/reader-list/the-best-anticolonial-writing-j_daniel_elam/,2019-01-25,reader-list,the-best-anticolonial-writing-j_daniel_elam,the best anticolonial writing j daniel elam,,content
fivebooks.com,https://fivebooks.com/reader-list/understand-islamic-finance-joewbradford/,2019-01-25,reader-list,understand-islamic-finance-joewbradford,understand islamic finance joewbradford,,content
fivebooks.com,https://fivebooks.com/reader-list/islam-a-reading-list-tariq_abdul-razaq/,2019-01-26,reader-list,islam-a-reading-list-tariq_abdul-razaq,islam a reading list tariq abdul razaq,,content
fivebooks.com,https://fivebooks.com/reader-list/books-on-eurasia-alex79070825/,2019-02-02,reader-list,books-on-eurasia-alex79070825,books on eurasia alex79070825,,content
fivebooks.com,https://fivebooks.com/reader-list/five-books-that-have-inspired-me-this-year-danielccandedu/,2019-02-05,reader-list,five-books-that-have-inspired-me-this-year-danielccandedu,five books that have inspired me this year danielccandedu,,content
fivebooks.com,https://fivebooks.com/reader-list/the-best-mathematical-philosophy-books-cory-johnson/,2019-02-09,reader-list,the-best-mathematical-philosophy-books-cory-johnson,the best mathematical philosophy books cory johnson,,content
fivebooks.com,https://fivebooks.com/reader-list/best-readings-to-face-your-life-aargelich/,2019-02-16,reader-list,best-readings-to-face-your-life-aargelich,best readings to face your life aargelich,,content
fivebooks.com,https://fivebooks.com/reader-list/grieving-loss-child-jon_baer/,2019-03-09,reader-list,grieving-loss-child-jon_baer,grieving loss child jon baer,,content
fivebooks.com,https://fivebooks.com/reader-list/workings-global-financial-market-ira_yashina/,2019-03-13,reader-list,workings-global-financial-market-ira_yashina,workings global financial market ira yashina,,content
fivebooks.com,https://fivebooks.com/reader-list/best-books-for-new-grads-fobstamo/,2019-04-15,reader-list,best-books-for-new-grads-fobstamo,best books for new grads fobstamo,,content
fivebooks.com,https://fivebooks.com/reader-list/the-disreputable-history-of-frankie-landau-banks-dhaaruni/,2019-04-27,reader-list,the-disreputable-history-of-frankie-landau-banks-dhaaruni,the disreputable history of frankie landau banks dhaaruni,,content
fivebooks.com,https://fivebooks.com/reader-list/5-novels-promoting-the-value-of-forgiveness-and-loyalty-jason_sanders/,2019-05-08,reader-list,5-novels-promoting-the-value-of-forgiveness-and-loyalty-jason_sanders,5 novels promoting the value of forgiveness and loyalty jason sanders,,content
fivebooks.com,https://fivebooks.com/reader-list/5-book-on-empathic-leadership-natasha_zolotareva/,2019-05-08,reader-list,5-book-on-empathic-leadership-natasha_zolotareva,5 book on empathic leadership natasha zolotareva,,content
fivebooks.com,https://fivebooks.com/reader-list/get-started-in-islamic-history-joewbradford/,2019-05-13,reader-list,get-started-in-islamic-history-joewbradford,get started in islamic history joewbradford,,content
fivebooks.com,https://fivebooks.com/reader-list/5-books-to-help-you-embrace-the-change-natasha_zolotareva/,2019-05-22,reader-list,5-books-to-help-you-embrace-the-change-natasha_zolotareva,5 books to help you embrace the change natasha zolotareva,,content
fivebooks.com,https://fivebooks.com/reader-list/the-best-books-on-climbing-mt-everest/,2019-05-29,reader-list,the-best-books-on-climbing-mt-everest,the best books on climbing mt everest,,content
fivebooks.com,https://fivebooks.com/reader-list/best-philosophy-books-for-the-beach-this-summer-nigel-warburton/,2019-06-10,reader-list,best-philosophy-books-for-the-beach-this-summer-nigel-warburton,best philosophy books for the beach this summer nigel warburton,,content
fivebooks.com,https://fivebooks.com/reader-list/uruguay-ailsa-roell/,2019-06-18,reader-list,uruguay-ailsa-roell,uruguay ailsa roell,,content
fivebooks.com,https://fivebooks.com/reader-list/the-best-french-romantic-flute-music/,2019-06-18,reader-list,the-best-french-romantic-flute-music,the best french romantic flute music,,content
fivebooks.com,https://fivebooks.com/reader-list/great-love-letters-stephanie/,2019-07-03,reader-list,great-love-letters-stephanie,great love letters stephanie,,content
fivebooks.com,https://fivebooks.com/reader-list/best-books-for-boys-with-illustrations-martin_mares/,2019-07-29,reader-list,best-books-for-boys-with-illustrations-martin_mares,best books for boys with illustrations martin mares,,content
fivebooks.com,https://fivebooks.com/reader-list/5-science-fictions-books-on-the-future-of-europe-porcarorama/,2019-08-03,reader-list,5-science-fictions-books-on-the-future-of-europe-porcarorama,5 science fictions books on the future of europe porcarorama,,content
fivebooks.com,https://fivebooks.com/reader-list/an-introduction-to-endurance-and-running-training-mehul_vaitha/,2019-08-23,reader-list,an-introduction-to-endurance-and-running-training-mehul_vaitha,an introduction to endurance and running training mehul vaitha,,content
fivebooks.com,https://fivebooks.com/reader-list/the-best-books-on-heidegger/,2019-08-31,reader-list,the-best-books-on-heidegger,the best books on heidegger,,content
fivebooks.com,https://fivebooks.com/reader-list/my-books-maddy02x/,2019-09-22,reader-list,my-books-maddy02x,my books maddy02x,,content
fivebooks.com,https://fivebooks.com/reader-list/books-to-read-if-youre-going-to-albania-sophiemaynard/,2019-11-06,reader-list,books-to-read-if-youre-going-to-albania-sophiemaynard,books to read if youre going to albania sophiemaynard,,content
fivebooks.com,https://fivebooks.com/reader-list/the-best-of-crime-fiction-ann_o_donnell/,2019-11-09,reader-list,the-best-of-crime-fiction-ann_o_donnell,the best of crime fiction ann o donnell,,content
fivebooks.com,https://fivebooks.com/reader-list/books-for-hypochondriacs-cherie_l_marcus/,2019-11-09,reader-list,books-for-hypochondriacs-cherie_l_marcus,books for hypochondriacs cherie l marcus,,content
fivebooks.com,https://fivebooks.com/reader-list/the-best-bookson-depression-istvan_hasulyo/,2019-11-18,reader-list,the-best-bookson-depression-istvan_hasulyo,the best bookson depression istvan hasulyo,,content
fivebooks.com,https://fivebooks.com/reader-list/ancap-bitcoin-austrian-econonmics-lowtimehodler/,2019-12-08,reader-list,ancap-bitcoin-austrian-econonmics-lowtimehodler,ancap bitcoin austrian econonmics lowtimehodler,,content
fivebooks.com,https://fivebooks.com/reader-list/my-top-5-books-on-branding-markus_kramer/,2019-12-17,reader-list,my-top-5-books-on-branding-markus_kramer,my top 5 books on branding markus kramer,,content
fivebooks.com,https://fivebooks.com/reader-list/annas-favourite-2019-reads-theannagat/,2019-12-28,reader-list,annas-favourite-2019-reads-theannagat,annas favourite 2019 reads theannagat,2019,content
fivebooks.com,https://fivebooks.com/reader-list/annas-best-fiction-books-about-change-theannagat/,2020-01-01,reader-list,annas-best-fiction-books-about-change-theannagat,annas best fiction books about change theannagat,,content
fivebooks.com,https://fivebooks.com/reader-list/annas-top-fiction-books-about-love-theannagat/,2020-01-01,reader-list,annas-top-fiction-books-about-love-theannagat,annas top fiction books about love theannagat,,content
fivebooks.com,https://fivebooks.com/reader-list/my-favourite-books-with-lavish-illustrations-sirmartinmares/,2020-01-09,reader-list,my-favourite-books-with-lavish-illustrations-sirmartinmares,my favourite books with lavish illustrations sirmartinmares,,content
fivebooks.com,https://fivebooks.com/reader-list/great-books-on-maritime-history-by-female-authors-martin-mares/,2020-01-14,reader-list,great-books-on-maritime-history-by-female-authors-martin-mares,great books on maritime history by female authors martin mares,,content
fivebooks.com,https://fivebooks.com/reader-list/interesting-history-books-for-everyone-martin-mares/,2020-01-14,reader-list,interesting-history-books-for-everyone-martin-mares,interesting history books for everyone martin mares,,content
fivebooks.com,https://fivebooks.com/reader-list/understanding-piracy-through-and-through-martin-mares/,2020-01-14,reader-list,understanding-piracy-through-and-through-martin-mares,understanding piracy through and through martin mares,,content
fivebooks.com,https://fivebooks.com/reader-list/good-old-historical-adventures-martin-mares/,2020-01-14,reader-list,good-old-historical-adventures-martin-mares,good old historical adventures martin mares,,content
fivebooks.com,https://fivebooks.com/reader-list/5-thought-provoking-history-books-martin-mares/,2020-01-15,reader-list,5-thought-provoking-history-books-martin-mares,5 thought provoking history books martin mares,,content
fivebooks.com,https://fivebooks.com/reader-list/heavy-history-for-true-history-buffs-martin-mares/,2020-01-15,reader-list,heavy-history-for-true-history-buffs-martin-mares,heavy history for true history buffs martin mares,,content
fivebooks.com,https://fivebooks.com/reader-list/beyond-tolkiens-lord-of-the-rings-martin-mares/,2020-01-15,reader-list,beyond-tolkiens-lord-of-the-rings-martin-mares,beyond tolkiens lord of the rings martin mares,,content
fivebooks.com,https://fivebooks.com/reader-list/racial-science-revisited-martin-mares/,2020-01-17,reader-list,racial-science-revisited-martin-mares,racial science revisited martin mares,,content
fivebooks.com,https://fivebooks.com/reader-list/women-pirates-martin-mares/,2020-01-20,reader-list,women-pirates-martin-mares,women pirates martin mares,,content
fivebooks.com,https://fivebooks.com/reader-list/5-travel-books-that-ive-loved-menashedisrael/,2020-01-31,reader-list,5-travel-books-that-ive-loved-menashedisrael,5 travel books that ive loved menashedisrael,,content
fivebooks.com,https://fivebooks.com/reader-list/the-best-books-to-escape-meesagoodboi/,2020-02-04,reader-list,the-best-books-to-escape-meesagoodboi,the best books to escape meesagoodboi,,content
fivebooks.com,https://fivebooks.com/reader-list/essenstial-primary-sources-on-the-golden-of-piracy-martin-mares/,2020-02-10,reader-list,essenstial-primary-sources-on-the-golden-of-piracy-martin-mares,essenstial primary sources on the golden of piracy martin mares,,content
fivebooks.com,https://fivebooks.com/reader-list/great-fantasy-books-martin-mares/,2020-02-16,reader-list,great-fantasy-books-martin-mares,great fantasy books martin mares,,content
fivebooks.com,https://fivebooks.com/reader-list/the-interintellect-starter-reading-kit-theannagat/,2020-02-29,reader-list,the-interintellect-starter-reading-kit-theannagat,the interintellect starter reading kit theannagat,,content
fivebooks.com,https://fivebooks.com/reader-list/on-walking-and-exploring-phurducas/,2020-02-29,reader-list,on-walking-and-exploring-phurducas,on walking and exploring phurducas,,content
fivebooks.com,https://fivebooks.com/reader-list/comparative-physiology-malcolm_richard_turner/,2020-03-01,reader-list,comparative-physiology-malcolm_richard_turner,comparative physiology malcolm richard turner,,content
fivebooks.com,https://fivebooks.com/reader-list/biology-malcolm_richard_turner/,2020-03-01,reader-list,biology-malcolm_richard_turner,biology malcolm richard turner,,content
fivebooks.com,https://fivebooks.com/reader-list/physical-biology-malcolm_richard_turner/,2020-03-01,reader-list,physical-biology-malcolm_richard_turner,physical biology malcolm richard turner,,content
fivebooks.com,https://fivebooks.com/reader-list/human-physiology-malcolm_richard_turner/,2020-03-01,reader-list,human-physiology-malcolm_richard_turner,human physiology malcolm richard turner,,content
fivebooks.com,https://fivebooks.com/reader-list/history-of-england-malcolm_richard_turner/,2020-03-04,reader-list,history-of-england-malcolm_richard_turner,history of england malcolm richard turner,,content
fivebooks.com,https://fivebooks.com/reader-list/women-in-ministry-tracy_lucia_galloway/,2020-03-11,reader-list,women-in-ministry-tracy_lucia_galloway,women in ministry tracy lucia galloway,,content
fivebooks.com,https://fivebooks.com/reader-list/five-firsthand-accounts-of-mental-illness-jennifer_silver/,2020-04-06,reader-list,five-firsthand-accounts-of-mental-illness-jennifer_silver,five firsthand accounts of mental illness jennifer silver,,content
fivebooks.com,https://fivebooks.com/reader-list/mythology-jodie_bond/,2020-04-15,reader-list,mythology-jodie_bond,mythology jodie bond,,content
fivebooks.com,https://fivebooks.com/reader-list/5-books-to-help-survive-stressful-times-zolotareva_n/,2020-04-24,reader-list,5-books-to-help-survive-stressful-times-zolotareva_n,5 books to help survive stressful times zolotareva n,,content
fivebooks.com,https://fivebooks.com/reader-list/how-the-world-got-so-messed-up-christopher_dixon/,2020-04-24,reader-list,how-the-world-got-so-messed-up-christopher_dixon,how the world got so messed up christopher dixon,,content
fivebooks.com,https://fivebooks.com/reader-list/best-books-on-paris-in-world-war-2-annesebba/,2020-05-09,reader-list,best-books-on-paris-in-world-war-2-annesebba,best books on paris in world war 2 annesebba,,content
fivebooks.com,https://fivebooks.com/reader-list/the-best-books-about-mothers-theannagat/,2020-05-10,reader-list,the-best-books-about-mothers-theannagat,the best books about mothers theannagat,,content
fivebooks.com,https://fivebooks.com/reader-list/the-best-books-on-energy-econpwr/,2020-05-15,reader-list,the-best-books-on-energy-econpwr,the best books on energy econpwr,,content
fivebooks.com,https://fivebooks.com/reader-list/the-best-books-on-decadent-economics-econpwr/,2020-05-24,reader-list,the-best-books-on-decadent-economics-econpwr,the best books on decadent economics econpwr,,content
fivebooks.com,https://fivebooks.com/reader-list/the-best-books-on-economic-growth-econpwr/,2020-06-26,reader-list,the-best-books-on-economic-growth-econpwr,the best books on economic growth econpwr,,content
fivebooks.com,https://fivebooks.com/reader-list/books-on-adolescence-eric_parker4/,2020-07-28,reader-list,books-on-adolescence-eric_parker4,books on adolescence eric parker4,,content
fivebooks.com,https://fivebooks.com/reader-list/the-best-books-on-race-and-christian-religion-in-america-zach_aument/,2020-08-12,reader-list,the-best-books-on-race-and-christian-religion-in-america-zach_aument,the best books on race and christian religion in america zach aument,,content
fivebooks.com,https://fivebooks.com/reader-list/the-best-books-on-christian-preaching-and-homeletics-zach_aument/,2020-08-15,reader-list,the-best-books-on-christian-preaching-and-homeletics-zach_aument,the best books on christian preaching and homeletics zach aument,,content
fivebooks.com,https://fivebooks.com/reader-list/the-best-books-on-christian-spiritual-formation-zach_aument/,2020-08-15,reader-list,the-best-books-on-christian-spiritual-formation-zach_aument,the best books on christian spiritual formation zach aument,,content
fivebooks.com,https://fivebooks.com/reader-list/must-read-recent-books-on-artificial-intelligence-joshgans/,2020-12-14,reader-list,must-read-recent-books-on-artificial-intelligence-joshgans,must read recent books on artificial intelligence joshgans,,content
fivebooks.com,https://fivebooks.com/reader-list/credible-thoughts-on-evolution-phil_vivien_rempel_sharp/,2020-12-23,reader-list,credible-thoughts-on-evolution-phil_vivien_rempel_sharp,credible thoughts on evolution phil vivien rempel sharp,,content
fivebooks.com,https://fivebooks.com/reader-list/the-best-books-on-walking-elan-kluger/,2021-01-03,reader-list,the-best-books-on-walking-elan-kluger,the best books on walking elan kluger,,content
fivebooks.com,https://fivebooks.com/reader-list/the-best-books-on-the-publishing-industry-tomjcull/,2021-01-08,reader-list,the-best-books-on-the-publishing-industry-tomjcull,the best books on the publishing industry tomjcull,,content
fivebooks.com,https://fivebooks.com/reader-list/the-best-fictional-books-about-the-soe-tomjcull/,2021-01-08,reader-list,the-best-fictional-books-about-the-soe-tomjcull,the best fictional books about the soe tomjcull,,content
fivebooks.com,https://fivebooks.com/reader-list/best-books-about-artists-in-2020-a-pick-list-by-hauser-wirth-publishers-romas_viesulas/,2021-01-09,reader-list,best-books-about-artists-in-2020-a-pick-list-by-hauser-wirth-publishers-romas_viesulas,best books about artists in 2020 a pick list by hauser wirth publishers romas viesulas,2020,content
fivebooks.com,https://fivebooks.com/reader-list/holocaust-era-looted-art-erynecki/,2021-02-18,reader-list,holocaust-era-looted-art-erynecki,holocaust era looted art erynecki,,content
fivebooks.com,https://fivebooks.com/reader-list/the-best-twentieth-century-fiction-uyiosaom/,2021-04-15,reader-list,the-best-twentieth-century-fiction-uyiosaom,the best twentieth century fiction uyiosaom,,content
fivebooks.com,https://fivebooks.com/reader-list/great-neglected-memoirs-editorneglectedbooks-com/,2021-05-07,reader-list,great-neglected-memoirs-editorneglectedbooks-com,great neglected memoirs editorneglectedbooks com,,content
fivebooks.com,https://fivebooks.com/reader-list/acts-of-genocide-em_grossmith/,2021-05-08,reader-list,acts-of-genocide-em_grossmith,acts of genocide em grossmith,,content
fivebooks.com,https://fivebooks.com/reader-list/five-more-best-books-on-death-and-dying-jane_squire/,2021-05-12,reader-list,five-more-best-books-on-death-and-dying-jane_squire,five more best books on death and dying jane squire,,content
fivebooks.com,https://fivebooks.com/reader-list/neglected-westerns-brad-bigelow-editorneglectedbooks-com/,2021-06-12,reader-list,neglected-westerns-brad-bigelow-editorneglectedbooks-com,neglected westerns brad bigelow editorneglectedbooks com,,content
fivebooks.com,https://fivebooks.com/reader-list/best-math-books-for-people-who-dont-do-math-karen_carlson/,2021-06-20,reader-list,best-math-books-for-people-who-dont-do-math-karen_carlson,best math books for people who dont do math karen carlson,,content
fivebooks.com,https://fivebooks.com/reader-list/books-that-made-me-think-etc-suzie_mcmillan/,2021-06-21,reader-list,books-that-made-me-think-etc-suzie_mcmillan,books that made me think etc suzie mcmillan,,content
fivebooks.com,https://fivebooks.com/reader-list/books-following-young-independent-women-anna_lee/,2021-06-27,reader-list,books-following-young-independent-women-anna_lee,books following young independent women anna lee,,content
fivebooks.com,https://fivebooks.com/reader-list/books-that-explore-relationships-james_walker/,2021-06-27,reader-list,books-that-explore-relationships-james_walker,books that explore relationships james walker,,content
fivebooks.com,https://fivebooks.com/reader-list/the-best-lgbtq-novels-grace_buller/,2021-07-15,reader-list,the-best-lgbtq-novels-grace_buller,the best lgbtq novels grace buller,,content
fivebooks.com,https://fivebooks.com/reader-list/my-top-5-lucie_xox/,2021-08-17,reader-list,my-top-5-lucie_xox,my top 5 lucie xox,,content
fivebooks.com,https://fivebooks.com/reader-list/the-five-best-books-written-on-the-gentlemans-game-of-cricket-venkataraman_ganesan/,2021-08-20,reader-list,the-five-best-books-written-on-the-gentlemans-game-of-cricket-venkataraman_ganesan,the five best books written on the gentlemans game of cricket venkataraman ganesan,,content
fivebooks.com,https://fivebooks.com/reader-list/misinformation-disinformation-and-the-perils-of-technology-venkataraman_ganesan/,2021-08-21,reader-list,misinformation-disinformation-and-the-perils-of-technology-venkataraman_ganesan,misinformation disinformation and the perils of technology venkataraman ganesan,,content
fivebooks.com,https://fivebooks.com/reader-list/five-books-that-i-like-and-would-recommend-miles_brindley/,2021-08-28,reader-list,five-books-that-i-like-and-would-recommend-miles_brindley,five books that i like and would recommend miles brindley,,content
fivebooks.com,https://fivebooks.com/reader-list/the-best-modern-murder-books-olivia_tavener/,2021-08-30,reader-list,the-best-modern-murder-books-olivia_tavener,the best modern murder books olivia tavener,,content
fivebooks.com,https://fivebooks.com/reader-list/my-favourite-books-njnjnondcojco_hubuvyctct-2/,2021-08-31,reader-list,my-favourite-books-njnjnondcojco_hubuvyctct-2,my favourite books njnjnondcojco hubuvyctct 2,,content
fivebooks.com,https://fivebooks.com/reader-list/some-great-works-of-modern-thinkers-gogole_pi_mukherjee/,2021-09-05,reader-list,some-great-works-of-modern-thinkers-gogole_pi_mukherjee,some great works of modern thinkers gogole pi mukherjee,,content
fivebooks.com,https://fivebooks.com/reader-list/5-books-that-i-enjoy-and-recommend-rachel_davies/,2021-09-05,reader-list,5-books-that-i-enjoy-and-recommend-rachel_davies,5 books that i enjoy and recommend rachel davies,,content
fivebooks.com,https://fivebooks.com/reader-list/five-favourites-abigail_stainthorpe/,2021-09-06,reader-list,five-favourites-abigail_stainthorpe,five favourites abigail stainthorpe,,content
fivebooks.com,https://fivebooks.com/reader-list/best-stand-alone-teen-novels-quick-reads-willow_hunter/,2021-09-09,reader-list,best-stand-alone-teen-novels-quick-reads-willow_hunter,best stand alone teen novels quick reads willow hunter,,content
fivebooks.com,https://fivebooks.com/reader-list/american-revolutionaries-franklin_ridgway/,2021-10-10,reader-list,american-revolutionaries-franklin_ridgway,american revolutionaries franklin ridgway,,content
fivebooks.com,https://fivebooks.com/reader-list/five-indispensable-texts-for-revolutionary-marxists-franklin_ridgway/,2021-10-18,reader-list,five-indispensable-texts-for-revolutionary-marxists-franklin_ridgway,five indispensable texts for revolutionary marxists franklin ridgway,,content
fivebooks.com,https://fivebooks.com/reader-list/economics-rejeev_divakaran/,2021-10-30,reader-list,economics-rejeev_divakaran,economics rejeev divakaran,,content
fivebooks.com,https://fivebooks.com/reader-list/the-best-five-books-on-epistemology-alejandro_vazquez_del_mercado/,2021-11-22,reader-list,the-best-five-books-on-epistemology-alejandro_vazquez_del_mercado,the best five books on epistemology alejandro vazquez del mercado,,content
fivebooks.com,https://fivebooks.com/reader-list/top-5-books-on-sustainability-in-business-daisy_reynolds/,2021-12-08,reader-list,top-5-books-on-sustainability-in-business-daisy_reynolds,top 5 books on sustainability in business daisy reynolds,,content
fivebooks.com,https://fivebooks.com/reader-list/the-best-five-books-on-affordable-housing-design-jenna_owen/,2021-12-10,reader-list,the-best-five-books-on-affordable-housing-design-jenna_owen,the best five books on affordable housing design jenna owen,,content
fivebooks.com,https://fivebooks.com/reader-list/top-5-books-for-business-leaders-daisy_reynolds/,2021-12-13,reader-list,top-5-books-for-business-leaders-daisy_reynolds,top 5 books for business leaders daisy reynolds,,content
fivebooks.com,https://fivebooks.com/reader-list/top-5-childrens-books-to-spark-conversation-about-mental-health-daisy_reynolds/,2021-12-13,reader-list,top-5-childrens-books-to-spark-conversation-about-mental-health-daisy_reynolds,top 5 childrens books to spark conversation about mental health daisy reynolds,,content
fivebooks.com,https://fivebooks.com/reader-list/top-5-books-to-help-people-grow-their-business-daisy_reynolds/,2021-12-13,reader-list,top-5-books-to-help-people-grow-their-business-daisy_reynolds,top 5 books to help people grow their business daisy reynolds,,content
fivebooks.com,https://fivebooks.com/reader-list/ilan-2021-top-books-ilan_durbino/,2021-12-17,reader-list,ilan-2021-top-books-ilan_durbino,ilan 2021 top books ilan durbino,2021,content
fivebooks.com,https://fivebooks.com/reader-list/the-best-books-by-jorge-luis-borges-gallaaz/,2022-02-04,reader-list,the-best-books-by-jorge-luis-borges-gallaaz,the best books by jorge luis borges gallaaz,,content
fivebooks.com,https://fivebooks.com/reader-list/poetry-anthologies-heather_moss/,2022-02-13,reader-list,poetry-anthologies-heather_moss,poetry anthologies heather moss,,content
fivebooks.com,https://fivebooks.com/reader-list/top-5-books-to-read-this-stress-awareness-month-daisy_reynolds/,2022-04-26,reader-list,top-5-books-to-read-this-stress-awareness-month-daisy_reynolds,top 5 books to read this stress awareness month daisy reynolds,,content
fivebooks.com,https://fivebooks.com/reader-list/my-top-five-marketing-books-kris_duering/,2022-04-29,reader-list,my-top-five-marketing-books-kris_duering,my top five marketing books kris duering,,content
fivebooks.com,https://fivebooks.com/reader-list/my-top-five-time-management-books-kris_duering/,2022-04-29,reader-list,my-top-five-time-management-books-kris_duering,my top five time management books kris duering,,content
fivebooks.com,https://fivebooks.com/reader-list/my-top-five-goal-setting-books-kris_duering/,2022-04-29,reader-list,my-top-five-goal-setting-books-kris_duering,my top five goal setting books kris duering,,content
fivebooks.com,https://fivebooks.com/reader-list/my-top-five-finding-your-niche-in-life-books-kris_duering/,2022-04-29,reader-list,my-top-five-finding-your-niche-in-life-books-kris_duering,my top five finding your niche in life books kris duering,,content
fivebooks.com,https://fivebooks.com/reader-list/my-top-five-motivational-books-kris_duering/,2022-04-30,reader-list,my-top-five-motivational-books-kris_duering,my top five motivational books kris duering,,content
fivebooks.com,https://fivebooks.com/reader-list/my-top-five-mindfulness-books-kris_duering/,2022-05-02,reader-list,my-top-five-mindfulness-books-kris_duering,my top five mindfulness books kris duering,,content
fivebooks.com,https://fivebooks.com/reader-list/my-top-five-learning-books-kris_duering/,2022-05-02,reader-list,my-top-five-learning-books-kris_duering,my top five learning books kris duering,,content
fivebooks.com,https://fivebooks.com/reader-list/my-top-five-computer-basics-books-kris_duering/,2022-05-02,reader-list,my-top-five-computer-basics-books-kris_duering,my top five computer basics books kris duering,,content
fivebooks.com,https://fivebooks.com/reader-list/my-top-five-search-engine-optimization-books-kris_duering/,2022-05-02,reader-list,my-top-five-search-engine-optimization-books-kris_duering,my top five search engine optimization books kris duering,,content
fivebooks.com,https://fivebooks.com/reader-list/my-top-five-social-media-marketing-books-kris_duering/,2022-05-02,reader-list,my-top-five-social-media-marketing-books-kris_duering,my top five social media marketing books kris duering,,content
fivebooks.com,https://fivebooks.com/reader-list/my-top-five-content-writing-books-kris_duering/,2022-05-02,reader-list,my-top-five-content-writing-books-kris_duering,my top five content writing books kris duering,,content
fivebooks.com,https://fivebooks.com/reader-list/my-top-five-link-building-books-kris_duering/,2022-05-02,reader-list,my-top-five-link-building-books-kris_duering,my top five link building books kris duering,,content
fivebooks.com,https://fivebooks.com/reader-list/my-top-five-management-leadership-books-kris_duering/,2022-05-02,reader-list,my-top-five-management-leadership-books-kris_duering,my top five management leadership books kris duering,,content
fivebooks.com,https://fivebooks.com/reader-list/top-5-books-on-spirituality-daisy_reynolds/,2022-05-31,reader-list,top-5-books-on-spirituality-daisy_reynolds,top 5 books on spirituality daisy reynolds,,content
fivebooks.com,https://fivebooks.com/reader-list/top-5-books-for-new-inexperienced-entrepreneurs-daisy_reynolds/,2022-06-09,reader-list,top-5-books-for-new-inexperienced-entrepreneurs-daisy_reynolds,top 5 books for new inexperienced entrepreneurs daisy reynolds,,content
fivebooks.com,https://fivebooks.com/reader-list/the-best-books-on-remote-work-hybrid-workplaces-albert_griesmayr/,2022-06-23,reader-list,the-best-books-on-remote-work-hybrid-workplaces-albert_griesmayr,the best books on remote work hybrid workplaces albert griesmayr,,content
fivebooks.com,https://fivebooks.com/reader-list/top-5-dragon-fantasy-adventure-book-series-kristal_james/,2022-06-27,reader-list,top-5-dragon-fantasy-adventure-book-series-kristal_james,top 5 dragon fantasy adventure book series kristal james,,content
fivebooks.com,https://fivebooks.com/reader-list/self-publishing-help-kristal_james/,2022-06-28,reader-list,self-publishing-help-kristal_james,self publishing help kristal james,,content
fivebooks.com,https://fivebooks.com/reader-list/top-5-book-on-hybrid-teams-and-remote-work-continuum_educativa/,2022-06-28,reader-list,top-5-book-on-hybrid-teams-and-remote-work-continuum_educativa,top 5 book on hybrid teams and remote work continuum educativa,,content
fivebooks.com,https://fivebooks.com/reader-list/game-design-books-theiteaguy/,2022-07-04,reader-list,game-design-books-theiteaguy,game design books theiteaguy,,content
fivebooks.com,https://fivebooks.com/reader-list/best-teen-romance-books-keira_gould/,2022-07-04,reader-list,best-teen-romance-books-keira_gould,best teen romance books keira gould,,content
fivebooks.com,https://fivebooks.com/reader-list/5-books-to-help-you-boss-it-as-you-get-older-keira_gould/,2022-07-06,reader-list,5-books-to-help-you-boss-it-as-you-get-older-keira_gould,5 books to help you boss it as you get older keira gould,,content
fivebooks.com,https://fivebooks.com/reader-list/5-books-to-keep-you-thinking-isabelle_coles/,2022-07-21,reader-list,5-books-to-keep-you-thinking-isabelle_coles,5 books to keep you thinking isabelle coles,,content
fivebooks.com,https://fivebooks.com/reader-list/improving-the-government-kristal_james/,2022-07-28,reader-list,improving-the-government-kristal_james,improving the government kristal james,,content
fivebooks.com,https://fivebooks.com/reader-list/best-boat-reads-mollie_mackay/,2022-08-06,reader-list,best-boat-reads-mollie_mackay,best boat reads mollie mackay,,content
fivebooks.com,https://fivebooks.com/reader-list/system-design-interviews-kristal_james/,2022-08-08,reader-list,system-design-interviews-kristal_james,system design interviews kristal james,,content
fivebooks.com,https://fivebooks.com/reader-list/personal-transformation-novels-kristal_james/,2022-08-08,reader-list,personal-transformation-novels-kristal_james,personal transformation novels kristal james,,content
fivebooks.com,https://fivebooks.com/reader-list/the-best-books-that-begin-when-someone-opens-a-door-eris_stormborn/,2022-08-12,reader-list,the-best-books-that-begin-when-someone-opens-a-door-eris_stormborn,the best books that begin when someone opens a door eris stormborn,,content
fivebooks.com,https://fivebooks.com/reader-list/top-books-for-property-investors-daisy_reynolds/,2022-08-16,reader-list,top-books-for-property-investors-daisy_reynolds,top books for property investors daisy reynolds,,content
fivebooks.com,https://fivebooks.com/reader-list/best-teen-romance-with-an-important-message-bella_cox/,2022-08-25,reader-list,best-teen-romance-with-an-important-message-bella_cox,best teen romance with an important message bella cox,,content
fivebooks.com,https://fivebooks.com/reader-list/best-books-on-surf-theory-practice-a-list-by-oporto-surfboard-clube-romas_viesulas/,2022-08-30,reader-list,best-books-on-surf-theory-practice-a-list-by-oporto-surfboard-clube-romas_viesulas,best books on surf theory practice a list by oporto surfboard clube romas viesulas,,content
fivebooks.com,https://fivebooks.com/reader-list/literary-cats-scott-pack/,2022-09-16,reader-list,literary-cats-scott-pack,literary cats scott pack,,content
fivebooks.com,https://fivebooks.com/reader-list/most-creative-books-of-2022-kristal_james/,2022-09-29,reader-list,most-creative-books-of-2022-kristal_james,most creative books of 2022 kristal james,2022,content
fivebooks.com,https://fivebooks.com/reader-list/the-best-books-on-islam-tawhid4theworld/,2022-10-02,reader-list,the-best-books-on-islam-tawhid4theworld,the best books on islam tawhid4theworld,,content
fivebooks.com,https://fivebooks.com/reader-list/5-books-for-entrepreneurs-with-no-business-experience-daisy_reynolds/,2022-10-03,reader-list,5-books-for-entrepreneurs-with-no-business-experience-daisy_reynolds,5 books for entrepreneurs with no business experience daisy reynolds,,content
fivebooks.com,https://fivebooks.com/reader-list/the-best-books-for-5k-training-kristal_james/,2022-10-04,reader-list,the-best-books-for-5k-training-kristal_james,the best books for 5k training kristal james,,content
fivebooks.com,https://fivebooks.com/reader-list/rich-dad-poor-dad-luxchan_j/,2022-10-07,reader-list,rich-dad-poor-dad-luxchan_j,rich dad poor dad luxchan j,,content
fivebooks.com,https://fivebooks.com/reader-list/dark-academia-books-gurvinderjeet_kaur/,2022-10-12,reader-list,dark-academia-books-gurvinderjeet_kaur,dark academia books gurvinderjeet kaur,,content
fivebooks.com,https://fivebooks.com/reader-list/5-classical-epics-thenickbowling/,2022-10-28,reader-list,5-classical-epics-thenickbowling,5 classical epics thenickbowling,,content
fivebooks.com,https://fivebooks.com/reader-list/best-neolithic-era-books-kristal_james/,2022-10-29,reader-list,best-neolithic-era-books-kristal_james,best neolithic era books kristal james,,content
fivebooks.com,https://fivebooks.com/reader-list/test-ciszanocna/,2022-10-29,reader-list,test-ciszanocna,test ciszanocna,,content
fivebooks.com,https://fivebooks.com/reader-list/the-best-books-for-overcoming-the-effects-of-trauma-daisy_reynolds/,2022-11-01,reader-list,the-best-books-for-overcoming-the-effects-of-trauma-daisy_reynolds,the best books for overcoming the effects of trauma daisy reynolds,,content
fivebooks.com,https://fivebooks.com/reader-list/christmas-books-for-children-kristal_james/,2022-11-02,reader-list,christmas-books-for-children-kristal_james,christmas books for children kristal james,,content
fivebooks.com,https://fivebooks.com/reader-list/the-best-books-on-sex-foreplay-and-marriage-perfumed_garden2/,2022-11-03,reader-list,the-best-books-on-sex-foreplay-and-marriage-perfumed_garden2,the best books on sex foreplay and marriage perfumed garden2,,content
fivebooks.com,https://fivebooks.com/reader-list/the-best-books-about-personal-change-daisy_reynolds/,2022-11-07,reader-list,the-best-books-about-personal-change-daisy_reynolds,the best books about personal change daisy reynolds,,content
fivebooks.com,https://fivebooks.com/reader-list/top-books-for-leaders-scaling-a-business-daisy_reynolds/,2022-11-14,reader-list,top-books-for-leaders-scaling-a-business-daisy_reynolds,top books for leaders scaling a business daisy reynolds,,content
fivebooks.com,https://fivebooks.com/reader-list/the-top-books-for-industry-innovators-daisy_reynolds/,2022-11-15,reader-list,the-top-books-for-industry-innovators-daisy_reynolds,the top books for industry innovators daisy reynolds,,content
fivebooks.com,https://fivebooks.com/reader-list/best-books-on-john-stuart-mills-political-philosophy-piers_turner/,2022-11-16,reader-list,best-books-on-john-stuart-mills-political-philosophy-piers_turner,best books on john stuart mills political philosophy piers turner,,content
fivebooks.com,https://fivebooks.com/reader-list/gratitude-books-for-kids-kristal_james/,2022-12-05,reader-list,gratitude-books-for-kids-kristal_james,gratitude books for kids kristal james,,content
fivebooks.com,https://fivebooks.com/reader-list/creativity-and-innovation-kristal_james/,2022-12-06,reader-list,creativity-and-innovation-kristal_james,creativity and innovation kristal james,,content
fivebooks.com,https://fivebooks.com/reader-list/fiction-books-everyone-should-read-sometime-in-their-life-juliet-frost/,2022-12-08,reader-list,fiction-books-everyone-should-read-sometime-in-their-life-juliet-frost,fiction books everyone should read sometime in their life juliet frost,,content
fivebooks.com,https://fivebooks.com/reader-list/top-books-on-buying-and-selling-a-business-daisy_reynolds/,2023-01-04,reader-list,top-books-on-buying-and-selling-a-business-daisy_reynolds,top books on buying and selling a business daisy reynolds,,content
fivebooks.com,https://fivebooks.com/reader-list/five-essential-reads-for-leadership-teams-daisy_reynolds/,2023-02-08,reader-list,five-essential-reads-for-leadership-teams-daisy_reynolds,five essential reads for leadership teams daisy reynolds,,content
fivebooks.com,https://fivebooks.com/reader-list/the-best-books-about-the-devil-satan-and-satanism-lily_dee-2/,2023-02-23,reader-list,the-best-books-about-the-devil-satan-and-satanism-lily_dee-2,the best books about the devil satan and satanism lily dee 2,,content
fivebooks.com,https://fivebooks.com/reader-list/freedom-what-is-that-alex_epicure_forfattare/,2023-02-26,reader-list,freedom-what-is-that-alex_epicure_forfattare,freedom what is that alex epicure forfattare,,content
fivebooks.com,https://fivebooks.com/reader-list/the-top-five-books-for-women-business-leaders-this-international-womens-day-daisy_reynolds/,2023-03-07,reader-list,the-top-five-books-for-women-business-leaders-this-international-womens-day-daisy_reynolds,the top five books for women business leaders this international womens day daisy reynolds,,content
fivebooks.com,https://fivebooks.com/reader-list/the-top-five-books-on-prioritising-your-personal-wellbeing-this-international-wo-daisy_reynolds/,2023-03-08,reader-list,the-top-five-books-on-prioritising-your-personal-wellbeing-this-international-wo-daisy_reynolds,the top five books on prioritising your personal wellbeing this international wo daisy reynolds,,content
fivebooks.com,https://fivebooks.com/reader-list/five-essential-reads-on-technology-in-business-daisy_reynolds/,2023-03-14,reader-list,five-essential-reads-on-technology-in-business-daisy_reynolds,five essential reads on technology in business daisy reynolds,,content
fivebooks.com,https://fivebooks.com/reader-list/five-top-reads-for-shaking-up-the-status-quo-in-business-daisy_reynolds/,2023-03-14,reader-list,five-top-reads-for-shaking-up-the-status-quo-in-business-daisy_reynolds,five top reads for shaking up the status quo in business daisy reynolds,,content
fivebooks.com,https://fivebooks.com/reader-list/booklist-kieren_reynolds/,2023-03-17,reader-list,booklist-kieren_reynolds,booklist kieren reynolds,,content
fivebooks.com,https://fivebooks.com/reader-list/5-essential-reads-on-career-development-daisy_reynolds/,2023-05-02,reader-list,5-essential-reads-on-career-development-daisy_reynolds,5 essential reads on career development daisy reynolds,,content
fivebooks.com,https://fivebooks.com/reader-list/five-essential-reads-for-creative-business-owners-daisy_reynolds/,2023-05-03,reader-list,five-essential-reads-for-creative-business-owners-daisy_reynolds,five essential reads for creative business owners daisy reynolds,,content
fivebooks.com,https://fivebooks.com/reader-list/2023s-top-books-on-your-relationship-with-yourself-daisy_reynolds/,2023-05-18,reader-list,2023s-top-books-on-your-relationship-with-yourself-daisy_reynolds,2023s top books on your relationship with yourself daisy reynolds,2023,content
fivebooks.com,https://fivebooks.com/reader-list/five-essential-reads-to-enhance-senior-living-daisy_reynolds/,2023-05-23,reader-list,five-essential-reads-to-enhance-senior-living-daisy_reynolds,five essential reads to enhance senior living daisy reynolds,,content
fivebooks.com,https://fivebooks.com/reader-list/5-reads-guaranteed-to-change-your-perspective-on-sustainability-daisy_reynolds/,2023-06-14,reader-list,5-reads-guaranteed-to-change-your-perspective-on-sustainability-daisy_reynolds,5 reads guaranteed to change your perspective on sustainability daisy reynolds,,content
fivebooks.com,https://fivebooks.com/reader-list/5-essential-reads-for-growing-your-business-daisy_reynolds/,2023-06-15,reader-list,5-essential-reads-for-growing-your-business-daisy_reynolds,5 essential reads for growing your business daisy reynolds,,content
fivebooks.com,https://fivebooks.com/reader-list/brilliant-books-from-the-19th-century-elizabeth_walden/,2023-07-10,reader-list,brilliant-books-from-the-19th-century-elizabeth_walden,brilliant books from the 19th century elizabeth walden,,content
fivebooks.com,https://fivebooks.com/reader-list/the-top-five-reads-for-mastering-inclusive-culture-within-business-daisy_reynolds/,2023-07-17,reader-list,the-top-five-reads-for-mastering-inclusive-culture-within-business-daisy_reynolds,the top five reads for mastering inclusive culture within business daisy reynolds,,content
fivebooks.com,https://fivebooks.com/reader-list/the-top-5-essential-personal-finance-books-for-women-daisy_reynolds/,2023-07-17,reader-list,the-top-5-essential-personal-finance-books-for-women-daisy_reynolds,the top 5 essential personal finance books for women daisy reynolds,,content
fivebooks.com,https://fivebooks.com/reader-list/the-best-books-for-aspiring-entrepreneurs-catrin_hadaway/,2023-07-21,reader-list,the-best-books-for-aspiring-entrepreneurs-catrin_hadaway,the best books for aspiring entrepreneurs catrin hadaway,,content
fivebooks.com,https://fivebooks.com/reader-list/the-top-reads-for-why-your-values-are-important-for-carving-a-path-to-success-catrin_hadaway/,2023-07-24,reader-list,the-top-reads-for-why-your-values-are-important-for-carving-a-path-to-success-catrin_hadaway,the top reads for why your values are important for carving a path to success catrin hadaway,,content
fivebooks.com,https://fivebooks.com/reader-list/general-george-patton-stefanie_van_steelandt/,2023-07-27,reader-list,general-george-patton-stefanie_van_steelandt,general george patton stefanie van steelandt,,content
fivebooks.com,https://fivebooks.com/reader-list/the-five-best-historical-fiction-books-anna_wilson/,2023-08-12,reader-list,the-five-best-historical-fiction-books-anna_wilson,the five best historical fiction books anna wilson,,content
fivebooks.com,https://fivebooks.com/reader-list/the-best-books-with-crazy-plot-twists-leila_anselm/,2023-08-14,reader-list,the-best-books-with-crazy-plot-twists-leila_anselm,the best books with crazy plot twists leila anselm,,content
fivebooks.com,https://fivebooks.com/reader-list/how-amazon-is-destroying-the-book-industry-and-making-life-worse-for-writers-david_rose/,2023-08-16,reader-list,how-amazon-is-destroying-the-book-industry-and-making-life-worse-for-writers-david_rose,how amazon is destroying the book industry and making life worse for writers david rose,,content
fivebooks.com,https://fivebooks.com/reader-list/top-five-non-fiction-david_firester_ph_d_/,2023-08-17,reader-list,top-five-non-fiction-david_firester_ph_d_,top five non fiction david firester ph d,,content
fivebooks.com,https://fivebooks.com/reader-list/fantasy-must-reads-rose_liones/,2023-08-17,reader-list,fantasy-must-reads-rose_liones,fantasy must reads rose liones,,content
fivebooks.com,https://fivebooks.com/reader-list/five-books-with-weird-dark-places-joe_maris/,2023-08-18,reader-list,five-books-with-weird-dark-places-joe_maris,five books with weird dark places joe maris,,content
fivebooks.com,https://fivebooks.com/reader-list/best-classics-to-empower-young-girls-and-women-beatrice_speranza/,2023-08-26,reader-list,best-classics-to-empower-young-girls-and-women-beatrice_speranza,best classics to empower young girls and women beatrice speranza,,content
fivebooks.com,https://fivebooks.com/reader-list/five-diverse-classics-to-read-over-the-years-by-zoha-rathor-zat/,2023-09-03,reader-list,five-diverse-classics-to-read-over-the-years-by-zoha-rathor-zat,five diverse classics to read over the years by zoha rathor zat,,content
fivebooks.com,https://fivebooks.com/reader-list/my-favourite-rom-com-books-from-the-last-five-years-keira_masters/,2023-09-05,reader-list,my-favourite-rom-com-books-from-the-last-five-years-keira_masters,my favourite rom com books from the last five years keira masters,,content
fivebooks.com,https://fivebooks.com/reader-list/the-best-books-on-existentialism-ellie_house/,2023-09-06,reader-list,the-best-books-on-existentialism-ellie_house,the best books on existentialism ellie house,,content
fivebooks.com,https://fivebooks.com/reader-list/the-top-5-reads-for-mastering-the-essentials-of-business-finance-catrin_hadaway/,2023-09-14,reader-list,the-top-5-reads-for-mastering-the-essentials-of-business-finance-catrin_hadaway,the top 5 reads for mastering the essentials of business finance catrin hadaway,,content
fivebooks.com,https://fivebooks.com/reader-list/5-essential-reads-on-franchising-daisy_reynolds/,2023-10-03,reader-list,5-essential-reads-on-franchising-daisy_reynolds,5 essential reads on franchising daisy reynolds,,content
fivebooks.com,https://fivebooks.com/reader-list/top-five-books-for-improving-teamworking-skills-daisy_reynolds/,2023-10-03,reader-list,top-five-books-for-improving-teamworking-skills-daisy_reynolds,top five books for improving teamworking skills daisy reynolds,,content
fivebooks.com,https://fivebooks.com/reader-list/five-top-reads-for-productivity-tools-you-never-knew-you-needed-daisy_reynolds/,2023-10-03,reader-list,five-top-reads-for-productivity-tools-you-never-knew-you-needed-daisy_reynolds,five top reads for productivity tools you never knew you needed daisy reynolds,,content
fivebooks.com,https://fivebooks.com/reader-list/5-top-reads-on-changing-careers-daisy_reynolds/,2023-10-11,reader-list,5-top-reads-on-changing-careers-daisy_reynolds,5 top reads on changing careers daisy reynolds,,content
fivebooks.com,https://fivebooks.com/reader-list/dark-academia-d_alexander/,2023-10-16,reader-list,dark-academia-d_alexander,dark academia d alexander,,content
fivebooks.com,https://fivebooks.com/reader-list/the-best-books-about-trees-joy_simpson/,2023-10-18,reader-list,the-best-books-about-trees-joy_simpson,the best books about trees joy simpson,,content
fivebooks.com,https://fivebooks.com/reader-list/the-top-reads-on-creating-resilient-and-thriving-workplaces-daisy_reynolds/,2023-10-20,reader-list,the-top-reads-on-creating-resilient-and-thriving-workplaces-daisy_reynolds,the top reads on creating resilient and thriving workplaces daisy reynolds,,content
fivebooks.com,https://fivebooks.com/reader-list/5-essential-reads-for-reaching-your-full-potential-daisy_reynolds/,2023-10-25,reader-list,5-essential-reads-for-reaching-your-full-potential-daisy_reynolds,5 essential reads for reaching your full potential daisy reynolds,,content
fivebooks.com,https://fivebooks.com/reader-list/five-inspiring-books-championing-womens-voices-daisy_reynolds/,2023-11-15,reader-list,five-inspiring-books-championing-womens-voices-daisy_reynolds,five inspiring books championing womens voices daisy reynolds,,content
fivebooks.com,https://fivebooks.com/reader-list/the-best-books-on-henry-kissinger-elan_kluger/,2023-11-30,reader-list,the-best-books-on-henry-kissinger-elan_kluger,the best books on henry kissinger elan kluger,,content
fivebooks.com,https://fivebooks.com/reader-list/5-essential-reads-for-women-considering-a-career-in-tech-daisy_reynolds/,2023-11-30,reader-list,5-essential-reads-for-women-considering-a-career-in-tech-daisy_reynolds,5 essential reads for women considering a career in tech daisy reynolds,,content
fivebooks.com,https://fivebooks.com/reader-list/five-inspiring-books-to-rethink-behaviour-in-children-daisy_reynolds/,2023-12-11,reader-list,five-inspiring-books-to-rethink-behaviour-in-children-daisy_reynolds,five inspiring books to rethink behaviour in children daisy reynolds,,content
fivebooks.com,https://fivebooks.com/reader-list/five-inspiring-books-to-support-parents-of-children-with-additional-needs-daisy_reynolds/,2023-12-12,reader-list,five-inspiring-books-to-support-parents-of-children-with-additional-needs-daisy_reynolds,five inspiring books to support parents of children with additional needs daisy reynolds,,content
fivebooks.com,https://fivebooks.com/reader-list/five-must-reads-for-leaders-expanding-their-business-internationally-daisy_reynolds/,2023-12-19,reader-list,five-must-reads-for-leaders-expanding-their-business-internationally-daisy_reynolds,five must reads for leaders expanding their business internationally daisy reynolds,,content
fivebooks.com,https://fivebooks.com/reader-list/five-essential-reads-for-anyone-with-a-vape-brand-daisy_reynolds/,2023-12-20,reader-list,five-essential-reads-for-anyone-with-a-vape-brand-daisy_reynolds,five essential reads for anyone with a vape brand daisy reynolds,,content
fivebooks.com,https://fivebooks.com/reader-list/the-top-five-reads-to-challenge-your-perception-of-leadership-daisy_reynolds/,2023-12-21,reader-list,the-top-five-reads-to-challenge-your-perception-of-leadership-daisy_reynolds,the top five reads to challenge your perception of leadership daisy reynolds,,content
fivebooks.com,https://fivebooks.com/reader-list/top-five-books-on-mexico-nick_bovee-gazett/,2024-01-15,reader-list,top-five-books-on-mexico-nick_bovee-gazett,top five books on mexico nick bovee gazett,,content
fivebooks.com,https://fivebooks.com/reader-list/africanfuturism-for-beginners-ajani_husbands/,2024-01-16,reader-list,africanfuturism-for-beginners-ajani_husbands,africanfuturism for beginners ajani husbands,,content
fivebooks.com,https://fivebooks.com/reader-list/five-important-books-to-read-for-holocaust-memorial-day-daisy_reynolds/,2024-01-23,reader-list,five-important-books-to-read-for-holocaust-memorial-day-daisy_reynolds,five important books to read for holocaust memorial day daisy reynolds,,content
fivebooks.com,https://fivebooks.com/reader-list/five-books-to-drive-business-change-daisy_reynolds/,2024-01-29,reader-list,five-books-to-drive-business-change-daisy_reynolds,five books to drive business change daisy reynolds,,content
fivebooks.com,https://fivebooks.com/reader-list/the-best-books-based-on-houses-joy_simpson/,2024-02-09,reader-list,the-best-books-based-on-houses-joy_simpson,the best books based on houses joy simpson,,content
fivebooks.com,https://fivebooks.com/reader-list/five-books-featuring-female-detectives-dominique_gracia/,2024-02-14,reader-list,five-books-featuring-female-detectives-dominique_gracia,five books featuring female detectives dominique gracia,,content
fivebooks.com,https://fivebooks.com/reader-list/the-top-reads-on-navigating-leadership-challenges-daisy_reynolds/,2024-02-23,reader-list,the-top-reads-on-navigating-leadership-challenges-daisy_reynolds,the top reads on navigating leadership challenges daisy reynolds,,content
fivebooks.com,https://fivebooks.com/reader-list/intro-to-christian-faith-patrick_sanders/,2024-02-24,reader-list,intro-to-christian-faith-patrick_sanders,intro to christian faith patrick sanders,,content
fivebooks.com,https://fivebooks.com/reader-list/five-travel-books-that-made-me-want-to-travel-brett_hetherington/,2024-02-25,reader-list,five-travel-books-that-made-me-want-to-travel-brett_hetherington,five travel books that made me want to travel brett hetherington,,content
fivebooks.com,https://fivebooks.com/reader-list/top-reads-on-mergers-acquisitions-honeysol_gotas/,2024-03-21,reader-list,top-reads-on-mergers-acquisitions-honeysol_gotas,top reads on mergers acquisitions honeysol gotas,,content
fivebooks.com,https://fivebooks.com/reader-list/best-books-on-family-values-honeysol_gotas/,2024-03-21,reader-list,best-books-on-family-values-honeysol_gotas,best books on family values honeysol gotas,,content
fivebooks.com,https://fivebooks.com/reader-list/top-5-reads-for-new-ceos-daisy_reynolds/,2024-03-21,reader-list,top-5-reads-for-new-ceos-daisy_reynolds,top 5 reads for new ceos daisy reynolds,,content
fivebooks.com,https://fivebooks.com/reader-list/top-5-books-for-inspiring-positive-collective-action-daisy_reynolds/,2024-03-21,reader-list,top-5-books-for-inspiring-positive-collective-action-daisy_reynolds,top 5 books for inspiring positive collective action daisy reynolds,,content
fivebooks.com,https://fivebooks.com/reader-list/top-5-books-for-empowering-employees-daisy_reynolds/,2024-03-29,reader-list,top-5-books-for-empowering-employees-daisy_reynolds,top 5 books for empowering employees daisy reynolds,,content
fivebooks.com,https://fivebooks.com/reader-list/religious-pluralism-interreligious-theology-stephan_jockheck_1/,2024-03-29,reader-list,religious-pluralism-interreligious-theology-stephan_jockheck_1,religious pluralism interreligious theology stephan jockheck 1,,content
fivebooks.com,https://fivebooks.com/reader-list/5-books-for-uncovering-and-empowering-future-leaders-daisy_reynolds/,2024-04-02,reader-list,5-books-for-uncovering-and-empowering-future-leaders-daisy_reynolds,5 books for uncovering and empowering future leaders daisy reynolds,,content
fivebooks.com,https://fivebooks.com/reader-list/5-books-to-help-entrepreneurs-prepare-to-exit-their-business-daisy_reynolds/,2024-04-26,reader-list,5-books-to-help-entrepreneurs-prepare-to-exit-their-business-daisy_reynolds,5 books to help entrepreneurs prepare to exit their business daisy reynolds,,content
fivebooks.com,https://fivebooks.com/reader-list/5-books-for-becoming-an-impactful-public-speaker-daisy_reynolds/,2024-05-15,reader-list,5-books-for-becoming-an-impactful-public-speaker-daisy_reynolds,5 books for becoming an impactful public speaker daisy reynolds,,content
fivebooks.com,https://fivebooks.com/reader-list/the-best-reads-for-aspiring-djs-daisy_reynolds/,2024-06-12,reader-list,the-best-reads-for-aspiring-djs-daisy_reynolds,the best reads for aspiring djs daisy reynolds,,content
fivebooks.com,https://fivebooks.com/reader-list/five-books-for-improving-psychological-safety-at-work-jayden_gould/,2024-06-25,reader-list,five-books-for-improving-psychological-safety-at-work-jayden_gould,five books for improving psychological safety at work jayden gould,,content
fivebooks.com,https://fivebooks.com/reader-list/dogs-and-snow-evelyn_garnica/,2024-06-26,reader-list,dogs-and-snow-evelyn_garnica,dogs and snow evelyn garnica,,content
fivebooks.com,https://fivebooks.com/reader-list/five-books-on-regenerative-ageing-jayden_gould/,2024-07-10,reader-list,five-books-on-regenerative-ageing-jayden_gould,five books on regenerative ageing jayden gould,,content
fivebooks.com,https://fivebooks.com/reader-list/five-books-on-inheritance-planning-jayden_gould/,2024-07-10,reader-list,five-books-on-inheritance-planning-jayden_gould,five books on inheritance planning jayden gould,,content
fivebooks.com,https://fivebooks.com/reader-list/five-books-for-a-creative-life-tuscia_flat/,2024-07-11,reader-list,five-books-for-a-creative-life-tuscia_flat,five books for a creative life tuscia flat,,content
fivebooks.com,https://fivebooks.com/reader-list/5-books-for-knowledge-on-leadership-jayden_gould/,2024-07-18,reader-list,5-books-for-knowledge-on-leadership-jayden_gould,5 books for knowledge on leadership jayden gould,,content
fivebooks.com,https://fivebooks.com/reader-list/the-up-and-coming-dina/,2024-07-23,reader-list,the-up-and-coming-dina,the up and coming dina,,content
fivebooks.com,https://fivebooks.com/reader-list/five-books-for-living-a-life-youll-love-jayden_gould/,2024-08-01,reader-list,five-books-for-living-a-life-youll-love-jayden_gould,five books for living a life youll love jayden gould,,content
fivebooks.com,https://fivebooks.com/reader-list/five-books-for-growing-into-a-kind-person-lucy_brooks/,2024-08-08,reader-list,five-books-for-growing-into-a-kind-person-lucy_brooks,five books for growing into a kind person lucy brooks,,content
fivebooks.com,https://fivebooks.com/reader-list/five-books-for-self-empowerment-and-personal-transformation-jayden_gould/,2024-08-15,reader-list,five-books-for-self-empowerment-and-personal-transformation-jayden_gould,five books for self empowerment and personal transformation jayden gould,,content
fivebooks.com,https://fivebooks.com/reader-list/war-themed-detective-novels-james/,2024-08-20,reader-list,war-themed-detective-novels-james,war themed detective novels james,,content
fivebooks.com,https://fivebooks.com/reader-list/best-teen-lgbt-books-james_holland/,2024-08-20,reader-list,best-teen-lgbt-books-james_holland,best teen lgbt books james holland,,content
fivebooks.com,https://fivebooks.com/reader-list/liberal-arts-autodidact-starter-pack-david_h/,2024-08-25,reader-list,liberal-arts-autodidact-starter-pack-david_h,liberal arts autodidact starter pack david h,,content
fivebooks.com,https://fivebooks.com/reader-list/my-favourite-books-about-politics-elias/,2024-09-05,reader-list,my-favourite-books-about-politics-elias,my favourite books about politics elias,,content
fivebooks.com,https://fivebooks.com/reader-list/best-contemporary-sci-fi-books-michal_jirak/,2024-09-12,reader-list,best-contemporary-sci-fi-books-michal_jirak,best contemporary sci fi books michal jirak,,content
fivebooks.com,https://fivebooks.com/reader-list/five-books-on-working-value-jayden_gould/,2024-09-12,reader-list,five-books-on-working-value-jayden_gould,five books on working value jayden gould,,content
fivebooks.com,https://fivebooks.com/reader-list/best-bomarzo-monster-park-novels-tuscia_flat/,2024-09-26,reader-list,best-bomarzo-monster-park-novels-tuscia_flat,best bomarzo monster park novels tuscia flat,,content
fivebooks.com,https://fivebooks.com/reader-list/five-books-for-improving-resilience-and-boosting-a-confident-mindset-jayden_gould/,2024-10-22,reader-list,five-books-for-improving-resilience-and-boosting-a-confident-mindset-jayden_gould,five books for improving resilience and boosting a confident mindset jayden gould,,content
fivebooks.com,https://fivebooks.com/reader-list/top-5-autobiographies-passing-on-lessons-to-the-next-generation-daisy_reynolds/,2024-11-04,reader-list,top-5-autobiographies-passing-on-lessons-to-the-next-generation-daisy_reynolds,top 5 autobiographies passing on lessons to the next generation daisy reynolds,,content
fivebooks.com,https://fivebooks.com/reader-list/top-five-books-on-creating-future-fit-hr-daisy_reynolds/,2024-11-05,reader-list,top-five-books-on-creating-future-fit-hr-daisy_reynolds,top five books on creating future fit hr daisy reynolds,,content
fivebooks.com,https://fivebooks.com/reader-list/best-relationship-books-for-couples-m_sab/,2024-11-06,reader-list,best-relationship-books-for-couples-m_sab,best relationship books for couples m sab,,content
fivebooks.com,https://fivebooks.com/reader-list/best-non-fiction-books-on-self-transformation-john_laby/,2024-11-12,reader-list,best-non-fiction-books-on-self-transformation-john_laby,best non fiction books on self transformation john laby,,content
fivebooks.com,https://fivebooks.com/reader-list/top-five-career-books-for-lgbtq-people-layla_mccay/,2024-11-22,reader-list,top-five-career-books-for-lgbtq-people-layla_mccay,top five career books for lgbtq people layla mccay,,content
fivebooks.com,https://fivebooks.com/reader-list/5-books-to-enhance-your-skills-as-a-social-worker-daisy_reynolds/,2024-11-26,reader-list,5-books-to-enhance-your-skills-as-a-social-worker-daisy_reynolds,5 books to enhance your skills as a social worker daisy reynolds,,content
fivebooks.com,https://fivebooks.com/reader-list/5-books-relating-to-child-development-daisy_reynolds/,2024-12-04,reader-list,5-books-relating-to-child-development-daisy_reynolds,5 books relating to child development daisy reynolds,,content
fivebooks.com,https://fivebooks.com/reader-list/you-have-been-played-ercan_altug_yilmaz/,2024-12-22,reader-list,you-have-been-played-ercan_altug_yilmaz,you have been played ercan altug yilmaz,,content
fivebooks.com,https://fivebooks.com/reader-list/some-books-of-2024-aida_mndou/,2024-12-24,reader-list,some-books-of-2024-aida_mndou,some books of 2024 aida mndou,2024,content
fivebooks.com,https://fivebooks.com/reader-list/2024-kitap-listem-melike_husniye/,2024-12-24,reader-list,2024-kitap-listem-melike_husniye,2024 kitap listem melike husniye,2024,content
fivebooks.com,https://fivebooks.com/reader-list/%c3%b6mer-faruk-%c3%a7al%c4%b1%c5%9fkans-list-2024-omer_faruk_caliskan/,2024-12-24,reader-list,ömer-faruk-çalışkans-list-2024-omer_faruk_caliskan,mer faruk al kans list 2024 omer faruk caliskan,2024,content
fivebooks.com,https://fivebooks.com/reader-list/2024-enler-ecesu_aslan/,2024-12-25,reader-list,2024-enler-ecesu_aslan,2024 enler ecesu aslan,2024,content
fivebooks.com,https://fivebooks.com/reader-list/beni%cc%87mli%cc%87stem-demet_celik/,2024-12-25,reader-list,beni̇mli̇stem-demet_celik,beni mli stem demet celik,,content
fivebooks.com,https://fivebooks.com/reader-list/2024listesi-ozlem_gorgulu/,2024-12-25,reader-list,2024listesi-ozlem_gorgulu,2024listesi ozlem gorgulu,2024,content
fivebooks.com,https://fivebooks.com/reader-list/an%c4%b1l-g%c3%bcng%c3%b6rd%c3%bc-2024-kitap-listem-anil_gungordu/,2024-12-26,reader-list,anıl-güngördü-2024-kitap-listem-anil_gungordu,an l g ng rd 2024 kitap listem anil gungordu,2024,content
fivebooks.com,https://fivebooks.com/reader-list/i%cc%87rem-damla-irem_damla_ozen/,2024-12-27,reader-list,i̇rem-damla-irem_damla_ozen,i rem damla irem damla ozen,,content
fivebooks.com,https://fivebooks.com/reader-list/who-will-bury-the-dead-god-ruman_neupane/,2024-12-28,reader-list,who-will-bury-the-dead-god-ruman_neupane,who will bury the dead god ruman neupane,,content
fivebooks.com,https://fivebooks.com/reader-list/k%c3%bcr%c5%9fad-%c3%b6zkaynar-kursad_ozkaynar/,2024-12-28,reader-list,kürşad-özkaynar-kursad_ozkaynar,k r ad zkaynar kursad ozkaynar,,content
fivebooks.com,https://fivebooks.com/reader-list/best-ive-read-in-2024-erin_houghton/,2024-12-31,reader-list,best-ive-read-in-2024-erin_houghton,best ive read in 2024 erin houghton,2024,content
fivebooks.com,https://fivebooks.com/reader-list/the-five-i-enjoyed-in-2024-narinder_singh/,2025-01-01,reader-list,the-five-i-enjoyed-in-2024-narinder_singh,the five i enjoyed in 2024 narinder singh,2024,content
fivebooks.com,https://fivebooks.com/reader-list/the-best-books-for-financial-planners-and-advisors-looking-to-level-up-their-car-daisy_reynolds/,2025-01-10,reader-list,the-best-books-for-financial-planners-and-advisors-looking-to-level-up-their-car-daisy_reynolds,the best books for financial planners and advisors looking to level up their car daisy reynolds,,content
fivebooks.com,https://fivebooks.com/reader-list/5-books-relating-to-capital-markets-daisy_reynolds/,2025-01-22,reader-list,5-books-relating-to-capital-markets-daisy_reynolds,5 books relating to capital markets daisy reynolds,,content
fivebooks.com,https://fivebooks.com/reader-list/best-books-millie_smith-clare/,2025-01-28,reader-list,best-books-millie_smith-clare,best books millie smith clare,,content
fivebooks.com,https://fivebooks.com/reader-list/my-second-top-5-on-top-50-recommended-by-ruman-neupane-author-of-who-will-bury-ruman-neupane-author-of-who-will-bury-the-dead-god-2/,2025-01-30,reader-list,my-second-top-5-on-top-50-recommended-by-ruman-neupane-author-of-who-will-bury-ruman-neupane-author-of-who-will-bury-the-dead-god-2,my second top 5 on top 50 recommended by ruman neupane author of who will bury ruman neupane author of who will bury the dead god 2,,content
fivebooks.com,https://fivebooks.com/reader-list/physics-and-consciousness-kristal_james/,2025-02-20,reader-list,physics-and-consciousness-kristal_james,physics and consciousness kristal james,,content
fivebooks.com,https://fivebooks.com/reader-list/best-space-sci-fi-books-in-2025-mark_france/,2025-02-23,reader-list,best-space-sci-fi-books-in-2025-mark_france,best space sci fi books in 2025 mark france,2025,content
fivebooks.com,https://fivebooks.com/reader-list/the-artistic-life-romas_viesulas_1/,2025-02-24,reader-list,the-artistic-life-romas_viesulas_1,the artistic life romas viesulas 1,,content
fivebooks.com,https://fivebooks.com/reader-list/top-5-books-on-the-lives-of-missionaries-daisy_reynolds/,2025-02-25,reader-list,top-5-books-on-the-lives-of-missionaries-daisy_reynolds,top 5 books on the lives of missionaries daisy reynolds,,content
fivebooks.com,https://fivebooks.com/reader-list/top-5-books-on-delivering-value-from-data-daisy_reynolds/,2025-03-11,reader-list,top-5-books-on-delivering-value-from-data-daisy_reynolds,top 5 books on delivering value from data daisy reynolds,,content
fivebooks.com,https://fivebooks.com/reader-list/top-5-books-on-making-your-business-cyber-secure-daisy_reynolds/,2025-03-11,reader-list,top-5-books-on-making-your-business-cyber-secure-daisy_reynolds,top 5 books on making your business cyber secure daisy reynolds,,content
fivebooks.com,https://fivebooks.com/reader-list/top-5-books-on-afro-optimism-in-business-millie_smith-clare/,2025-03-18,reader-list,top-5-books-on-afro-optimism-in-business-millie_smith-clare,top 5 books on afro optimism in business millie smith clare,,content
fivebooks.com,https://fivebooks.com/reader-list/top-5-books-on-writing-a-groundbreaking-business-book-millie_smith-clare/,2025-03-20,reader-list,top-5-books-on-writing-a-groundbreaking-business-book-millie_smith-clare,top 5 books on writing a groundbreaking business book millie smith clare,,content
fivebooks.com,https://fivebooks.com/reader-list/resilience-kristal_james/,2025-03-20,reader-list,resilience-kristal_james,resilience kristal james,,content
fivebooks.com,https://fivebooks.com/reader-list/top-5-books-on-building-comfortable-and-healthy-homes-daisy_reynolds/,2025-03-26,reader-list,top-5-books-on-building-comfortable-and-healthy-homes-daisy_reynolds,top 5 books on building comfortable and healthy homes daisy reynolds,,content
fivebooks.com,https://fivebooks.com/reader-list/top-5-books-on-crafting-an-impactful-data-strategy-daisy_reynolds/,2025-03-26,reader-list,top-5-books-on-crafting-an-impactful-data-strategy-daisy_reynolds,top 5 books on crafting an impactful data strategy daisy reynolds,,content
fivebooks.com,https://fivebooks.com/reader-list/top-5-books-on-effective-team-coaching-daisy_reynolds/,2025-04-03,reader-list,top-5-books-on-effective-team-coaching-daisy_reynolds,top 5 books on effective team coaching daisy reynolds,,content
fivebooks.com,https://fivebooks.com/reader-list/top-5-books-on-becoming-an-impactful-cfo-daisy_reynolds/,2025-04-03,reader-list,top-5-books-on-becoming-an-impactful-cfo-daisy_reynolds,top 5 books on becoming an impactful cfo daisy reynolds,,content
fivebooks.com,https://fivebooks.com/reader-list/top-5-books-for-lasting-personal-growth-daisy_reynolds/,2025-04-08,reader-list,top-5-books-for-lasting-personal-growth-daisy_reynolds,top 5 books for lasting personal growth daisy reynolds,,content
fivebooks.com,https://fivebooks.com/reader-list/top-5-books-for-supercharging-customer-experience-daisy_reynolds/,2025-04-09,reader-list,top-5-books-for-supercharging-customer-experience-daisy_reynolds,top 5 books for supercharging customer experience daisy reynolds,,content
fivebooks.com,https://fivebooks.com/reader-list/top-5-books-to-unlock-the-leader-within-you-daisy_reynolds/,2025-04-17,reader-list,top-5-books-to-unlock-the-leader-within-you-daisy_reynolds,top 5 books to unlock the leader within you daisy reynolds,,content
fivebooks.com,https://fivebooks.com/reader-list/top-5-books-for-the-leaders-of-tomorrow-daisy_reynolds/,2025-04-24,reader-list,top-5-books-for-the-leaders-of-tomorrow-daisy_reynolds,top 5 books for the leaders of tomorrow daisy reynolds,,content
fivebooks.com,https://fivebooks.com/reader-list/top-5-books-for-businesses-looking-to-accelerate-growth-daisy_reynolds/,2025-04-30,reader-list,top-5-books-for-businesses-looking-to-accelerate-growth-daisy_reynolds,top 5 books for businesses looking to accelerate growth daisy reynolds,,content
fivebooks.com,https://fivebooks.com/reader-list/top-5-books-for-entrepreneurs-looking-to-exit-their-business-successfully-daisy_reynolds/,2025-05-13,reader-list,top-5-books-for-entrepreneurs-looking-to-exit-their-business-successfully-daisy_reynolds,top 5 books for entrepreneurs looking to exit their business successfully daisy reynolds,,content
fivebooks.com,https://fivebooks.com/reader-list/top-5-books-that-masterfully-blend-military-strategy-with-business-success-keira_gould_1/,2025-05-16,reader-list,top-5-books-that-masterfully-blend-military-strategy-with-business-success-keira_gould_1,top 5 books that masterfully blend military strategy with business success keira gould 1,,content
fivebooks.com,https://fivebooks.com/reader-list/top-5-books-about-reaching-your-full-potential-embracing-boldness-as-a-leader-daisy_reynolds/,2025-05-27,reader-list,top-5-books-about-reaching-your-full-potential-embracing-boldness-as-a-leader-daisy_reynolds,top 5 books about reaching your full potential embracing boldness as a leader daisy reynolds,,content
fivebooks.com,https://fivebooks.com/reader-list/top-5-books-every-professional-in-the-construction-industry-should-read-daisy_reynolds/,2025-06-02,reader-list,top-5-books-every-professional-in-the-construction-industry-should-read-daisy_reynolds,top 5 books every professional in the construction industry should read daisy reynolds,,content
fivebooks.com,https://fivebooks.com/reader-list/top-5-books-on-anxiety-and-phobia-james_austin/,2025-06-12,reader-list,top-5-books-on-anxiety-and-phobia-james_austin,top 5 books on anxiety and phobia james austin,,content
fivebooks.com,https://fivebooks.com/reader-list/top-5-books-on-protecting-and-restoring-our-natural-world-daisy_reynolds/,2025-06-16,reader-list,top-5-books-on-protecting-and-restoring-our-natural-world-daisy_reynolds,top 5 books on protecting and restoring our natural world daisy reynolds,,content
fivebooks.com,https://fivebooks.com/reader-list/top-5-books-to-crafting-a-long-lasting-social-media-strategy-daisy_reynolds/,2025-07-10,reader-list,top-5-books-to-crafting-a-long-lasting-social-media-strategy-daisy_reynolds,top 5 books to crafting a long lasting social media strategy daisy reynolds,,content
fivebooks.com,https://fivebooks.com/reader-list/top-chinese-cuisine-books-stephen-jack-food-writer/,2025-07-10,reader-list,top-chinese-cuisine-books-stephen-jack-food-writer,top chinese cuisine books stephen jack food writer,,content
fivebooks.com,https://fivebooks.com/reader-list/great-chinese-cookbooks-stephen-jack-food-writer/,2025-07-11,reader-list,great-chinese-cookbooks-stephen-jack-food-writer,great chinese cookbooks stephen jack food writer,,content
fivebooks.com,https://fivebooks.com/reader-list/books-every-leader-should-read-before-the-next-recession-nick_bovee-gazett/,2025-08-13,reader-list,books-every-leader-should-read-before-the-next-recession-nick_bovee-gazett,books every leader should read before the next recession nick bovee gazett,,content
fivebooks.com,https://fivebooks.com/reader-list/top-five-books-offering-insight-into-adhd-daisy_reynolds/,2025-08-19,reader-list,top-five-books-offering-insight-into-adhd-daisy_reynolds,top five books offering insight into adhd daisy reynolds,,content
fivebooks.com,https://fivebooks.com/reader-list/top-5-books-on-navigating-the-scale-up-industry-daisy_reynolds/,2025-08-19,reader-list,top-5-books-on-navigating-the-scale-up-industry-daisy_reynolds,top 5 books on navigating the scale up industry daisy reynolds,,content
fivebooks.com,https://fivebooks.com/reader-list/top-5-books-on-impactful-social-media-strategy-daisy_reynolds/,2025-09-04,reader-list,top-5-books-on-impactful-social-media-strategy-daisy_reynolds,top 5 books on impactful social media strategy daisy reynolds,,content
fivebooks.com,https://fivebooks.com/reader-list/top-5-books-on-building-happy-teams-daisy_reynolds/,2025-09-04,reader-list,top-5-books-on-building-happy-teams-daisy_reynolds,top 5 books on building happy teams daisy reynolds,,content
fivebooks.com,https://fivebooks.com/reader-list/top-5-books-offering-leadership-lessons-from-great-leaders-daisy_reynolds/,2025-09-10,reader-list,top-5-books-offering-leadership-lessons-from-great-leaders-daisy_reynolds,top 5 books offering leadership lessons from great leaders daisy reynolds,,content
fivebooks.com,https://fivebooks.com/reader-list/top-5-books-for-driving-transformation-in-the-workplace-daisy_reynolds/,2025-09-23,reader-list,top-5-books-for-driving-transformation-in-the-workplace-daisy_reynolds,top 5 books for driving transformation in the workplace daisy reynolds,,content
fivebooks.com,https://fivebooks.com/reader-list/the-best-detective-fiction-dave_zeltserman/,2025-09-25,reader-list,the-best-detective-fiction-dave_zeltserman,the best detective fiction dave zeltserman,,content
fivebooks.com,https://fivebooks.com/reader-list/top-5-books-to-build-accessible-communications-strategically-daisy_reynolds/,2025-09-29,reader-list,top-5-books-to-build-accessible-communications-strategically-daisy_reynolds,top 5 books to build accessible communications strategically daisy reynolds,,content
fivebooks.com,https://fivebooks.com/reader-list/top-5-books-to-craft-a-sustainable-music-career-daisy_reynolds/,2025-10-22,reader-list,top-5-books-to-craft-a-sustainable-music-career-daisy_reynolds,top 5 books to craft a sustainable music career daisy reynolds,,content
fivebooks.com,https://fivebooks.com/reader-list/top-5-non-fiction-books-that-increase-joy-of-reading-basar_atici/,2025-10-26,reader-list,top-5-non-fiction-books-that-increase-joy-of-reading-basar_atici,top 5 non fiction books that increase joy of reading basar atici,,content
fivebooks.com,https://fivebooks.com/reader-list/top-5-books-to-create-an-effective-marketing-strategy-daisy_reynolds/,2025-10-28,reader-list,top-5-books-to-create-an-effective-marketing-strategy-daisy_reynolds,top 5 books to create an effective marketing strategy daisy reynolds,,content
fivebooks.com,https://fivebooks.com/reader-list/top-5-books-for-navigating-technological-risk-daisy_reynolds/,2025-10-28,reader-list,top-5-books-for-navigating-technological-risk-daisy_reynolds,top 5 books for navigating technological risk daisy reynolds,,content
fivebooks.com,https://fivebooks.com/reader-list/5-must-read-fiction-books-ba%c5%9far-at%c4%b1c%c4%b1/,2025-10-30,reader-list,5-must-read-fiction-books-başar-atıcı,5 must read fiction books ba ar at c,,content
fivebooks.com,https://fivebooks.com/reader-list/top-5-books-to-lead-an-authentic-life-without-hesitation-daisy_reynolds/,2025-11-18,reader-list,top-5-books-to-lead-an-authentic-life-without-hesitation-daisy_reynolds,top 5 books to lead an authentic life without hesitation daisy reynolds,,content
fivebooks.com,https://fivebooks.com/reader-list/best-chinese-food-culture-and-history-books-stephen_jack/,2025-11-26,reader-list,best-chinese-food-culture-and-history-books-stephen_jack,best chinese food culture and history books stephen jack,,content
fivebooks.com,https://fivebooks.com/reader-list/top-5-books-on-digital-transformation-for-businesses-daisy_reynolds/,2025-11-27,reader-list,top-5-books-on-digital-transformation-for-businesses-daisy_reynolds,top 5 books on digital transformation for businesses daisy reynolds,,content
fivebooks.com,https://fivebooks.com/reader-list/top-5-books-to-help-you-thrive-in-the-hospitality-industry-daisy_reynolds/,2025-12-17,reader-list,top-5-books-to-help-you-thrive-in-the-hospitality-industry-daisy_reynolds,top 5 books to help you thrive in the hospitality industry daisy reynolds,,content
fivebooks.com,https://fivebooks.com/reader-list/best-5-read-reread-narinder_singh/,2025-12-31,reader-list,best-5-read-reread-narinder_singh,best 5 read reread narinder singh,,content
fivebooks.com,https://fivebooks.com/reader-list/best-non-fiction-2025-narinder_singh/,2025-12-31,reader-list,best-non-fiction-2025-narinder_singh,best non fiction 2025 narinder singh,2025,content
fivebooks.com,https://fivebooks.com/reader-list/five-books-that-shaped-my-approach-to-architecture-interior-design-nader_soubra/,2026-01-04,reader-list,five-books-that-shaped-my-approach-to-architecture-interior-design-nader_soubra,five books that shaped my approach to architecture interior design nader soubra,,content
fivebooks.com,https://fivebooks.com/reader-list/top-5-books-for-entrepreneurs-wanting-to-win-in-regulated-markets-daisy_reynolds/,2026-01-29,reader-list,top-5-books-for-entrepreneurs-wanting-to-win-in-regulated-markets-daisy_reynolds,top 5 books for entrepreneurs wanting to win in regulated markets daisy reynolds,,content
fivebooks.com,https://fivebooks.com/reader-list/5-books-leaders-need-to-navigate-the-age-of-ai-daisy_reynolds/,2026-02-12,reader-list,5-books-leaders-need-to-navigate-the-age-of-ai-daisy_reynolds,5 books leaders need to navigate the age of ai daisy reynolds,,content
fivebooks.com,https://fivebooks.com/reader-list/5-books-to-understand-energy-ramona_liberoff/,2026-02-13,reader-list,5-books-to-understand-energy-ramona_liberoff,5 books to understand energy ramona liberoff,,content
fivebooks.com,https://fivebooks.com/reader-list/c-suite-essentials-top-5-books-for-leaders-who-want-to-drive-engagement-daisy_reynolds/,2026-02-23,reader-list,c-suite-essentials-top-5-books-for-leaders-who-want-to-drive-engagement-daisy_reynolds,c suite essentials top 5 books for leaders who want to drive engagement daisy reynolds,,content
fivebooks.com,https://fivebooks.com/reader-list/top-5-books-to-navigate-the-new-leadership-landscape-daisy_reynolds/,2026-02-24,reader-list,top-5-books-to-navigate-the-new-leadership-landscape-daisy_reynolds,top 5 books to navigate the new leadership landscape daisy reynolds,,content
fivebooks.com,https://fivebooks.com/reader-list/top-5-books-for-harnessing-the-power-of-doubt-daisy_reynolds/,2026-02-25,reader-list,top-5-books-for-harnessing-the-power-of-doubt-daisy_reynolds,top 5 books for harnessing the power of doubt daisy reynolds,,content
fivebooks.com,https://fivebooks.com/reader-list/top-5-books-every-nonprofit-leader-should-read-daisy_reynolds/,2026-03-03,reader-list,top-5-books-every-nonprofit-leader-should-read-daisy_reynolds,top 5 books every nonprofit leader should read daisy reynolds,,content
fivebooks.com,https://fivebooks.com/reader-list/top-5-books-to-innovate-with-speed-and-fuel-growth-daisy_reynolds/,2026-03-05,reader-list,top-5-books-to-innovate-with-speed-and-fuel-growth-daisy_reynolds,top 5 books to innovate with speed and fuel growth daisy reynolds,,content
fivebooks.com,https://fivebooks.com/reader-list/top-5-books-to-lead-with-purpose-and-presence-daisy_reynolds/,2026-03-05,reader-list,top-5-books-to-lead-with-purpose-and-presence-daisy_reynolds,top 5 books to lead with purpose and presence daisy reynolds,,content
fivebooks.com,https://fivebooks.com/reader-list/best-books-for-ages-9-11-by-nadya-nadya/,2026-03-06,reader-list,best-books-for-ages-9-11-by-nadya-nadya,best books for ages 9 11 by nadya nadya,,content
fivebooks.com,https://fivebooks.com/reader-list/top-five-books-on-roman-history-nick_bovee-gazett/,2026-03-21,reader-list,top-five-books-on-roman-history-nick_bovee-gazett,top five books on roman history nick bovee gazett,,content
fivebooks.com,https://fivebooks.com/reader-list/practical-books-for-visiting-the-world-war-i-battlefields-sophiemaynard/,2026-05-14,reader-list,practical-books-for-visiting-the-world-war-i-battlefields-sophiemaynard,practical books for visiting the world war i battlefields sophiemaynard,,content
fivebooks.com,https://fivebooks.com/category/nonfiction-books/nonfiction-series/a-little-history-series/,2025-02-07,category,a-little-history-series,a little history series,,noncontent
fivebooks.com,https://fivebooks.com/category/nonfiction-books/nonfiction-series/a-very-short-introduction-series/,2025-05-05,category,a-very-short-introduction-series,a very short introduction series,,noncontent
fivebooks.com,https://fivebooks.com/category/health-and-lifestyle/addiction/,2026-05-27,category,addiction,addiction,,noncontent
fivebooks.com,https://fivebooks.com/category/world/asia/afghanistan/,2026-05-17,category,afghanistan,afghanistan,,noncontent
fivebooks.com,https://fivebooks.com/category/world/africa/,2025-12-21,category,africa,africa,,noncontent
fivebooks.com,https://fivebooks.com/category/world/americas/united-states/african-american-books/,2026-02-14,category,african-american-books,african american books,,noncontent
fivebooks.com,https://fivebooks.com/category/history-books/african-history/,2025-01-09,category,african-history,african history,,noncontent
fivebooks.com,https://fivebooks.com/category/politics-and-society/aid-international-development/,2026-03-12,category,aid-international-development,aid international development,,noncontent
fivebooks.com,https://fivebooks.com/category/world/americas/united-states/alaska/,2020-02-04,category,alaska,alaska,,noncontent
fivebooks.com,https://fivebooks.com/category/sports-games-and-hobbies/american-football/,2020-11-28,category,american-football,american football,,noncontent
fivebooks.com,https://fivebooks.com/category/politics-and-society/american-politics/,2026-08-24,category,american-politics,american politics,,noncontent
fivebooks.com,https://fivebooks.com/category/world/americas/,2023-10-04,category,americas,americas,,noncontent
fivebooks.com,https://fivebooks.com/category/history-books/ancient-history/,2026-09-29,category,ancient-history,ancient history,,noncontent
fivebooks.com,https://fivebooks.com/category/philosophy/ancient-philosophy/,2026-10-04,category,ancient-philosophy,ancient philosophy,,noncontent
fivebooks.com,https://fivebooks.com/category/nature/animals/,2026-04-20,category,animals,animals,,noncontent
fivebooks.com,https://fivebooks.com/category/mathematics-and-science/anthropology/,2026-09-03,category,anthropology,anthropology,,noncontent
fivebooks.com,https://fivebooks.com/category/art-books/craft-books-and-applied-arts/,2026-10-07,category,craft-books-and-applied-arts,craft books and applied arts,,noncontent
fivebooks.com,https://fivebooks.com/category/psychology/applied-psychology/,2026-04-08,category,applied-psychology,applied psychology,,noncontent
fivebooks.com,https://fivebooks.com/category/art-books/architecture/,2026-08-15,category,architecture,architecture,,noncontent
fivebooks.com,https://fivebooks.com/category/world/arctic-antarctica/,2024-12-14,category,arctic-antarctica,arctic antarctica,,noncontent
fivebooks.com,https://fivebooks.com/category/world/americas/latin-america/argentina/,2025-06-19,category,argentina,argentina,,noncontent
fivebooks.com,https://fivebooks.com/category/art-books/,2026-08-18,category,art-books,art books,,noncontent
fivebooks.com,https://fivebooks.com/category/art-books/history-of-art/,2026-02-22,category,history-of-art,history of art,,noncontent
fivebooks.com,https://fivebooks.com/category/technology/artificial-intelligence/,2026-05-20,category,artificial-intelligence,artificial intelligence,,noncontent
fivebooks.com,https://fivebooks.com/category/biography/artist-biographies/,2026-01-22,category,artist-biographies,artist biographies,,noncontent
fivebooks.com,https://fivebooks.com/category/world/asia/,2026-09-13,category,asia,asia,,noncontent
fivebooks.com,https://fivebooks.com/category/best-kids-books/asterix-books/,2024-07-29,category,asterix-books,asterix books,,noncontent
fivebooks.com,https://fivebooks.com/category/mathematics-and-science/astronomy/,2026-01-14,category,astronomy,astronomy,,noncontent
fivebooks.com,https://fivebooks.com/category/philosophy/beliefs/atheist-books/,2026-02-04,category,atheist-books,atheist books,,noncontent
fivebooks.com,https://fivebooks.com/category/world/australia/,2026-01-03,category,australia,australia,,noncontent
fivebooks.com,https://fivebooks.com/category/world/europe/austria/,2026-09-20,category,austria,austria,,noncontent
fivebooks.com,https://fivebooks.com/category/psychology/autism-books/,2025-05-19,category,autism-books,autism books,,noncontent
fivebooks.com,https://fivebooks.com/category/nonfiction-books/best-nonfiction-of-2023/award-winning-nonfiction-of-2023/,2025-09-08,category,award-winning-nonfiction-of-2023,award winning nonfiction of 2023,2023,noncontent
fivebooks.com,https://fivebooks.com/category/world/asia/azerbaijan/,2025-02-13,category,azerbaijan,azerbaijan,,noncontent
fivebooks.com,https://fivebooks.com/category/nature/bacteria/,2026-08-02,category,bacteria,bacteria,,noncontent
fivebooks.com,https://fivebooks.com/category/food-and-cooking/baking-desserts/,2026-04-23,category,baking-desserts,baking desserts,,noncontent
fivebooks.com,https://fivebooks.com/category/in-the-news/barbenheimer/,2025-09-10,category,barbenheimer,barbenheimer,,noncontent
fivebooks.com,https://fivebooks.com/category/sports-games-and-hobbies/baseball/,2023-01-29,category,baseball,baseball,,noncontent
fivebooks.com,https://fivebooks.com/category/economics/behavioural-economics/,2026-03-27,category,behavioural-economics,behavioural economics,,noncontent
fivebooks.com,https://fivebooks.com/category/world/europe/belarus/,2022-03-29,category,belarus,belarus,,noncontent
fivebooks.com,https://fivebooks.com/category/world/europe/belgium/,2024-03-03,category,belgium,belgium,,noncontent
fivebooks.com,https://fivebooks.com/category/philosophy/beliefs/,2025-06-22,category,beliefs,beliefs,,noncontent
fivebooks.com,https://fivebooks.com/category/audiobooks/best-audiobook-thrillers/,2025-12-21,category,best-audiobook-thrillers,best audiobook thrillers,,noncontent
fivebooks.com,https://fivebooks.com/category/audiobooks/,2026-05-25,category,audiobooks,audiobooks,,noncontent
fivebooks.com,https://fivebooks.com/category/audiobooks/best-audiobooks-for-kids/,2026-08-22,category,best-audiobooks-for-kids,best audiobooks for kids,,noncontent
fivebooks.com,https://fivebooks.com/category/biography/,2026-09-20,category,biography,biography,,noncontent
fivebooks.com,https://fivebooks.com/category/fiction/nobel-prize-literature-books/,2026-08-26,category,nobel-prize-literature-books,nobel prize literature books,,noncontent
fivebooks.com,https://fivebooks.com/category/best-kids-books/,2026-10-07,category,best-kids-books,best kids books,,noncontent
fivebooks.com,https://fivebooks.com/category/best-books-teens-young-adults/best-books-for-teens-of-2021/,2025-04-15,category,best-books-for-teens-of-2021,best books for teens of 2021,2021,noncontent
fivebooks.com,https://fivebooks.com/category/best-books-teens-young-adults/best-books-for-teens-of-2022/,2026-08-22,category,best-books-for-teens-of-2022,best books for teens of 2022,2022,noncontent
fivebooks.com,https://fivebooks.com/category/best-books-teens-young-adults/best-books-for-teens-of-2023/,2026-08-22,category,best-books-for-teens-of-2023,best books for teens of 2023,2023,noncontent
fivebooks.com,https://fivebooks.com/category/philosophy/ethics-moral-philosophy/best-books-on-utilitarianism/,2024-08-14,category,best-books-on-utilitarianism,best books on utilitarianism,,noncontent
fivebooks.com,https://fivebooks.com/category/fiction/fantasy/discworld-series/,2025-12-02,category,discworld-series,discworld series,,noncontent
fivebooks.com,https://fivebooks.com/category/fiction/best-fiction-2021/,2026-09-03,category,best-fiction-2021,best fiction 2021,2021,noncontent
fivebooks.com,https://fivebooks.com/category/fiction/best-fiction-of-2022/,2026-09-03,category,best-fiction-of-2022,best fiction of 2022,2022,noncontent
fivebooks.com,https://fivebooks.com/category/fiction/best-fiction-of-2023/,2026-09-03,category,best-fiction-of-2023,best fiction of 2023,2023,noncontent
fivebooks.com,https://fivebooks.com/category/fiction/historical-fiction/best-historical-fiction-2023/,2026-01-04,category,best-historical-fiction-2023,best historical fiction 2023,2023,noncontent
fivebooks.com,https://fivebooks.com/category/audiobooks/best-history-audiobooks/,2026-05-06,category,best-history-audiobooks,best history audiobooks,,noncontent
fivebooks.com,https://fivebooks.com/category/best-kids-books/best-kids-books-2021/,2025-04-15,category,best-kids-books-2021,best kids books 2021,2021,noncontent
fivebooks.com,https://fivebooks.com/category/best-kids-books/best-kids-books-of-2022/,2025-04-15,category,best-kids-books-of-2022,best kids books of 2022,2022,noncontent
fivebooks.com,https://fivebooks.com/category/best-kids-books/best-kids-books-of-2023/,2026-03-04,category,best-kids-books-of-2023,best kids books of 2023,2023,noncontent
fivebooks.com,https://fivebooks.com/category/nonfiction-books/best-nonfiction-2022/,2025-12-15,category,best-nonfiction-2022,best nonfiction 2022,2022,noncontent
fivebooks.com,https://fivebooks.com/category/nonfiction-books/best-nonfiction-of-2023/,2025-12-15,category,best-nonfiction-of-2023,best nonfiction of 2023,2023,noncontent
fivebooks.com,https://fivebooks.com/category/nonfiction-books/best-nonfiction-books-of-the-past-25-years/,2024-11-17,category,best-nonfiction-books-of-the-past-25-years,best nonfiction books of the past 25 years,,noncontent
fivebooks.com,https://fivebooks.com/category/philosophy/best-philosophy-books-all-time/,2026-09-03,category,best-philosophy-books-all-time,best philosophy books all time,,noncontent
fivebooks.com,https://fivebooks.com/category/politics-and-society/best-politics-books-2023/,2025-05-22,category,best-politics-books-2023,best politics books 2023,2023,noncontent
fivebooks.com,https://fivebooks.com/category/nonfiction-books/travel-books/best-travel-books-2023/,2023-12-30,category,best-travel-books-2023,best travel books 2023,2023,noncontent
fivebooks.com,https://fivebooks.com/category/mathematics-and-science/biology/,2026-08-26,category,biology,biology,,noncontent
fivebooks.com,https://fivebooks.com/category/nature/animals/birds/,2023-10-03,category,birds,birds,,noncontent
fivebooks.com,https://fivebooks.com/category/best-kids-books/popular-book-series-kids/book-series-for-10-11-year-olds/,2025-01-10,category,book-series-for-10-11-year-olds,book series for 10 11 year olds,,noncontent
fivebooks.com,https://fivebooks.com/category/best-kids-books/popular-book-series-kids/book-series-for-12-year-olds/,2025-12-12,category,book-series-for-12-year-olds,book series for 12 year olds,,noncontent
fivebooks.com,https://fivebooks.com/category/best-kids-books/popular-book-series-kids/book-series-for-13-year-olds/,2025-03-12,category,book-series-for-13-year-olds,book series for 13 year olds,,noncontent
fivebooks.com,https://fivebooks.com/category/best-kids-books/popular-book-series-kids/book-series-for-3-5-year-olds/,2025-12-12,category,book-series-for-3-5-year-olds,book series for 3 5 year olds,,noncontent
fivebooks.com,https://fivebooks.com/category/best-kids-books/popular-book-series-kids/book-series-for-6-year-olds/,2025-12-12,category,book-series-for-6-year-olds,book series for 6 year olds,,noncontent
fivebooks.com,https://fivebooks.com/category/best-kids-books/popular-book-series-kids/book-series-for-7-year-olds/,2024-07-29,category,book-series-for-7-year-olds,book series for 7 year olds,,noncontent
fivebooks.com,https://fivebooks.com/category/best-kids-books/popular-book-series-kids/book-series-for-8-year-olds/,2024-06-22,category,book-series-for-8-year-olds,book series for 8 year olds,,noncontent
fivebooks.com,https://fivebooks.com/category/best-kids-books/popular-book-series-kids/book-series-for-9-year-olds/,2024-06-22,category,book-series-for-9-year-olds,book series for 9 year olds,,noncontent
fivebooks.com,https://fivebooks.com/category/best-kids-books/popular-book-series-kids/book-series-for-0-to-2-year-olds/,2025-12-12,category,book-series-for-0-to-2-year-olds,book series for 0 to 2 year olds,,noncontent
fivebooks.com,https://fivebooks.com/category/best-kids-books/popular-book-series-kids/book-series-for-young-adults/,2024-06-22,category,book-series-for-young-adults,book series for young adults,,noncontent
fivebooks.com,https://fivebooks.com/category/history-books/historical-figures/books-about-mikhail-gorbachev/,2024-11-17,category,books-about-mikhail-gorbachev,books about mikhail gorbachev,,noncontent
fivebooks.com,https://fivebooks.com/category/nonfiction-books/true-crime/serial-killers/,2025-07-03,category,serial-killers,serial killers,,noncontent
fivebooks.com,https://fivebooks.com/category/best-kids-books/ages-6-8/,2026-04-20,category,ages-6-8,ages 6 8,,noncontent
fivebooks.com,https://fivebooks.com/category/best-kids-books/ages-9-12/,2026-10-07,category,ages-9-12,ages 9 12,,noncontent
fivebooks.com,https://fivebooks.com/category/history-books/british-history/black-history-month/,2022-06-02,category,black-history-month,black history month,,noncontent
fivebooks.com,https://fivebooks.com/category/business/books-for-entrepreneurs/,2026-01-29,category,books-for-entrepreneurs,books for entrepreneurs,,noncontent
fivebooks.com,https://fivebooks.com/category/language/learning-languages/,2026-09-06,category,learning-languages,learning languages,,noncontent
fivebooks.com,https://fivebooks.com/category/best-kids-books/ages-3-5/,2026-04-20,category,ages-3-5,ages 3 5,,noncontent
fivebooks.com,https://fivebooks.com/category/best-books-teens-young-adults/,2026-08-25,category,best-books-teens-young-adults,best books teens young adults,,noncontent
fivebooks.com,https://fivebooks.com/category/best-kids-books/ages-baby-2/,2025-04-15,category,ages-baby-2,ages baby 2,,noncontent
fivebooks.com,https://fivebooks.com/category/books-made-into-movies/books-made-into-hbo-series/,2026-07-03,category,books-made-into-hbo-series,books made into hbo series,,noncontent
fivebooks.com,https://fivebooks.com/category/books-made-into-movies/,2026-09-03,category,books-made-into-movies,books made into movies,,noncontent
fivebooks.com,https://fivebooks.com/category/books-made-into-movies/books-made-into-netflix-series/,2025-06-19,category,books-made-into-netflix-series,books made into netflix series,,noncontent
fivebooks.com,https://fivebooks.com/category/language/quotation-books/,2024-04-28,category,quotation-books,quotation books,,noncontent
fivebooks.com,https://fivebooks.com/category/history-books/american-history/books-on-american-presidents/,2026-07-15,category,books-on-american-presidents,books on american presidents,,noncontent
fivebooks.com,https://fivebooks.com/category/in-the-news/books-on-the-economic-impact-of-coronavirus/,2025-11-12,category,books-on-the-economic-impact-of-coronavirus,books on the economic impact of coronavirus,,noncontent
fivebooks.com,https://fivebooks.com/category/in-the-news/books-on-the-russia-ukraine-war/,2024-11-06,category,books-on-the-russia-ukraine-war,books on the russia ukraine war,,noncontent
fivebooks.com,https://fivebooks.com/category/world/asia/afghanistan/books-taliban/,2021-08-23,category,books-taliban,books taliban,,noncontent
fivebooks.com,https://fivebooks.com/category/best-kids-books/by-children-for-children/,2026-10-07,category,by-children-for-children,by children for children,,noncontent
fivebooks.com,https://fivebooks.com/category/world/americas/latin-america/brazil/,2025-06-24,category,brazil,brazil,,noncontent
fivebooks.com,https://fivebooks.com/category/world/europe/britain/,2026-08-24,category,britain,britain,,noncontent
fivebooks.com,https://fivebooks.com/category/history-books/british-history/,2026-08-22,category,british-history,british history,,noncontent
fivebooks.com,https://fivebooks.com/category/politics-and-society/british-politics/,2025-11-27,category,british-politics,british politics,,noncontent
fivebooks.com,https://fivebooks.com/category/religion/buddhism/,2026-06-23,category,buddhism,buddhism,,noncontent
fivebooks.com,https://fivebooks.com/category/business/,2026-08-12,category,business,business,,noncontent
fivebooks.com,https://fivebooks.com/category/business/business-books-by-company/,2026-08-12,category,business-books-by-company,business books by company,,noncontent
fivebooks.com,https://fivebooks.com/category/business/business-books-about-industries/,2025-12-17,category,business-books-about-industries,business books about industries,,noncontent
fivebooks.com,https://fivebooks.com/category/world/americas/canada/,2024-05-15,category,canada,canada,,noncontent
fivebooks.com,https://fivebooks.com/category/business/careers/,2025-10-22,category,careers,careers,,noncontent
fivebooks.com,https://fivebooks.com/category/world/americas/latin-america/caribbean/,2024-10-19,category,caribbean,caribbean,,noncontent
fivebooks.com,https://fivebooks.com/category/celebrity/,2025-01-10,category,celebrity,celebrity,,noncontent
fivebooks.com,https://fivebooks.com/category/mathematics-and-science/chemistry/,2025-04-07,category,chemistry,chemistry,,noncontent
fivebooks.com,https://fivebooks.com/category/psychology/child-psychology/,2024-11-04,category,child-psychology,child psychology,,noncontent
fivebooks.com,https://fivebooks.com/category/best-kids-books/childrens-librarians-recommend/,2026-08-25,category,childrens-librarians-recommend,childrens librarians recommend,,noncontent
fivebooks.com,https://fivebooks.com/category/world/americas/latin-america/chile/,2026-05-10,category,chile,chile,,noncontent
fivebooks.com,https://fivebooks.com/category/world/asia/best-books-china/,2026-09-13,category,best-books-china,best books china,,noncontent
fivebooks.com,https://fivebooks.com/category/world/asia/best-books-china/chinese-espionage/,2023-02-05,category,chinese-espionage,chinese espionage,,noncontent
fivebooks.com,https://fivebooks.com/category/history-books/chinese-history/,2026-09-02,category,chinese-history,chinese history,,noncontent
fivebooks.com,https://fivebooks.com/category/politics-and-society/chinese-politics/,2025-11-21,category,chinese-politics,chinese politics,,noncontent
fivebooks.com,https://fivebooks.com/category/religion/christian-books/,2026-04-26,category,christian-books,christian books,,noncontent
fivebooks.com,https://fivebooks.com/category/world/cities/,2026-08-15,category,cities,cities,,noncontent
fivebooks.com,https://fivebooks.com/category/fiction/classic-books/,2026-09-13,category,classic-books,classic books,,noncontent
fivebooks.com,https://fivebooks.com/category/fiction/classic-english-literature/,2026-05-05,category,classic-english-literature,classic english literature,,noncontent
fivebooks.com,https://fivebooks.com/category/environment/climate-change/,2025-11-07,category,climate-change,climate change,,noncontent
fivebooks.com,https://fivebooks.com/category/art-books/coffee-table-books/,2025-11-09,category,coffee-table-books,coffee table books,,noncontent
fivebooks.com,https://fivebooks.com/category/nonfiction-books/nonfiction-series/columbia-global-reports/,2024-12-22,category,columbia-global-reports,columbia global reports,,noncontent
fivebooks.com,https://fivebooks.com/category/fiction/comics-graphic-novels/,2025-12-27,category,comics-graphic-novels,comics graphic novels,,noncontent
fivebooks.com,https://fivebooks.com/category/technology/computing/,2025-02-12,category,computing,computing,,noncontent
fivebooks.com,https://fivebooks.com/category/psychology/consciousness-books/,2025-02-12,category,consciousness-books,consciousness books,,noncontent
fivebooks.com,https://fivebooks.com/category/fiction/contemporary-fiction/,2026-10-08,category,contemporary-fiction,contemporary fiction,,noncontent
fivebooks.com,https://fivebooks.com/category/history-books/contemporary-history/,2026-05-13,category,contemporary-history,contemporary history,,noncontent
fivebooks.com,https://fivebooks.com/category/philosophy/contemporary-philosophy/,2025-02-26,category,contemporary-philosophy,contemporary philosophy,,noncontent
fivebooks.com,https://fivebooks.com/category/in-the-news/coronavirus-books/,2025-05-04,category,coronavirus-books,coronavirus books,,noncontent
fivebooks.com,https://fivebooks.com/category/mathematics-and-science/cosmology/,2025-11-27,category,cosmology,cosmology,,noncontent
fivebooks.com,https://fivebooks.com/category/sports-games-and-hobbies/cricket/,2026-02-04,category,cricket,cricket,,noncontent
fivebooks.com,https://fivebooks.com/category/politics-and-society/crime-criminology/,2026-08-30,category,crime-criminology,crime criminology,,noncontent
fivebooks.com,https://fivebooks.com/category/fiction/crime-books/,2026-10-04,category,crime-books,crime books,,noncontent
fivebooks.com,https://fivebooks.com/category/fiction/crime-books/crime-novels-set-in-africa/,2025-08-29,category,crime-novels-set-in-africa,crime novels set in africa,,noncontent
fivebooks.com,https://fivebooks.com/category/technology/data-science-books/,2025-11-29,category,data-science-books,data science books,,noncontent
fivebooks.com,https://fivebooks.com/category/health-and-lifestyle/death/,2024-06-25,category,death,death,,noncontent
fivebooks.com,https://fivebooks.com/category/world/africa/the-democratic-republic-of-congo-drc/,2025-02-12,category,the-democratic-republic-of-congo-drc,the democratic republic of congo drc,,noncontent
fivebooks.com,https://fivebooks.com/category/art-books/design/,2026-02-17,category,design,design,,noncontent
fivebooks.com,https://fivebooks.com/category/economics/development-economics/,2023-11-03,category,development-economics,development economics,,noncontent
fivebooks.com,https://fivebooks.com/category/world/europe/britain/the-royal-family/diana-books/,2022-09-10,category,diana-books,diana books,,noncontent
fivebooks.com,https://fivebooks.com/category/sports-games-and-hobbies/football-soccer/diego-maradona/,2020-11-27,category,diego-maradona,diego maradona,,noncontent
fivebooks.com,https://fivebooks.com/category/food-and-cooking/dieting/,2025-01-04,category,dieting,dieting,,noncontent
fivebooks.com,https://fivebooks.com/category/technology/digital-age/,2025-05-09,category,digital-age,digital age,,noncontent
fivebooks.com,https://fivebooks.com/category/drama-books/,2026-09-30,category,drama-books,drama books,,noncontent
fivebooks.com,https://fivebooks.com/category/fiction/dystopian-novels/,2026-10-04,category,dystopian-novels,dystopian novels,,noncontent
fivebooks.com,https://fivebooks.com/category/history-books/early-modern-history/,2026-09-20,category,early-modern-history,early modern history,,noncontent
fivebooks.com,https://fivebooks.com/category/economics/economic-history/,2026-06-12,category,economic-history,economic history,,noncontent
fivebooks.com,https://fivebooks.com/category/economics/,2026-09-13,category,economics,economics,,noncontent
fivebooks.com,https://fivebooks.com/category/best-kids-books/economics-best-kids-books/,2025-02-07,category,economics-best-kids-books,economics best kids books,,noncontent
fivebooks.com,https://fivebooks.com/category/economics/economics-textbooks/,2023-07-31,category,economics-textbooks,economics textbooks,,noncontent
fivebooks.com,https://fivebooks.com/category/health-and-lifestyle/education/,2025-07-07,category,education,education,,noncontent
fivebooks.com,https://fivebooks.com/category/world/africa/egypt/,2025-08-13,category,egypt,egypt,,noncontent
fivebooks.com,https://fivebooks.com/category/language/grammar-books/,2025-08-14,category,grammar-books,grammar books,,noncontent
fivebooks.com,https://fivebooks.com/category/environment/,2026-08-24,category,environment,environment,,noncontent
fivebooks.com,https://fivebooks.com/category/environment/environmental-ethics/,2026-04-25,category,environmental-ethics,environmental ethics,,noncontent
fivebooks.com,https://fivebooks.com/category/nonfiction-books/essays/,2026-09-30,category,essays,essays,,noncontent
fivebooks.com,https://fivebooks.com/category/philosophy/ethics-moral-philosophy/,2026-09-16,category,ethics-moral-philosophy,ethics moral philosophy,,noncontent
fivebooks.com,https://fivebooks.com/category/world/europe/,2026-09-20,category,europe,europe,,noncontent
fivebooks.com,https://fivebooks.com/category/nature/evolution/,2026-08-02,category,evolution,evolution,,noncontent
fivebooks.com,https://fivebooks.com/category/language/evolution-of-language/,2025-08-14,category,evolution-of-language,evolution of language,,noncontent
fivebooks.com,https://fivebooks.com/category/mathematics-and-science/existential-risk/,2025-08-14,category,existential-risk,existential risk,,noncontent
fivebooks.com,https://fivebooks.com/category/health-and-lifestyle/family-relationships/,2026-06-30,category,family-relationships,family relationships,,noncontent
fivebooks.com,https://fivebooks.com/category/fiction/fantasy/,2026-10-04,category,fantasy,fantasy,,noncontent
fivebooks.com,https://fivebooks.com/category/art-books/fashion-style/,2025-12-01,category,fashion-style,fashion style,,noncontent
fivebooks.com,https://fivebooks.com/category/politics-and-society/feminism/,2026-10-07,category,feminism,feminism,,noncontent
fivebooks.com,https://fivebooks.com/category/economics/fiction-recommended-by-economists/,2025-12-04,category,fiction-recommended-by-economists,fiction recommended by economists,,noncontent
fivebooks.com,https://fivebooks.com/category/nonfiction-books/film-cinema-tv/,2025-02-27,category,film-cinema-tv,film cinema tv,,noncontent
fivebooks.com,https://fivebooks.com/category/economics/finance/,2026-06-12,category,finance,finance,,noncontent
fivebooks.com,https://fivebooks.com/category/economics/financial-crisis/,2026-06-12,category,financial-crisis,financial crisis,,noncontent
fivebooks.com,https://fivebooks.com/category/politics-and-society/feminism/first-wave-feminist-books-and-earlier/,2023-06-25,category,first-wave-feminist-books-and-earlier,first wave feminist books and earlier,,noncontent
fivebooks.com,https://fivebooks.com/category/food-and-cooking/,2025-12-10,category,food-and-cooking,food and cooking,,noncontent
fivebooks.com,https://fivebooks.com/category/food-and-cooking/food-history-of-food/,2025-11-26,category,food-history-of-food,food history of food,,noncontent
fivebooks.com,https://fivebooks.com/category/sports-games-and-hobbies/football-soccer/,2026-10-07,category,football-soccer,football soccer,,noncontent
fivebooks.com,https://fivebooks.com/category/politics-and-society/foreign-policy-international-relations/,2026-05-13,category,foreign-policy-international-relations,foreign policy international relations,,noncontent
fivebooks.com,https://fivebooks.com/category/world/europe/france/,2026-08-09,category,france,france,,noncontent
fivebooks.com,https://fivebooks.com/category/best-ebooks/free-ebooks/,2026-09-03,category,free-ebooks,free ebooks,,noncontent
fivebooks.com,https://fivebooks.com/category/history-books/french-history/,2026-08-09,category,french-history,french history,,noncontent
fivebooks.com,https://fivebooks.com/category/fiction/fantasy/game-of-thrones-books-in-order/,2025-03-01,category,game-of-thrones-books-in-order,game of thrones books in order,,noncontent
fivebooks.com,https://fivebooks.com/category/sports-games-and-hobbies/games/,2025-12-02,category,games,games,,noncontent
fivebooks.com,https://fivebooks.com/category/sports-games-and-hobbies/gardening-books/,2025-06-20,category,gardening-books,gardening books,,noncontent
fivebooks.com,https://fivebooks.com/category/politics-and-society/gender/,2026-03-08,category,gender,gender,,noncontent
fivebooks.com,https://fivebooks.com/category/world/asia/georgia/,2024-11-22,category,georgia,georgia,,noncontent
fivebooks.com,https://fivebooks.com/category/mathematics-and-science/geoscience/,2025-10-23,category,geoscience,geoscience,,noncontent
fivebooks.com,https://fivebooks.com/category/history-books/german-history/,2026-10-07,category,german-history,german history,,noncontent
fivebooks.com,https://fivebooks.com/category/world/europe/germany/,2026-09-20,category,germany,germany,,noncontent
fivebooks.com,https://fivebooks.com/category/world/africa/ghana/,2024-01-24,category,ghana,ghana,,noncontent
fivebooks.com,https://fivebooks.com/category/economics/globalization-books/,2025-10-27,category,globalization-books,globalization books,,noncontent
fivebooks.com,https://fivebooks.com/category/nonfiction-books/graphic-nonfiction/,2025-06-24,category,graphic-nonfiction,graphic nonfiction,,noncontent
fivebooks.com,https://fivebooks.com/category/audiobooks/great-books-narrated-by-their-author/,2026-03-08,category,great-books-narrated-by-their-author,great books narrated by their author,,noncontent
fivebooks.com,https://fivebooks.com/category/philosophy/great-philosophers/,2026-08-18,category,great-philosophers,great philosophers,,noncontent
fivebooks.com,https://fivebooks.com/category/world/europe/greece/,2026-05-13,category,greece,greece,,noncontent
fivebooks.com,https://fivebooks.com/category/biography/group-biographies/,2026-05-25,category,group-biographies,group biographies,,noncontent
fivebooks.com,https://fivebooks.com/category/world/americas/latin-america/caribbean/haiti/,2023-12-30,category,haiti,haiti,,noncontent
fivebooks.com,https://fivebooks.com/category/health-and-lifestyle/happiness/,2026-03-25,category,happiness,happiness,,noncontent
fivebooks.com,https://fivebooks.com/category/best-kids-books/happiness-mental-health/,2025-05-07,category,happiness-mental-health,happiness mental health,,noncontent
fivebooks.com,https://fivebooks.com/category/health-and-lifestyle/,2026-06-23,category,health-and-lifestyle,health and lifestyle,,noncontent
fivebooks.com,https://fivebooks.com/category/politics-and-society/healthcare/,2025-05-04,category,healthcare,healthcare,,noncontent
fivebooks.com,https://fivebooks.com/category/biography/historical-biographies/,2026-09-09,category,historical-biographies,historical biographies,,noncontent
fivebooks.com,https://fivebooks.com/category/fiction/historical-fiction/,2026-09-30,category,historical-fiction,historical fiction,,noncontent
fivebooks.com,https://fivebooks.com/category/fiction/historical-fiction/historical-fiction-set-in-africa/,2026-09-22,category,historical-fiction-set-in-africa,historical fiction set in africa,,noncontent
fivebooks.com,https://fivebooks.com/category/fiction/historical-fiction/historical-fiction-set-in-europe/,2026-07-08,category,historical-fiction-set-in-europe,historical fiction set in europe,,noncontent
fivebooks.com,https://fivebooks.com/category/history-books/historical-figures/,2026-08-22,category,historical-figures,historical figures,,noncontent
fivebooks.com,https://fivebooks.com/category/fiction/romance/historical-romance/,2025-07-24,category,historical-romance,historical romance,,noncontent
fivebooks.com,https://fivebooks.com/category/best-kids-books/history-best-kids-books/,2025-09-18,category,history-best-kids-books,history best kids books,,noncontent
fivebooks.com,https://fivebooks.com/category/history-books/history-of-medicine-books/,2026-01-18,category,history-of-medicine-books,history of medicine books,,noncontent
fivebooks.com,https://fivebooks.com/category/history-books/history-of-science/,2026-08-25,category,history-of-science,history of science,,noncontent
fivebooks.com,https://fivebooks.com/category/technology/history-of-technology/,2025-02-14,category,history-of-technology,history of technology,,noncontent
fivebooks.com,https://fivebooks.com/category/sports-games-and-hobbies/hobbies/,2026-08-30,category,hobbies,hobbies,,noncontent
fivebooks.com,https://fivebooks.com/category/world/asia/best-books-china/hong-kong/,2025-12-12,category,hong-kong,hong kong,,noncontent
fivebooks.com,https://fivebooks.com/category/fiction/horror-books/,2026-09-03,category,horror-books,horror books,,noncontent
fivebooks.com,https://fivebooks.com/category/philosophy/how-to-live/,2025-11-18,category,how-to-live,how to live,,noncontent
fivebooks.com,https://fivebooks.com/category/politics-and-society/human-rights/,2025-07-07,category,human-rights,human rights,,noncontent
fivebooks.com,https://fivebooks.com/category/fiction/humour/,2026-10-04,category,humour,humour,,noncontent
fivebooks.com,https://fivebooks.com/category/sports-games-and-hobbies/ice-hockey/,2021-02-18,category,ice-hockey,ice hockey,,noncontent
fivebooks.com,https://fivebooks.com/category/world/europe/iceland/,2026-10-05,category,iceland,iceland,,noncontent
fivebooks.com,https://fivebooks.com/category/health-and-lifestyle/illness-medical-conditions/,2025-08-19,category,illness-medical-conditions,illness medical conditions,,noncontent
fivebooks.com,https://fivebooks.com/category/in-the-news/,2026-05-05,category,in-the-news,in the news,,noncontent
fivebooks.com,https://fivebooks.com/category/world/asia/india/,2026-08-16,category,india,india,,noncontent
fivebooks.com,https://fivebooks.com/category/world/asia/indonesia/,2025-02-11,category,indonesia,indonesia,,noncontent
fivebooks.com,https://fivebooks.com/category/economics/inequality-books/,2024-10-20,category,inequality-books,inequality books,,noncontent
fivebooks.com,https://fivebooks.com/category/technology/internet/,2025-11-12,category,internet,internet,,noncontent
fivebooks.com,https://fivebooks.com/category/business/best-investing-books/,2025-11-12,category,best-investing-books,best investing books,,noncontent
fivebooks.com,https://fivebooks.com/category/world/asia/middle-east/iran/,2026-05-29,category,iran,iran,,noncontent
fivebooks.com,https://fivebooks.com/category/world/asia/middle-east/iraq/,2026-01-24,category,iraq,iraq,,noncontent
fivebooks.com,https://fivebooks.com/category/world/europe/ireland/,2026-06-04,category,ireland,ireland,,noncontent
fivebooks.com,https://fivebooks.com/category/religion/islamic/,2025-01-08,category,islamic,islamic,,noncontent
fivebooks.com,https://fivebooks.com/category/world/asia/middle-east/israel/,2026-05-17,category,israel,israel,,noncontent
fivebooks.com,https://fivebooks.com/category/world/europe/italy/,2026-08-30,category,italy,italy,,noncontent
fivebooks.com,https://fivebooks.com/category/fiction/thriller-books/james-bond-books-in-order/,2024-09-29,category,james-bond-books-in-order,james bond books in order,,noncontent
fivebooks.com,https://fivebooks.com/category/world/asia/japan/,2026-04-14,category,japan,japan,,noncontent
fivebooks.com,https://fivebooks.com/category/nonfiction-books/music-books/jazz/,2021-08-29,category,jazz,jazz,,noncontent
fivebooks.com,https://fivebooks.com/category/religion/jewish-books/,2025-10-07,category,jewish-books,jewish books,,noncontent
fivebooks.com,https://fivebooks.com/category/history-books/russian-history/stalin-books/,2026-08-20,category,stalin-books,stalin books,,noncontent
fivebooks.com,https://fivebooks.com/category/politics-and-society/journalism/,2026-09-20,category,journalism,journalism,,noncontent
fivebooks.com,https://fivebooks.com/category/world/asia/kazakhstan/,2025-05-23,category,kazakhstan,kazakhstan,,noncontent
fivebooks.com,https://fivebooks.com/category/world/africa/kenya/,2023-07-18,category,kenya,kenya,,noncontent
fivebooks.com,https://fivebooks.com/category/world/europe/britain/the-royal-family/king-charles-iii/,2022-11-14,category,king-charles-iii,king charles iii,,noncontent
fivebooks.com,https://fivebooks.com/category/world/asia/korea/,2026-03-27,category,korea,korea,,noncontent
fivebooks.com,https://fivebooks.com/category/language/,2026-09-05,category,language,language,,noncontent
fivebooks.com,https://fivebooks.com/category/world/americas/latin-america/,2026-05-11,category,latin-america,latin america,,noncontent
fivebooks.com,https://fivebooks.com/category/history-books/latin-american-history/,2026-08-24,category,latin-american-history,latin american history,,noncontent
fivebooks.com,https://fivebooks.com/category/law-and-constitutions/,2026-07-03,category,law-and-constitutions,law and constitutions,,noncontent
fivebooks.com,https://fivebooks.com/category/business/leadership/,2026-03-05,category,leadership,leadership,,noncontent
fivebooks.com,https://fivebooks.com/category/world/asia/middle-east/lebanon-books/,2020-09-23,category,lebanon-books,lebanon books,,noncontent
fivebooks.com,https://fivebooks.com/category/language/linguistics/,2025-08-14,category,linguistics,linguistics,,noncontent
fivebooks.com,https://fivebooks.com/category/biography/literary-biographies/,2026-09-30,category,literary-biographies,literary biographies,,noncontent
fivebooks.com,https://fivebooks.com/category/fiction/literary-criticism/,2026-06-15,category,literary-criticism,literary criticism,,noncontent
fivebooks.com,https://fivebooks.com/category/fiction/literary-fiction/,2026-09-24,category,literary-fiction,literary fiction,,noncontent
fivebooks.com,https://fivebooks.com/category/fiction/literary-figures/,2026-10-05,category,literary-figures,literary figures,,noncontent
fivebooks.com,https://fivebooks.com/category/nonfiction-books/literary-nonfiction/,2026-08-30,category,literary-nonfiction,literary nonfiction,,noncontent
fivebooks.com,https://fivebooks.com/category/mathematics-and-science/lives-of-scientists/,2025-06-08,category,lives-of-scientists,lives of scientists,,noncontent
fivebooks.com,https://fivebooks.com/category/world/europe/britain/london/,2025-02-12,category,london,london,,noncontent
fivebooks.com,https://fivebooks.com/category/religion/magic-witchcraft/,2026-05-02,category,magic-witchcraft,magic witchcraft,,noncontent
fivebooks.com,https://fivebooks.com/category/fiction/comics-graphic-novels/manga/,2025-10-17,category,manga,manga,,noncontent
fivebooks.com,https://fivebooks.com/category/mathematics-and-science/maths-statistics/,2025-10-30,category,maths-statistics,maths statistics,,noncontent
fivebooks.com,https://fivebooks.com/category/history-books/medieval-history/,2026-05-05,category,medieval-history,medieval history,,noncontent
fivebooks.com,https://fivebooks.com/category/food-and-cooking/mediterranean/,2025-04-29,category,mediterranean,mediterranean,,noncontent
fivebooks.com,https://fivebooks.com/category/psychology/mental-health/,2026-02-11,category,mental-health,mental health,,noncontent
fivebooks.com,https://fivebooks.com/category/world/americas/latin-america/mexico/,2025-11-13,category,mexico,mexico,,noncontent
fivebooks.com,https://fivebooks.com/category/mathematics-and-science/biology/microbiology/,2026-08-02,category,microbiology,microbiology,,noncontent
fivebooks.com,https://fivebooks.com/category/politics-and-society/migration/,2025-09-03,category,migration,migration,,noncontent
fivebooks.com,https://fivebooks.com/category/history-books/military-history/,2026-09-27,category,military-history,military history,,noncontent
fivebooks.com,https://fivebooks.com/category/art-books/modern-art/,2025-12-02,category,modern-art,modern art,,noncontent
fivebooks.com,https://fivebooks.com/category/history-books/modern-history/,2026-08-09,category,modern-history,modern history,,noncontent
fivebooks.com,https://fivebooks.com/category/economics/monopolies/,2024-11-29,category,monopolies,monopolies,,noncontent
fivebooks.com,https://fivebooks.com/category/mathematics-and-science/moon-landing/,2025-08-10,category,moon-landing,moon landing,,noncontent
fivebooks.com,https://fivebooks.com/category/world/africa/morocco/,2026-09-22,category,morocco,morocco,,noncontent
fivebooks.com,https://fivebooks.com/category/nonfiction-books/music-books/,2026-05-05,category,music-books,music books,,noncontent
fivebooks.com,https://fivebooks.com/category/world/asia/burma/,2026-03-27,category,burma,burma,,noncontent
fivebooks.com,https://fivebooks.com/category/fiction/mystery-books/,2026-09-23,category,mystery-books,mystery books,,noncontent
fivebooks.com,https://fivebooks.com/category/fiction/mystery-books/mystery-book-series/,2026-02-08,category,mystery-book-series,mystery book series,,noncontent
fivebooks.com,https://fivebooks.com/category/nonfiction-books/narrative-nonfiction/,2026-06-29,category,narrative-nonfiction,narrative nonfiction,,noncontent
fivebooks.com,https://fivebooks.com/category/nature/,2026-07-21,category,nature,nature,,noncontent
fivebooks.com,https://fivebooks.com/category/best-kids-books/nature-environment/,2025-09-19,category,nature-environment,nature environment,,noncontent
fivebooks.com,https://fivebooks.com/category/nature/nature-writing/,2025-10-07,category,nature-writing,nature writing,,noncontent
fivebooks.com,https://fivebooks.com/category/history-books/military-history/naval-history/,2026-04-19,category,naval-history,naval history,,noncontent
fivebooks.com,https://fivebooks.com/category/world/europe/netherlands/,2024-05-13,category,netherlands,netherlands,,noncontent
fivebooks.com,https://fivebooks.com/category/new-books/,2026-09-29,category,new-books,new books,,noncontent
fivebooks.com,https://fivebooks.com/category/fiction/world-literature-books/new-world-literature-books/,2026-09-03,category,new-world-literature-books,new world literature books,,noncontent
fivebooks.com,https://fivebooks.com/category/fiction/historical-fiction/new-historical-fiction/,2026-09-22,category,new-historical-fiction,new historical fiction,,noncontent
fivebooks.com,https://fivebooks.com/category/language/new-language-books/,2024-12-11,category,new-language-books,new language books,,noncontent
fivebooks.com,https://fivebooks.com/category/mathematics-and-science/maths-statistics/new-math-books/,2024-10-11,category,new-math-books,new math books,,noncontent
fivebooks.com,https://fivebooks.com/category/world/americas/united-states/new-orleans/,2025-09-16,category,new-orleans,new orleans,,noncontent
fivebooks.com,https://fivebooks.com/category/mathematics-and-science/physics/new-physics-books/,2023-02-24,category,new-physics-books,new physics books,,noncontent
fivebooks.com,https://fivebooks.com/category/psychology/new-psychology-books/,2025-02-07,category,new-psychology-books,new psychology books,,noncontent
fivebooks.com,https://fivebooks.com/category/world/americas/united-states/new-york/,2025-01-17,category,new-york,new york,,noncontent
fivebooks.com,https://fivebooks.com/category/world/africa/nigeria/,2025-12-21,category,nigeria,nigeria,,noncontent
fivebooks.com,https://fivebooks.com/category/nonfiction-books/,2026-10-04,category,nonfiction-books,nonfiction books,,noncontent
fivebooks.com,https://fivebooks.com/category/nonfiction-books/nonfiction-series/,2025-02-17,category,nonfiction-series,nonfiction series,,noncontent
fivebooks.com,https://fivebooks.com/category/world/asia/korea/north-korea/,2023-07-27,category,north-korea,north korea,,noncontent
fivebooks.com,https://fivebooks.com/category/world/europe/norway/,2025-11-27,category,norway,norway,,noncontent
fivebooks.com,https://fivebooks.com/category/nature/oceans/,2025-05-14,category,oceans,oceans,,noncontent
fivebooks.com,https://fivebooks.com/category/art-books/old-master-art/,2025-09-10,category,old-master-art,old master art,,noncontent
fivebooks.com,https://fivebooks.com/category/sports-games-and-hobbies/olympics/,2022-08-02,category,olympics,olympics,,noncontent
fivebooks.com,https://fivebooks.com/category/nonfiction-books/music-books/classical-music-opera-book/,2024-07-03,category,classical-music-opera-book,classical music opera book,,noncontent
fivebooks.com,https://fivebooks.com/category/world/asia/pakistan/,2026-08-27,category,pakistan,pakistan,,noncontent
fivebooks.com,https://fivebooks.com/category/world/asia/middle-east/palestine/,2025-12-22,category,palestine,palestine,,noncontent
fivebooks.com,https://fivebooks.com/category/health-and-lifestyle/parenting/,2026-03-08,category,parenting,parenting,,noncontent
fivebooks.com,https://fivebooks.com/category/world/europe/france/paris/,2025-08-10,category,paris,paris,,noncontent
fivebooks.com,https://fivebooks.com/category/nature/pets/,2023-04-16,category,pets,pets,,noncontent
fivebooks.com,https://fivebooks.com/category/biography/memoir/philosophical-memoirs/,2025-10-07,category,philosophical-memoirs,philosophical memoirs,,noncontent
fivebooks.com,https://fivebooks.com/category/philosophy/philosophical-biographies/,2026-03-25,category,philosophical-biographies,philosophical biographies,,noncontent
fivebooks.com,https://fivebooks.com/category/philosophy/philosophical-issues-topics/,2024-08-24,category,philosophical-issues-topics,philosophical issues topics,,noncontent
fivebooks.com,https://fivebooks.com/category/philosophy/,2026-08-08,category,philosophy,philosophy,,noncontent
fivebooks.com,https://fivebooks.com/category/philosophy/philosophy-of-mind/,2025-02-12,category,philosophy-of-mind,philosophy of mind,,noncontent
fivebooks.com,https://fivebooks.com/category/art-books/photography/,2026-03-27,category,photography,photography,,noncontent
fivebooks.com,https://fivebooks.com/category/mathematics-and-science/physics/,2026-01-09,category,physics,physics,,noncontent
fivebooks.com,https://fivebooks.com/category/nature/plants-trees-flowers/,2025-06-20,category,plants-trees-flowers,plants trees flowers,,noncontent
fivebooks.com,https://fivebooks.com/category/fiction/poetry/,2026-08-20,category,poetry,poetry,,noncontent
fivebooks.com,https://fivebooks.com/category/politics-and-society/political-ideologies/,2025-11-27,category,political-ideologies,political ideologies,,noncontent
fivebooks.com,https://fivebooks.com/category/best-kids-books/politics-current-affairs/,2023-10-13,category,politics-current-affairs,politics current affairs,,noncontent
fivebooks.com,https://fivebooks.com/category/politics-and-society/,2026-09-03,category,politics-and-society,politics and society,,noncontent
fivebooks.com,https://fivebooks.com/category/best-kids-books/popular-book-series-kids/,2025-12-12,category,popular-book-series-kids,popular book series kids,,noncontent
fivebooks.com,https://fivebooks.com/category/economics/popular-economics-books/,2025-12-21,category,popular-economics-books,popular economics books,,noncontent
fivebooks.com,https://fivebooks.com/category/mathematics-and-science/popular-science/,2026-06-07,category,popular-science,popular science,,noncontent
fivebooks.com,https://fivebooks.com/category/history-books/primary-sources/,2025-09-20,category,primary-sources,primary sources,,noncontent
fivebooks.com,https://fivebooks.com/category/best-kids-books/prizewinning-books/,2026-08-11,category,prizewinning-books,prizewinning books,,noncontent
fivebooks.com,https://fivebooks.com/category/history-books/prize-winning-history-books/,2025-09-08,category,prize-winning-history-books,prize winning history books,,noncontent
fivebooks.com,https://fivebooks.com/category/psychology/psychoanalysis/,2024-09-17,category,psychoanalysis,psychoanalysis,,noncontent
fivebooks.com,https://fivebooks.com/category/fiction/thriller-books/psychological-thriller-books/,2026-08-24,category,psychological-thriller-books,psychological thriller books,,noncontent
fivebooks.com,https://fivebooks.com/category/psychology/,2026-10-05,category,psychology,psychology,,noncontent
fivebooks.com,https://fivebooks.com/category/psychology/psychology-research/,2025-11-25,category,psychology-research,psychology research,,noncontent
fivebooks.com,https://fivebooks.com/category/politics-and-society/race-and-racism/,2026-02-14,category,race-and-racism,race and racism,,noncontent
fivebooks.com,https://fivebooks.com/category/religion/,2026-05-29,category,religion,religion,,noncontent
fivebooks.com,https://fivebooks.com/category/history-books/religious-history/,2026-02-08,category,religious-history,religious history,,noncontent
fivebooks.com,https://fivebooks.com/category/religion/religious-holidays/,2025-11-02,category,religious-holidays,religious holidays,,noncontent
fivebooks.com,https://fivebooks.com/category/environment/renewable-energy/,2026-02-13,category,renewable-energy,renewable energy,,noncontent
fivebooks.com,https://fivebooks.com/category/history-books/revolution/,2025-04-30,category,revolution,revolution,,noncontent
fivebooks.com,https://fivebooks.com/category/nonfiction-books/music-books/rock/,2026-05-11,category,rock,rock,,noncontent
fivebooks.com,https://fivebooks.com/category/nature/rocks-minerals/,2025-10-23,category,rocks-minerals,rocks minerals,,noncontent
fivebooks.com,https://fivebooks.com/category/fiction/romance/,2026-09-08,category,romance,romance,,noncontent
fivebooks.com,https://fivebooks.com/category/fiction/romance/romantic-comedy/,2026-09-08,category,romantic-comedy,romantic comedy,,noncontent
fivebooks.com,https://fivebooks.com/category/world/asia/russia/,2026-10-05,category,russia,russia,,noncontent
fivebooks.com,https://fivebooks.com/category/history-books/russian-history/,2026-04-13,category,russian-history,russian history,,noncontent
fivebooks.com,https://fivebooks.com/category/fiction/world-literature-books/russian-literature-books/,2026-10-05,category,russian-literature-books,russian literature books,,noncontent
fivebooks.com,https://fivebooks.com/category/world/africa/rwanda/,2024-04-23,category,rwanda,rwanda,,noncontent
fivebooks.com,https://fivebooks.com/category/world/asia/middle-east/saudi-arabia/,2023-04-14,category,saudi-arabia,saudi arabia,,noncontent
fivebooks.com,https://fivebooks.com/category/mathematics-and-science/,2026-09-30,category,mathematics-and-science,mathematics and science,,noncontent
fivebooks.com,https://fivebooks.com/category/fiction/science-fiction/,2026-10-04,category,science-fiction,science fiction,,noncontent
fivebooks.com,https://fivebooks.com/category/biography/scientist-biographies/,2025-09-10,category,scientist-biographies,scientist biographies,,noncontent
fivebooks.com,https://fivebooks.com/category/world/europe/britain/scotland/,2025-05-23,category,scotland,scotland,,noncontent
fivebooks.com,https://fivebooks.com/category/politics-and-society/feminism/second-wave-feminist-books/,2023-06-25,category,second-wave-feminist-books,second wave feminist books,,noncontent
fivebooks.com,https://fivebooks.com/category/psychology/self-help/,2026-06-23,category,self-help,self help,,noncontent
fivebooks.com,https://fivebooks.com/category/fiction/classic-english-literature/shakespeare-books/,2026-05-05,category,shakespeare-books,shakespeare books,,noncontent
fivebooks.com,https://fivebooks.com/category/nonfiction-books/short-nonfiction/,2025-08-20,category,short-nonfiction,short nonfiction,,noncontent
fivebooks.com,https://fivebooks.com/category/fiction/short-stories/,2026-10-04,category,short-stories,short stories,,noncontent
fivebooks.com,https://fivebooks.com/category/world/asia/singapore/,2026-03-27,category,singapore,singapore,,noncontent
fivebooks.com,https://fivebooks.com/category/philosophy/social-political-philosophy/,2026-07-03,category,social-political-philosophy,social political philosophy,,noncontent
fivebooks.com,https://fivebooks.com/category/psychology/social-psychology/,2024-09-17,category,social-psychology,social psychology,,noncontent
fivebooks.com,https://fivebooks.com/category/world/africa/south-africa/,2026-03-27,category,south-africa,south africa,,noncontent
fivebooks.com,https://fivebooks.com/category/world/europe/spain/,2025-09-10,category,spain,spain,,noncontent
fivebooks.com,https://fivebooks.com/category/sports-games-and-hobbies/sport-sporting-culture/,2026-04-08,category,sport-sporting-culture,sport sporting culture,,noncontent
fivebooks.com,https://fivebooks.com/category/best-kids-books/sports/,2026-10-07,category,sports,sports,,noncontent
fivebooks.com,https://fivebooks.com/category/sports-games-and-hobbies/,2026-10-07,category,sports-games-and-hobbies,sports games and hobbies,,noncontent
fivebooks.com,https://fivebooks.com/category/world/asia/sri-lanka/,2025-03-08,category,sri-lanka,sri lanka,,noncontent
fivebooks.com,https://fivebooks.com/category/world/europe/sweden/,2025-03-23,category,sweden,sweden,,noncontent
fivebooks.com,https://fivebooks.com/category/world/asia/middle-east/syria/,2024-12-08,category,syria,syria,,noncontent
fivebooks.com,https://fivebooks.com/category/world/asia/taiwan/,2026-04-16,category,taiwan,taiwan,,noncontent
fivebooks.com,https://fivebooks.com/category/technology/,2025-10-28,category,technology,technology,,noncontent
fivebooks.com,https://fivebooks.com/category/sports-games-and-hobbies/tennis-books/,2026-07-15,category,tennis-books,tennis books,,noncontent
fivebooks.com,https://fivebooks.com/category/politics-and-society/terrorism/,2025-02-12,category,terrorism,terrorism,,noncontent
fivebooks.com,https://fivebooks.com/category/the-best-books-of-2021/,2026-09-03,category,the-best-books-of-2021,the best books of 2021,2021,noncontent
fivebooks.com,https://fivebooks.com/category/best-books-of-2022/,2026-09-03,category,best-books-of-2022,best books of 2022,2022,noncontent
fivebooks.com,https://fivebooks.com/category/sports-games-and-hobbies/chess-books/,2025-11-29,category,chess-books,chess books,,noncontent
fivebooks.com,https://fivebooks.com/category/food-and-cooking/best-cookbooks/,2025-07-11,category,best-cookbooks,best cookbooks,,noncontent
fivebooks.com,https://fivebooks.com/category/fiction/,2026-10-08,category,fiction,fiction,,noncontent
fivebooks.com,https://fivebooks.com/category/fiction/mystery-books/mystery-book-series/hercule-poirot-books/,2024-02-16,category,hercule-poirot-books,hercule poirot books,,noncontent
fivebooks.com,https://fivebooks.com/category/biography/memoir/,2026-09-20,category,memoir,memoir,,noncontent
fivebooks.com,https://fivebooks.com/category/nonfiction-books/the-best-nonfiction-books-of-2025/,2026-09-13,category,the-best-nonfiction-books-of-2025,the best nonfiction books of 2025,2025,noncontent
fivebooks.com,https://fivebooks.com/category/fiction/best-novels-2024/,2026-09-24,category,best-novels-2024,best novels 2024,2024,noncontent
fivebooks.com,https://fivebooks.com/category/fiction/the-best-novels-of-2025/,2026-09-22,category,the-best-novels-of-2025,the best novels of 2025,2025,noncontent
fivebooks.com,https://fivebooks.com/category/philosophy/best-philosophy-books-decade/,2025-12-15,category,best-philosophy-books-decade,best philosophy books decade,,noncontent
fivebooks.com,https://fivebooks.com/category/politics-and-society/2022-politics-books-orwell-prize/,2024-09-14,category,2022-politics-books-orwell-prize,2022 politics books orwell prize,2022,noncontent
fivebooks.com,https://fivebooks.com/category/best-kids-books/science/,2026-08-11,category,science,science,,noncontent
fivebooks.com,https://fivebooks.com/category/food-and-cooking/best-cookbooks/best-vegetarian-cookbooks/,2024-08-20,category,best-vegetarian-cookbooks,best vegetarian cookbooks,,noncontent
fivebooks.com,https://fivebooks.com/category/nature/the-earth/,2025-10-23,category,the-earth,the earth,,noncontent
fivebooks.com,https://fivebooks.com/category/philosophy/enlightenment/,2026-02-04,category,enlightenment,enlightenment,,noncontent
fivebooks.com,https://fivebooks.com/category/world/europe/the-european-union/,2025-02-06,category,the-european-union,the european union,,noncontent
fivebooks.com,https://fivebooks.com/category/nature/the-prehistoric-world/,2026-04-20,category,the-prehistoric-world,the prehistoric world,,noncontent
fivebooks.com,https://fivebooks.com/category/world/europe/britain/the-royal-family/,2023-09-23,category,the-royal-family,the royal family,,noncontent
fivebooks.com,https://fivebooks.com/category/nature/the-solar-system-space/,2026-01-14,category,the-solar-system-space,the solar system space,,noncontent
fivebooks.com,https://fivebooks.com/category/theatre/,2026-05-05,category,theatre,theatre,,noncontent
fivebooks.com,https://fivebooks.com/category/religion/theology/,2025-07-23,category,theology,theology,,noncontent
fivebooks.com,https://fivebooks.com/category/fiction/thriller-books/,2026-10-04,category,thriller-books,thriller books,,noncontent
fivebooks.com,https://fivebooks.com/category/nonfiction-books/travel-books/,2026-07-22,category,travel-books,travel books,,noncontent
fivebooks.com,https://fivebooks.com/category/nonfiction-books/true-crime/,2026-07-25,category,true-crime,true crime,,noncontent
fivebooks.com,https://fivebooks.com/category/world/asia/middle-east/turkey/,2026-08-01,category,turkey,turkey,,noncontent
fivebooks.com,https://fivebooks.com/category/world/europe/ukraine-books/,2026-05-17,category,ukraine-books,ukraine books,,noncontent
fivebooks.com,https://fivebooks.com/category/uncategorized/,2026-10-05,category,uncategorized,uncategorized,,noncontent
fivebooks.com,https://fivebooks.com/category/world/americas/united-states/,2026-08-24,category,united-states,united states,,noncontent
fivebooks.com,https://fivebooks.com/category/politics-and-society/war/,2026-08-15,category,war,war,,noncontent
fivebooks.com,https://fivebooks.com/category/philosophy/women-in-philosophy/,2024-11-19,category,women-in-philosophy,women in philosophy,,noncontent
fivebooks.com,https://fivebooks.com/category/world/,2026-09-13,category,world,world,,noncontent
fivebooks.com,https://fivebooks.com/category/economics/world-economies/,2024-11-29,category,world-economies,world economies,,noncontent
fivebooks.com,https://fivebooks.com/category/history-books/world-history-books/,2026-06-08,category,world-history-books,world history books,,noncontent
fivebooks.com,https://fivebooks.com/category/fiction/world-literature-books/,2026-09-03,category,world-literature-books,world literature books,,noncontent
fivebooks.com,https://fivebooks.com/category/history-books/world-war-1/,2026-08-30,category,world-war-1,world war 1,,noncontent
fivebooks.com,https://fivebooks.com/category/language/writing-books/,2026-08-22,category,writing-books,writing books,,noncontent
fivebooks.com,https://fivebooks.com/category/world/asia/best-books-china/xinjiang/,2024-08-14,category,xinjiang,xinjiang,,noncontent
fivebooks.com,https://fivebooks.com/category/world/africa/zimbabwe/,2023-09-16,category,zimbabwe,zimbabwe,,noncontent
fivebooks.com,https://fivebooks.com/people/books-by-a-c-grayling/,2024-03-11,people,books-by-a-c-grayling,books by a c grayling,,content
fivebooks.com,https://fivebooks.com/people/a-s-byatt/,2025-05-07,people,a-s-byatt,a s byatt,,content
fivebooks.com,https://fivebooks.com/people/abdulrazak-gurnah/,2025-02-05,people,abdulrazak-gurnah,abdulrazak gurnah,,content
fivebooks.com,https://fivebooks.com/people/books-by-abir-mukherjee/,2025-08-29,people,books-by-abir-mukherjee,books by abir mukherjee,,content
fivebooks.com,https://fivebooks.com/people/ahmad-thomson/,2025-01-08,people,ahmad-thomson,ahmad thomson,,content
fivebooks.com,https://fivebooks.com/people/alan-garner/,2026-02-09,people,alan-garner,alan garner,,content
fivebooks.com,https://fivebooks.com/people/alastair-campbell/,2023-03-27,people,alastair-campbell,alastair campbell,,content
fivebooks.com,https://fivebooks.com/people/books-by-alastair-humphreys/,2025-10-16,people,books-by-alastair-humphreys,books by alastair humphreys,,content
fivebooks.com,https://fivebooks.com/people/aldous-huxley/,2024-08-01,people,aldous-huxley,aldous huxley,,content
fivebooks.com,https://fivebooks.com/people/books-by-aleksandr-solzhenitsyn/,2026-09-16,people,books-by-aleksandr-solzhenitsyn,books by aleksandr solzhenitsyn,,content
fivebooks.com,https://fivebooks.com/people/alex-kershaw-books/,2024-05-14,people,alex-kershaw-books,alex kershaw books,,content
fivebooks.com,https://fivebooks.com/people/alexis-de-tocqueville/,2023-01-18,people,alexis-de-tocqueville,alexis de tocqueville,,content
fivebooks.com,https://fivebooks.com/people/alexis-hall/,2026-08-07,people,alexis-hall,alexis hall,,content
fivebooks.com,https://fivebooks.com/people/alexis-wright/,2024-02-19,people,alexis-wright,alexis wright,,content
fivebooks.com,https://fivebooks.com/people/alfred-russel-wallace/,2020-06-04,people,alfred-russel-wallace,alfred russel wallace,,content
fivebooks.com,https://fivebooks.com/people/alia-trabucco-zeran/,2023-03-06,people,alia-trabucco-zeran,alia trabucco zeran,,content
fivebooks.com,https://fivebooks.com/people/alice-munro/,2021-09-13,people,alice-munro,alice munro,,content
fivebooks.com,https://fivebooks.com/people/alison-weir/,2026-03-08,people,alison-weir,alison weir,,content
fivebooks.com,https://fivebooks.com/people/alistair-maclean/,2023-07-05,people,alistair-maclean,alistair maclean,,content
fivebooks.com,https://fivebooks.com/people/alom-shaha/,2024-05-18,people,alom-shaha,alom shaha,,content
fivebooks.com,https://fivebooks.com/people/amartya-sen/,2023-11-03,people,amartya-sen,amartya sen,,content
fivebooks.com,https://fivebooks.com/people/books-by-amitav-ghosh/,2024-10-11,people,books-by-amitav-ghosh,books by amitav ghosh,,content
fivebooks.com,https://fivebooks.com/people/andre-malraux/,2022-11-22,people,andre-malraux,andre malraux,,content
fivebooks.com,https://fivebooks.com/people/andrew-hunter-murray/,2026-10-04,people,andrew-hunter-murray,andrew hunter murray,,content
fivebooks.com,https://fivebooks.com/people/andy-mcnab/,2024-04-16,people,andy-mcnab,andy mcnab,,content
fivebooks.com,https://fivebooks.com/people/angela-carter/,2025-02-23,people,angela-carter,angela carter,,content
fivebooks.com,https://fivebooks.com/people/angela-davis/,2024-08-07,people,angela-davis,angela davis,,content
fivebooks.com,https://fivebooks.com/people/ann-radcliffe/,2023-10-03,people,ann-radcliffe,ann radcliffe,,content
fivebooks.com,https://fivebooks.com/people/anna-mazzola/,2026-03-07,people,anna-mazzola,anna mazzola,,content
fivebooks.com,https://fivebooks.com/people/anna-smith-spark/,2025-02-02,people,anna-smith-spark,anna smith spark,,content
fivebooks.com,https://fivebooks.com/people/books-by-anne-applebaum/,2025-08-27,people,books-by-anne-applebaum,books by anne applebaum,,content
fivebooks.com,https://fivebooks.com/people/annie-ernaux/,2025-01-15,people,annie-ernaux,annie ernaux,,content
fivebooks.com,https://fivebooks.com/people/anton-chekhov/,2025-09-27,people,anton-chekhov,anton chekhov,,content
fivebooks.com,https://fivebooks.com/people/antony-beevor/,2024-12-10,people,antony-beevor,antony beevor,,content
fivebooks.com,https://fivebooks.com/people/anya-seton/,2024-01-08,people,anya-seton,anya seton,,content
fivebooks.com,https://fivebooks.com/people/arthur-c-clarke/,2024-01-26,people,arthur-c-clarke,arthur c clarke,,content
fivebooks.com,https://fivebooks.com/people/sir-arthur-conan-doyle/,2023-04-16,people,sir-arthur-conan-doyle,sir arthur conan doyle,,content
fivebooks.com,https://fivebooks.com/people/attica-locke/,2025-06-23,people,attica-locke,attica locke,,content
fivebooks.com,https://fivebooks.com/people/audre-lorde/,2021-05-04,people,audre-lorde,audre lorde,,content
fivebooks.com,https://fivebooks.com/people/ayn-rand/,2019-05-03,people,ayn-rand,ayn rand,,content
fivebooks.com,https://fivebooks.com/people/barack-obama/,2025-09-19,people,barack-obama,barack obama,,content
fivebooks.com,https://fivebooks.com/people/barbara-ehrenreich/,2022-09-05,people,barbara-ehrenreich,barbara ehrenreich,,content
fivebooks.com,https://fivebooks.com/people/barbara-kingsolver/,2025-02-23,people,barbara-kingsolver,barbara kingsolver,,content
fivebooks.com,https://fivebooks.com/people/barbara-w-tuchman/,2024-09-27,people,barbara-w-tuchman,barbara w tuchman,,content
fivebooks.com,https://fivebooks.com/people/bell-hooks/,2022-06-20,people,bell-hooks,bell hooks,,content
fivebooks.com,https://fivebooks.com/people/books-by-ben-bernanke/,2022-04-05,people,books-by-ben-bernanke,books by ben bernanke,,content
fivebooks.com,https://fivebooks.com/people/ben-macintyre/,2025-03-18,people,ben-macintyre,ben macintyre,,content
fivebooks.com,https://fivebooks.com/people/ben-okri/,2023-12-08,people,ben-okri,ben okri,,content
fivebooks.com,https://fivebooks.com/people/bernardine-evaristo/,2022-10-03,people,bernardine-evaristo,bernardine evaristo,,content
fivebooks.com,https://fivebooks.com/people/books-by-bertrand-russell/,2022-12-08,people,books-by-bertrand-russell,books by bertrand russell,,content
fivebooks.com,https://fivebooks.com/people/books-by-bill-bryson/,2025-09-17,people,books-by-bill-bryson,books by bill bryson,,content
fivebooks.com,https://fivebooks.com/people/blanche-wiesen-cook/,2022-10-06,people,blanche-wiesen-cook,blanche wiesen cook,,content
fivebooks.com,https://fivebooks.com/people/books-by-bruno-latour/,2021-05-21,people,books-by-bruno-latour,books by bruno latour,,content
fivebooks.com,https://fivebooks.com/people/c-s-lewis/,2025-12-27,people,c-s-lewis,c s lewis,,content
fivebooks.com,https://fivebooks.com/people/c-j-sansom/,2024-05-05,people,c-j-sansom,c j sansom,,content
fivebooks.com,https://fivebooks.com/people/c-l-r-james/,2025-02-24,people,c-l-r-james,c l r james,,content
fivebooks.com,https://fivebooks.com/people/carl-sagan/,2022-12-19,people,carl-sagan,carl sagan,,content
fivebooks.com,https://fivebooks.com/people/carlo-rovelli/,2025-05-04,people,carlo-rovelli,carlo rovelli,,content
fivebooks.com,https://fivebooks.com/people/carlos-fuentes/,2022-10-17,people,carlos-fuentes,carlos fuentes,,content
fivebooks.com,https://fivebooks.com/people/catherine-lacey/,2025-06-13,people,catherine-lacey,catherine lacey,,content
fivebooks.com,https://fivebooks.com/people/charles-cumming/,2026-02-11,people,charles-cumming,charles cumming,,content
fivebooks.com,https://fivebooks.com/people/books-by-charles-darwin/,2023-11-24,people,books-by-charles-darwin,books by charles darwin,,content
fivebooks.com,https://fivebooks.com/people/charles-de-gaulle/,2022-11-23,people,charles-de-gaulle,charles de gaulle,,content
fivebooks.com,https://fivebooks.com/people/books-by-charles-dickens/,2025-05-16,people,books-by-charles-dickens,books by charles dickens,,content
fivebooks.com,https://fivebooks.com/people/charlotte-bronte-books/,2024-09-09,people,charlotte-bronte-books,charlotte bronte books,,content
fivebooks.com,https://fivebooks.com/people/chigozie-obioma/,2024-03-11,people,chigozie-obioma,chigozie obioma,,content
fivebooks.com,https://fivebooks.com/people/chimamanda-ngozi-adichie/,2026-04-04,people,chimamanda-ngozi-adichie,chimamanda ngozi adichie,,content
fivebooks.com,https://fivebooks.com/people/china-mieville/,2024-01-11,people,china-mieville,china mieville,,content
fivebooks.com,https://fivebooks.com/people/chinua-achebe/,2025-01-07,people,chinua-achebe,chinua achebe,,content
fivebooks.com,https://fivebooks.com/people/christianna-brand/,2023-11-09,people,christianna-brand,christianna brand,,content
fivebooks.com,https://fivebooks.com/people/christopher-clark/,2026-01-22,people,christopher-clark,christopher clark,,content
fivebooks.com,https://fivebooks.com/people/christopher-hitchens/,2023-01-20,people,christopher-hitchens,christopher hitchens,,content
fivebooks.com,https://fivebooks.com/people/clarice-lispector/,2022-10-03,people,clarice-lispector,clarice lispector,,content
fivebooks.com,https://fivebooks.com/people/books-by-claudia-goldin/,2023-10-09,people,books-by-claudia-goldin,books by claudia goldin,,content
fivebooks.com,https://fivebooks.com/people/colleen-hoover/,2025-03-16,people,colleen-hoover,colleen hoover,,content
fivebooks.com,https://fivebooks.com/people/colson-whitehead/,2025-02-24,people,colson-whitehead,colson whitehead,,content
fivebooks.com,https://fivebooks.com/people/cornelia-funke/,2025-05-19,people,cornelia-funke,cornelia funke,,content
fivebooks.com,https://fivebooks.com/people/daniel-defoe/,2025-03-31,people,daniel-defoe,daniel defoe,,content
fivebooks.com,https://fivebooks.com/people/books-by-daniel-dennett/,2024-09-25,people,books-by-daniel-dennett,books by daniel dennett,,content
fivebooks.com,https://fivebooks.com/people/daniel-kahneman/,2024-03-28,people,daniel-kahneman,daniel kahneman,,content
fivebooks.com,https://fivebooks.com/people/dan-susskind/,2024-11-05,people,dan-susskind,dan susskind,,content
fivebooks.com,https://fivebooks.com/people/daniel-yergin/,2023-10-10,people,daniel-yergin,daniel yergin,,content
fivebooks.com,https://fivebooks.com/people/daron-acemoglu/,2024-10-20,people,daron-acemoglu,daron acemoglu,,content
fivebooks.com,https://fivebooks.com/people/dashiell-hammett/,2025-11-13,people,dashiell-hammett,dashiell hammett,,content
fivebooks.com,https://fivebooks.com/people/david-baldacci/,2022-08-08,people,david-baldacci,david baldacci,,content
fivebooks.com,https://fivebooks.com/people/david-chalmers/,2023-01-03,people,david-chalmers,david chalmers,,content
fivebooks.com,https://fivebooks.com/people/david-grann/,2026-06-21,people,david-grann,david grann,,content
fivebooks.com,https://fivebooks.com/people/david-grossman/,2022-01-14,people,david-grossman,david grossman,,content
fivebooks.com,https://fivebooks.com/people/david-mccloskey/,2025-12-28,people,david-mccloskey,david mccloskey,,content
fivebooks.com,https://fivebooks.com/people/books-by-david-mccullough/,2025-09-10,people,books-by-david-mccullough,books by david mccullough,,content
fivebooks.com,https://fivebooks.com/people/deborah-blum/,2024-09-29,people,deborah-blum,deborah blum,,content
fivebooks.com,https://fivebooks.com/people/deborah-levy-books/,2023-08-30,people,deborah-levy-books,deborah levy books,,content
fivebooks.com,https://fivebooks.com/people/books-by-denis-diderot/,2022-10-05,people,books-by-denis-diderot,books by denis diderot,,content
fivebooks.com,https://fivebooks.com/people/dennis-lehane/,2025-01-08,people,dennis-lehane,dennis lehane,,content
fivebooks.com,https://fivebooks.com/people/diana-wynne-jones/,2025-12-26,people,diana-wynne-jones,diana wynne jones,,content
fivebooks.com,https://fivebooks.com/people/diane-coyle/,2025-03-29,people,diane-coyle,diane coyle,,content
fivebooks.com,https://fivebooks.com/people/dieter-helm/,2024-05-09,people,dieter-helm,dieter helm,,content
fivebooks.com,https://fivebooks.com/people/don-delillo/,2025-01-21,people,don-delillo,don delillo,,content
fivebooks.com,https://fivebooks.com/people/donna-tartt/,2025-02-24,people,donna-tartt,donna tartt,,content
fivebooks.com,https://fivebooks.com/people/doris-lessing/,2025-06-18,people,doris-lessing,doris lessing,,content
fivebooks.com,https://fivebooks.com/people/dorothy-l-sayers/,2023-06-25,people,dorothy-l-sayers,dorothy l sayers,,content
fivebooks.com,https://fivebooks.com/people/books-by-dorothy-parker/,2022-06-06,people,books-by-dorothy-parker,books by dorothy parker,,content
fivebooks.com,https://fivebooks.com/people/douglas-adams/,2026-10-04,people,douglas-adams,douglas adams,,content
fivebooks.com,https://fivebooks.com/people/em-forster/,2023-12-08,people,em-forster,em forster,,content
fivebooks.com,https://fivebooks.com/people/e-b-white/,2025-04-01,people,e-b-white,e b white,,content
fivebooks.com,https://fivebooks.com/people/edith-wharton/,2026-05-25,people,edith-wharton,edith wharton,,content
fivebooks.com,https://fivebooks.com/people/books-by-eo-wilson/,2026-08-26,people,books-by-eo-wilson,books by eo wilson,,content
fivebooks.com,https://fivebooks.com/people/edward-said/,2023-10-13,people,edward-said,edward said,,content
fivebooks.com,https://fivebooks.com/people/edwidge-danticat/,2023-12-30,people,edwidge-danticat,edwidge danticat,,content
fivebooks.com,https://fivebooks.com/people/efua-traore/,2025-12-21,people,efua-traore,efua traore,,content
fivebooks.com,https://fivebooks.com/people/elif-batuman-books/,2023-08-16,people,elif-batuman-books,elif batuman books,,content
fivebooks.com,https://fivebooks.com/people/elizabeth-jane-howard/,2023-05-21,people,elizabeth-jane-howard,elizabeth jane howard,,content
fivebooks.com,https://fivebooks.com/people/elizabeth-strout-books/,2025-12-15,people,elizabeth-strout-books,elizabeth strout books,,content
fivebooks.com,https://fivebooks.com/people/books-by-emily-bronte/,2026-02-17,people,books-by-emily-bronte,books by emily bronte,,content
fivebooks.com,https://fivebooks.com/people/emily-dickinson/,2022-12-09,people,emily-dickinson,emily dickinson,,content
fivebooks.com,https://fivebooks.com/people/eric-ambler/,2024-08-22,people,eric-ambler,eric ambler,,content
fivebooks.com,https://fivebooks.com/people/eric-foner/,2025-01-22,people,eric-foner,eric foner,,content
fivebooks.com,https://fivebooks.com/people/erica-jong/,2024-03-07,people,erica-jong,erica jong,,content
fivebooks.com,https://fivebooks.com/people/erik-larson/,2024-08-11,people,erik-larson,erik larson,,content
fivebooks.com,https://fivebooks.com/people/erika-nesvold/,2025-01-10,people,erika-nesvold,erika nesvold,,content
fivebooks.com,https://fivebooks.com/people/books-by-ernest-hemingway/,2025-05-21,people,books-by-ernest-hemingway,books by ernest hemingway,,content
fivebooks.com,https://fivebooks.com/people/esi-edugyan/,2022-12-13,people,esi-edugyan,esi edugyan,,content
fivebooks.com,https://fivebooks.com/people/evelyn-waugh/,2024-10-28,people,evelyn-waugh,evelyn waugh,,content
fivebooks.com,https://fivebooks.com/people/evgeny-morozov/,2023-12-01,people,evgeny-morozov,evgeny morozov,,content
fivebooks.com,https://fivebooks.com/people/f-scott-fitzgerald/,2025-07-06,people,f-scott-fitzgerald,f scott fitzgerald,,content
fivebooks.com,https://fivebooks.com/people/federico-garcia-lorca/,2010-08-16,people,federico-garcia-lorca,federico garcia lorca,,content
fivebooks.com,https://fivebooks.com/people/francis-fukuyama/,2025-11-18,people,francis-fukuyama,francis fukuyama,,content
fivebooks.com,https://fivebooks.com/people/frans-de-waal/,2022-12-01,people,frans-de-waal,frans de waal,,content
fivebooks.com,https://fivebooks.com/people/frantz-fanon/,2024-10-12,people,frantz-fanon,frantz fanon,,content
fivebooks.com,https://fivebooks.com/people/frederick-douglass-books/,2025-05-21,people,frederick-douglass-books,frederick douglass books,,content
fivebooks.com,https://fivebooks.com/people/frederick-forsyth/,2024-08-22,people,frederick-forsyth,frederick forsyth,,content
fivebooks.com,https://fivebooks.com/people/friedrich-hayek/,2026-03-01,people,friedrich-hayek,friedrich hayek,,content
fivebooks.com,https://fivebooks.com/people/books-by-gabriel-garcia-marquez/,2025-09-15,people,books-by-gabriel-garcia-marquez,books by gabriel garcia marquez,,content
fivebooks.com,https://fivebooks.com/people/gaia-vince/,2025-02-28,people,gaia-vince,gaia vince,,content
fivebooks.com,https://fivebooks.com/people/geoff-dyer/,2026-08-30,people,geoff-dyer,geoff dyer,,content
fivebooks.com,https://fivebooks.com/people/geoffrey-chaucer/,2023-01-28,people,geoffrey-chaucer,geoffrey chaucer,,content
fivebooks.com,https://fivebooks.com/people/george-bernard-shaw/,2021-09-15,people,george-bernard-shaw,george bernard shaw,,content
fivebooks.com,https://fivebooks.com/people/georges-simenon/,2023-09-04,people,georges-simenon,georges simenon,,content
fivebooks.com,https://fivebooks.com/people/georgette-heyer/,2026-06-12,people,georgette-heyer,georgette heyer,,content
fivebooks.com,https://fivebooks.com/people/gertrude-stein/,2022-02-03,people,gertrude-stein,gertrude stein,,content
fivebooks.com,https://fivebooks.com/people/gore-vidal/,2023-11-28,people,gore-vidal,gore vidal,,content
fivebooks.com,https://fivebooks.com/people/graham-greene-books/,2026-02-09,people,graham-greene-books,graham greene books,,content
fivebooks.com,https://fivebooks.com/people/hallie-rubenhold/,2023-07-24,people,hallie-rubenhold,hallie rubenhold,,content
fivebooks.com,https://fivebooks.com/people/han-kang/,2025-01-29,people,han-kang,han kang,,content
fivebooks.com,https://fivebooks.com/people/harry-sidebottom/,2024-12-29,people,harry-sidebottom,harry sidebottom,,content
fivebooks.com,https://fivebooks.com/people/haruki-murakami/,2025-08-31,people,haruki-murakami,haruki murakami,,content
fivebooks.com,https://fivebooks.com/people/helen-garner/,2025-11-05,people,helen-garner,helen garner,,content
fivebooks.com,https://fivebooks.com/people/helen-macdonald/,2024-11-17,people,helen-macdonald,helen macdonald,,content
fivebooks.com,https://fivebooks.com/people/helen-vendler/,2020-09-22,people,helen-vendler,helen vendler,,content
fivebooks.com,https://fivebooks.com/people/henry-james/,2026-03-08,people,henry-james,henry james,,content
fivebooks.com,https://fivebooks.com/people/books-by-henry-kissinger/,2022-08-11,people,books-by-henry-kissinger,books by henry kissinger,,content
fivebooks.com,https://fivebooks.com/people/hew-strachan/,2026-05-14,people,hew-strachan,hew strachan,,content
fivebooks.com,https://fivebooks.com/people/books-by-hilary-mantel/,2026-05-01,people,books-by-hilary-mantel,books by hilary mantel,,content
fivebooks.com,https://fivebooks.com/people/honore-de-balzac/,2022-11-03,people,honore-de-balzac,honore de balzac,,content
fivebooks.com,https://fivebooks.com/people/ian-mcewan/,2026-03-15,people,ian-mcewan,ian mcewan,,content
fivebooks.com,https://fivebooks.com/people/imani-perry/,2023-11-28,people,imani-perry,imani perry,,content
fivebooks.com,https://fivebooks.com/people/books-by-ira-levin/,2022-10-10,people,books-by-ira-levin,books by ira levin,,content
fivebooks.com,https://fivebooks.com/people/ivan-turgenev/,2025-09-26,people,ivan-turgenev,ivan turgenev,,content
fivebooks.com,https://fivebooks.com/people/jm-coetzee/,2023-08-18,people,jm-coetzee,jm coetzee,,content
fivebooks.com,https://fivebooks.com/people/j-r-r-tolkien/,2025-12-26,people,j-r-r-tolkien,j r r tolkien,,content
fivebooks.com,https://fivebooks.com/people/j-k-rowling/,2025-08-11,people,j-k-rowling,j k rowling,,content
fivebooks.com,https://fivebooks.com/people/jacques-derrida/,2021-02-10,people,jacques-derrida,jacques derrida,,content
fivebooks.com,https://fivebooks.com/people/james-baldwin/,2026-09-30,people,james-baldwin,james baldwin,,content
fivebooks.com,https://fivebooks.com/people/james-gleick/,2022-11-04,people,james-gleick,james gleick,,content
fivebooks.com,https://fivebooks.com/people/james-joyce/,2024-09-29,people,james-joyce,james joyce,,content
fivebooks.com,https://fivebooks.com/people/james-lee-burke/,2025-09-21,people,james-lee-burke,james lee burke,,content
fivebooks.com,https://fivebooks.com/people/james-nestor/,2023-08-25,people,james-nestor,james nestor,,content
fivebooks.com,https://fivebooks.com/people/jane-harper/,2026-09-22,people,jane-harper,jane harper,,content
fivebooks.com,https://fivebooks.com/people/jasmine-guillory/,2022-12-02,people,jasmine-guillory,jasmine guillory,,content
fivebooks.com,https://fivebooks.com/people/jean-paul-sartre-books/,2023-09-25,people,jean-paul-sartre-books,jean paul sartre books,,content
fivebooks.com,https://fivebooks.com/people/jeanette-winterson/,2024-09-09,people,jeanette-winterson,jeanette winterson,,content
fivebooks.com,https://fivebooks.com/people/jeffrey-archer/,2026-07-25,people,jeffrey-archer,jeffrey archer,,content
fivebooks.com,https://fivebooks.com/people/jeffrey-wasserstrom/,2026-01-02,people,jeffrey-wasserstrom,jeffrey wasserstrom,,content
fivebooks.com,https://fivebooks.com/people/jl-austin/,2026-05-13,people,jl-austin,jl austin,,content
fivebooks.com,https://fivebooks.com/people/jo-walton/,2026-03-27,people,jo-walton,jo walton,,content
fivebooks.com,https://fivebooks.com/people/joan-didion/,2023-12-04,people,joan-didion,joan didion,,content
fivebooks.com,https://fivebooks.com/people/joanna-kavenna/,2024-09-03,people,joanna-kavenna,joanna kavenna,,content
fivebooks.com,https://fivebooks.com/people/joel-mokyr/,2022-08-18,people,joel-mokyr,joel mokyr,,content
fivebooks.com,https://fivebooks.com/people/john-berger/,2022-12-23,people,john-berger,john berger,,content
fivebooks.com,https://fivebooks.com/people/john-dickson-carr/,2023-11-09,people,john-dickson-carr,john dickson carr,,content
fivebooks.com,https://fivebooks.com/people/john-gray/,2025-08-05,people,john-gray,john gray,,content
fivebooks.com,https://fivebooks.com/people/books-by-john-grisham/,2023-10-16,people,books-by-john-grisham,books by john grisham,,content
fivebooks.com,https://fivebooks.com/people/books-by-john-kenneth-galbraith/,2022-04-28,people,books-by-john-kenneth-galbraith,books by john kenneth galbraith,,content
fivebooks.com,https://fivebooks.com/people/books-by-john-locke/,2022-11-10,people,books-by-john-locke,books by john locke,,content
fivebooks.com,https://fivebooks.com/people/books-by-john-maynard-keynes/,2022-12-11,people,books-by-john-maynard-keynes,books by john maynard keynes,,content
fivebooks.com,https://fivebooks.com/people/john-milton-books/,2022-11-16,people,john-milton-books,john milton books,,content
fivebooks.com,https://fivebooks.com/people/john-rawls/,2023-01-19,people,john-rawls,john rawls,,content
fivebooks.com,https://fivebooks.com/people/john-steinbeck-books/,2021-09-13,people,john-steinbeck-books,john steinbeck books,,content
fivebooks.com,https://fivebooks.com/people/books-by-john-stuart-mill/,2024-08-20,people,books-by-john-stuart-mill,books by john stuart mill,,content
fivebooks.com,https://fivebooks.com/people/john-williams/,2025-03-09,people,john-williams,john williams,,content
fivebooks.com,https://fivebooks.com/people/jon-fosse-books/,2024-11-19,people,jon-fosse-books,jon fosse books,,content
fivebooks.com,https://fivebooks.com/people/jonathan-lethem/,2023-08-13,people,jonathan-lethem,jonathan lethem,,content
fivebooks.com,https://fivebooks.com/people/jonathan-spence/,2025-02-02,people,jonathan-spence,jonathan spence,,content
fivebooks.com,https://fivebooks.com/people/jorge-luis-borges/,2023-09-20,people,jorge-luis-borges,jorge luis borges,,content
fivebooks.com,https://fivebooks.com/people/jose-saramago/,2022-11-16,people,jose-saramago,jose saramago,,content
fivebooks.com,https://fivebooks.com/people/joseph-a-schumpeter/,2022-06-07,people,joseph-a-schumpeter,joseph a schumpeter,,content
fivebooks.com,https://fivebooks.com/people/books-by-joseph-coelho/,2023-12-11,people,books-by-joseph-coelho,books by joseph coelho,,content
fivebooks.com,https://fivebooks.com/people/joseph-conrad/,2025-02-12,people,joseph-conrad,joseph conrad,,content
fivebooks.com,https://fivebooks.com/people/books-by-joseph-roth/,2025-08-30,people,books-by-joseph-roth,books by joseph roth,,content
fivebooks.com,https://fivebooks.com/people/books-by-josephine-tey/,2023-08-30,people,books-by-josephine-tey,books by josephine tey,,content
fivebooks.com,https://fivebooks.com/people/jules-verne/,2022-02-08,people,jules-verne,jules verne,,content
fivebooks.com,https://fivebooks.com/people/books-by-julia-child/,2022-04-30,people,books-by-julia-child,books by julia child,,content
fivebooks.com,https://fivebooks.com/people/julian-barnes/,2023-05-22,people,julian-barnes,julian barnes,,content
fivebooks.com,https://fivebooks.com/people/jurgen-habermas/,2015-10-12,people,jurgen-habermas,jurgen habermas,,content
fivebooks.com,https://fivebooks.com/people/karen-mcmanus/,2025-03-12,people,karen-mcmanus,karen mcmanus,,content
fivebooks.com,https://fivebooks.com/people/books-by-karin-slaughter/,2023-06-22,people,books-by-karin-slaughter,books by karin slaughter,,content
fivebooks.com,https://fivebooks.com/people/karl-ove-knausgard/,2023-10-05,people,karl-ove-knausgard,karl ove knausgard,,content
fivebooks.com,https://fivebooks.com/people/karl-popper/,2022-07-01,people,karl-popper,karl popper,,content
fivebooks.com,https://fivebooks.com/people/kate-raworth/,2023-06-25,people,kate-raworth,kate raworth,,content
fivebooks.com,https://fivebooks.com/people/kate-summerscale/,2026-06-29,people,kate-summerscale,kate summerscale,,content
fivebooks.com,https://fivebooks.com/people/books-by-katherine-rundell/,2025-12-04,people,books-by-katherine-rundell,books by katherine rundell,,content
fivebooks.com,https://fivebooks.com/people/kazuo-ishiguro/,2026-08-19,people,kazuo-ishiguro,kazuo ishiguro,,content
fivebooks.com,https://fivebooks.com/people/khaled-hosseini/,2023-08-02,people,khaled-hosseini,khaled hosseini,,content
fivebooks.com,https://fivebooks.com/people/kim-stanley-robinson/,2024-05-06,people,kim-stanley-robinson,kim stanley robinson,,content
fivebooks.com,https://fivebooks.com/people/kurt-vonnegut/,2026-02-28,people,kurt-vonnegut,kurt vonnegut,,content
fivebooks.com,https://fivebooks.com/people/kwei-quartey/,2025-08-29,people,kwei-quartey,kwei quartey,,content
fivebooks.com,https://fivebooks.com/people/books-by-lane-greene/,2023-07-06,people,books-by-lane-greene,books by lane greene,,content
fivebooks.com,https://fivebooks.com/people/larry-summers/,2023-02-22,people,larry-summers,larry summers,,content
fivebooks.com,https://fivebooks.com/people/laszlo-krasznahorkai/,2025-10-19,people,laszlo-krasznahorkai,laszlo krasznahorkai,,content
fivebooks.com,https://fivebooks.com/people/books-laura-trethewey/,2023-08-27,people,books-laura-trethewey,books laura trethewey,,content
fivebooks.com,https://fivebooks.com/people/lawrence-wright/,2024-03-17,people,lawrence-wright,lawrence wright,,content
fivebooks.com,https://fivebooks.com/people/leila-slimani/,2023-06-12,people,leila-slimani,leila slimani,,content
fivebooks.com,https://fivebooks.com/people/len-deighton/,2026-03-17,people,len-deighton,len deighton,,content
fivebooks.com,https://fivebooks.com/people/leo-tolstoy/,2026-01-12,people,leo-tolstoy,leo tolstoy,,content
fivebooks.com,https://fivebooks.com/people/lev-grossman/,2025-12-11,people,lev-grossman,lev grossman,,content
fivebooks.com,https://fivebooks.com/people/linda-jaivin/,2025-04-30,people,linda-jaivin,linda jaivin,,content
fivebooks.com,https://fivebooks.com/people/lionel-davidson/,2022-09-14,people,lionel-davidson,lionel davidson,,content
fivebooks.com,https://fivebooks.com/people/books-by-louis-bayard/,2023-09-04,people,books-by-louis-bayard,books by louis bayard,,content
fivebooks.com,https://fivebooks.com/people/lucy-foley/,2024-12-29,people,lucy-foley,lucy foley,,content
fivebooks.com,https://fivebooks.com/people/lucy-hughes-hallett/,2026-09-03,people,lucy-hughes-hallett,lucy hughes hallett,,content
fivebooks.com,https://fivebooks.com/people/ludwig-von-mises/,2025-08-31,people,ludwig-von-mises,ludwig von mises,,content
fivebooks.com,https://fivebooks.com/people/books-by-ludwig-wittgenstein/,2022-12-08,people,books-by-ludwig-wittgenstein,books by ludwig wittgenstein,,content
fivebooks.com,https://fivebooks.com/people/m-john-harrison/,2020-10-29,people,m-john-harrison,m john harrison,,content
fivebooks.com,https://fivebooks.com/people/madeline-miller-books/,2025-07-06,people,madeline-miller-books,madeline miller books,,content
fivebooks.com,https://fivebooks.com/people/maggie-ofarrell/,2026-09-22,people,maggie-ofarrell,maggie ofarrell,,content
fivebooks.com,https://fivebooks.com/people/margaret-atwood/,2026-07-03,people,margaret-atwood,margaret atwood,,content
fivebooks.com,https://fivebooks.com/people/margaret-macmillan/,2024-11-17,people,margaret-macmillan,margaret macmillan,,content
fivebooks.com,https://fivebooks.com/people/margery-allingham/,2021-11-04,people,margery-allingham,margery allingham,,content
fivebooks.com,https://fivebooks.com/people/marguerite-duras/,2025-03-03,people,marguerite-duras,marguerite duras,,content
fivebooks.com,https://fivebooks.com/people/books-by-mark-twain/,2026-07-25,people,books-by-mark-twain,books by mark twain,,content
fivebooks.com,https://fivebooks.com/people/books-by-martha-nussbaum/,2025-11-07,people,books-by-martha-nussbaum,books by martha nussbaum,,content
fivebooks.com,https://fivebooks.com/people/martin-amis/,2026-04-17,people,martin-amis,martin amis,,content
fivebooks.com,https://fivebooks.com/people/books-by-martin-heidegger/,2023-02-28,people,books-by-martin-heidegger,books by martin heidegger,,content
fivebooks.com,https://fivebooks.com/people/books-by-martin-luther-king-jr/,2023-01-14,people,books-by-martin-luther-king-jr,books by martin luther king jr,,content
fivebooks.com,https://fivebooks.com/people/mary-beard/,2024-11-19,people,mary-beard,mary beard,,content
fivebooks.com,https://fivebooks.com/people/mary-renault/,2025-07-18,people,mary-renault,mary renault,,content
fivebooks.com,https://fivebooks.com/people/mary-shelley/,2025-10-31,people,mary-shelley,mary shelley,,content
fivebooks.com,https://fivebooks.com/people/mary-warnock/,2024-08-12,people,mary-warnock,mary warnock,,content
fivebooks.com,https://fivebooks.com/people/maya-angelou/,2026-09-19,people,maya-angelou,maya angelou,,content
fivebooks.com,https://fivebooks.com/people/books-by-meg-rosoff/,2026-05-04,people,books-by-meg-rosoff,books by meg rosoff,,content
fivebooks.com,https://fivebooks.com/people/merriam-webster/,2023-02-20,people,merriam-webster,merriam webster,,content
fivebooks.com,https://fivebooks.com/people/books-by-michael-lewis/,2024-11-19,people,books-by-michael-lewis,books by michael lewis,,content
fivebooks.com,https://fivebooks.com/people/michael-moorcock/,2011-05-17,people,michael-moorcock,michael moorcock,,content
fivebooks.com,https://fivebooks.com/people/michael-morpurgo/,2023-05-03,people,michael-morpurgo,michael morpurgo,,content
fivebooks.com,https://fivebooks.com/people/michael-ondaatje/,2025-03-27,people,michael-ondaatje,michael ondaatje,,content
fivebooks.com,https://fivebooks.com/people/books-by-michelle-obama/,2022-07-24,people,books-by-michelle-obama,books by michelle obama,,content
fivebooks.com,https://fivebooks.com/people/mick-herron/,2025-08-29,people,mick-herron,mick herron,,content
fivebooks.com,https://fivebooks.com/people/mike-davis/,2022-10-26,people,mike-davis,mike davis,,content
fivebooks.com,https://fivebooks.com/people/books-by-milan-kundera/,2023-07-12,people,books-by-milan-kundera,books by milan kundera,,content
fivebooks.com,https://fivebooks.com/people/milton-friedman/,2022-11-15,people,milton-friedman,milton friedman,,content
fivebooks.com,https://fivebooks.com/people/n-k-jemisin/,2026-01-02,people,n-k-jemisin,n k jemisin,,content
fivebooks.com,https://fivebooks.com/people/nadine-gordimer/,2021-09-15,people,nadine-gordimer,nadine gordimer,,content
fivebooks.com,https://fivebooks.com/people/naguib-mahfouz/,2024-04-20,people,naguib-mahfouz,naguib mahfouz,,content
fivebooks.com,https://fivebooks.com/people/naomi-klein/,2024-11-19,people,naomi-klein,naomi klein,,content
fivebooks.com,https://fivebooks.com/people/naomi-oreskes/,2025-10-16,people,naomi-oreskes,naomi oreskes,,content
fivebooks.com,https://fivebooks.com/people/narges-mohammadi/,2023-10-06,people,narges-mohammadi,narges mohammadi,,content
fivebooks.com,https://fivebooks.com/people/natalia-ginzburg/,2021-06-03,people,natalia-ginzburg,natalia ginzburg,,content
fivebooks.com,https://fivebooks.com/people/natasha-pulley/,2026-01-04,people,natasha-pulley,natasha pulley,,content
fivebooks.com,https://fivebooks.com/people/nathaniel-philbrick/,2025-04-29,people,nathaniel-philbrick,nathaniel philbrick,,content
fivebooks.com,https://fivebooks.com/people/nawal-el-saadawi/,2021-05-04,people,nawal-el-saadawi,nawal el saadawi,,content
fivebooks.com,https://fivebooks.com/people/neil-gaiman/,2025-05-07,people,neil-gaiman,neil gaiman,,content
fivebooks.com,https://fivebooks.com/people/ngugi-wa-thiongo/,2023-07-18,people,ngugi-wa-thiongo,ngugi wa thiongo,,content
fivebooks.com,https://fivebooks.com/people/niccolo-machiavelli/,2022-12-08,people,niccolo-machiavelli,niccolo machiavelli,,content
fivebooks.com,https://fivebooks.com/people/books-by-nigel-warburton/,2026-08-08,people,books-by-nigel-warburton,books by nigel warburton,,content
fivebooks.com,https://fivebooks.com/people/nikos-kazantzakis/,2025-06-14,people,nikos-kazantzakis,nikos kazantzakis,,content
fivebooks.com,https://fivebooks.com/people/noam-chomsky/,2022-10-28,people,noam-chomsky,noam chomsky,,content
fivebooks.com,https://fivebooks.com/people/nora-ephron-books/,2024-09-29,people,nora-ephron-books,nora ephron books,,content
fivebooks.com,https://fivebooks.com/people/noviolet-bulawayo/,2022-10-16,people,noviolet-bulawayo,noviolet bulawayo,,content
fivebooks.com,https://fivebooks.com/people/books-by-olga-tokarczuk/,2025-01-16,people,books-by-olga-tokarczuk,books by olga tokarczuk,,content
fivebooks.com,https://fivebooks.com/people/oliver-burkeman/,2025-01-05,people,oliver-burkeman,oliver burkeman,,content
fivebooks.com,https://fivebooks.com/people/oliver-sacks/,2024-02-19,people,oliver-sacks,oliver sacks,,content
fivebooks.com,https://fivebooks.com/people/books-by-orlando-figes/,2025-03-22,people,books-by-orlando-figes,books by orlando figes,,content
fivebooks.com,https://fivebooks.com/people/books-by-p-d-james/,2023-04-16,people,books-by-p-d-james,books by p d james,,content
fivebooks.com,https://fivebooks.com/people/pg-wodehouse/,2022-10-14,people,pg-wodehouse,pg wodehouse,,content
fivebooks.com,https://fivebooks.com/people/books-by-pj-orourke/,2025-02-16,people,books-by-pj-orourke,books by pj orourke,,content
fivebooks.com,https://fivebooks.com/people/patricia-highsmith/,2024-08-06,people,patricia-highsmith,patricia highsmith,,content
fivebooks.com,https://fivebooks.com/people/patrick-cockburn/,2022-10-19,people,patrick-cockburn,patrick cockburn,,content
fivebooks.com,https://fivebooks.com/people/patti-smith/,2024-11-19,people,patti-smith,patti smith,,content
fivebooks.com,https://fivebooks.com/people/paul-bowles/,2022-12-08,people,paul-bowles,paul bowles,,content
fivebooks.com,https://fivebooks.com/people/paul-krugman/,2025-02-28,people,paul-krugman,paul krugman,,content
fivebooks.com,https://fivebooks.com/people/paul-theroux/,2024-05-15,people,paul-theroux,paul theroux,,content
fivebooks.com,https://fivebooks.com/people/paul-tremblay/,2025-03-16,people,paul-tremblay,paul tremblay,,content
fivebooks.com,https://fivebooks.com/people/peter-brown/,2023-08-06,people,peter-brown,peter brown,,content
fivebooks.com,https://fivebooks.com/people/peter-carey/,2026-01-03,people,peter-carey,peter carey,,content
fivebooks.com,https://fivebooks.com/people/peter-frankopan/,2025-09-25,people,peter-frankopan,peter frankopan,,content
fivebooks.com,https://fivebooks.com/people/peter-singer/,2024-10-02,people,peter-singer,peter singer,,content
fivebooks.com,https://fivebooks.com/people/philip-goff/,2024-03-11,people,philip-goff,philip goff,,content
fivebooks.com,https://fivebooks.com/people/philip-larkin/,2023-05-21,people,philip-larkin,philip larkin,,content
fivebooks.com,https://fivebooks.com/people/philip-mirowski/,2026-03-02,people,philip-mirowski,philip mirowski,,content
fivebooks.com,https://fivebooks.com/people/books-by-philip-pullman/,2026-03-08,people,books-by-philip-pullman,books by philip pullman,,content
fivebooks.com,https://fivebooks.com/people/books-by-philippe-sands/,2025-10-09,people,books-by-philippe-sands,books by philippe sands,,content
fivebooks.com,https://fivebooks.com/people/books-by-pilar-quintana/,2025-03-23,people,books-by-pilar-quintana,books by pilar quintana,,content
fivebooks.com,https://fivebooks.com/people/pliny-the-elder/,2024-08-24,people,pliny-the-elder,pliny the elder,,content
fivebooks.com,https://fivebooks.com/people/plotinus/,2023-01-18,people,plotinus,plotinus,,content
fivebooks.com,https://fivebooks.com/people/plutarch/,2025-09-20,people,plutarch,plutarch,,content
fivebooks.com,https://fivebooks.com/people/books-by-primo-levi/,2021-01-30,people,books-by-primo-levi,books by primo levi,,content
fivebooks.com,https://fivebooks.com/people/qiu-xiaolong/,2022-10-19,people,qiu-xiaolong,qiu xiaolong,,content
fivebooks.com,https://fivebooks.com/people/queen-victoria/,2023-01-11,people,queen-victoria,queen victoria,,content
fivebooks.com,https://fivebooks.com/people/r-f-kuang/,2025-08-27,people,r-f-kuang,r f kuang,,content
fivebooks.com,https://fivebooks.com/people/books-by-rabindranath-tagore/,2021-09-15,people,books-by-rabindranath-tagore,books by rabindranath tagore,,content
fivebooks.com,https://fivebooks.com/people/ray-bradbury/,2024-08-01,people,ray-bradbury,ray bradbury,,content
fivebooks.com,https://fivebooks.com/people/ray-kurzweil/,2025-01-12,people,ray-kurzweil,ray kurzweil,,content
fivebooks.com,https://fivebooks.com/people/raymond-chandler-books/,2024-08-06,people,raymond-chandler-books,raymond chandler books,,content
fivebooks.com,https://fivebooks.com/people/books-by-rene-descartes/,2022-12-05,people,books-by-rene-descartes,books by rene descartes,,content
fivebooks.com,https://fivebooks.com/people/books-by-richard-dawkins/,2026-06-07,people,books-by-richard-dawkins,books by richard dawkins,,content
fivebooks.com,https://fivebooks.com/people/books-by-richard-feynman/,2022-11-30,people,books-by-richard-feynman,books by richard feynman,,content
fivebooks.com,https://fivebooks.com/people/richard-flanagan/,2025-03-27,people,richard-flanagan,richard flanagan,,content
fivebooks.com,https://fivebooks.com/people/richard-harries/,2025-10-07,people,richard-harries,richard harries,,content
fivebooks.com,https://fivebooks.com/people/books-by-richard-osman/,2025-12-20,people,books-by-richard-osman,books by richard osman,,content
fivebooks.com,https://fivebooks.com/people/richard-powers/,2025-02-23,people,richard-powers,richard powers,,content
fivebooks.com,https://fivebooks.com/people/richard-thaler/,2026-02-04,people,richard-thaler,richard thaler,,content
fivebooks.com,https://fivebooks.com/people/roald-dahl/,2025-04-08,people,roald-dahl,roald dahl,,content
fivebooks.com,https://fivebooks.com/people/robert-galbraith/,2025-09-21,people,robert-galbraith,robert galbraith,,content
fivebooks.com,https://fivebooks.com/people/robert-graves-books/,2026-08-17,people,robert-graves-books,robert graves books,,content
fivebooks.com,https://fivebooks.com/people/books-by-robert-harris/,2026-09-22,people,books-by-robert-harris,books by robert harris,,content
fivebooks.com,https://fivebooks.com/people/robert-a-heinlein/,2025-10-29,people,robert-a-heinlein,robert a heinlein,,content
fivebooks.com,https://fivebooks.com/people/robert-kunzig/,2023-08-25,people,robert-kunzig,robert kunzig,,content
fivebooks.com,https://fivebooks.com/people/robert-louis-stevenson/,2026-09-09,people,robert-louis-stevenson,robert louis stevenson,,content
fivebooks.com,https://fivebooks.com/people/robert-macfarlane/,2025-04-15,people,robert-macfarlane,robert macfarlane,,content
fivebooks.com,https://fivebooks.com/people/books-by-roderick-macfarquhar/,2025-04-30,people,books-by-roderick-macfarquhar,books by roderick macfarquhar,,content
fivebooks.com,https://fivebooks.com/people/rudyard-kipling/,2021-09-15,people,rudyard-kipling,rudyard kipling,,content
fivebooks.com,https://fivebooks.com/people/rumer-godden/,2024-04-10,people,rumer-godden,rumer godden,,content
fivebooks.com,https://fivebooks.com/people/books-by-ruth-ware/,2025-09-21,people,books-by-ruth-ware,books by ruth ware,,content
fivebooks.com,https://fivebooks.com/people/ryszard-kapuscinski/,2025-06-18,people,ryszard-kapuscinski,ryszard kapuscinski,,content
fivebooks.com,https://fivebooks.com/people/books-by-s-a-cosby/,2026-08-14,people,books-by-s-a-cosby,books by s a cosby,,content
fivebooks.com,https://fivebooks.com/people/sally-rooney-books/,2025-01-16,people,sally-rooney-books,sally rooney books,,content
fivebooks.com,https://fivebooks.com/people/books-by-salman-rushdie/,2025-09-21,people,books-by-salman-rushdie,books by salman rushdie,,content
fivebooks.com,https://fivebooks.com/people/sappho/,2025-01-15,people,sappho,sappho,,content
fivebooks.com,https://fivebooks.com/people/books-by-sarah-bakewell/,2026-03-25,people,books-by-sarah-bakewell,books by sarah bakewell,,content
fivebooks.com,https://fivebooks.com/people/sarah-j-maas/,2025-02-25,people,sarah-j-maas,sarah j maas,,content
fivebooks.com,https://fivebooks.com/people/sarah-waters-books/,2026-08-05,people,sarah-waters-books,sarah waters books,,content
fivebooks.com,https://fivebooks.com/people/saul-a-kripke/,2022-10-06,people,saul-a-kripke,saul a kripke,,content
fivebooks.com,https://fivebooks.com/people/serhii-plokhy/,2025-11-07,people,serhii-plokhy,serhii plokhy,,content
fivebooks.com,https://fivebooks.com/people/serhiy-zhadan-books/,2024-11-06,people,serhiy-zhadan-books,serhiy zhadan books,,content
fivebooks.com,https://fivebooks.com/people/sholem-aleichem/,2023-08-11,people,sholem-aleichem,sholem aleichem,,content
fivebooks.com,https://fivebooks.com/people/simon-garfield/,2017-09-11,people,simon-garfield,simon garfield,,content
fivebooks.com,https://fivebooks.com/people/simon-johnson/,2024-10-20,people,simon-johnson,simon johnson,,content
fivebooks.com,https://fivebooks.com/people/simon-mawer/,2025-03-27,people,simon-mawer,simon mawer,,content
fivebooks.com,https://fivebooks.com/people/books-by-simon-schama/,2024-11-19,people,books-by-simon-schama,books by simon schama,,content
fivebooks.com,https://fivebooks.com/people/simon-sebag-montefiore/,2026-08-20,people,simon-sebag-montefiore,simon sebag montefiore,,content
fivebooks.com,https://fivebooks.com/people/sinclair-lewis/,2026-08-26,people,sinclair-lewis,sinclair lewis,,content
fivebooks.com,https://fivebooks.com/people/skye-c-cleary/,2024-06-11,people,skye-c-cleary,skye c cleary,,content
fivebooks.com,https://fivebooks.com/people/sophie-kinsella/,2025-12-12,people,sophie-kinsella,sophie kinsella,,content
fivebooks.com,https://fivebooks.com/people/sophie-mackintosh/,2023-02-08,people,sophie-mackintosh,sophie mackintosh,,content
fivebooks.com,https://fivebooks.com/people/books-by-stefan-zweig/,2026-05-05,people,books-by-stefan-zweig,books by stefan zweig,,content
fivebooks.com,https://fivebooks.com/people/stendhal/,2024-01-23,people,stendhal,stendhal,,content
fivebooks.com,https://fivebooks.com/people/stephen-fry/,2024-08-09,people,stephen-fry,stephen fry,,content
fivebooks.com,https://fivebooks.com/people/steven-pinker/,2024-09-16,people,steven-pinker,steven pinker,,content
fivebooks.com,https://fivebooks.com/people/steven-strogatz/,2023-02-09,people,steven-strogatz,steven strogatz,,content
fivebooks.com,https://fivebooks.com/people/stuart-russell/,2025-04-03,people,stuart-russell,stuart russell,,content
fivebooks.com,https://fivebooks.com/people/sue-prideaux/,2025-03-05,people,sue-prideaux,sue prideaux,,content
fivebooks.com,https://fivebooks.com/people/susan-sontag/,2021-12-27,people,susan-sontag,susan sontag,,content
fivebooks.com,https://fivebooks.com/people/susanna-clarke/,2024-05-16,people,susanna-clarke,susanna clarke,,content
fivebooks.com,https://fivebooks.com/people/suzana-herculano-houzel/,2018-08-16,people,suzana-herculano-houzel,suzana herculano houzel,,content
fivebooks.com,https://fivebooks.com/people/svetlana-alexievich/,2025-07-07,people,svetlana-alexievich,svetlana alexievich,,content
fivebooks.com,https://fivebooks.com/people/sylvia-bishop/,2026-08-14,people,sylvia-bishop,sylvia bishop,,content
fivebooks.com,https://fivebooks.com/people/t-h-white/,2025-03-01,people,t-h-white,t h white,,content
fivebooks.com,https://fivebooks.com/people/t-s-eliot/,2021-09-13,people,t-s-eliot,t s eliot,,content
fivebooks.com,https://fivebooks.com/people/tana-french/,2025-06-10,people,tana-french,tana french,,content
fivebooks.com,https://fivebooks.com/people/theodor-adorno/,2023-06-02,people,theodor-adorno,theodor adorno,,content
fivebooks.com,https://fivebooks.com/people/books-by-thomas-mann/,2023-10-02,people,books-by-thomas-mann,books by thomas mann,,content
fivebooks.com,https://fivebooks.com/people/thomas-nagel/,2024-08-25,people,thomas-nagel,thomas nagel,,content
fivebooks.com,https://fivebooks.com/people/thomas-paine/,2024-09-27,people,thomas-paine,thomas paine,,content
fivebooks.com,https://fivebooks.com/people/thomas-piketty/,2024-11-19,people,thomas-piketty,thomas piketty,,content
fivebooks.com,https://fivebooks.com/people/timothy-snyder/,2026-05-03,people,timothy-snyder,timothy snyder,,content
fivebooks.com,https://fivebooks.com/people/tom-segev/,2024-12-05,people,tom-segev,tom segev,,content
fivebooks.com,https://fivebooks.com/people/books-by-tom-wolfe/,2022-11-24,people,books-by-tom-wolfe,books by tom wolfe,,content
fivebooks.com,https://fivebooks.com/people/truman-capote/,2025-03-25,people,truman-capote,truman capote,,content
fivebooks.com,https://fivebooks.com/people/v-s-naipaul/,2026-03-15,people,v-s-naipaul,v s naipaul,,content
fivebooks.com,https://fivebooks.com/people/valerie-valdes-books/,2026-03-08,people,valerie-valdes-books,valerie valdes books,,content
fivebooks.com,https://fivebooks.com/people/vera-brittain/,2023-01-30,people,vera-brittain,vera brittain,,content
fivebooks.com,https://fivebooks.com/people/victor-hugo/,2025-10-29,people,victor-hugo,victor hugo,,content
fivebooks.com,https://fivebooks.com/people/viet-thanh-nguyen/,2024-11-14,people,viet-thanh-nguyen,viet thanh nguyen,,content
fivebooks.com,https://fivebooks.com/people/virginia-woolf-books/,2025-10-01,people,virginia-woolf-books,virginia woolf books,,content
fivebooks.com,https://fivebooks.com/people/books-by-vladimir-nabokov/,2025-09-26,people,books-by-vladimir-nabokov,books by vladimir nabokov,,content
fivebooks.com,https://fivebooks.com/people/web-du-bois-books/,2021-09-02,people,web-du-bois-books,web du bois books,,content
fivebooks.com,https://fivebooks.com/people/w-somerset-maugham/,2023-08-01,people,w-somerset-maugham,w somerset maugham,,content
fivebooks.com,https://fivebooks.com/people/books-by-walter-isaacson/,2025-06-08,people,books-by-walter-isaacson,books by walter isaacson,,content
fivebooks.com,https://fivebooks.com/people/wilbur-smith/,2024-10-09,people,wilbur-smith,wilbur smith,,content
fivebooks.com,https://fivebooks.com/people/will-self/,2025-12-03,people,will-self,will self,,content
fivebooks.com,https://fivebooks.com/people/william-f-buckley-jr/,2022-06-21,people,william-f-buckley-jr,william f buckley jr,,content
fivebooks.com,https://fivebooks.com/people/books-by-william-james/,2024-01-20,people,books-by-william-james,books by william james,,content
fivebooks.com,https://fivebooks.com/people/wole-soyinka/,2023-06-07,people,wole-soyinka,wole soyinka,,content
fivebooks.com,https://fivebooks.com/people/yaa-gyasi/,2023-03-29,people,yaa-gyasi,yaa gyasi,,content
fivebooks.com,https://fivebooks.com/people/books-by-yotam-ottolenghi/,2023-04-17,people,books-by-yotam-ottolenghi,books by yotam ottolenghi,,content
fivebooks.com,https://fivebooks.com/people/zhuangzi-aka-chuang-tzu/,2025-02-24,people,zhuangzi-aka-chuang-tzu,zhuangzi aka chuang tzu,,content
fivebooks.com,https://fivebooks.com/people/zora-neale-hurston/,2023-10-23,people,zora-neale-hurston,zora neale hurston,,content
