domain,url,lastmod,first_segment,slug,slug_tokens,year,content
hotjar.com,https://www.hotjar.com/,,,,,,noncontent
hotjar.com,https://www.hotjar.com/404-not-found/,,404-not-found,404-not-found,404 not found,,content
hotjar.com,https://www.hotjar.com/healthz/,,healthz,healthz,healthz,,content
hotjar.com,https://www.hotjar.com/de/404-not-found/,,de,404-not-found,404 not found,,noncontent
hotjar.com,https://www.hotjar.com/de-CH/404-not-found/,,de-ch,404-not-found,404 not found,,content
hotjar.com,https://www.hotjar.com/fr/404-not-found/,,fr,404-not-found,404 not found,,noncontent
hotjar.com,https://www.hotjar.com/pt-BR/404-not-found/,,pt-br,404-not-found,404 not found,,noncontent
hotjar.com,https://www.hotjar.com/es/404-not-found/,,es,404-not-found,404 not found,,noncontent
hotjar.com,https://www.hotjar.com/it/404-not-found/,,it,404-not-found,404 not found,,noncontent
hotjar.com,https://www.hotjar.com/ja/404-not-found/,,ja,404-not-found,404 not found,,noncontent
hotjar.com,https://www.hotjar.com/partner-directory/datacrew/,,partner-directory,datacrew,datacrew,,content
hotjar.com,https://www.hotjar.com/partner-directory/wisk-it/,,partner-directory,wisk-it,wisk it,,content
hotjar.com,https://www.hotjar.com/partner-directory/bonfire-studios/,,partner-directory,bonfire-studios,bonfire studios,,content
hotjar.com,https://www.hotjar.com/partner-directory/ineolab/,,partner-directory,ineolab,ineolab,,content
hotjar.com,https://www.hotjar.com/partner-directory/raw-lab/,,partner-directory,raw-lab,raw lab,,content
hotjar.com,https://www.hotjar.com/partner-directory/wavai-technology/,,partner-directory,wavai-technology,wavai technology,,content
hotjar.com,https://www.hotjar.com/partner-directory/clint/,,partner-directory,clint,clint,,content
hotjar.com,https://www.hotjar.com/partner-directory/petit-hack/,,partner-directory,petit-hack,petit hack,,content
hotjar.com,https://www.hotjar.com/partner-directory/lambdaworks/,,partner-directory,lambdaworks,lambdaworks,,content
hotjar.com,https://www.hotjar.com/partner-directory/radiant/,,partner-directory,radiant,radiant,,content
hotjar.com,https://www.hotjar.com/partner-directory/hulo-dev/,,partner-directory,hulo-dev,hulo dev,,content
hotjar.com,https://www.hotjar.com/partner-directory/hndrx/,,partner-directory,hndrx,hndrx,,content
hotjar.com,https://www.hotjar.com/partner-directory/11-11-studio/,,partner-directory,11-11-studio,11 11 studio,,content
hotjar.com,https://www.hotjar.com/partner-directory/instynct/,,partner-directory,instynct,instynct,,content
hotjar.com,https://www.hotjar.com/partner-directory/social-seed/,,partner-directory,social-seed,social seed,,content
hotjar.com,https://www.hotjar.com/partner-directory/reptile/,,partner-directory,reptile,reptile,,content
hotjar.com,https://www.hotjar.com/partner-directory/habitat/,,partner-directory,habitat,habitat,,content
hotjar.com,https://www.hotjar.com/partner-directory/stem-commerce/,,partner-directory,stem-commerce,stem commerce,,content
hotjar.com,https://www.hotjar.com/partner-directory/bond-agency/,,partner-directory,bond-agency,bond agency,,content
hotjar.com,https://www.hotjar.com/partner-directory/markenzeichen-gmbh/,,partner-directory,markenzeichen-gmbh,markenzeichen gmbh,,content
hotjar.com,https://www.hotjar.com/partner-directory/in-social/,,partner-directory,in-social,in social,,content
hotjar.com,https://www.hotjar.com/partner-directory/the-spectrum-group-online/,,partner-directory,the-spectrum-group-online,the spectrum group online,,content
hotjar.com,https://www.hotjar.com/partner-directory/die-ergonomen-usability-ag/,,partner-directory,die-ergonomen-usability-ag,die ergonomen usability ag,,content
hotjar.com,https://www.hotjar.com/partner-directory/growthhit/,,partner-directory,growthhit,growthhit,,content
hotjar.com,https://www.hotjar.com/partner-directory/kovald-digital-marketing-strategies/,,partner-directory,kovald-digital-marketing-strategies,kovald digital marketing strategies,,content
hotjar.com,https://www.hotjar.com/partner-directory/zmot-auto/,,partner-directory,zmot-auto,zmot auto,,content
hotjar.com,https://www.hotjar.com/partner-directory/single-grain/,,partner-directory,single-grain,single grain,,content
hotjar.com,https://www.hotjar.com/partner-directory/ewings/,,partner-directory,ewings,ewings,,content
hotjar.com,https://www.hotjar.com/partner-directory/audit-by-cherie/,,partner-directory,audit-by-cherie,audit by cherie,,content
hotjar.com,https://www.hotjar.com/partner-directory/305-spin-inc/,,partner-directory,305-spin-inc,305 spin inc,,content
hotjar.com,https://www.hotjar.com/partner-directory/surefoot/,,partner-directory,surefoot,surefoot,,content
hotjar.com,https://www.hotjar.com/partner-directory/traffic-ninjas/,,partner-directory,traffic-ninjas,traffic ninjas,,content
hotjar.com,https://www.hotjar.com/partner-directory/directive/,,partner-directory,directive,directive,,content
hotjar.com,https://www.hotjar.com/partner-directory/simplycro/,,partner-directory,simplycro,simplycro,,content
hotjar.com,https://www.hotjar.com/partner-directory/vivo-group/,,partner-directory,vivo-group,vivo group,,content
hotjar.com,https://www.hotjar.com/partner-directory/the-good/,,partner-directory,the-good,the good,,noncontent
hotjar.com,https://www.hotjar.com/partner-directory/smartsites/,,partner-directory,smartsites,smartsites,,content
hotjar.com,https://www.hotjar.com/partner-directory/goingclear/,,partner-directory,goingclear,goingclear,,content
hotjar.com,https://www.hotjar.com/partner-directory/l3-software/,,partner-directory,l3-software,l3 software,,content
hotjar.com,https://www.hotjar.com/partner-directory/citona/,,partner-directory,citona,citona,,content
hotjar.com,https://www.hotjar.com/partner-directory/cherryscale/,,partner-directory,cherryscale,cherryscale,,content
hotjar.com,https://www.hotjar.com/partner-directory/lupa-digital-inc/,,partner-directory,lupa-digital-inc,lupa digital inc,,content
hotjar.com,https://www.hotjar.com/partner-directory/conversion-ideas/,,partner-directory,conversion-ideas,conversion ideas,,content
hotjar.com,https://www.hotjar.com/partner-directory/fiat-growth/,,partner-directory,fiat-growth,fiat growth,,content
hotjar.com,https://www.hotjar.com/partner-directory/maia-marketing/,,partner-directory,maia-marketing,maia marketing,,content
hotjar.com,https://www.hotjar.com/partner-directory/kirch-and-kriewald/,,partner-directory,kirch-and-kriewald,kirch and kriewald,,content
hotjar.com,https://www.hotjar.com/partner-directory/enkomion/,,partner-directory,enkomion,enkomion,,content
hotjar.com,https://www.hotjar.com/partner-directory/digital-commerce-partners/,,partner-directory,digital-commerce-partners,digital commerce partners,,content
hotjar.com,https://www.hotjar.com/partner-directory/stauffer/,,partner-directory,stauffer,stauffer,,content
hotjar.com,https://www.hotjar.com/partner-directory/strange-animals-pty-ltd/,,partner-directory,strange-animals-pty-ltd,strange animals pty ltd,,content
hotjar.com,https://www.hotjar.com/partner-directory/mason-collective/,,partner-directory,mason-collective,mason collective,,content
hotjar.com,https://www.hotjar.com/partner-directory/synergy-internet-ltd/,,partner-directory,synergy-internet-ltd,synergy internet ltd,,content
hotjar.com,https://www.hotjar.com/partner-directory/perfect-evolution/,,partner-directory,perfect-evolution,perfect evolution,,content
hotjar.com,https://www.hotjar.com/partner-directory/flagbit/,,partner-directory,flagbit,flagbit,,content
hotjar.com,https://www.hotjar.com/partner-directory/canmarket/,,partner-directory,canmarket,canmarket,,content
hotjar.com,https://www.hotjar.com/partner-directory/sera-business-design/,,partner-directory,sera-business-design,sera business design,,content
hotjar.com,https://www.hotjar.com/partner-directory/createur2site/,,partner-directory,createur2site,createur2site,,noncontent
hotjar.com,https://www.hotjar.com/partner-directory/the-growth-foundation/,,partner-directory,the-growth-foundation,the growth foundation,,content
hotjar.com,https://www.hotjar.com/partner-directory/galvez-gil-e-commerce-consulting/,,partner-directory,galvez-gil-e-commerce-consulting,galvez gil e commerce consulting,,content
hotjar.com,https://www.hotjar.com/partner-directory/kf-adv-srl/,,partner-directory,kf-adv-srl,kf adv srl,,content
hotjar.com,https://www.hotjar.com/partner-directory/amplifir-pty-ltd/,,partner-directory,amplifir-pty-ltd,amplifir pty ltd,,content
hotjar.com,https://www.hotjar.com/partner-directory/from-the-future/,,partner-directory,from-the-future,from the future,,content
hotjar.com,https://www.hotjar.com/partner-directory/marketing4waste/,,partner-directory,marketing4waste,marketing4waste,,noncontent
hotjar.com,https://www.hotjar.com/partner-directory/kiwi-creative/,,partner-directory,kiwi-creative,kiwi creative,,content
hotjar.com,https://www.hotjar.com/partner-directory/dp-medias/,,partner-directory,dp-medias,dp medias,,content
hotjar.com,https://www.hotjar.com/partner-directory/hallway/,,partner-directory,hallway,hallway,,content
hotjar.com,https://www.hotjar.com/partner-directory/beecommerce-pl/,,partner-directory,beecommerce-pl,beecommerce pl,,content
hotjar.com,https://www.hotjar.com/partner-directory/growbix/,,partner-directory,growbix,growbix,,content
hotjar.com,https://www.hotjar.com/partner-directory/whatarmy/,,partner-directory,whatarmy,whatarmy,,content
hotjar.com,https://www.hotjar.com/partner-directory/banc/,,partner-directory,banc,banc,,content
hotjar.com,https://www.hotjar.com/partner-directory/midsummer-agency/,,partner-directory,midsummer-agency,midsummer agency,,content
hotjar.com,https://www.hotjar.com/partner-directory/interius/,,partner-directory,interius,interius,,content
hotjar.com,https://www.hotjar.com/partner-directory/infracommerce/,,partner-directory,infracommerce,infracommerce,,content
hotjar.com,https://www.hotjar.com/partner-directory/evo-agency/,,partner-directory,evo-agency,evo agency,,content
hotjar.com,https://www.hotjar.com/partner-directory/pixelforce/,,partner-directory,pixelforce,pixelforce,,content
hotjar.com,https://www.hotjar.com/partner-directory/beebase/,,partner-directory,beebase,beebase,,content
hotjar.com,https://www.hotjar.com/partner-directory/Beacon-Local/,,partner-directory,beacon-local,beacon local,,content
hotjar.com,https://www.hotjar.com/partner-directory/bluetuskr/,,partner-directory,bluetuskr,bluetuskr,,content
hotjar.com,https://www.hotjar.com/partner-directory/foes-inc/,,partner-directory,foes-inc,foes inc,,content
hotjar.com,https://www.hotjar.com/partner-directory/hunter-digital-marketing/,,partner-directory,hunter-digital-marketing,hunter digital marketing,,content
hotjar.com,https://www.hotjar.com/partner-directory/sales-funnel-professor/,,partner-directory,sales-funnel-professor,sales funnel professor,,content
hotjar.com,https://www.hotjar.com/partner-directory/wiro/,,partner-directory,wiro,wiro,,content
hotjar.com,https://www.hotjar.com/partner-directory/folio3-software-inc/,,partner-directory,folio3-software-inc,folio3 software inc,,content
hotjar.com,https://www.hotjar.com/partner-directory/ug-consulting/,,partner-directory,ug-consulting,ug consulting,,content
hotjar.com,https://www.hotjar.com/partner-directory/step-labs/,,partner-directory,step-labs,step labs,,content
hotjar.com,https://www.hotjar.com/partner-directory/kirkby-consulting/,,partner-directory,kirkby-consulting,kirkby consulting,,content
hotjar.com,https://www.hotjar.com/partner-directory/eobiont-gmbh/,,partner-directory,eobiont-gmbh,eobiont gmbh,,content
hotjar.com,https://www.hotjar.com/partner-directory/s360/,,partner-directory,s360,s360,,noncontent
hotjar.com,https://www.hotjar.com/partner-directory/trellis/,,partner-directory,trellis,trellis,,content
hotjar.com,https://www.hotjar.com/partner-directory/gobalo/,,partner-directory,gobalo,gobalo,,content
hotjar.com,https://www.hotjar.com/partner-directory/electric-eye/,,partner-directory,electric-eye,electric eye,,content
hotjar.com,https://www.hotjar.com/partner-directory/purple-fire/,,partner-directory,purple-fire,purple fire,,content
hotjar.com,https://www.hotjar.com/partner-directory/credo/,,partner-directory,credo,credo,,content
hotjar.com,https://www.hotjar.com/404/,,404,404,404,,noncontent
hotjar.com,https://www.hotjar.com/de/404/,,de,404,404,,noncontent
hotjar.com,https://www.hotjar.com/de-CH/404/,,de-ch,404,404,,noncontent
hotjar.com,https://www.hotjar.com/fr/404/,,fr,404,404,,noncontent
hotjar.com,https://www.hotjar.com/pt-BR/404/,,pt-br,404,404,,noncontent
hotjar.com,https://www.hotjar.com/es/404/,,es,404,404,,noncontent
hotjar.com,https://www.hotjar.com/it/404/,,it,404,404,,noncontent
hotjar.com,https://www.hotjar.com/ja/404/,,ja,404,404,,noncontent
hotjar.com,https://www.hotjar.com/webinars/setting-up-ai-powered-surveys-for-actionable-insights/,,webinars,setting-up-ai-powered-surveys-for-actionable-insights,setting up ai powered surveys for actionable insights,,content
hotjar.com,https://www.hotjar.com/webinars/canyon-bikes-hotjar/,,webinars,canyon-bikes-hotjar,canyon bikes hotjar,,content
hotjar.com,https://www.hotjar.com/webinars/hotjar-certifications-levels-2-and-3/,,webinars,hotjar-certifications-levels-2-and-3,hotjar certifications levels 2 and 3,,content
hotjar.com,https://www.hotjar.com/webinars/achieving-demo-request-goals-chilipiper-hotjar/,,webinars,achieving-demo-request-goals-chilipiper-hotjar,achieving demo request goals chilipiper hotjar,,content
hotjar.com,https://www.hotjar.com/webinars/future-proof-your-marketing-funnel/,,webinars,future-proof-your-marketing-funnel,future proof your marketing funnel,,content
hotjar.com,https://www.hotjar.com/webinars/inside-the-hotjar-ab-tasty-integration/,,webinars,inside-the-hotjar-ab-tasty-integration,inside the hotjar ab tasty integration,,content
hotjar.com,https://www.hotjar.com/webinars/hotjar-certifications-foundations-level-1/,,webinars,hotjar-certifications-foundations-level-1,hotjar certifications foundations level 1,,content
hotjar.com,https://www.hotjar.com/webinars/seo-trends-and-triumphs/,,webinars,seo-trends-and-triumphs,seo trends and triumphs,,content
hotjar.com,https://www.hotjar.com/webinars/whats-new-with-the-hotjar-partner-program-including-co-selling-support/,,webinars,whats-new-with-the-hotjar-partner-program-including-co-selling-support,whats new with the hotjar partner program including co selling support,,content
hotjar.com,https://www.hotjar.com/webinars/craft-a-high-converting-landing-page-with-hubspot-and-hotjar/,,webinars,craft-a-high-converting-landing-page-with-hubspot-and-hotjar,craft a high converting landing page with hubspot and hotjar,,content
hotjar.com,https://www.hotjar.com/webinars/now-youre-talking-user-interviews-made-easy/,,webinars,now-youre-talking-user-interviews-made-easy,now youre talking user interviews made easy,,content
hotjar.com,https://www.hotjar.com/webinars/the-current-state-of-ux/,,webinars,the-current-state-of-ux,the current state of ux,,content
hotjar.com,https://www.hotjar.com/webinars/building-systems-for-ux-improvements/,,webinars,building-systems-for-ux-improvements,building systems for ux improvements,,content
hotjar.com,https://www.hotjar.com/webinars/PLG-for-marketing-and-product-teams/,,webinars,plg-for-marketing-and-product-teams,plg for marketing and product teams,,content
hotjar.com,https://www.hotjar.com/webinars/all-about-filters/,,webinars,all-about-filters,all about filters,,content
hotjar.com,https://www.hotjar.com/webinars/pro-tips-from-hotjar-partners/,,webinars,pro-tips-from-hotjar-partners,pro tips from hotjar partners,,content
hotjar.com,https://www.hotjar.com/webinars/uncover-why-your-customers-truly-buy/,,webinars,uncover-why-your-customers-truly-buy,uncover why your customers truly buy,,content
hotjar.com,https://www.hotjar.com/webinars/introducing-hotjar-ai-webinar/,,webinars,introducing-hotjar-ai-webinar,introducing hotjar ai webinar,,content
hotjar.com,https://www.hotjar.com/webinars/ioana-teleanu-ai-ux-design/,,webinars,ioana-teleanu-ai-ux-design,ioana teleanu ai ux design,,content
hotjar.com,https://www.hotjar.com/webinars/melina-palmer-what-customers-want/,,webinars,melina-palmer-what-customers-want,melina palmer what customers want,,content
hotjar.com,https://www.hotjar.com/webinars/phil-agnew-behavioral-science/,,webinars,phil-agnew-behavioral-science,phil agnew behavioral science,,content
hotjar.com,https://www.hotjar.com/webinars/sean-potter-organic-content/,,webinars,sean-potter-organic-content,sean potter organic content,,content
hotjar.com,https://www.hotjar.com/product/user-tests/,2025-01-10,product,user-tests,user tests,,content
hotjar.com,https://www.hotjar.com/get-heatmaps4/,2024-11-12,get-heatmaps4,get-heatmaps4,get heatmaps4,,noncontent
hotjar.com,https://www.hotjar.com/pricing-fall/,2024-11-08,pricing-fall,pricing-fall,pricing fall,,content
hotjar.com,https://www.hotjar.com/test-progressive-rollout/,2024-11-06,test-progressive-rollout,test-progressive-rollout,test progressive rollout,,content
hotjar.com,https://www.hotjar.com/platform-fall/,2024-11-06,platform-fall,platform-fall,platform fall,,content
hotjar.com,https://www.hotjar.com/pricing-csq/,2024-11-05,pricing-csq,pricing-csq,pricing csq,,content
hotjar.com,https://www.hotjar.com/all-in-one-platform-contentsquare/,2024-11-04,all-in-one-platform-contentsquare,all-in-one-platform-contentsquare,all in one platform contentsquare,,content
hotjar.com,https://www.hotjar.com/homepage-fall-launch/,2024-11-04,homepage-fall-launch,homepage-fall-launch,homepage fall launch,,content
hotjar.com,https://www.hotjar.com/about-us/,2024-10-17,about-us,about-us,about us,,noncontent
hotjar.com,https://www.hotjar.com/landing-page-evergreen-ux-reddit/,2024-09-13,landing-page-evergreen-ux-reddit,landing-page-evergreen-ux-reddit,landing page evergreen ux reddit,,content
hotjar.com,https://www.hotjar.com/landing-page-evergreen-product-reddit/,2024-09-13,landing-page-evergreen-product-reddit,landing-page-evergreen-product-reddit,landing page evergreen product reddit,,content
hotjar.com,https://www.hotjar.com/landing-page-evergreen-marketing-reddit/,2024-09-13,landing-page-evergreen-marketing-reddit,landing-page-evergreen-marketing-reddit,landing page evergreen marketing reddit,,content
hotjar.com,https://www.hotjar.com/pricing/,2024-09-12,pricing,pricing,pricing,,noncontent
hotjar.com,https://www.hotjar.com/partner-directory/,2024-09-11,partner-directory,partner-directory,partner directory,,content
hotjar.com,https://www.hotjar.com/partners/,2024-09-11,partners,partners,partners,,content
hotjar.com,https://www.hotjar.com/hotjar-for-ux/,2024-09-09,hotjar-for-ux,hotjar-for-ux,hotjar for ux,,content
hotjar.com,https://www.hotjar.com/try-hotjar-today7/,2024-08-19,try-hotjar-today7,try-hotjar-today7,try hotjar today7,,content
hotjar.com,https://www.hotjar.com/try-hotjar-today6/,2024-08-19,try-hotjar-today6,try-hotjar-today6,try hotjar today6,,content
hotjar.com,https://www.hotjar.com/test-optimizely/,2024-07-19,test-optimizely,test-optimizely,test optimizely,,content
hotjar.com,https://www.hotjar.com/try-hotjar-today6-rd/,2024-07-19,try-hotjar-today6-rd,try-hotjar-today6-rd,try hotjar today6 rd,,content
hotjar.com,https://www.hotjar.com/try-hotjar-today-tw/,2024-07-16,try-hotjar-today-tw,try-hotjar-today-tw,try hotjar today tw,,content
hotjar.com,https://www.hotjar.com/try-hotjar-today5/,2024-07-09,try-hotjar-today5,try-hotjar-today5,try hotjar today5,,content
hotjar.com,https://www.hotjar.com/for-growing-teams/,2024-07-05,for-growing-teams,for-growing-teams,for growing teams,,content
hotjar.com,https://www.hotjar.com/try-hotjar-rd/,2024-07-05,try-hotjar-rd,try-hotjar-rd,try hotjar rd,,content
hotjar.com,https://www.hotjar.com/contact-sales-tofu/,2024-07-04,contact-sales-tofu,contact-sales-tofu,contact sales tofu,,content
hotjar.com,https://www.hotjar.com/contact-sales-reddit/,2024-07-04,contact-sales-reddit,contact-sales-reddit,contact sales reddit,,content
hotjar.com,https://www.hotjar.com/increase-revenue/,2024-07-03,increase-revenue,increase-revenue,increase revenue,,content
hotjar.com,https://www.hotjar.com/improve-ltv/,2024-07-03,improve-ltv,improve-ltv,improve ltv,,content
hotjar.com,https://www.hotjar.com/saas-websites/,2024-07-03,saas-websites,saas-websites,saas websites,,content
hotjar.com,https://www.hotjar.com/lead-gen/,2024-07-03,lead-gen,lead-gen,lead gen,,content
hotjar.com,https://www.hotjar.com/increase-online-sales/,2024-06-25,increase-online-sales,increase-online-sales,increase online sales,,content
hotjar.com,https://www.hotjar.com/fix-bounce-rate/,2024-06-25,fix-bounce-rate,fix-bounce-rate,fix bounce rate,,content
hotjar.com,https://www.hotjar.com/b2b-teams/,2024-06-25,b2b-teams,b2b-teams,b2b teams,,content
hotjar.com,https://www.hotjar.com/marketing-teams/,2024-06-17,marketing-teams,marketing-teams,marketing teams,,content
hotjar.com,https://www.hotjar.com/contact-sales-rd/,2024-06-11,contact-sales-rd,contact-sales-rd,contact sales rd,,content
hotjar.com,https://www.hotjar.com/compare/,2024-05-28,compare,compare,compare,,content
hotjar.com,https://www.hotjar.com/get-more-website-conversions/,2024-05-28,get-more-website-conversions,get-more-website-conversions,get more website conversions,,content
hotjar.com,https://www.hotjar.com/drive-conversion-rates/,2024-05-28,drive-conversion-rates,drive-conversion-rates,drive conversion rates,,content
hotjar.com,https://www.hotjar.com/google-analytics-complement/,2024-05-23,google-analytics-complement,google-analytics-complement,google analytics complement,,content
hotjar.com,https://www.hotjar.com/try-hotjar-today-ecom/,2024-05-22,try-hotjar-today-ecom,try-hotjar-today-ecom,try hotjar today ecom,,content
hotjar.com,https://www.hotjar.com/contact-sales-tofu2/,2024-05-21,contact-sales-tofu2,contact-sales-tofu2,contact sales tofu2,,content
hotjar.com,https://www.hotjar.com/contact-sales-hero/,2024-05-14,contact-sales-hero,contact-sales-hero,contact sales hero,,content
hotjar.com,https://www.hotjar.com/try-hotjar-ecom/,2024-05-10,try-hotjar-ecom,try-hotjar-ecom,try hotjar ecom,,content
hotjar.com,https://www.hotjar.com/try-hotjar-ux/,2024-05-10,try-hotjar-ux,try-hotjar-ux,try hotjar ux,,content
hotjar.com,https://www.hotjar.com/try-hotjar-marketing/,2024-05-10,try-hotjar-marketing,try-hotjar-marketing,try hotjar marketing,,content
hotjar.com,https://www.hotjar.com/try-hotjar-product/,2024-05-10,try-hotjar-product,try-hotjar-product,try hotjar product,,content
hotjar.com,https://www.hotjar.com/website-tracking-tools/,2024-05-09,website-tracking-tools,website-tracking-tools,website tracking tools,,content
hotjar.com,https://www.hotjar.com/website-marketing-tools/,2024-05-09,website-marketing-tools,website-marketing-tools,website marketing tools,,content
hotjar.com,https://www.hotjar.com/conversion-rate-optimization-tool/,2024-05-09,conversion-rate-optimization-tool,conversion-rate-optimization-tool,conversion rate optimization tool,,content
hotjar.com,https://www.hotjar.com/hotjar-for-hubspot-email/,2024-04-30,hotjar-for-hubspot-email,hotjar-for-hubspot-email,hotjar for hubspot email,,content
hotjar.com,https://www.hotjar.com/bundles-experiment-test/,2024-04-24,bundles-experiment-test,bundles-experiment-test,bundles experiment test,,content
hotjar.com,https://www.hotjar.com/hotjar-for-hubspot/,2024-04-15,hotjar-for-hubspot,hotjar-for-hubspot,hotjar for hubspot,,content
hotjar.com,https://www.hotjar.com/heatmap-analytics/,2024-03-28,heatmap-analytics,heatmap-analytics,heatmap analytics,,content
hotjar.com,https://www.hotjar.com/careers/,2024-03-26,careers,careers,careers,,noncontent
hotjar.com,https://www.hotjar.com/test-mari/,2024-03-25,test-mari,test-mari,test mari,,content
hotjar.com,https://www.hotjar.com/high-converting-site/,2024-03-20,high-converting-site,high-converting-site,high converting site,,content
hotjar.com,https://www.hotjar.com/session-recording-software5/,2024-03-19,session-recording-software5,session-recording-software5,session recording software5,,content
hotjar.com,https://www.hotjar.com/get-website-feedback2/,2024-03-19,get-website-feedback2,get-website-feedback2,get website feedback2,,content
hotjar.com,https://www.hotjar.com/get-heatmaps5/,2024-03-19,get-heatmaps5,get-heatmaps5,get heatmaps5,,noncontent
hotjar.com,https://www.hotjar.com/try-hotjar-today4/,2024-03-18,try-hotjar-today4,try-hotjar-today4,try hotjar today4,,content
hotjar.com,https://www.hotjar.com/website-heatmap-tool/,2024-03-11,website-heatmap-tool,website-heatmap-tool,website heatmap tool,,content
hotjar.com,https://www.hotjar.com/product/funnels/,2024-02-16,product,funnels,funnels,,content
hotjar.com,https://www.hotjar.com/product/trends/,2024-02-16,product,trends,trends,,content
hotjar.com,https://www.hotjar.com/product/surveys/,2024-02-16,product,surveys,surveys,,content
hotjar.com,https://www.hotjar.com/product/feedback/,2024-02-16,product,feedback,feedback,,noncontent
hotjar.com,https://www.hotjar.com/website-feedback-tool4/,2024-02-06,website-feedback-tool4,website-feedback-tool4,website feedback tool4,,content
hotjar.com,https://www.hotjar.com/website-feedback-software/,2024-02-06,website-feedback-software,website-feedback-software,website feedback software,,content
hotjar.com,https://www.hotjar.com/website-feedback-score/,2024-02-06,website-feedback-score,website-feedback-score,website feedback score,,content
hotjar.com,https://www.hotjar.com/website-feedback-popup/,2024-02-06,website-feedback-popup,website-feedback-popup,website feedback popup,,content
hotjar.com,https://www.hotjar.com/website-feedback-button/,2024-02-06,website-feedback-button,website-feedback-button,website feedback button,,content
hotjar.com,https://www.hotjar.com/website-design-feedback/,2024-02-06,website-design-feedback,website-design-feedback,website design feedback,,content
hotjar.com,https://www.hotjar.com/try-hotjar-today3/,2024-02-06,try-hotjar-today3,try-hotjar-today3,try hotjar today3,,content
hotjar.com,https://www.hotjar.com/surveys3/,2024-02-06,surveys3,surveys3,surveys3,,noncontent
hotjar.com,https://www.hotjar.com/smiley-face-feedback/,2024-02-06,smiley-face-feedback,smiley-face-feedback,smiley face feedback,,content
hotjar.com,https://www.hotjar.com/session-replay-software4/,2024-02-06,session-replay-software4,session-replay-software4,session replay software4,,content
hotjar.com,https://www.hotjar.com/session-recording-software3/,2024-02-06,session-recording-software3,session-recording-software3,session recording software3,,content
hotjar.com,https://www.hotjar.com/session-recording-software4/,2024-02-06,session-recording-software4,session-recording-software4,session recording software4,,content
hotjar.com,https://www.hotjar.com/scroll-heatmaps/,2024-02-06,scroll-heatmaps,scroll-heatmaps,scroll heatmaps,,content
hotjar.com,https://www.hotjar.com/ms-teams-feedback-integration/,2024-02-06,ms-teams-feedback-integration,ms-teams-feedback-integration,ms teams feedback integration,,content
hotjar.com,https://www.hotjar.com/hotjar-for-free2/,2024-02-06,hotjar-for-free2,hotjar-for-free2,hotjar for free2,,content
hotjar.com,https://www.hotjar.com/hotjar-engage/,2024-02-06,hotjar-engage,hotjar-engage,hotjar engage,,content
hotjar.com,https://www.hotjar.com/hotjar-and-wordpress2/,2024-02-06,hotjar-and-wordpress2,hotjar-and-wordpress2,hotjar and wordpress2,,content
hotjar.com,https://www.hotjar.com/hotjar-and-slack2/,2024-02-06,hotjar-and-slack2,hotjar-and-slack2,hotjar and slack2,,content
hotjar.com,https://www.hotjar.com/hotjar-and-shopify/,2024-02-06,hotjar-and-shopify,hotjar-and-shopify,hotjar and shopify,,content
hotjar.com,https://www.hotjar.com/hotjar-and-segment2/,2024-02-06,hotjar-and-segment2,hotjar-and-segment2,hotjar and segment2,,content
hotjar.com,https://www.hotjar.com/hotjar-and-google-tag-manager/,2024-02-06,hotjar-and-google-tag-manager,hotjar-and-google-tag-manager,hotjar and google tag manager,,content
hotjar.com,https://www.hotjar.com/hotjar-and-google-analytics2/,2024-02-06,hotjar-and-google-analytics2,hotjar-and-google-analytics2,hotjar and google analytics2,,content
hotjar.com,https://www.hotjar.com/hotjar-and-clickfunnels2/,2024-02-06,hotjar-and-clickfunnels2,hotjar-and-clickfunnels2,hotjar and clickfunnels2,,content
hotjar.com,https://www.hotjar.com/get-website-feedback/,2024-02-06,get-website-feedback,get-website-feedback,get website feedback,,content
hotjar.com,https://www.hotjar.com/get-visitor-feedback/,2024-02-06,get-visitor-feedback,get-visitor-feedback,get visitor feedback,,content
hotjar.com,https://www.hotjar.com/get-user-feedback/,2024-02-06,get-user-feedback,get-user-feedback,get user feedback,,content
hotjar.com,https://www.hotjar.com/get-usability-feedback/,2024-02-06,get-usability-feedback,get-usability-feedback,get usability feedback,,content
hotjar.com,https://www.hotjar.com/get-realtime-feedback/,2024-02-06,get-realtime-feedback,get-realtime-feedback,get realtime feedback,,content
hotjar.com,https://www.hotjar.com/get-product-feedback/,2024-02-06,get-product-feedback,get-product-feedback,get product feedback,,content
hotjar.com,https://www.hotjar.com/get-instant-feedback/,2024-02-06,get-instant-feedback,get-instant-feedback,get instant feedback,,content
hotjar.com,https://www.hotjar.com/get-customer-feedback/,2024-02-06,get-customer-feedback,get-customer-feedback,get customer feedback,,content
hotjar.com,https://www.hotjar.com/get-continuous-feedback/,2024-02-06,get-continuous-feedback,get-continuous-feedback,get continuous feedback,,content
hotjar.com,https://www.hotjar.com/gather-website-feedback/,2024-02-06,gather-website-feedback,gather-website-feedback,gather website feedback,,content
hotjar.com,https://www.hotjar.com/feedback-widgets/,2024-02-06,feedback-widgets,feedback-widgets,feedback widgets,,content
hotjar.com,https://www.hotjar.com/dashboard2/,2024-02-06,dashboard2,dashboard2,dashboard2,,noncontent
hotjar.com,https://www.hotjar.com/cx-feedback/,2024-02-06,cx-feedback,cx-feedback,cx feedback,,content
hotjar.com,https://www.hotjar.com/competitor-comparison2/,2024-02-06,competitor-comparison2,competitor-comparison2,competitor comparison2,,content
hotjar.com,https://www.hotjar.com/competitor-comparison-fullstory2/,2024-02-06,competitor-comparison-fullstory2,competitor-comparison-fullstory2,competitor comparison fullstory2,,content
hotjar.com,https://www.hotjar.com/competitor-comparison-crazyegg2/,2024-02-06,competitor-comparison-crazyegg2,competitor-comparison-crazyegg2,competitor comparison crazyegg2,,content
hotjar.com,https://www.hotjar.com/collect-website-feedback/,2024-02-06,collect-website-feedback,collect-website-feedback,collect website feedback,,content
hotjar.com,https://www.hotjar.com/behavior-analytics-software2/,2024-02-06,behavior-analytics-software2,behavior-analytics-software2,behavior analytics software2,,content
hotjar.com,https://www.hotjar.com/ask-for-website-feedback/,2024-02-06,ask-for-website-feedback,ask-for-website-feedback,ask for website feedback,,content
hotjar.com,https://www.hotjar.com/try/feedback2/,2024-02-06,try,feedback2,feedback2,,noncontent
hotjar.com,https://www.hotjar.com/contact-sales/,2024-02-06,contact-sales,contact-sales,contact sales,,content
hotjar.com,https://www.hotjar.com/growing-teams/,2024-02-03,growing-teams,growing-teams,growing teams,,content
hotjar.com,https://www.hotjar.com/try/surveys/,2024-02-03,try,surveys,surveys,,content
hotjar.com,https://www.hotjar.com/referrals/,2024-02-03,referrals,referrals,referrals,,content
hotjar.com,https://www.hotjar.com/try/feedback/,2024-02-03,try,feedback,feedback,,noncontent
hotjar.com,https://www.hotjar.com/get-buy-in/,2024-02-03,get-buy-in,get-buy-in,get buy in,,content
hotjar.com,https://www.hotjar.com/spot-issues/,2024-02-03,spot-issues,spot-issues,spot issues,,content
hotjar.com,https://www.hotjar.com/reduce-assumptions/,2024-02-03,reduce-assumptions,reduce-assumptions,reduce assumptions,,content
hotjar.com,https://www.hotjar.com/get-inspired/,2024-02-03,get-inspired,get-inspired,get inspired,,content
hotjar.com,https://www.hotjar.com/researcher-analyst/,2024-02-03,researcher-analyst,researcher-analyst,researcher analyst,,content
hotjar.com,https://www.hotjar.com/product-designer/,2024-02-03,product-designer,product-designer,product designer,,content
hotjar.com,https://www.hotjar.com/product-manager/,2024-02-03,product-manager,product-manager,product manager,,content
hotjar.com,https://www.hotjar.com/product-teams/,2024-02-03,product-teams,product-teams,product teams,,content
hotjar.com,https://www.hotjar.com/product-ai-surveys/,2024-02-03,product-ai-surveys,product-ai-surveys,product ai surveys,,content
hotjar.com,https://www.hotjar.com/tour/,2024-02-03,tour,tour,tour,,content
hotjar.com,https://www.hotjar.com/product/highlights/,2024-02-03,product,highlights,highlights,,content
hotjar.com,https://www.hotjar.com/privacy/,2024-02-03,privacy,privacy,privacy,,noncontent
hotjar.com,https://www.hotjar.com/product/dashboard/,2024-02-03,product,dashboard,dashboard,,content
hotjar.com,https://www.hotjar.com/session-recording-software/,2024-02-03,session-recording-software,session-recording-software,session recording software,,content
hotjar.com,https://www.hotjar.com/product/recordings/,2024-02-03,product,recordings,recordings,,content
hotjar.com,https://www.hotjar.com/product/heatmaps/,2024-02-03,product,heatmaps,heatmaps,,content
hotjar.com,https://www.hotjar.com/contact-sales-blog-posts/,2024-01-30,contact-sales-blog-posts,contact-sales-blog-posts,contact sales blog posts,,content
hotjar.com,https://www.hotjar.com/choose-your-plan/,2024-01-24,choose-your-plan,choose-your-plan,choose your plan,,content
hotjar.com,https://www.hotjar.com/perf-lp-custom-pricing-page-ubp/,2024-01-23,perf-lp-custom-pricing-page-ubp,perf-lp-custom-pricing-page-ubp,perf lp custom pricing page ubp,,content
hotjar.com,https://www.hotjar.com/pricing-ubp/,2024-01-22,pricing-ubp,pricing-ubp,pricing ubp,,content
hotjar.com,https://www.hotjar.com/ux-analytics/,2024-01-17,ux-analytics,ux-analytics,ux analytics,,content
hotjar.com,https://www.hotjar.com/homepage-japanese-experiment-variant-2/,2024-01-08,homepage-japanese-experiment-variant-2,homepage-japanese-experiment-variant-2,homepage japanese experiment variant 2,,content
hotjar.com,https://www.hotjar.com/digitalisierung-deutscher-universitaeten/,2024-01-05,digitalisierung-deutscher-universitaeten,digitalisierung-deutscher-universitaeten,digitalisierung deutscher universitaeten,,content
hotjar.com,https://www.hotjar.com/homepage-cm-exp-hero-multi-product-visual/,2024-01-05,homepage-cm-exp-hero-multi-product-visual,homepage-cm-exp-hero-multi-product-visual,homepage cm exp hero multi product visual,,content
hotjar.com,https://www.hotjar.com/homepage-for-testing-or/,2024-01-05,homepage-for-testing-or,homepage-for-testing-or,homepage for testing or,,content
hotjar.com,https://www.hotjar.com/engage/participant-pool/,2024-01-03,engage,participant-pool,participant pool,,content
hotjar.com,https://www.hotjar.com/competitor-comparison-luckyorange2/,2023-12-22,competitor-comparison-luckyorange2,competitor-comparison-luckyorange2,competitor comparison luckyorange2,,content
hotjar.com,https://www.hotjar.com/wordpress-heatmaps2/,2023-12-22,wordpress-heatmaps2,wordpress-heatmaps2,wordpress heatmaps2,,content
hotjar.com,https://www.hotjar.com/website-session-playback/,2023-12-22,website-session-playback,website-session-playback,website session playback,,content
hotjar.com,https://www.hotjar.com/website-recordings/,2023-12-22,website-recordings,website-recordings,website recordings,,content
hotjar.com,https://www.hotjar.com/website-feedback-platform/,2023-12-22,website-feedback-platform,website-feedback-platform,website feedback platform,,content
hotjar.com,https://www.hotjar.com/visitor-recording-software/,2023-12-22,visitor-recording-software,visitor-recording-software,visitor recording software,,content
hotjar.com,https://www.hotjar.com/ux-heatmaps/,2023-12-22,ux-heatmaps,ux-heatmaps,ux heatmaps,,content
hotjar.com,https://www.hotjar.com/usability-testing-tools/,2023-12-22,usability-testing-tools,usability-testing-tools,usability testing tools,,content
hotjar.com,https://www.hotjar.com/try-hotjar-today/,2023-12-22,try-hotjar-today,try-hotjar-today,try hotjar today,,content
hotjar.com,https://www.hotjar.com/scroll-move-click-heatmaps2/,2023-12-22,scroll-move-click-heatmaps2,scroll-move-click-heatmaps2,scroll move click heatmaps2,,content
hotjar.com,https://www.hotjar.com/recordings-rage-clicks/,2023-12-22,recordings-rage-clicks,recordings-rage-clicks,recordings rage clicks,,content
hotjar.com,https://www.hotjar.com/recordings-frustrations/,2023-12-22,recordings-frustrations,recordings-frustrations,recordings frustrations,,content
hotjar.com,https://www.hotjar.com/product-discovery-tools/,2023-12-22,product-discovery-tools,product-discovery-tools,product discovery tools,,content
hotjar.com,https://www.hotjar.com/product-research-tools/,2023-12-22,product-research-tools,product-research-tools,product research tools,,content
hotjar.com,https://www.hotjar.com/marketing-heatmaps/,2023-12-22,marketing-heatmaps,marketing-heatmaps,marketing heatmaps,,content
hotjar.com,https://www.hotjar.com/look-no-further/,2023-12-22,look-no-further,look-no-further,look no further,,noncontent
hotjar.com,https://www.hotjar.com/landingpage-heatmaps/,2023-12-22,landingpage-heatmaps,landingpage-heatmaps,landingpage heatmaps,,content
hotjar.com,https://www.hotjar.com/competitor-comparison-mouseflow2/,2023-12-22,competitor-comparison-mouseflow2,competitor-comparison-mouseflow2,competitor comparison mouseflow2,,content
hotjar.com,https://www.hotjar.com/engage-user-testing/,2023-12-22,engage-user-testing,engage-user-testing,engage user testing,,content
hotjar.com,https://www.hotjar.com/get-continuous-heatmaps/,2023-12-22,get-continuous-heatmaps,get-continuous-heatmaps,get continuous heatmaps,,content
hotjar.com,https://www.hotjar.com/google-analytics-compliment/,2023-12-22,google-analytics-compliment,google-analytics-compliment,google analytics compliment,,content
hotjar.com,https://www.hotjar.com/heatmaps-analytics2/,2023-12-22,heatmaps-analytics2,heatmaps-analytics2,heatmaps analytics2,,content
hotjar.com,https://www.hotjar.com/heatmaps-plugins2/,2023-12-22,heatmaps-plugins2,heatmaps-plugins2,heatmaps plugins2,,content
hotjar.com,https://www.hotjar.com/heatmaps-tracking/,2023-12-22,heatmaps-tracking,heatmaps-tracking,heatmaps tracking,,content
hotjar.com,https://www.hotjar.com/engage-usability-testing/,2023-12-22,engage-usability-testing,engage-usability-testing,engage usability testing,,content
hotjar.com,https://www.hotjar.com/customer-experience-tools/,2023-12-22,customer-experience-tools,customer-experience-tools,customer experience tools,,content
hotjar.com,https://www.hotjar.com/guides/,2023-12-21,guides,guides,guides,,content
hotjar.com,https://www.hotjar.com/survey-templates/,2023-12-21,survey-templates,survey-templates,survey templates,,content
hotjar.com,https://www.hotjar.com/customers/,2023-12-21,customers,customers,customers,,content
hotjar.com,https://www.hotjar.com/homepage-japanese-experiment-variant-3/,2023-12-21,homepage-japanese-experiment-variant-3,homepage-japanese-experiment-variant-3,homepage japanese experiment variant 3,,content
hotjar.com,https://www.hotjar.com/product/engage/,2023-12-18,product,engage,engage,,content
hotjar.com,https://www.hotjar.com/highlights2/,2023-12-18,highlights2,highlights2,highlights2,,noncontent
hotjar.com,https://www.hotjar.com/behavior-analytics-software/,2023-12-18,behavior-analytics-software,behavior-analytics-software,behavior analytics software,,content
hotjar.com,https://www.hotjar.com/behavior-analysis/,2023-12-18,behavior-analysis,behavior-analysis,behavior analysis,,content
hotjar.com,https://www.hotjar.com/analyze-website-traffic/,2023-12-18,analyze-website-traffic,analyze-website-traffic,analyze website traffic,,content
hotjar.com,https://www.hotjar.com/ai-surveys-lp/,2023-12-18,ai-surveys-lp,ai-surveys-lp,ai surveys lp,,content
hotjar.com,https://www.hotjar.com/heatmap-examples/,2023-12-18,heatmap-examples,heatmap-examples,heatmap examples,,content
hotjar.com,https://www.hotjar.com/session-recording-tool2/,2023-12-15,session-recording-tool2,session-recording-tool2,session recording tool2,,content
hotjar.com,https://www.hotjar.com/user-journey-recordings/,2023-12-15,user-journey-recordings,user-journey-recordings,user journey recordings,,content
hotjar.com,https://www.hotjar.com/growth-loop-wrapper-feedback-lp-laura-test/,2023-12-14,growth-loop-wrapper-feedback-lp-laura-test,growth-loop-wrapper-feedback-lp-laura-test,growth loop wrapper feedback lp laura test,,content
hotjar.com,https://www.hotjar.com/homepage-jp-experiment-variant-1/,2023-12-12,homepage-jp-experiment-variant-1,homepage-jp-experiment-variant-1,homepage jp experiment variant 1,,content
hotjar.com,https://www.hotjar.com/webinars/,2023-12-12,webinars,webinars,webinars,,content
hotjar.com,https://www.hotjar.com/webinars-lp-1/,2023-12-12,webinars-lp-1,webinars-lp-1,webinars lp 1,,content
hotjar.com,https://www.hotjar.com/lpo-tools/,2023-11-27,lpo-tools,lpo-tools,lpo tools,,content
hotjar.com,https://www.hotjar.com/nps-calculator/,2023-11-15,nps-calculator,nps-calculator,nps calculator,,content
hotjar.com,https://www.hotjar.com/policies/do-not-track/,2023-10-10,policies,do-not-track,do not track,,content
hotjar.com,https://www.hotjar.com/try-hotjar-today2/,2023-10-03,try-hotjar-today2,try-hotjar-today2,try hotjar today2,,content
hotjar.com,https://www.hotjar.com/product/heatmaps-localisation-duplicate/,2023-09-29,product,heatmaps-localisation-duplicate,heatmaps localisation duplicate,,content
hotjar.com,https://www.hotjar.com/feedbackupdated/,2023-09-22,feedbackupdated,feedbackupdated,feedbackupdated,,content
hotjar.com,https://www.hotjar.com/surveysupdated/,2023-09-22,surveysupdated,surveysupdated,surveysupdated,,content
hotjar.com,https://www.hotjar.com/tb-reduce-churn/,2023-09-19,tb-reduce-churn,tb-reduce-churn,tb reduce churn,,content
hotjar.com,https://www.hotjar.com/tb-boost-conversions/,2023-09-19,tb-boost-conversions,tb-boost-conversions,tb boost conversions,,content
hotjar.com,https://www.hotjar.com/tb-money-online/,2023-09-19,tb-money-online,tb-money-online,tb money online,,content
hotjar.com,https://www.hotjar.com/tb-boost-sales/,2023-09-19,tb-boost-sales,tb-boost-sales,tb boost sales,,content
hotjar.com,https://www.hotjar.com/tb-frustrated-users/,2023-09-19,tb-frustrated-users,tb-frustrated-users,tb frustrated users,,content
hotjar.com,https://www.hotjar.com/tb-recession-proof/,2023-09-18,tb-recession-proof,tb-recession-proof,tb recession proof,,content
hotjar.com,https://www.hotjar.com/free-website-visitor-tracking-tool/,2023-09-14,free-website-visitor-tracking-tool,free-website-visitor-tracking-tool,free website visitor tracking tool,,content
hotjar.com,https://www.hotjar.com/free-survey-tool/,2023-09-07,free-survey-tool,free-survey-tool,free survey tool,,content
hotjar.com,https://www.hotjar.com/adam-test-page/,2023-09-06,adam-test-page,adam-test-page,adam test page,,content
hotjar.com,https://www.hotjar.com/web-traffic-analytics-tool/,2023-08-31,web-traffic-analytics-tool,web-traffic-analytics-tool,web traffic analytics tool,,content
hotjar.com,https://www.hotjar.com/saucebanner-test/,2023-08-18,saucebanner-test,saucebanner-test,saucebanner test,,content
hotjar.com,https://www.hotjar.com/product/engage/PH/,2023-08-14,product,ph,ph,,noncontent
hotjar.com,https://www.hotjar.com/pricing-freemium-2-5/,2023-08-09,pricing-freemium-2-5,pricing-freemium-2-5,pricing freemium 2 5,,content
hotjar.com,https://www.hotjar.com/hotjar-for-product-teams/,2023-08-02,hotjar-for-product-teams,hotjar-for-product-teams,hotjar for product teams,,content
hotjar.com,https://www.hotjar.com/hotjar-for-marketers/,2023-08-02,hotjar-for-marketers,hotjar-for-marketers,hotjar for marketers,,content
hotjar.com,https://www.hotjar.com/pricing-fremium-experiment-v2/,2023-07-18,pricing-fremium-experiment-v2,pricing-fremium-experiment-v2,pricing fremium experiment v2,,content
hotjar.com,https://www.hotjar.com/pricing-freemium-v1/,2023-07-17,pricing-freemium-v1,pricing-freemium-v1,pricing freemium v1,,content
hotjar.com,https://www.hotjar.com/pricing-ask-scale/,2023-07-17,pricing-ask-scale,pricing-ask-scale,pricing ask scale,,content
hotjar.com,https://www.hotjar.com/hotjar-demo/,2023-07-16,hotjar-demo,hotjar-demo,hotjar demo,,content
hotjar.com,https://www.hotjar.com/pricing-fremium-experiment/,2023-07-04,pricing-fremium-experiment,pricing-fremium-experiment,pricing fremium experiment,,content
hotjar.com,https://www.hotjar.com/legal/early-access-program/,2023-06-15,legal,early-access-program,early access program,,content
hotjar.com,https://www.hotjar.com/product-recordingstool/,2023-06-15,product-recordingstool,product-recordingstool,product recordingstool,,content
hotjar.com,https://www.hotjar.com/product-heatmapstool/,2023-06-15,product-heatmapstool,product-heatmapstool,product heatmapstool,,content
hotjar.com,https://www.hotjar.com/website-feedback-tools3/,2023-06-14,website-feedback-tools3,website-feedback-tools3,website feedback tools3,,content
hotjar.com,https://www.hotjar.com/newsletter-subscribe/,2023-06-08,newsletter-subscribe,newsletter-subscribe,newsletter subscribe,,content
hotjar.com,https://www.hotjar.com/w2w-product/,2023-06-01,w2w-product,w2w-product,w2w product,,content
hotjar.com,https://www.hotjar.com/w2w-marketers/,2023-06-01,w2w-marketers,w2w-marketers,w2w marketers,,content
hotjar.com,https://www.hotjar.com/why-customers-buy/,2023-05-31,why-customers-buy,why-customers-buy,why customers buy,,content
hotjar.com,https://www.hotjar.com/ai-messaging-test/,2023-05-30,ai-messaging-test,ai-messaging-test,ai messaging test,,content
hotjar.com,https://www.hotjar.com/micro-surveys/,2023-05-25,micro-surveys,micro-surveys,micro surveys,,content
hotjar.com,https://www.hotjar.com/survey-templates-lp/,2023-05-24,survey-templates-lp,survey-templates-lp,survey templates lp,,content
hotjar.com,https://www.hotjar.com/churn-surveys/,2023-05-24,churn-surveys,churn-surveys,churn surveys,,content
hotjar.com,https://www.hotjar.com/nps-surveys/,2023-05-24,nps-surveys,nps-surveys,nps surveys,,content
hotjar.com,https://www.hotjar.com/link-surveys/,2023-05-24,link-surveys,link-surveys,link surveys,,content
hotjar.com,https://www.hotjar.com/popup-surveys/,2023-05-24,popup-surveys,popup-surveys,popup surveys,,content
hotjar.com,https://www.hotjar.com/exit-intent-surveys/,2023-05-24,exit-intent-surveys,exit-intent-surveys,exit intent surveys,,content
hotjar.com,https://www.hotjar.com/feedback-surveys-lp/,2023-05-24,feedback-surveys-lp,feedback-surveys-lp,feedback surveys lp,,content
hotjar.com,https://www.hotjar.com/user-satisfaction-surveys/,2023-05-24,user-satisfaction-surveys,user-satisfaction-surveys,user satisfaction surveys,,content
hotjar.com,https://www.hotjar.com/product-surveys/,2023-05-24,product-surveys,product-surveys,product surveys,,content
hotjar.com,https://www.hotjar.com/conversion-surveys/,2023-05-24,conversion-surveys,conversion-surveys,conversion surveys,,content
hotjar.com,https://www.hotjar.com/user-sentiment-surveys/,2023-05-24,user-sentiment-surveys,user-sentiment-surveys,user sentiment surveys,,content
hotjar.com,https://www.hotjar.com/surveys-tool/,2023-05-24,surveys-tool,surveys-tool,surveys tool,,content
hotjar.com,https://www.hotjar.com/csat-surveys/,2023-05-24,csat-surveys,csat-surveys,csat surveys,,content
hotjar.com,https://www.hotjar.com/onsite-surveys/,2023-05-24,onsite-surveys,onsite-surveys,onsite surveys,,content
hotjar.com,https://www.hotjar.com/session-replay-software3/,2023-05-23,session-replay-software3,session-replay-software3,session replay software3,,content
hotjar.com,https://www.hotjar.com/try-hotjar-today/facebook/,2023-05-19,try-hotjar-today,facebook,facebook,,content
hotjar.com,https://www.hotjar.com/try-hotjar-today/youtube/,2023-05-19,try-hotjar-today,youtube,youtube,,content
hotjar.com,https://www.hotjar.com/try-hotjar-today/linkedin/,2023-05-19,try-hotjar-today,linkedin,linkedin,,content
hotjar.com,https://www.hotjar.com/rm/wisdom/,2023-05-16,rm,wisdom,wisdom,,content
hotjar.com,https://www.hotjar.com/concept-testing-surveys/,2023-05-10,concept-testing-surveys,concept-testing-surveys,concept testing surveys,,content
hotjar.com,https://www.hotjar.com/product-wisdom/,2023-05-08,product-wisdom,product-wisdom,product wisdom,,content
hotjar.com,https://www.hotjar.com/legal/policies/terms-of-service/de/,2023-05-02,legal,de,de,,noncontent
hotjar.com,https://www.hotjar.com/legal/policies/terms-of-service/,2023-05-02,legal,terms-of-service,terms of service,,noncontent
hotjar.com,https://www.hotjar.com/engage-tester-terms/,2023-05-02,engage-tester-terms,engage-tester-terms,engage tester terms,,content
hotjar.com,https://www.hotjar.com/legal/support/dpa/,2023-05-02,legal,dpa,dpa,,noncontent
hotjar.com,https://www.hotjar.com/hotjar-x-entrepreneurs/,2023-05-01,hotjar-x-entrepreneurs,hotjar-x-entrepreneurs,hotjar x entrepreneurs,,content
hotjar.com,https://www.hotjar.com/hotjar-x-product-teams/,2023-04-27,hotjar-x-product-teams,hotjar-x-product-teams,hotjar x product teams,,content
hotjar.com,https://www.hotjar.com/this-is-hotjar/,2023-04-27,this-is-hotjar,this-is-hotjar,this is hotjar,,content
hotjar.com,https://www.hotjar.com/wisdom/,2023-04-24,wisdom,wisdom,wisdom,,content
hotjar.com,https://www.hotjar.com/why-to-wisdom-2/,2023-04-21,why-to-wisdom-2,why-to-wisdom-2,why to wisdom 2,,content
hotjar.com,https://www.hotjar.com/live-trainings/,2023-04-18,live-trainings,live-trainings,live trainings,,content
hotjar.com,https://www.hotjar.com/pricing-engage-retiring-credits/,2023-04-11,pricing-engage-retiring-credits,pricing-engage-retiring-credits,pricing engage retiring credits,,content
hotjar.com,https://www.hotjar.com/destination-page/,2023-04-11,destination-page,destination-page,destination page,,content
hotjar.com,https://www.hotjar.com/improve-your-ux/,2023-04-07,improve-your-ux,improve-your-ux,improve your ux,,content
hotjar.com,https://www.hotjar.com/surveys-30-days-free-trial/,2023-03-20,surveys-30-days-free-trial,surveys-30-days-free-trial,surveys 30 days free trial,,content
hotjar.com,https://www.hotjar.com/surveys/,2023-03-20,surveys,surveys,surveys,,content
hotjar.com,https://www.hotjar.com/surveys2/,2023-03-20,surveys2,surveys2,surveys2,,noncontent
hotjar.com,https://www.hotjar.com/for-surveys/,2023-03-20,for-surveys,for-surveys,for surveys,,content
hotjar.com,https://www.hotjar.com/concept-testing-surveys-2/,2023-03-20,concept-testing-surveys-2,concept-testing-surveys-2,concept testing surveys 2,,content
hotjar.com,https://www.hotjar.com/website-feedback-tools/,2023-03-20,website-feedback-tools,website-feedback-tools,website feedback tools,,content
hotjar.com,https://www.hotjar.com/feedback-surveys-2/,2023-03-20,feedback-surveys-2,feedback-surveys-2,feedback surveys 2,,content
hotjar.com,https://www.hotjar.com/website-feedback-tools2/,2023-03-20,website-feedback-tools2,website-feedback-tools2,website feedback tools2,,content
hotjar.com,https://www.hotjar.com/webinar_recordings_actionable_insights/,2023-03-20,webinar_recordings_actionable_insights,webinar_recordings_actionable_insights,webinar recordings actionable insights,,content
hotjar.com,https://www.hotjar.com/user-session-recordings/,2023-03-20,user-session-recordings,user-session-recordings,user session recordings,,content
hotjar.com,https://www.hotjar.com/visitor-session-recordings/,2023-03-20,visitor-session-recordings,visitor-session-recordings,visitor session recordings,,content
hotjar.com,https://www.hotjar.com/webpage-session-recordings/,2023-03-20,webpage-session-recordings,webpage-session-recordings,webpage session recordings,,content
hotjar.com,https://www.hotjar.com/website-session-recordings/,2023-03-20,website-session-recordings,website-session-recordings,website session recordings,,content
hotjar.com,https://www.hotjar.com/webpage-user-recordings/,2023-03-20,webpage-user-recordings,webpage-user-recordings,webpage user recordings,,content
hotjar.com,https://www.hotjar.com/webpage-visitor-recordings/,2023-03-20,webpage-visitor-recordings,webpage-visitor-recordings,webpage visitor recordings,,content
hotjar.com,https://www.hotjar.com/website-user-recordings/,2023-03-20,website-user-recordings,website-user-recordings,website user recordings,,content
hotjar.com,https://www.hotjar.com/website-visitor-recordings/,2023-03-20,website-visitor-recordings,website-visitor-recordings,website visitor recordings,,content
hotjar.com,https://www.hotjar.com/website-visitor-recordings2/,2023-03-20,website-visitor-recordings2,website-visitor-recordings2,website visitor recordings2,,content
hotjar.com,https://www.hotjar.com/shopify-cro/,2023-03-17,shopify-cro,shopify-cro,shopify cro,,content
hotjar.com,https://www.hotjar.com/increase-conversion-rates/,2023-03-17,increase-conversion-rates,increase-conversion-rates,increase conversion rates,,content
hotjar.com,https://www.hotjar.com/improve-conversion-rates/,2023-03-17,improve-conversion-rates,improve-conversion-rates,improve conversion rates,,content
hotjar.com,https://www.hotjar.com/get-more-conversions/,2023-03-17,get-more-conversions,get-more-conversions,get more conversions,,content
hotjar.com,https://www.hotjar.com/optimize-conversion-funnel/,2023-03-17,optimize-conversion-funnel,optimize-conversion-funnel,optimize conversion funnel,,content
hotjar.com,https://www.hotjar.com/ecommerce-cro/,2023-03-17,ecommerce-cro,ecommerce-cro,ecommerce cro,,content
hotjar.com,https://www.hotjar.com/drive-conversions/,2023-03-17,drive-conversions,drive-conversions,drive conversions,,content
hotjar.com,https://www.hotjar.com/boost-conversions/,2023-03-17,boost-conversions,boost-conversions,boost conversions,,content
hotjar.com,https://www.hotjar.com/website-not-converting/,2023-03-17,website-not-converting,website-not-converting,website not converting,,content
hotjar.com,https://www.hotjar.com/landing-page-cro/,2023-03-17,landing-page-cro,landing-page-cro,landing page cro,,content
hotjar.com,https://www.hotjar.com/pricing-acq-1629/,2023-03-17,pricing-acq-1629,pricing-acq-1629,pricing acq 1629,,content
hotjar.com,https://www.hotjar.com/product/,2023-03-10,product,product,product,,content
hotjar.com,https://www.hotjar.com/hotjar-for-free/,2023-03-10,hotjar-for-free,hotjar-for-free,hotjar for free,,content
hotjar.com,https://www.hotjar.com/get-heatmaps2/,2023-03-09,get-heatmaps2,get-heatmaps2,get heatmaps2,,noncontent
hotjar.com,https://www.hotjar.com/get-heatmaps-tracking/,2023-03-09,get-heatmaps-tracking,get-heatmaps-tracking,get heatmaps tracking,,content
hotjar.com,https://www.hotjar.com/scroll-move-click-heatmaps/,2023-03-09,scroll-move-click-heatmaps,scroll-move-click-heatmaps,scroll move click heatmaps,,content
hotjar.com,https://www.hotjar.com/get-ux-heatmaps/,2023-03-09,get-ux-heatmaps,get-ux-heatmaps,get ux heatmaps,,content
hotjar.com,https://www.hotjar.com/website-heatmaps-tool/,2023-03-09,website-heatmaps-tool,website-heatmaps-tool,website heatmaps tool,,content
hotjar.com,https://www.hotjar.com/get-landing-page-heatmaps/,2023-03-09,get-landing-page-heatmaps,get-landing-page-heatmaps,get landing page heatmaps,,content
hotjar.com,https://www.hotjar.com/download-heatmaps-ebook/,2023-03-09,download-heatmaps-ebook,download-heatmaps-ebook,download heatmaps ebook,,content
hotjar.com,https://www.hotjar.com/get-heatmaps-tool/,2023-03-09,get-heatmaps-tool,get-heatmaps-tool,get heatmaps tool,,content
hotjar.com,https://www.hotjar.com/get-webpage-heatmaps/,2023-03-09,get-webpage-heatmaps,get-webpage-heatmaps,get webpage heatmaps,,content
hotjar.com,https://www.hotjar.com/get-heatmaps-software/,2023-03-09,get-heatmaps-software,get-heatmaps-software,get heatmaps software,,content
hotjar.com,https://www.hotjar.com/get-website-heatmaps/,2023-03-09,get-website-heatmaps,get-website-heatmaps,get website heatmaps,,content
hotjar.com,https://www.hotjar.com/competitor-comparison-fullstory-heatmaps/,2023-03-09,competitor-comparison-fullstory-heatmaps,competitor-comparison-fullstory-heatmaps,competitor comparison fullstory heatmaps,,content
hotjar.com,https://www.hotjar.com/get-heatmaps/,2023-03-09,get-heatmaps,get-heatmaps,get heatmaps,,content
hotjar.com,https://www.hotjar.com/customer-delight-101-landing-page-ebook-linkedin-ads/,2023-03-09,customer-delight-101-landing-page-ebook-linkedin-ads,customer-delight-101-landing-page-ebook-linkedin-ads,customer delight 101 landing page ebook linkedin ads,,content
hotjar.com,https://www.hotjar.com/get-heatmaps3/,2023-03-09,get-heatmaps3,get-heatmaps3,get heatmaps3,,noncontent
hotjar.com,https://www.hotjar.com/heatmaps-ebook/,2023-03-09,heatmaps-ebook,heatmaps-ebook,heatmaps ebook,,content
hotjar.com,https://www.hotjar.com/product-heatmaps-localisation-duplicate-test-for-lokalise/,2023-03-09,product-heatmaps-localisation-duplicate-test-for-lokalise,product-heatmaps-localisation-duplicate-test-for-lokalise,product heatmaps localisation duplicate test for lokalise,,content
hotjar.com,https://www.hotjar.com/shopify-heatmaps2/,2023-03-09,shopify-heatmaps2,shopify-heatmaps2,shopify heatmaps2,,content
hotjar.com,https://www.hotjar.com/get-ux-heatmaps2/,2023-03-09,get-ux-heatmaps2,get-ux-heatmaps2,get ux heatmaps2,,noncontent
hotjar.com,https://www.hotjar.com/predictive-heatmaps/,2023-03-09,predictive-heatmaps,predictive-heatmaps,predictive heatmaps,,content
hotjar.com,https://www.hotjar.com/get-landing-page-heatmaps2/,2023-03-09,get-landing-page-heatmaps2,get-landing-page-heatmaps2,get landing page heatmaps2,,content
hotjar.com,https://www.hotjar.com/get-heatmaps-tracking2/,2023-03-09,get-heatmaps-tracking2,get-heatmaps-tracking2,get heatmaps tracking2,,content
hotjar.com,https://www.hotjar.com/install-heatmaps2/,2023-03-09,install-heatmaps2,install-heatmaps2,install heatmaps2,,content
hotjar.com,https://www.hotjar.com/get-webpage-heatmaps2/,2023-03-09,get-webpage-heatmaps2,get-webpage-heatmaps2,get webpage heatmaps2,,content
hotjar.com,https://www.hotjar.com/online-heatmaps2/,2023-03-09,online-heatmaps2,online-heatmaps2,online heatmaps2,,content
hotjar.com,https://www.hotjar.com/wix-heatmaps2/,2023-03-09,wix-heatmaps2,wix-heatmaps2,wix heatmaps2,,content
hotjar.com,https://www.hotjar.com/get-website-heatmaps2/,2023-03-09,get-website-heatmaps2,get-website-heatmaps2,get website heatmaps2,,content
hotjar.com,https://www.hotjar.com/heatmaps-generator2/,2023-03-09,heatmaps-generator2,heatmaps-generator2,heatmaps generator2,,content
hotjar.com,https://www.hotjar.com/get-heatmaps-tool2/,2023-03-09,get-heatmaps-tool2,get-heatmaps-tool2,get heatmaps tool2,,content
hotjar.com,https://www.hotjar.com/heatmaps-creator2/,2023-03-09,heatmaps-creator2,heatmaps-creator2,heatmaps creator2,,content
hotjar.com,https://www.hotjar.com/get-heatmaps-software2/,2023-03-09,get-heatmaps-software2,get-heatmaps-software2,get heatmaps software2,,content
hotjar.com,https://www.hotjar.com/website-heatmaps-tool2/,2023-03-09,website-heatmaps-tool2,website-heatmaps-tool2,website heatmaps tool2,,content
hotjar.com,https://www.hotjar.com/heatmaps-analytics/,2023-03-09,heatmaps-analytics,heatmaps-analytics,heatmaps analytics,,content
hotjar.com,https://www.hotjar.com/shopify-heatmaps/,2023-03-09,shopify-heatmaps,shopify-heatmaps,shopify heatmaps,,content
hotjar.com,https://www.hotjar.com/wix-heatmaps/,2023-03-09,wix-heatmaps,wix-heatmaps,wix heatmaps,,content
hotjar.com,https://www.hotjar.com/wordpress-heatmaps/,2023-03-09,wordpress-heatmaps,wordpress-heatmaps,wordpress heatmaps,,content
hotjar.com,https://www.hotjar.com/heatmaps-plugins/,2023-03-09,heatmaps-plugins,heatmaps-plugins,heatmaps plugins,,content
hotjar.com,https://www.hotjar.com/online-heatmaps/,2023-03-09,online-heatmaps,online-heatmaps,online heatmaps,,content
hotjar.com,https://www.hotjar.com/install-heatmaps/,2023-03-09,install-heatmaps,install-heatmaps,install heatmaps,,content
hotjar.com,https://www.hotjar.com/heatmaps-creator/,2023-03-09,heatmaps-creator,heatmaps-creator,heatmaps creator,,content
hotjar.com,https://www.hotjar.com/heatmaps-generator/,2023-03-09,heatmaps-generator,heatmaps-generator,heatmaps generator,,content
hotjar.com,https://www.hotjar.com/qualitative-and-quantitative/,2023-03-01,qualitative-and-quantitative,qualitative-and-quantitative,qualitative and quantitative,,content
hotjar.com,https://www.hotjar.com/competitor-comparison-fullstory-demo/,2023-02-20,competitor-comparison-fullstory-demo,competitor-comparison-fullstory-demo,competitor comparison fullstory demo,,content
hotjar.com,https://www.hotjar.com/competitor-comparison-fullstory-software/,2023-02-15,competitor-comparison-fullstory-software,competitor-comparison-fullstory-software,competitor comparison fullstory software,,content
hotjar.com,https://www.hotjar.com/competitor-comparison-fullstory-tool/,2023-02-15,competitor-comparison-fullstory-tool,competitor-comparison-fullstory-tool,competitor comparison fullstory tool,,content
hotjar.com,https://www.hotjar.com/competitor-comparison-fullstory-analytics/,2023-02-15,competitor-comparison-fullstory-analytics,competitor-comparison-fullstory-analytics,competitor comparison fullstory analytics,,content
hotjar.com,https://www.hotjar.com/competitor-comparison-fullstory-pricing/,2023-02-15,competitor-comparison-fullstory-pricing,competitor-comparison-fullstory-pricing,competitor comparison fullstory pricing,,content
hotjar.com,https://www.hotjar.com/page-handled-by-tms/,2023-01-17,page-handled-by-tms,page-handled-by-tms,page handled by tms,,content
hotjar.com,https://www.hotjar.com/convert-more/,2022-12-14,convert-more,convert-more,convert more,,content
hotjar.com,https://www.hotjar.com/competitor-comparison-microsoft-clarity2/,2022-11-10,competitor-comparison-microsoft-clarity2,competitor-comparison-microsoft-clarity2,competitor comparison microsoft clarity2,,content
hotjar.com,https://www.hotjar.com/competitor-comparison-luckyorange/,2022-11-09,competitor-comparison-luckyorange,competitor-comparison-luckyorange,competitor comparison luckyorange,,content
hotjar.com,https://www.hotjar.com/hotjar-and-google-analytics/,2022-11-04,hotjar-and-google-analytics,hotjar-and-google-analytics,hotjar and google analytics,,content
hotjar.com,https://www.hotjar.com/hotjar-and-slack/,2022-11-04,hotjar-and-slack,hotjar-and-slack,hotjar and slack,,content
hotjar.com,https://www.hotjar.com/hotjar-and-wordpress/,2022-11-04,hotjar-and-wordpress,hotjar-and-wordpress,hotjar and wordpress,,content
hotjar.com,https://www.hotjar.com/hotjar-and-segment/,2022-11-04,hotjar-and-segment,hotjar-and-segment,hotjar and segment,,content
hotjar.com,https://www.hotjar.com/hotjar-and-clickfunnels/,2022-11-04,hotjar-and-clickfunnels,hotjar-and-clickfunnels,hotjar and clickfunnels,,content
hotjar.com,https://www.hotjar.com/free/,2022-11-04,free,free,free,,content
hotjar.com,https://www.hotjar.com/screen-recording-software2/,2022-11-04,screen-recording-software2,screen-recording-software2,screen recording software2,,content
hotjar.com,https://www.hotjar.com/analytics3/,2022-11-04,analytics3,analytics3,analytics3,,noncontent
hotjar.com,https://www.hotjar.com/session-replay-software2/,2022-11-04,session-replay-software2,session-replay-software2,session replay software2,,content
hotjar.com,https://www.hotjar.com/session-replay-tool2/,2022-11-04,session-replay-tool2,session-replay-tool2,session replay tool2,,content
hotjar.com,https://www.hotjar.com/hotjar-partner-program-terms-of-service/,2022-09-30,hotjar-partner-program-terms-of-service,hotjar-partner-program-terms-of-service,hotjar partner program terms of service,,content
hotjar.com,https://www.hotjar.com/hotjar-x-ecommerce/,2022-09-29,hotjar-x-ecommerce,hotjar-x-ecommerce,hotjar x ecommerce,,content
hotjar.com,https://www.hotjar.com/invite/,2022-09-27,invite,invite,invite,,content
hotjar.com,https://www.hotjar.com/install-your-tracking-code/,2022-09-20,install-your-tracking-code,install-your-tracking-code,install your tracking code,,content
hotjar.com,https://www.hotjar.com/hotjar-x-product-teams-m/,2022-08-30,hotjar-x-product-teams-m,hotjar-x-product-teams-m,hotjar x product teams m,,content
hotjar.com,https://www.hotjar.com/hotjar-x-entrepreneurs-m/,2022-08-30,hotjar-x-entrepreneurs-m,hotjar-x-entrepreneurs-m,hotjar x entrepreneurs m,,content
hotjar.com,https://www.hotjar.com/this-is-hotjar-m/,2022-08-30,this-is-hotjar-m,this-is-hotjar-m,this is hotjar m,,content
hotjar.com,https://www.hotjar.com/referral-program-terms-of-service/,2022-08-10,referral-program-terms-of-service,referral-program-terms-of-service,referral program terms of service,,content
hotjar.com,https://www.hotjar.com/how-doodle-boosted-conversions-d/,2022-08-08,how-doodle-boosted-conversions-d,how-doodle-boosted-conversions-d,how doodle boosted conversions d,,content
hotjar.com,https://www.hotjar.com/how-doodle-boosted-conversions-m/,2022-08-08,how-doodle-boosted-conversions-m,how-doodle-boosted-conversions-m,how doodle boosted conversions m,,content
hotjar.com,https://www.hotjar.com/plan-comparison/,2022-08-04,plan-comparison,plan-comparison,plan comparison,,content
hotjar.com,https://www.hotjar.com/capture-all-sessions-with-Hotjar/,2022-08-03,capture-all-sessions-with-hotjar,capture-all-sessions-with-hotjar,capture all sessions with hotjar,,content
hotjar.com,https://www.hotjar.com/dangerous-animals-in-product-management/,2022-07-25,dangerous-animals-in-product-management,dangerous-animals-in-product-management,dangerous animals in product management,,content
hotjar.com,https://www.hotjar.com/fix-your-bugs/,2022-07-22,fix-your-bugs,fix-your-bugs,fix your bugs,,content
hotjar.com,https://www.hotjar.com/press/,2022-07-14,press,press,press,,noncontent
hotjar.com,https://www.hotjar.com/session-recording-software2/,2022-07-07,session-recording-software2,session-recording-software2,session recording software2,,content
hotjar.com,https://www.hotjar.com/product-tour-variant-prominent-product-demo-entry-point/,2022-06-02,product-tour-variant-prominent-product-demo-entry-point,product-tour-variant-prominent-product-demo-entry-point,product tour variant prominent product demo entry point,,content
hotjar.com,https://www.hotjar.com/analytics2/,2022-06-01,analytics2,analytics2,analytics2,,noncontent
hotjar.com,https://www.hotjar.com/analytics/,2022-06-01,analytics,analytics,analytics,,content
hotjar.com,https://www.hotjar.com/product-analytics/,2022-06-01,product-analytics,product-analytics,product analytics,,content
hotjar.com,https://www.hotjar.com/30-days-free-trial-lp/,2022-06-01,30-days-free-trial-lp,30-days-free-trial-lp,30 days free trial lp,,content
hotjar.com,https://www.hotjar.com/customer-delight-101-landing-page-ebook-google-ads/,2022-05-20,customer-delight-101-landing-page-ebook-google-ads,customer-delight-101-landing-page-ebook-google-ads,customer delight 101 landing page ebook google ads,,content
hotjar.com,https://www.hotjar.com/products-try-hotjar2/,2022-05-05,products-try-hotjar2,products-try-hotjar2,products try hotjar2,,content
hotjar.com,https://www.hotjar.com/landing-page-dashboard/,2022-04-18,landing-page-dashboard,landing-page-dashboard,landing page dashboard,,content
hotjar.com,https://www.hotjar.com/get-heatmapping2/,2022-03-22,get-heatmapping2,get-heatmapping2,get heatmapping2,,noncontent
hotjar.com,https://www.hotjar.com/heatmap-data2/,2022-03-22,heatmap-data2,heatmap-data2,heatmap data2,,content
hotjar.com,https://www.hotjar.com/heatmap-analysis2/,2022-03-22,heatmap-analysis2,heatmap-analysis2,heatmap analysis2,,content
hotjar.com,https://www.hotjar.com/customer-delight-101-landing-page-ebook-facebook-ads/,2022-03-17,customer-delight-101-landing-page-ebook-facebook-ads,customer-delight-101-landing-page-ebook-facebook-ads,customer delight 101 landing page ebook facebook ads,,content
hotjar.com,https://www.hotjar.com/customer-delight-101-ebook/,2022-03-17,customer-delight-101-ebook,customer-delight-101-ebook,customer delight 101 ebook,,content
hotjar.com,https://www.hotjar.com/competitor-comparison-mouseflow/,2022-03-16,competitor-comparison-mouseflow,competitor-comparison-mouseflow,competitor comparison mouseflow,,content
hotjar.com,https://www.hotjar.com/competitor-comparison-microsoft-clarity/,2022-03-16,competitor-comparison-microsoft-clarity,competitor-comparison-microsoft-clarity,competitor comparison microsoft clarity,,content
hotjar.com,https://www.hotjar.com/competitor-comparison-fullstory/,2022-03-16,competitor-comparison-fullstory,competitor-comparison-fullstory,competitor comparison fullstory,,content
hotjar.com,https://www.hotjar.com/competitor-comparison-crazyegg/,2022-03-16,competitor-comparison-crazyegg,competitor-comparison-crazyegg,competitor comparison crazyegg,,content
hotjar.com,https://www.hotjar.com/competitor-comparison-usertesting/,2022-03-16,competitor-comparison-usertesting,competitor-comparison-usertesting,competitor comparison usertesting,,content
hotjar.com,https://www.hotjar.com/user-testing-tool2/,2022-03-08,user-testing-tool2,user-testing-tool2,user testing tool2,,content
hotjar.com,https://www.hotjar.com/click-tracking2/,2022-03-08,click-tracking2,click-tracking2,click tracking2,,content
hotjar.com,https://www.hotjar.com/website-session-replay-tool/,2022-03-03,website-session-replay-tool,website-session-replay-tool,website session replay tool,,content
hotjar.com,https://www.hotjar.com/website-session-replay-software/,2022-03-03,website-session-replay-software,website-session-replay-software,website session replay software,,content
hotjar.com,https://www.hotjar.com/webpage-session-replay-tool/,2022-03-03,webpage-session-replay-tool,webpage-session-replay-tool,webpage session replay tool,,content
hotjar.com,https://www.hotjar.com/webpage-session-replay-software/,2022-03-03,webpage-session-replay-software,webpage-session-replay-software,webpage session replay software,,content
hotjar.com,https://www.hotjar.com/visitor-replay-tool/,2022-03-03,visitor-replay-tool,visitor-replay-tool,visitor replay tool,,content
hotjar.com,https://www.hotjar.com/user-replay-tool/,2022-03-03,user-replay-tool,user-replay-tool,user replay tool,,content
hotjar.com,https://www.hotjar.com/session-replay-tool/,2022-03-03,session-replay-tool,session-replay-tool,session replay tool,,content
hotjar.com,https://www.hotjar.com/session-replay-software/,2022-03-03,session-replay-software,session-replay-software,session replay software,,content
hotjar.com,https://www.hotjar.com/session-recording-tool/,2022-03-03,session-recording-tool,session-recording-tool,session recording tool,,content
hotjar.com,https://www.hotjar.com/screen-recording-software/,2022-03-03,screen-recording-software,screen-recording-software,screen recording software,,content
hotjar.com,https://www.hotjar.com/heatmap-data/,2022-02-22,heatmap-data,heatmap-data,heatmap data,,content
hotjar.com,https://www.hotjar.com/heatmap-analysis/,2022-02-22,heatmap-analysis,heatmap-analysis,heatmap analysis,,content
hotjar.com,https://www.hotjar.com/track-website-visitors/,2022-02-18,track-website-visitors,track-website-visitors,track website visitors,,content
hotjar.com,https://www.hotjar.com/track-website-traffic/,2022-02-18,track-website-traffic,track-website-traffic,track website traffic,,content
hotjar.com,https://www.hotjar.com/check-website-traffic/,2022-02-18,check-website-traffic,check-website-traffic,check website traffic,,content
hotjar.com,https://www.hotjar.com/get-heatmapping/,2022-02-16,get-heatmapping,get-heatmapping,get heatmapping,,content
hotjar.com,https://www.hotjar.com/for-surveys-co-es/,2022-02-10,for-surveys-co-es,for-surveys-co-es,for surveys co es,,content
hotjar.com,https://www.hotjar.com/for-surveys-fr-fr/,2022-02-10,for-surveys-fr-fr,for-surveys-fr-fr,for surveys fr fr,,content
hotjar.com,https://www.hotjar.com/get-heatmaps-fr-fr/,2022-02-10,get-heatmaps-fr-fr,get-heatmaps-fr-fr,get heatmaps fr fr,,content
hotjar.com,https://www.hotjar.com/get-heatmaps-de-de/,2022-02-10,get-heatmaps-de-de,get-heatmaps-de-de,get heatmaps de de,,content
hotjar.com,https://www.hotjar.com/get-heatmaps-it-it/,2022-02-10,get-heatmaps-it-it,get-heatmaps-it-it,get heatmaps it it,,content
hotjar.com,https://www.hotjar.com/session-recording-software-nl-nl/,2022-02-10,session-recording-software-nl-nl,session-recording-software-nl-nl,session recording software nl nl,,content
hotjar.com,https://www.hotjar.com/for-surveys-br-pt/,2022-02-10,for-surveys-br-pt,for-surveys-br-pt,for surveys br pt,,content
hotjar.com,https://www.hotjar.com/get-heatmaps-br-pt/,2022-02-10,get-heatmaps-br-pt,get-heatmaps-br-pt,get heatmaps br pt,,content
hotjar.com,https://www.hotjar.com/for-surveys-es-es/,2022-02-10,for-surveys-es-es,for-surveys-es-es,for surveys es es,,content
hotjar.com,https://www.hotjar.com/for-surveys-de-de/,2022-02-10,for-surveys-de-de,for-surveys-de-de,for surveys de de,,content
hotjar.com,https://www.hotjar.com/get-heatmaps-es-es/,2022-02-10,get-heatmaps-es-es,get-heatmaps-es-es,get heatmaps es es,,content
hotjar.com,https://www.hotjar.com/get-heatmaps-co-es/,2022-02-10,get-heatmaps-co-es,get-heatmaps-co-es,get heatmaps co es,,content
hotjar.com,https://www.hotjar.com/for-ux-design-it-it/,2022-02-10,for-ux-design-it-it,for-ux-design-it-it,for ux design it it,,content
hotjar.com,https://www.hotjar.com/for-ux-design-nl-nl/,2022-02-10,for-ux-design-nl-nl,for-ux-design-nl-nl,for ux design nl nl,,content
hotjar.com,https://www.hotjar.com/products-nl-nl/,2022-02-10,products-nl-nl,products-nl-nl,products nl nl,,content
hotjar.com,https://www.hotjar.com/products-it-it/,2022-02-10,products-it-it,products-it-it,products it it,,content
hotjar.com,https://www.hotjar.com/session-recording-software-fr-fr/,2022-02-10,session-recording-software-fr-fr,session-recording-software-fr-fr,session recording software fr fr,,content
hotjar.com,https://www.hotjar.com/session-recording-software-br-pt/,2022-02-09,session-recording-software-br-pt,session-recording-software-br-pt,session recording software br pt,,content
hotjar.com,https://www.hotjar.com/cx/,2022-02-09,cx,cx,cx,,noncontent
hotjar.com,https://www.hotjar.com/session-recording-software-it-it/,2022-01-25,session-recording-software-it-it,session-recording-software-it-it,session recording software it it,,content
hotjar.com,https://www.hotjar.com/for-surveys-it-it/,2022-01-19,for-surveys-it-it,for-surveys-it-it,for surveys it it,,content
hotjar.com,https://www.hotjar.com/for-surveys-nl-nl/,2022-01-19,for-surveys-nl-nl,for-surveys-nl-nl,for surveys nl nl,,content
hotjar.com,https://www.hotjar.com/get-heatmaps-ca-fr/,2022-01-18,get-heatmaps-ca-fr,get-heatmaps-ca-fr,get heatmaps ca fr,,content
hotjar.com,https://www.hotjar.com/get-heatmaps-nl-nl/,2022-01-12,get-heatmaps-nl-nl,get-heatmaps-nl-nl,get heatmaps nl nl,,content
hotjar.com,https://www.hotjar.com/click-tracking/,2021-12-08,click-tracking,click-tracking,click tracking,,content
hotjar.com,https://www.hotjar.com/customer-delight-ebook-thank-you/,2021-12-07,customer-delight-ebook-thank-you,customer-delight-ebook-thank-you,customer delight ebook thank you,,content
hotjar.com,https://www.hotjar.com/revolut/,2021-12-02,revolut,revolut,revolut,,content
hotjar.com,https://www.hotjar.com/collect-full-coverage-with-Hotjar/,2021-11-30,collect-full-coverage-with-hotjar,collect-full-coverage-with-hotjar,collect full coverage with hotjar,,content
hotjar.com,https://www.hotjar.com/thank-you-page-ebook-delightful-user-experiences/,2021-11-23,thank-you-page-ebook-delightful-user-experiences,thank-you-page-ebook-delightful-user-experiences,thank you page ebook delightful user experiences,,content
hotjar.com,https://www.hotjar.com/website-traffic-30-days-free-trial/,2021-11-09,website-traffic-30-days-free-trial,website-traffic-30-days-free-trial,website traffic 30 days free trial,,content
hotjar.com,https://www.hotjar.com/products-try-hotjar/,2021-11-08,products-try-hotjar,products-try-hotjar,products try hotjar,,content
hotjar.com,https://www.hotjar.com/products/,2021-11-08,products,products,products,,content
hotjar.com,https://www.hotjar.com/for-recording/,2021-11-08,for-recording,for-recording,for recording,,content
hotjar.com,https://www.hotjar.com/for-ux-design/,2021-11-08,for-ux-design,for-ux-design,for ux design,,content
hotjar.com,https://www.hotjar.com/resources/,2021-11-08,resources,resources,resources,,content
hotjar.com,https://www.hotjar.com/black-friday/,2021-11-04,black-friday,black-friday,black friday,,content
hotjar.com,https://www.hotjar.com/legal-privacy-policy-de-v6/,2021-10-27,legal-privacy-policy-de-v6,legal-privacy-policy-de-v6,legal privacy policy de v6,,content
hotjar.com,https://www.hotjar.com/legal/policies/privacy-v6/,2021-10-27,legal,privacy-v6,privacy v6,,content
hotjar.com,https://www.hotjar.com/for-product-designer/,2021-10-21,for-product-designer,for-product-designer,for product designer,,content
hotjar.com,https://www.hotjar.com/product-ux-testing/,2021-10-21,product-ux-testing,product-ux-testing,product ux testing,,content
hotjar.com,https://www.hotjar.com/product-user-testing/,2021-10-21,product-user-testing,product-user-testing,product user testing,,content
hotjar.com,https://www.hotjar.com/product-website-traffic/,2021-10-21,product-website-traffic,product-website-traffic,product website traffic,,content
hotjar.com,https://www.hotjar.com/product-manager-use-cases/,2021-10-11,product-manager-use-cases,product-manager-use-cases,product manager use cases,,content
hotjar.com,https://www.hotjar.com/legal/policies/terms-of-service-v51/,2021-10-05,legal,terms-of-service-v51,terms of service v51,,content
hotjar.com,https://www.hotjar.com/legal/policies/terms-of-service-v4//,2021-10-05,legal,terms-of-service-v4,terms of service v4,,content
hotjar.com,https://www.hotjar.com/legal/policies/privacy-v52/,2021-10-05,legal,privacy-v52,privacy v52,,content
hotjar.com,https://www.hotjar.com/legal/policies/privacy-v5/,2021-10-05,legal,privacy-v5,privacy v5,,content
hotjar.com,https://www.hotjar.com/legal/policies/privacy-v4/,2021-10-05,legal,privacy-v4,privacy v4,,content
hotjar.com,https://www.hotjar.com/privacy/gdpr-compliance/,2021-10-05,privacy,gdpr-compliance,gdpr compliance,,content
hotjar.com,https://www.hotjar.com/legal/policies/acceptable-use/de/,2021-10-04,legal,de,de,,noncontent
hotjar.com,https://www.hotjar.com/legal/policies/privacy/,2021-10-04,legal,privacy,privacy,,noncontent
hotjar.com,https://www.hotjar.com/legal/policies/acceptable-use/,2021-10-04,legal,acceptable-use,acceptable use,,content
hotjar.com,https://www.hotjar.com/legal/compliance/pci/,2021-10-04,legal,pci,pci,,content
hotjar.com,https://www.hotjar.com/legal/compliance/gdpr-commitment/,2021-10-04,legal,gdpr-commitment,gdpr commitment,,content
hotjar.com,https://www.hotjar.com/legal/compliance/ccpa/,2021-10-04,legal,ccpa,ccpa,,noncontent
hotjar.com,https://www.hotjar.com/legal/policies/privacy/de/,2021-10-01,legal,de,de,,noncontent
hotjar.com,https://www.hotjar.com/legal/support/nda/,2021-09-30,legal,nda,nda,,noncontent
hotjar.com,https://www.hotjar.com/test-to-show-component-types-do-not-use/,2021-09-30,test-to-show-component-types-do-not-use,test-to-show-component-types-do-not-use,test to show component types do not use,,content
hotjar.com,https://www.hotjar.com/webinars/e-commerce-polls/,2021-09-29,webinars,e-commerce-polls,e commerce polls,,content
hotjar.com,https://www.hotjar.com/webinars/nps/,2021-09-29,webinars,nps,nps,,content
hotjar.com,https://www.hotjar.com/get-started-integrations/,2021-09-29,get-started-integrations,get-started-integrations,get started integrations,,content
hotjar.com,https://www.hotjar.com/referrals-variant/,2021-09-28,referrals-variant,referrals-variant,referrals variant,,content
hotjar.com,https://www.hotjar.com/product-managers-business-case/,2021-09-28,product-managers-business-case,product-managers-business-case,product managers business case,,content
hotjar.com,https://www.hotjar.com/lightning-email-course-gdn/,2021-09-28,lightning-email-course-gdn,lightning-email-course-gdn,lightning email course gdn,,content
hotjar.com,https://www.hotjar.com/founding-members/,2021-09-28,founding-members,founding-members,founding members,,content
hotjar.com,https://www.hotjar.com/customer-love/,2021-09-28,customer-love,customer-love,customer love,,content
hotjar.com,https://www.hotjar.com/security/,2021-09-28,security,security,security,,content
hotjar.com,https://www.hotjar.com/poll-survey-sample-size-calculator/,2021-09-28,poll-survey-sample-size-calculator,poll-survey-sample-size-calculator,poll survey sample size calculator,,content
hotjar.com,https://www.hotjar.com/user-testing-tool/,2021-09-28,user-testing-tool,user-testing-tool,user testing tool,,content
hotjar.com,https://www.hotjar.com/legal/,2021-09-27,legal,legal,legal,,noncontent
hotjar.com,https://www.hotjar.com/product-forge/,2021-09-27,product-forge,product-forge,product forge,,content
hotjar.com,https://www.hotjar.com/blog/,2021-09-27,blog,blog,blog,,noncontent
hotjar.com,https://www.hotjar.com/integrations/,2021-09-27,integrations,integrations,integrations,,content
hotjar.com,https://www.hotjar.com/90dayoffer/,2021-09-20,90dayoffer,90dayoffer,90dayoffer,,noncontent
hotjar.com,https://www.hotjar.com/nps-software/,2021-09-16,nps-software,nps-software,nps software,,content
hotjar.com,https://www.hotjar.com/competitor-comparison/,2021-09-15,competitor-comparison,competitor-comparison,competitor comparison,,content
hotjar.com,https://www.hotjar.com/de/legal/policies/do-not-track/,2021-09-14,de,do-not-track,do not track,,noncontent
hotjar.com,https://www.hotjar.com/web-design/checklist/,2024-07-09,web-design,checklist,checklist,,content
hotjar.com,https://www.hotjar.com/google-analytics/glossary/users/,2024-06-27,google-analytics,users,users,,noncontent
hotjar.com,https://www.hotjar.com/google-analytics/glossary/landing-pages/,2024-06-27,google-analytics,landing-pages,landing pages,,content
hotjar.com,https://www.hotjar.com/google-analytics/glossary/ecommerce-tracking/,2024-06-27,google-analytics,ecommerce-tracking,ecommerce tracking,,content
hotjar.com,https://www.hotjar.com/conversion-rate-optimization/benefits/,2024-06-18,conversion-rate-optimization,benefits,benefits,,content
hotjar.com,https://www.hotjar.com/conversion-rate-optimization/best-practices/,2024-06-18,conversion-rate-optimization,best-practices,best practices,,content
hotjar.com,https://www.hotjar.com/web-design/,2024-06-14,web-design,web-design,web design,,content
hotjar.com,https://www.hotjar.com/web-design/rules-and-principles/,2024-06-12,web-design,rules-and-principles,rules and principles,,content
hotjar.com,https://www.hotjar.com/web-design/trends/,2024-06-10,web-design,trends,trends,,content
hotjar.com,https://www.hotjar.com/google-analytics/glossary/sessions/,2024-06-10,google-analytics,sessions,sessions,,content
hotjar.com,https://www.hotjar.com/google-analytics/glossary/secondary-dimensions/,2024-06-10,google-analytics,secondary-dimensions,secondary dimensions,,content
hotjar.com,https://www.hotjar.com/web-design/best-practices/,2024-06-05,web-design,best-practices,best practices,,content
hotjar.com,https://www.hotjar.com/web-design/examples/,2024-06-05,web-design,examples,examples,,content
hotjar.com,https://www.hotjar.com/midmarket-usability-testing-reports/,2024-06-04,midmarket-usability-testing-reports,midmarket-usability-testing-reports,midmarket usability testing reports,,content
hotjar.com,https://www.hotjar.com/midmarket-website-monitoring-metrics/,2024-06-04,midmarket-website-monitoring-metrics,midmarket-website-monitoring-metrics,midmarket website monitoring metrics,,content
hotjar.com,https://www.hotjar.com/midmarket-product-experimentation-framework/,2024-06-04,midmarket-product-experimentation-framework,midmarket-product-experimentation-framework,midmarket product experimentation framework,,content
hotjar.com,https://www.hotjar.com/midmarket-website-optimization-techniques/,2024-06-04,midmarket-website-optimization-techniques,midmarket-website-optimization-techniques,midmarket website optimization techniques,,content
hotjar.com,https://www.hotjar.com/inclusive-user-research-midmarket/,2024-06-04,inclusive-user-research-midmarket,inclusive-user-research-midmarket,inclusive user research midmarket,,content
hotjar.com,https://www.hotjar.com/conversion-rate-optimization/glossary/form-conversion/,2024-06-04,conversion-rate-optimization,form-conversion,form conversion,,content
hotjar.com,https://www.hotjar.com/web-design/challenges-and-solutions/,2024-05-31,web-design,challenges-and-solutions,challenges and solutions,,content
hotjar.com,https://www.hotjar.com/web-design/mistakes/,2024-05-31,web-design,mistakes,mistakes,,content
hotjar.com,https://www.hotjar.com/google-analytics/glossary/goal-conversion-rate/,2024-05-31,google-analytics,goal-conversion-rate,goal conversion rate,,content
hotjar.com,https://www.hotjar.com/google-analytics/glossary/audience/,2024-05-31,google-analytics,audience,audience,,content
hotjar.com,https://www.hotjar.com/web-design/audit/,2024-05-30,web-design,audit,audit,,content
hotjar.com,https://www.hotjar.com/web-design/vs-ux-design/,2024-05-30,web-design,vs-ux-design,vs ux design,,content
hotjar.com,https://www.hotjar.com/google-analytics/glossary/transactions/,2024-05-30,google-analytics,transactions,transactions,,content
hotjar.com,https://www.hotjar.com/google-analytics/glossary/exits/,2024-05-15,google-analytics,exits,exits,,content
hotjar.com,https://www.hotjar.com/google-analytics/glossary/segments/,2024-05-07,google-analytics,segments,segments,,content
hotjar.com,https://www.hotjar.com/google-analytics/glossary/conversions/,2024-05-07,google-analytics,conversions,conversions,,content
hotjar.com,https://www.hotjar.com/google-analytics/glossary/,2024-05-02,google-analytics,glossary,glossary,,content
hotjar.com,https://www.hotjar.com/google-analytics/glossary/unique-visitors/,2024-05-02,google-analytics,unique-visitors,unique visitors,,content
hotjar.com,https://www.hotjar.com/google-analytics/glossary/dimensions-and-metrics/,2024-05-02,google-analytics,dimensions-and-metrics,dimensions and metrics,,content
hotjar.com,https://www.hotjar.com/google-analytics/glossary/bounces/,2024-04-30,google-analytics,bounces,bounces,,content
hotjar.com,https://www.hotjar.com/web-design/software/,2024-04-29,web-design,software,software,,content
hotjar.com,https://www.hotjar.com/ux-design/fails-and-fixes/,2024-04-29,ux-design,fails-and-fixes,fails and fixes,,content
hotjar.com,https://www.hotjar.com/ux-design/mobile/,2024-04-26,ux-design,mobile,mobile,,content
hotjar.com,https://www.hotjar.com/qualitative-data-analysis/examples/,2024-04-24,qualitative-data-analysis,examples,examples,,content
hotjar.com,https://www.hotjar.com/qualitative-data-analysis/methods/,2024-04-24,qualitative-data-analysis,methods,methods,,content
hotjar.com,https://www.hotjar.com/qualitative-data-analysis/,2024-04-23,qualitative-data-analysis,qualitative-data-analysis,qualitative data analysis,,content
hotjar.com,https://www.hotjar.com/session-recordings/,2024-04-18,session-recordings,session-recordings,session recordings,,content
hotjar.com,https://www.hotjar.com/google-analytics/glossary/explore/,2024-04-18,google-analytics,explore,explore,,content
hotjar.com,https://www.hotjar.com/google-analytics/glossary/session-duration/,2024-04-18,google-analytics,session-duration,session duration,,content
hotjar.com,https://www.hotjar.com/usability-testing/audit/,2024-04-16,usability-testing,audit,audit,,content
hotjar.com,https://www.hotjar.com/website-tracking/how-to-track-user-activity/,2024-04-15,website-tracking,how-to-track-user-activity,how to track user activity,,content
hotjar.com,https://www.hotjar.com/conversion-rate-optimization/glossary/website-readability/,2024-04-12,conversion-rate-optimization,website-readability,website readability,,content
hotjar.com,https://www.hotjar.com/conversion-rate-optimization/glossary/type-1-error/,2024-04-12,conversion-rate-optimization,type-1-error,type 1 error,,content
hotjar.com,https://www.hotjar.com/conversion-rate-optimization/glossary/split-testing/,2024-04-12,conversion-rate-optimization,split-testing,split testing,,content
hotjar.com,https://www.hotjar.com/conversion-rate-optimization/glossary/sales-funnel/,2024-04-12,conversion-rate-optimization,sales-funnel,sales funnel,,content
hotjar.com,https://www.hotjar.com/conversion-rate-optimization/glossary/click-through-rate/,2024-04-10,conversion-rate-optimization,click-through-rate,click through rate,,content
hotjar.com,https://www.hotjar.com/conversion-rate-optimization/metrics/,2024-04-09,conversion-rate-optimization,metrics,metrics,,content
hotjar.com,https://www.hotjar.com/web-analytics/audit/,2024-04-09,web-analytics,audit,audit,,content
hotjar.com,https://www.hotjar.com/performance-reporting/examples/sales/,2024-04-04,performance-reporting,sales,sales,,content
hotjar.com,https://www.hotjar.com/qualitative-data-analysis/challenges/,2024-03-25,qualitative-data-analysis,challenges,challenges,,content
hotjar.com,https://www.hotjar.com/qualitative-data-analysis/tools/,2024-03-25,qualitative-data-analysis,tools,tools,,content
hotjar.com,https://www.hotjar.com/ab-testing/landing-pages/,2024-03-21,ab-testing,landing-pages,landing pages,,content
hotjar.com,https://www.hotjar.com/conversion-rate-optimization/glossary/statistical-significance/,2024-03-21,conversion-rate-optimization,statistical-significance,statistical significance,,content
hotjar.com,https://www.hotjar.com/conversion-rate-optimization/glossary/personalization/,2024-03-19,conversion-rate-optimization,personalization,personalization,,content
hotjar.com,https://www.hotjar.com/conversion-rate-optimization/glossary/multivariate-testing/,2024-03-19,conversion-rate-optimization,multivariate-testing,multivariate testing,,content
hotjar.com,https://www.hotjar.com/conversion-rate-optimization/glossary/eye-tracking/,2024-03-18,conversion-rate-optimization,eye-tracking,eye tracking,,content
hotjar.com,https://www.hotjar.com/conversion-rate-optimization/glossary/behavioral-targeting/,2024-03-18,conversion-rate-optimization,behavioral-targeting,behavioral targeting,,content
hotjar.com,https://www.hotjar.com/website-analysis/tools/,2024-03-12,website-analysis,tools,tools,,content
hotjar.com,https://www.hotjar.com/conversion-rate-optimization/glossary/,2024-03-12,conversion-rate-optimization,glossary,glossary,,content
hotjar.com,https://www.hotjar.com/conversion-rate-optimization/glossary/unique-selling-proposition/,2024-03-11,conversion-rate-optimization,unique-selling-proposition,unique selling proposition,,content
hotjar.com,https://www.hotjar.com/conversion-rate-optimization/glossary/bounce-rate/,2024-03-11,conversion-rate-optimization,bounce-rate,bounce rate,,content
hotjar.com,https://www.hotjar.com/usability-testing/report/,2024-03-06,usability-testing,report,report,,content
hotjar.com,https://www.hotjar.com/conversion-rate-optimization/glossary/micro-conversion/,2024-03-05,conversion-rate-optimization,micro-conversion,micro conversion,,content
hotjar.com,https://www.hotjar.com/conversion-rate-optimization/cro-program/,2024-02-21,conversion-rate-optimization,cro-program,cro program,,content
hotjar.com,https://www.hotjar.com/conversion-rate-optimization/glossary/call-to-action/,2024-02-20,conversion-rate-optimization,call-to-action,call to action,,content
hotjar.com,https://www.hotjar.com/user-segmentation/types/,2024-02-16,user-segmentation,types,types,,content
hotjar.com,https://www.hotjar.com/user-segmentation/analysis/,2024-02-12,user-segmentation,analysis,analysis,,content
hotjar.com,https://www.hotjar.com/user-segmentation/,2024-02-08,user-segmentation,user-segmentation,user segmentation,,content
hotjar.com,https://www.hotjar.com/heatmaps/rage-click-maps/,2024-02-06,heatmaps,rage-click-maps,rage click maps,,content
hotjar.com,https://www.hotjar.com/conversion-rate-optimization/audit/,2024-02-06,conversion-rate-optimization,audit,audit,,content
hotjar.com,https://www.hotjar.com/conversion-rate-optimization/tools/,2024-02-01,conversion-rate-optimization,tools,tools,,content
hotjar.com,https://www.hotjar.com/web-analytics/tools/,2024-01-31,web-analytics,tools,tools,,content
hotjar.com,https://www.hotjar.com/customer-journey-map/,2024-01-31,customer-journey-map,customer-journey-map,customer journey map,,content
hotjar.com,https://www.hotjar.com/web-analytics/strategy/,2024-01-31,web-analytics,strategy,strategy,,content
hotjar.com,https://www.hotjar.com/product-managers/planning/,2024-01-26,product-managers,planning,planning,,content
hotjar.com,https://www.hotjar.com/heatmaps/scroll-maps/,2024-01-19,heatmaps,scroll-maps,scroll maps,,content
hotjar.com,https://www.hotjar.com/heatmaps/engagement-zones/,2024-01-19,heatmaps,engagement-zones,engagement zones,,content
hotjar.com,https://www.hotjar.com/heatmaps/move-maps/,2024-01-19,heatmaps,move-maps,move maps,,content
hotjar.com,https://www.hotjar.com/heatmaps/click-maps/,2024-01-18,heatmaps,click-maps,click maps,,content
hotjar.com,https://www.hotjar.com/product-managers/reporting/,2024-01-11,product-managers,reporting,reporting,,content
hotjar.com,https://www.hotjar.com/trends-tool/zoom-in-out/,2024-01-09,trends-tool,zoom-in-out,zoom in out,,content
hotjar.com,https://www.hotjar.com/web-analytics/,2024-01-05,web-analytics,web-analytics,web analytics,,content
hotjar.com,https://www.hotjar.com/product-managers/optimizations/,2024-01-04,product-managers,optimizations,optimizations,,content
hotjar.com,https://www.hotjar.com/product-managers/issue-detection/,2024-01-04,product-managers,issue-detection,issue detection,,content
hotjar.com,https://www.hotjar.com/product-managers/,2024-01-04,product-managers,product-managers,product managers,,content
hotjar.com,https://www.hotjar.com/website-tracking/checklist/,2024-01-02,website-tracking,checklist,checklist,,content
hotjar.com,https://www.hotjar.com/product-marketing/tools/,2023-12-15,product-marketing,tools,tools,,content
hotjar.com,https://www.hotjar.com/conversion-rate-optimization/,2023-12-13,conversion-rate-optimization,conversion-rate-optimization,conversion rate optimization,,content
hotjar.com,https://www.hotjar.com/product-marketing/strategy/,2023-12-08,product-marketing,strategy,strategy,,content
hotjar.com,https://www.hotjar.com/product-marketing/kpis-and-okrs/,2023-12-07,product-marketing,kpis-and-okrs,kpis and okrs,,content
hotjar.com,https://www.hotjar.com/exit-intent-popup-survey/mobile/,2023-12-06,exit-intent-popup-survey,mobile,mobile,,content
hotjar.com,https://www.hotjar.com/marketers/planning/,2023-12-05,marketers,planning,planning,,content
hotjar.com,https://www.hotjar.com/product-marketing/manager/,2023-11-30,product-marketing,manager,manager,,content
hotjar.com,https://www.hotjar.com/exit-intent-popup-survey/tools/,2023-11-30,exit-intent-popup-survey,tools,tools,,content
hotjar.com,https://www.hotjar.com/ux-design/audit/,2023-11-30,ux-design,audit,audit,,content
hotjar.com,https://www.hotjar.com/ux-design/trends/,2023-11-30,ux-design,trends,trends,,content
hotjar.com,https://www.hotjar.com/ux-design/examples/,2023-11-30,ux-design,examples,examples,,content
hotjar.com,https://www.hotjar.com/ux-design/tools/,2023-11-29,ux-design,tools,tools,,content
hotjar.com,https://www.hotjar.com/ux-design/surveys/,2023-11-29,ux-design,surveys,surveys,,content
hotjar.com,https://www.hotjar.com/ux-design/research-repository/,2023-11-28,ux-design,research-repository,research repository,,content
hotjar.com,https://www.hotjar.com/ux-design/mistakes/,2023-11-28,ux-design,mistakes,mistakes,,content
hotjar.com,https://www.hotjar.com/ux-design/metrics/,2023-11-28,ux-design,metrics,metrics,,content
hotjar.com,https://www.hotjar.com/ux-design/analysis/,2023-11-27,ux-design,analysis,analysis,,content
hotjar.com,https://www.hotjar.com/ux-design/,2023-11-27,ux-design,ux-design,ux design,,content
hotjar.com,https://www.hotjar.com/dashboards/how-to-use/,2023-11-22,dashboards,how-to-use,how to use,,noncontent
hotjar.com,https://www.hotjar.com/dashboards/product-metrics/,2023-11-22,dashboards,product-metrics,product metrics,,content
hotjar.com,https://www.hotjar.com/dashboards/,2023-11-22,dashboards,dashboards,dashboards,,content
hotjar.com,https://www.hotjar.com/exit-intent-popup-survey/,2023-11-22,exit-intent-popup-survey,exit-intent-popup-survey,exit intent popup survey,,content
hotjar.com,https://www.hotjar.com/product-marketing/,2023-11-13,product-marketing,product-marketing,product marketing,,content
hotjar.com,https://www.hotjar.com/exit-intent-popup-survey/examples/,2023-11-09,exit-intent-popup-survey,examples,examples,,content
hotjar.com,https://www.hotjar.com/exit-intent-popup-survey/how-to-create/,2023-11-09,exit-intent-popup-survey,how-to-create,how to create,,content
hotjar.com,https://www.hotjar.com/net-promoter-score/tracking/,2023-11-08,net-promoter-score,tracking,tracking,,content
hotjar.com,https://www.hotjar.com/net-promoter-score/set-up-survey/,2023-11-08,net-promoter-score,set-up-survey,set up survey,,content
hotjar.com,https://www.hotjar.com/net-promoter-score/survey-questions/,2023-11-08,net-promoter-score,survey-questions,survey questions,,content
hotjar.com,https://www.hotjar.com/net-promoter-score/how-to-calculate/,2023-11-08,net-promoter-score,how-to-calculate,how to calculate,,content
hotjar.com,https://www.hotjar.com/ecommerce/marketing/strategy/,2023-11-03,ecommerce,strategy,strategy,,content
hotjar.com,https://www.hotjar.com/ecommerce/marketing/tools/,2023-11-03,ecommerce,tools,tools,,content
hotjar.com,https://www.hotjar.com/ecommerce/marketing/,2023-11-03,ecommerce,marketing,marketing,,content
hotjar.com,https://www.hotjar.com/net-promoter-score/improve-nps/,2023-10-31,net-promoter-score,improve-nps,improve nps,,content
hotjar.com,https://www.hotjar.com/net-promoter-score/analysis/,2023-10-31,net-promoter-score,analysis,analysis,,content
hotjar.com,https://www.hotjar.com/net-promoter-score/good-score-benchmarks/,2023-10-31,net-promoter-score,good-score-benchmarks,good score benchmarks,,content
hotjar.com,https://www.hotjar.com/net-promoter-score/system/,2023-10-31,net-promoter-score,system,system,,content
hotjar.com,https://www.hotjar.com/net-promoter-score/,2023-10-31,net-promoter-score,net-promoter-score,net promoter score,,content
hotjar.com,https://www.hotjar.com/website-analysis/how-to/,2023-10-25,website-analysis,how-to,how to,,noncontent
hotjar.com,https://www.hotjar.com/website-analysis/checklist/,2023-10-24,website-analysis,checklist,checklist,,content
hotjar.com,https://www.hotjar.com/website-analysis/user-analysis/,2023-10-24,website-analysis,user-analysis,user analysis,,content
hotjar.com,https://www.hotjar.com/website-analysis/,2023-10-24,website-analysis,website-analysis,website analysis,,content
hotjar.com,https://www.hotjar.com/marketers/optimizations/,2023-10-16,marketers,optimizations,optimizations,,content
hotjar.com,https://www.hotjar.com/performance-reporting/examples/marketing/,2023-10-13,performance-reporting,marketing,marketing,,content
hotjar.com,https://www.hotjar.com/usability-testing/template-checklist/,2023-10-10,usability-testing,template-checklist,template checklist,,content
hotjar.com,https://www.hotjar.com/usability-testing/tools/,2023-10-10,usability-testing,tools,tools,,content
hotjar.com,https://www.hotjar.com/usability-testing/questions/,2023-10-10,usability-testing,questions,questions,,content
hotjar.com,https://www.hotjar.com/usability-testing/process-examples/,2023-10-10,usability-testing,process-examples,process examples,,content
hotjar.com,https://www.hotjar.com/usability-testing/methods/,2023-10-09,usability-testing,methods,methods,,content
hotjar.com,https://www.hotjar.com/usability-testing/evaluation-analysis/,2023-10-09,usability-testing,evaluation-analysis,evaluation analysis,,content
hotjar.com,https://www.hotjar.com/usability-testing/,2023-10-09,usability-testing,usability-testing,usability testing,,content
hotjar.com,https://www.hotjar.com/marketers/reporting/,2023-10-06,marketers,reporting,reporting,,content
hotjar.com,https://www.hotjar.com/website-tracking/compare-traffic/,2023-10-06,website-tracking,compare-traffic,compare traffic,,content
hotjar.com,https://www.hotjar.com/heatmaps/,2023-10-05,heatmaps,heatmaps,heatmaps,,content
hotjar.com,https://www.hotjar.com/heatmaps/improve-site/,2023-10-05,heatmaps,improve-site,improve site,,content
hotjar.com,https://www.hotjar.com/marketers/issue-detection/,2023-10-03,marketers,issue-detection,issue detection,,content
hotjar.com,https://www.hotjar.com/customer-journey-map/saas-process/,2023-10-03,customer-journey-map,saas-process,saas process,,content
hotjar.com,https://www.hotjar.com/marketers/,2023-09-29,marketers,marketers,marketers,,content
hotjar.com,https://www.hotjar.com/customer-journey-map/tools/,2023-09-29,customer-journey-map,tools,tools,,content
hotjar.com,https://www.hotjar.com/session-recordings/user-analysis/,2023-09-19,session-recordings,user-analysis,user analysis,,content
hotjar.com,https://www.hotjar.com/session-recordings/understand-user-behavior/,2023-09-19,session-recordings,understand-user-behavior,understand user behavior,,content
hotjar.com,https://www.hotjar.com/session-recordings/examples-case-studies/,2023-09-19,session-recordings,examples-case-studies,examples case studies,,content
hotjar.com,https://www.hotjar.com/session-recordings/advanced/,2023-09-19,session-recordings,advanced,advanced,,content
hotjar.com,https://www.hotjar.com/heatmaps/examples/,2023-09-15,heatmaps,examples,examples,,content
hotjar.com,https://www.hotjar.com/data-analytics/report/,2023-09-14,data-analytics,report,report,,content
hotjar.com,https://www.hotjar.com/website-tracking/tools/,2023-09-14,website-tracking,tools,tools,,content
hotjar.com,https://www.hotjar.com/website-tracking/privacy/,2023-09-13,website-tracking,privacy,privacy,,noncontent
hotjar.com,https://www.hotjar.com/website-tracking/,2023-09-12,website-tracking,website-tracking,website tracking,,content
hotjar.com,https://www.hotjar.com/data-analytics/tools/,2023-09-11,data-analytics,tools,tools,,content
hotjar.com,https://www.hotjar.com/data-analytics/methods/,2023-09-08,data-analytics,methods,methods,,content
hotjar.com,https://www.hotjar.com/data-analytics/process/,2023-09-08,data-analytics,process,process,,content
hotjar.com,https://www.hotjar.com/ux-research/inclusive-user-research/,2023-09-08,ux-research,inclusive-user-research,inclusive user research,,content
hotjar.com,https://www.hotjar.com/data-analytics/,2023-09-07,data-analytics,data-analytics,data analytics,,content
hotjar.com,https://www.hotjar.com/ux-research/methods/,2023-08-31,ux-research,methods,methods,,content
hotjar.com,https://www.hotjar.com/website-redesign/survey-questions/,2023-08-28,website-redesign,survey-questions,survey questions,,content
hotjar.com,https://www.hotjar.com/heatmaps/case-studies/,2023-08-25,heatmaps,case-studies,case studies,,content
hotjar.com,https://www.hotjar.com/heatmaps/how-to-create/,2023-08-25,heatmaps,how-to-create,how to create,,content
hotjar.com,https://www.hotjar.com/heatmaps/advanced/,2023-08-25,heatmaps,advanced,advanced,,content
hotjar.com,https://www.hotjar.com/heatmaps/infographic/,2023-08-25,heatmaps,infographic,infographic,,content
hotjar.com,https://www.hotjar.com/heatmaps/analysis/,2023-08-25,heatmaps,analysis,analysis,,content
hotjar.com,https://www.hotjar.com/user-interviews/analyze/,2023-08-23,user-interviews,analyze,analyze,,content
hotjar.com,https://www.hotjar.com/user-interviews/questions/,2023-08-11,user-interviews,questions,questions,,content
hotjar.com,https://www.hotjar.com/user-interviews/tools/,2023-08-04,user-interviews,tools,tools,,content
hotjar.com,https://www.hotjar.com/ab-testing/mobile/,2023-07-28,ab-testing,mobile,mobile,,content
hotjar.com,https://www.hotjar.com/user-engagement/,2023-07-27,user-engagement,user-engagement,user engagement,,content
hotjar.com,https://www.hotjar.com/customer-acquisition/strategies/,2023-07-26,customer-acquisition,strategies,strategies,,content
hotjar.com,https://www.hotjar.com/customer-acquisition/tools/,2023-07-21,customer-acquisition,tools,tools,,content
hotjar.com,https://www.hotjar.com/quantitative-data-analysis/software/,2023-07-14,quantitative-data-analysis,software,software,,content
hotjar.com,https://www.hotjar.com/customer-acquisition/cost/,2023-07-12,customer-acquisition,cost,cost,,content
hotjar.com,https://www.hotjar.com/quantitative-data-analysis/methods/,2023-07-11,quantitative-data-analysis,methods,methods,,content
hotjar.com,https://www.hotjar.com/funnels/advanced/,2023-07-07,funnels,advanced,advanced,,content
hotjar.com,https://www.hotjar.com/customer-acquisition/funnel/,2023-07-07,customer-acquisition,funnel,funnel,,content
hotjar.com,https://www.hotjar.com/user-testing/tools/,2023-07-06,user-testing,tools,tools,,content
hotjar.com,https://www.hotjar.com/funnels/analysis/,2023-07-03,funnels,analysis,analysis,,content
hotjar.com,https://www.hotjar.com/quantitative-data-analysis/process/,2023-06-30,quantitative-data-analysis,process,process,,content
hotjar.com,https://www.hotjar.com/user-interviews/conduct/,2023-06-30,user-interviews,conduct,conduct,,content
hotjar.com,https://www.hotjar.com/funnels/examples/,2023-06-23,funnels,examples,examples,,content
hotjar.com,https://www.hotjar.com/quantitative-data-analysis/examples/,2023-06-22,quantitative-data-analysis,examples,examples,,content
hotjar.com,https://www.hotjar.com/user-interviews/,2023-06-15,user-interviews,user-interviews,user interviews,,content
hotjar.com,https://www.hotjar.com/funnels/create/,2023-06-15,funnels,create,create,,content
hotjar.com,https://www.hotjar.com/funnels/,2023-06-15,funnels,funnels,funnels,,content
hotjar.com,https://www.hotjar.com/quantitative-data-analysis/,2023-06-09,quantitative-data-analysis,quantitative-data-analysis,quantitative data analysis,,content
hotjar.com,https://www.hotjar.com/customer-acquisition/,2023-06-09,customer-acquisition,customer-acquisition,customer acquisition,,content
hotjar.com,https://www.hotjar.com/marketing-funnel/,2023-06-05,marketing-funnel,marketing-funnel,marketing funnel,,content
hotjar.com,https://www.hotjar.com/marketing-funnel/create/,2023-06-05,marketing-funnel,create,create,,content
hotjar.com,https://www.hotjar.com/ui-design/testing/,2023-06-02,ui-design,testing,testing,,content
hotjar.com,https://www.hotjar.com/mixpanel/glossary/cohorts/,2023-06-01,mixpanel,cohorts,cohorts,,content
hotjar.com,https://www.hotjar.com/mixpanel/glossary/reports/,2023-06-01,mixpanel,reports,reports,,content
hotjar.com,https://www.hotjar.com/concept-testing/tools/,2023-05-26,concept-testing,tools,tools,,content
hotjar.com,https://www.hotjar.com/mixpanel/glossary/events/,2023-05-17,mixpanel,events,events,,content
hotjar.com,https://www.hotjar.com/concept-testing/methods/,2023-05-15,concept-testing,methods,methods,,content
hotjar.com,https://www.hotjar.com/concept-testing/surveys/,2023-05-10,concept-testing,surveys,surveys,,content
hotjar.com,https://www.hotjar.com/mixpanel/glossary/funnels/,2023-05-09,mixpanel,funnels,funnels,,content
hotjar.com,https://www.hotjar.com/mixpanel/glossary/,2023-05-09,mixpanel,glossary,glossary,,content
hotjar.com,https://www.hotjar.com/concept-testing/how-to/,2023-05-04,concept-testing,how-to,how to,,noncontent
hotjar.com,https://www.hotjar.com/concept-testing/examples/,2023-05-04,concept-testing,examples,examples,,content
hotjar.com,https://www.hotjar.com/user-testing/how-to/,2023-05-03,user-testing,how-to,how to,,noncontent
hotjar.com,https://www.hotjar.com/feedback/examples/,2023-05-02,feedback,examples,examples,,content
hotjar.com,https://www.hotjar.com/user-testing/types/,2023-05-01,user-testing,types,types,,content
hotjar.com,https://www.hotjar.com/feedback/analysis/,2023-04-28,feedback,analysis,analysis,,content
hotjar.com,https://www.hotjar.com/landing-page-optimization/examples/,2023-04-27,landing-page-optimization,examples,examples,,content
hotjar.com,https://www.hotjar.com/landing-page-optimization/tools/,2023-04-27,landing-page-optimization,tools,tools,,content
hotjar.com,https://www.hotjar.com/product-feedback/,2023-04-26,product-feedback,product-feedback,product feedback,,content
hotjar.com,https://www.hotjar.com/customer-journey-map/touchpoints/,2023-04-21,customer-journey-map,touchpoints,touchpoints,,content
hotjar.com,https://www.hotjar.com/customer-journey-map/stages/,2023-04-21,customer-journey-map,stages,stages,,content
hotjar.com,https://www.hotjar.com/customer-journey-map/benefits/,2023-04-21,customer-journey-map,benefits,benefits,,content
hotjar.com,https://www.hotjar.com/feedback/collect/,2023-04-20,feedback,collect,collect,,content
hotjar.com,https://www.hotjar.com/user-testing/examples/,2023-04-20,user-testing,examples,examples,,content
hotjar.com,https://www.hotjar.com/concept-testing/,2023-04-18,concept-testing,concept-testing,concept testing,,content
hotjar.com,https://www.hotjar.com/feedback/tips/,2023-04-18,feedback,tips,tips,,content
hotjar.com,https://www.hotjar.com/landing-page-optimization/mistakes/,2023-04-17,landing-page-optimization,mistakes,mistakes,,content
hotjar.com,https://www.hotjar.com/website-problems/design/,2023-04-14,website-problems,design,design,,content
hotjar.com,https://www.hotjar.com/ab-testing/metrics/,2023-04-13,ab-testing,metrics,metrics,,content
hotjar.com,https://www.hotjar.com/user-testing/,2023-04-07,user-testing,user-testing,user testing,,content
hotjar.com,https://www.hotjar.com/website-problems/seo/,2023-03-31,website-problems,seo,seo,,content
hotjar.com,https://www.hotjar.com/feedback/,2023-03-30,feedback,feedback,feedback,,noncontent
hotjar.com,https://www.hotjar.com/user-attributes/,2023-03-30,user-attributes,user-attributes,user attributes,,content
hotjar.com,https://www.hotjar.com/landing-page-optimization/how-to/,2023-03-30,landing-page-optimization,how-to,how to,,noncontent
hotjar.com,https://www.hotjar.com/website-problems/mobile/,2023-03-29,website-problems,mobile,mobile,,content
hotjar.com,https://www.hotjar.com/ab-testing/mistakes/,2023-03-28,ab-testing,mistakes,mistakes,,content
hotjar.com,https://www.hotjar.com/landing-page-optimization/checklist/,2023-03-28,landing-page-optimization,checklist,checklist,,content
hotjar.com,https://www.hotjar.com/website-problems/bugs/,2023-03-27,website-problems,bugs,bugs,,content
hotjar.com,https://www.hotjar.com/behavior-analytics/use-cases/,2023-03-22,behavior-analytics,use-cases,use cases,,content
hotjar.com,https://www.hotjar.com/ab-testing/examples/,2023-03-17,ab-testing,examples,examples,,content
hotjar.com,https://www.hotjar.com/behavior-analytics/metrics/,2023-03-15,behavior-analytics,metrics,metrics,,content
hotjar.com,https://www.hotjar.com/ab-testing/how-to/,2023-03-14,ab-testing,how-to,how to,,noncontent
hotjar.com,https://www.hotjar.com/ab-testing/tools/,2023-03-13,ab-testing,tools,tools,,content
hotjar.com,https://www.hotjar.com/landing-page-optimization/,2023-03-13,landing-page-optimization,landing-page-optimization,landing page optimization,,content
hotjar.com,https://www.hotjar.com/performance-reporting/software/,2023-03-08,performance-reporting,software,software,,content
hotjar.com,https://www.hotjar.com/performance-reporting/glossary/status-report/,2023-03-06,performance-reporting,status-report,status report,,content
hotjar.com,https://www.hotjar.com/behavior-analytics/checklist/,2023-03-03,behavior-analytics,checklist,checklist,,content
hotjar.com,https://www.hotjar.com/website-problems/ux/,2023-03-01,website-problems,ux,ux,,noncontent
hotjar.com,https://www.hotjar.com/ab-testing/,2023-03-01,ab-testing,ab-testing,ab testing,,content
hotjar.com,https://www.hotjar.com/performance-reporting/glossary/progress-report/,2023-03-01,performance-reporting,progress-report,progress report,,content
hotjar.com,https://www.hotjar.com/behavior-analytics/how-to/,2023-02-24,behavior-analytics,how-to,how to,,noncontent
hotjar.com,https://www.hotjar.com/customer-analytics/tools/,2023-02-23,customer-analytics,tools,tools,,content
hotjar.com,https://www.hotjar.com/performance-reporting/examples/website/,2023-02-23,performance-reporting,website,website,,content
hotjar.com,https://www.hotjar.com/ui-design/glossary/user-interface/,2023-02-20,ui-design,user-interface,user interface,,content
hotjar.com,https://www.hotjar.com/performance-reporting/glossary/trend-report/,2023-02-20,performance-reporting,trend-report,trend report,,content
hotjar.com,https://www.hotjar.com/performance-reporting/glossary/,2023-02-16,performance-reporting,glossary,glossary,,content
hotjar.com,https://www.hotjar.com/website-problems/,2023-02-15,website-problems,website-problems,website problems,,content
hotjar.com,https://www.hotjar.com/performance-reporting/examples/,2023-02-15,performance-reporting,examples,examples,,content
hotjar.com,https://www.hotjar.com/performance-reporting/,2023-02-13,performance-reporting,performance-reporting,performance reporting,,content
hotjar.com,https://www.hotjar.com/hotjar-for-teams/,2023-02-10,hotjar-for-teams,hotjar-for-teams,hotjar for teams,,content
hotjar.com,https://www.hotjar.com/ecommerce/analytics/tools/,2023-02-10,ecommerce,tools,tools,,content
hotjar.com,https://www.hotjar.com/ecommerce/glossary/website-conversion/,2023-02-08,ecommerce,website-conversion,website conversion,,content
hotjar.com,https://www.hotjar.com/ecommerce/platforms/wix-set-up-ecommerce/,2023-02-07,ecommerce,wix-set-up-ecommerce,wix set up ecommerce,,content
hotjar.com,https://www.hotjar.com/ui-design/glossary/wireframe/,2023-02-02,ui-design,wireframe,wireframe,,content
hotjar.com,https://www.hotjar.com/ecommerce/glossary/checkout-abandonment-rate/,2023-02-02,ecommerce,checkout-abandonment-rate,checkout abandonment rate,,content
hotjar.com,https://www.hotjar.com/ecommerce/cro/checkout-pages/,2023-01-31,ecommerce,checkout-pages,checkout pages,,content
hotjar.com,https://www.hotjar.com/ecommerce/glossary/micro-macro-conversions/,2023-01-31,ecommerce,micro-macro-conversions,micro macro conversions,,content
hotjar.com,https://www.hotjar.com/ecommerce/cro/reduce-cart-abandonment/,2023-01-31,ecommerce,reduce-cart-abandonment,reduce cart abandonment,,content
hotjar.com,https://www.hotjar.com/ecommerce/hotjar/feedback/,2023-01-30,ecommerce,feedback,feedback,,noncontent
hotjar.com,https://www.hotjar.com/ecommerce/glossary/clv/,2023-01-26,ecommerce,clv,clv,,content
hotjar.com,https://www.hotjar.com/ecommerce/web-design/examples/,2023-01-23,ecommerce,examples,examples,,content
hotjar.com,https://www.hotjar.com/ecommerce/web-design/tips/,2023-01-23,ecommerce,tips,tips,,content
hotjar.com,https://www.hotjar.com/ecommerce/web-design/shopping-cart-ideas/,2023-01-23,ecommerce,shopping-cart-ideas,shopping cart ideas,,content
hotjar.com,https://www.hotjar.com/ecommerce/platforms/woocommerce-increase-sales/,2023-01-23,ecommerce,woocommerce-increase-sales,woocommerce increase sales,,content
hotjar.com,https://www.hotjar.com/ecommerce/hotjar/surveys/,2023-01-23,ecommerce,surveys,surveys,,content
hotjar.com,https://www.hotjar.com/product-strategy/framework/,2023-01-23,product-strategy,framework,framework,,content
hotjar.com,https://www.hotjar.com/ecommerce/analytics/metrics/,2023-01-19,ecommerce,metrics,metrics,,content
hotjar.com,https://www.hotjar.com/ecommerce/cro/seo-product-descriptions/,2023-01-19,ecommerce,seo-product-descriptions,seo product descriptions,,content
hotjar.com,https://www.hotjar.com/ui-design/glossary/prototype/,2023-01-13,ui-design,prototype,prototype,,content
hotjar.com,https://www.hotjar.com/ecommerce/glossary/roi/,2023-01-13,ecommerce,roi,roi,,content
hotjar.com,https://www.hotjar.com/ui-design/vs-ux-design/,2023-01-09,ui-design,vs-ux-design,vs ux design,,content
hotjar.com,https://www.hotjar.com/ecommerce/analytics/,2023-01-09,ecommerce,analytics,analytics,,content
hotjar.com,https://www.hotjar.com/ecommerce/hotjar/recordings/,2023-01-06,ecommerce,recordings,recordings,,content
hotjar.com,https://www.hotjar.com/ecommerce/jtbd/,2023-01-05,ecommerce,jtbd,jtbd,,content
hotjar.com,https://www.hotjar.com/ui-design/glossary/,2022-12-23,ui-design,glossary,glossary,,content
hotjar.com,https://www.hotjar.com/ecommerce/platforms/squarespace-ecommerce-examples/,2022-12-23,ecommerce,squarespace-ecommerce-examples,squarespace ecommerce examples,,content
hotjar.com,https://www.hotjar.com/ecommerce/ux/customer-journey-mapping/,2022-12-16,ecommerce,customer-journey-mapping,customer journey mapping,,content
hotjar.com,https://www.hotjar.com/user-onboarding/challenges/,2022-12-13,user-onboarding,challenges,challenges,,content
hotjar.com,https://www.hotjar.com/ecommerce/web-design/,2022-12-13,ecommerce,web-design,web design,,content
hotjar.com,https://www.hotjar.com/ecommerce/cro/b2b/,2022-12-13,ecommerce,b2b,b2b,,content
hotjar.com,https://www.hotjar.com/ecommerce/cro/,2022-12-12,ecommerce,cro,cro,,content
hotjar.com,https://www.hotjar.com/ecommerce/platforms/shopify-increase-conversions/,2022-12-12,ecommerce,shopify-increase-conversions,shopify increase conversions,,content
hotjar.com,https://www.hotjar.com/ecommerce/ux/shopping-cart/,2022-12-12,ecommerce,shopping-cart,shopping cart,,content
hotjar.com,https://www.hotjar.com/ecommerce/ux/,2022-12-12,ecommerce,ux,ux,,noncontent
hotjar.com,https://www.hotjar.com/ecommerce/hotjar/heatmaps/,2022-12-12,ecommerce,heatmaps,heatmaps,,content
hotjar.com,https://www.hotjar.com/ecommerce/hotjar/integrations/,2022-12-02,ecommerce,integrations,integrations,,content
hotjar.com,https://www.hotjar.com/user-onboarding/best-practices/,2022-12-02,user-onboarding,best-practices,best practices,,content
hotjar.com,https://www.hotjar.com/ecommerce/platforms/,2022-12-02,ecommerce,platforms,platforms,,content
hotjar.com,https://www.hotjar.com/ui-design/examples/,2022-11-30,ui-design,examples,examples,,content
hotjar.com,https://www.hotjar.com/ecommerce/glossary/,2022-11-30,ecommerce,glossary,glossary,,content
hotjar.com,https://www.hotjar.com/user-onboarding/checklist/,2022-11-29,user-onboarding,checklist,checklist,,content
hotjar.com,https://www.hotjar.com/ecommerce/hotjar/,2022-11-29,ecommerce,hotjar,hotjar,,content
hotjar.com,https://www.hotjar.com/customer-feedback/benefits/,2022-11-28,customer-feedback,benefits,benefits,,content
hotjar.com,https://www.hotjar.com/ecommerce/,2022-11-23,ecommerce,ecommerce,ecommerce,,content
hotjar.com,https://www.hotjar.com/website-engagement-tracking/,2022-11-23,website-engagement-tracking,website-engagement-tracking,website engagement tracking,,content
hotjar.com,https://www.hotjar.com/website-engagement-tracking/strategies/,2022-11-22,website-engagement-tracking,strategies,strategies,,content
hotjar.com,https://www.hotjar.com/customer-retention/metrics/,2022-11-21,customer-retention,metrics,metrics,,content
hotjar.com,https://www.hotjar.com/product-management-101/process/,2022-11-18,product-management-101,process,process,,content
hotjar.com,https://www.hotjar.com/product-management-101/product-marketing-vs-product-management/,2022-11-16,product-management-101,product-marketing-vs-product-management,product marketing vs product management,,content
hotjar.com,https://www.hotjar.com/customer-activation/examples/,2022-11-15,customer-activation,examples,examples,,content
hotjar.com,https://www.hotjar.com/customer-retention/software/,2022-11-09,customer-retention,software,software,,content
hotjar.com,https://www.hotjar.com/product-feedback/tools/,2022-11-07,product-feedback,tools,tools,,content
hotjar.com,https://www.hotjar.com/user-engagement/examples/,2022-11-07,user-engagement,examples,examples,,content
hotjar.com,https://www.hotjar.com/customer-retention/examples/,2022-11-07,customer-retention,examples,examples,,content
hotjar.com,https://www.hotjar.com/customer-churn/software/,2022-11-03,customer-churn,software,software,,content
hotjar.com,https://www.hotjar.com/customer-churn/,2022-11-02,customer-churn,customer-churn,customer churn,,content
hotjar.com,https://www.hotjar.com/customer-feedback/examples/,2022-11-02,customer-feedback,examples,examples,,content
hotjar.com,https://www.hotjar.com/customer-feedback/software/,2022-11-02,customer-feedback,software,software,,content
hotjar.com,https://www.hotjar.com/customer-retention/benefits/,2022-11-02,customer-retention,benefits,benefits,,content
hotjar.com,https://www.hotjar.com/holiday-readiness/increase-holiday-sales/,2022-10-27,holiday-readiness,increase-holiday-sales,increase holiday sales,,content
hotjar.com,https://www.hotjar.com/ui-design/problems/,2022-10-27,ui-design,problems,problems,,content
hotjar.com,https://www.hotjar.com/product-feedback/examples/,2022-10-27,product-feedback,examples,examples,,content
hotjar.com,https://www.hotjar.com/user-sentiment/analysis-examples/,2022-10-27,user-sentiment,analysis-examples,analysis examples,,content
hotjar.com,https://www.hotjar.com/user-sentiment/analysis-software/,2022-10-27,user-sentiment,analysis-software,analysis software,,content
hotjar.com,https://www.hotjar.com/customer-feedback/strategy/,2022-10-26,customer-feedback,strategy,strategy,,content
hotjar.com,https://www.hotjar.com/holiday-readiness/post-holiday-analysis/,2022-10-26,holiday-readiness,post-holiday-analysis,post holiday analysis,,content
hotjar.com,https://www.hotjar.com/holiday-readiness/before-traffic-spike/,2022-10-26,holiday-readiness,before-traffic-spike,before traffic spike,,content
hotjar.com,https://www.hotjar.com/holiday-readiness/,2022-10-26,holiday-readiness,holiday-readiness,holiday readiness,,content
hotjar.com,https://www.hotjar.com/customer-feedback/,2022-10-25,customer-feedback,customer-feedback,customer feedback,,content
hotjar.com,https://www.hotjar.com/product-roadmaps/product-manager/,2022-10-25,product-roadmaps,product-manager,product manager,,content
hotjar.com,https://www.hotjar.com/customer-retention/strategies/,2022-10-24,customer-retention,strategies,strategies,,content
hotjar.com,https://www.hotjar.com/customer-churn/strategies/,2022-10-21,customer-churn,strategies,strategies,,content
hotjar.com,https://www.hotjar.com/customer-feedback/trends/,2022-10-19,customer-feedback,trends,trends,,content
hotjar.com,https://www.hotjar.com/growth-product-management/first-1000-users/,2022-10-19,growth-product-management,first-1000-users,first 1000 users,,content
hotjar.com,https://www.hotjar.com/ui-design/,2022-10-19,ui-design,ui-design,ui design,,content
hotjar.com,https://www.hotjar.com/website-monitoring/,2022-10-18,website-monitoring,website-monitoring,website monitoring,,content
hotjar.com,https://www.hotjar.com/customer-retention/,2022-10-17,customer-retention,customer-retention,customer retention,,content
hotjar.com,https://www.hotjar.com/product-roadmaps/strategy/,2022-10-14,product-roadmaps,strategy,strategy,,content
hotjar.com,https://www.hotjar.com/ux-research/,2022-10-11,ux-research,ux-research,ux research,,content
hotjar.com,https://www.hotjar.com/product-design/,2022-10-11,product-design,product-design,product design,,content
hotjar.com,https://www.hotjar.com/user-sentiment/,2022-10-10,user-sentiment,user-sentiment,user sentiment,,content
hotjar.com,https://www.hotjar.com/customer-insights/strategy/,2022-10-10,customer-insights,strategy,strategy,,content
hotjar.com,https://www.hotjar.com/user-sentiment/analysis-process/,2022-10-10,user-sentiment,analysis-process,analysis process,,content
hotjar.com,https://www.hotjar.com/user-onboarding/software/,2022-10-10,user-onboarding,software,software,,content
hotjar.com,https://www.hotjar.com/customer-insights/b2b/,2022-10-10,customer-insights,b2b,b2b,,content
hotjar.com,https://www.hotjar.com/ui-design/trends/,2022-10-10,ui-design,trends,trends,,content
hotjar.com,https://www.hotjar.com/product-roadmaps/presentation/,2022-10-05,product-roadmaps,presentation,presentation,,content
hotjar.com,https://www.hotjar.com/ui-design/principles/,2022-10-05,ui-design,principles,principles,,content
hotjar.com,https://www.hotjar.com/user-onboarding/examples/,2022-10-04,user-onboarding,examples,examples,,content
hotjar.com,https://www.hotjar.com/user-onboarding/process/,2022-10-04,user-onboarding,process,process,,content
hotjar.com,https://www.hotjar.com/ui-design/tools/,2022-09-30,ui-design,tools,tools,,content
hotjar.com,https://www.hotjar.com/product-adoption/metrics/,2022-09-29,product-adoption,metrics,metrics,,content
hotjar.com,https://www.hotjar.com/product-adoption/process/,2022-09-29,product-adoption,process,process,,content
hotjar.com,https://www.hotjar.com/user-engagement/software/,2022-09-28,user-engagement,software,software,,content
hotjar.com,https://www.hotjar.com/customer-insights/platforms/,2022-09-22,customer-insights,platforms,platforms,,content
hotjar.com,https://www.hotjar.com/product-roadmaps/tools/,2022-09-19,product-roadmaps,tools,tools,,content
hotjar.com,https://www.hotjar.com/customer-insights/,2022-09-15,customer-insights,customer-insights,customer insights,,content
hotjar.com,https://www.hotjar.com/product-roadmaps/templates/,2022-09-15,product-roadmaps,templates,templates,,content
hotjar.com,https://www.hotjar.com/user-sentiment/survey-analysis/,2022-09-14,user-sentiment,survey-analysis,survey analysis,,content
hotjar.com,https://www.hotjar.com/trends-tool/spot-patterns/,2022-09-14,trends-tool,spot-patterns,spot patterns,,content
hotjar.com,https://www.hotjar.com/product-adoption/strategies/,2022-09-09,product-adoption,strategies,strategies,,content
hotjar.com,https://www.hotjar.com/customer-satisfaction/challenges-and-solutions/,2022-09-08,customer-satisfaction,challenges-and-solutions,challenges and solutions,,content
hotjar.com,https://www.hotjar.com/product-adoption/examples/,2022-09-07,product-adoption,examples,examples,,content
hotjar.com,https://www.hotjar.com/customer-satisfaction/techniques/,2022-09-07,customer-satisfaction,techniques,techniques,,content
hotjar.com,https://www.hotjar.com/product-roadmaps/prioritization/,2022-09-07,product-roadmaps,prioritization,prioritization,,content
hotjar.com,https://www.hotjar.com/trends-tool/,2022-09-07,trends-tool,trends-tool,trends tool,,content
hotjar.com,https://www.hotjar.com/marketing-funnel/saas/,2022-09-06,marketing-funnel,saas,saas,,content
hotjar.com,https://www.hotjar.com/product-roadmaps/best-practices/,2022-09-05,product-roadmaps,best-practices,best practices,,content
hotjar.com,https://www.hotjar.com/product-roadmaps/benefits/,2022-09-05,product-roadmaps,benefits,benefits,,content
hotjar.com,https://www.hotjar.com/user-engagement/metrics/,2022-09-02,user-engagement,metrics,metrics,,content
hotjar.com,https://www.hotjar.com/user-engagement/strategies/,2022-09-01,user-engagement,strategies,strategies,,content
hotjar.com,https://www.hotjar.com/growth-product-management/tools/,2022-08-31,growth-product-management,tools,tools,,content
hotjar.com,https://www.hotjar.com/product-adoption/software/,2022-08-31,product-adoption,software,software,,content
hotjar.com,https://www.hotjar.com/product-adoption/,2022-08-31,product-adoption,product-adoption,product adoption,,content
hotjar.com,https://www.hotjar.com/marketing-funnel/saas-metrics/,2022-08-30,marketing-funnel,saas-metrics,saas metrics,,content
hotjar.com,https://www.hotjar.com/marketing-funnel/tools/,2022-08-29,marketing-funnel,tools,tools,,content
hotjar.com,https://www.hotjar.com/events/product-event-tracking/,2022-08-25,events,product-event-tracking,product event tracking,,content
hotjar.com,https://www.hotjar.com/growth-product-management/vs-product-led-growth/,2022-08-24,growth-product-management,vs-product-led-growth,vs product led growth,,content
hotjar.com,https://www.hotjar.com/customer-analytics/benefits/,2022-08-23,customer-analytics,benefits,benefits,,content
hotjar.com,https://www.hotjar.com/customer-satisfaction/tools/,2022-08-22,customer-satisfaction,tools,tools,,content
hotjar.com,https://www.hotjar.com/product-roadmaps/,2022-08-19,product-roadmaps,product-roadmaps,product roadmaps,,content
hotjar.com,https://www.hotjar.com/growth-product-management/sustainable-growth/,2022-08-19,growth-product-management,sustainable-growth,sustainable growth,,content
hotjar.com,https://www.hotjar.com/user-onboarding/,2022-08-17,user-onboarding,user-onboarding,user onboarding,,content
hotjar.com,https://www.hotjar.com/events/set-up/,2022-08-17,events,set-up,set up,,content
hotjar.com,https://www.hotjar.com/events/,2022-08-17,events,events,events,,content
hotjar.com,https://www.hotjar.com/customer-analytics/trends/,2022-08-12,customer-analytics,trends,trends,,content
hotjar.com,https://www.hotjar.com/website-engagement-tracking/metrics/,2022-08-10,website-engagement-tracking,metrics,metrics,,content
hotjar.com,https://www.hotjar.com/website-engagement-tracking/tools/,2022-08-10,website-engagement-tracking,tools,tools,,content
hotjar.com,https://www.hotjar.com/growth-product-management/strategy/,2022-08-10,growth-product-management,strategy,strategy,,content
hotjar.com,https://www.hotjar.com/product-experience-insights/examples/,2022-08-10,product-experience-insights,examples,examples,,content
hotjar.com,https://www.hotjar.com/product-led-growth/marketing/,2022-08-10,product-led-growth,marketing,marketing,,content
hotjar.com,https://www.hotjar.com/growth-product-management/growth-product-manager/,2022-08-05,growth-product-management,growth-product-manager,growth product manager,,content
hotjar.com,https://www.hotjar.com/growth-product-management/,2022-08-05,growth-product-management,growth-product-management,growth product management,,content
hotjar.com,https://www.hotjar.com/customer-experience/challenges/,2022-08-05,customer-experience,challenges,challenges,,content
hotjar.com,https://www.hotjar.com/customer-activation/tools/,2022-08-02,customer-activation,tools,tools,,content
hotjar.com,https://www.hotjar.com/customer-activation/strategies/,2022-08-02,customer-activation,strategies,strategies,,content
hotjar.com,https://www.hotjar.com/customer-activation/,2022-08-02,customer-activation,customer-activation,customer activation,,content
hotjar.com,https://www.hotjar.com/customer-activation/metrics/,2022-08-01,customer-activation,metrics,metrics,,content
hotjar.com,https://www.hotjar.com/customer-analytics/ecommerce/,2022-08-01,customer-analytics,ecommerce,ecommerce,,content
hotjar.com,https://www.hotjar.com/customer-satisfaction/,2022-08-01,customer-satisfaction,customer-satisfaction,customer satisfaction,,content
hotjar.com,https://www.hotjar.com/customer-satisfaction/metrics/,2022-08-01,customer-satisfaction,metrics,metrics,,content
hotjar.com,https://www.hotjar.com/customer-experience/B2B/,2022-08-01,customer-experience,b2b,b2b,,content
hotjar.com,https://www.hotjar.com/user-attributes/product-user-segmentation/,2022-07-26,user-attributes,product-user-segmentation,product user segmentation,,content
hotjar.com,https://www.hotjar.com/user-attributes/segmentation-benefits/,2022-07-26,user-attributes,segmentation-benefits,segmentation benefits,,content
hotjar.com,https://www.hotjar.com/customer-satisfaction/goals/,2022-07-25,customer-satisfaction,goals,goals,,content
hotjar.com,https://www.hotjar.com/customer-analytics/strategy/,2022-07-20,customer-analytics,strategy,strategy,,content
hotjar.com,https://www.hotjar.com/customer-analytics/,2022-07-20,customer-analytics,customer-analytics,customer analytics,,content
hotjar.com,https://www.hotjar.com/conversion-rate-optimization/ecommerce/,2022-07-14,conversion-rate-optimization,ecommerce,ecommerce,,content
hotjar.com,https://www.hotjar.com/highlights-guide/for-product-teams/,2022-07-14,highlights-guide,for-product-teams,for product teams,,content
hotjar.com,https://www.hotjar.com/highlights-guide/how-to-use/,2022-07-14,highlights-guide,how-to-use,how to use,,noncontent
hotjar.com,https://www.hotjar.com/highlights-guide/,2022-07-14,highlights-guide,highlights-guide,highlights guide,,content
hotjar.com,https://www.hotjar.com/customer-experience/saas/,2022-07-14,customer-experience,saas,saas,,content
hotjar.com,https://www.hotjar.com/customer-experience/metrics/,2022-07-11,customer-experience,metrics,metrics,,content
hotjar.com,https://www.hotjar.com/customer-experience/roadmap/,2022-07-08,customer-experience,roadmap,roadmap,,content
hotjar.com,https://www.hotjar.com/product-led-growth/saas/,2022-07-04,product-led-growth,saas,saas,,content
hotjar.com,https://www.hotjar.com/product-led-growth/tools/,2022-06-30,product-led-growth,tools,tools,,content
hotjar.com,https://www.hotjar.com/customer-experience/ecommerce/,2022-06-29,customer-experience,ecommerce,ecommerce,,content
hotjar.com,https://www.hotjar.com/customer-experience/software/,2022-06-29,customer-experience,software,software,,content
hotjar.com,https://www.hotjar.com/product-led-growth/funnel-vs-flywheel/,2022-06-16,product-led-growth,funnel-vs-flywheel,funnel vs flywheel,,content
hotjar.com,https://www.hotjar.com/customer-journey-map/b2b-stages/,2022-06-15,customer-journey-map,b2b-stages,b2b stages,,content
hotjar.com,https://www.hotjar.com/product-led-growth/metrics/,2022-06-15,product-led-growth,metrics,metrics,,content
hotjar.com,https://www.hotjar.com/product-led-growth/benefits/,2022-06-15,product-led-growth,benefits,benefits,,content
hotjar.com,https://www.hotjar.com/customer-journey-map/research/,2022-06-07,customer-journey-map,research,research,,content
hotjar.com,https://www.hotjar.com/customer-journey-map/examples/,2022-06-07,customer-journey-map,examples,examples,,content
hotjar.com,https://www.hotjar.com/design-thinking/agile/,2022-06-06,design-thinking,agile,agile,,content
hotjar.com,https://www.hotjar.com/product-led-growth/strategy/,2022-06-02,product-led-growth,strategy,strategy,,content
hotjar.com,https://www.hotjar.com/design-thinking/methodology/,2022-06-01,design-thinking,methodology,methodology,,content
hotjar.com,https://www.hotjar.com/customer-journey-map/kpis/,2022-06-01,customer-journey-map,kpis,kpis,,content
hotjar.com,https://www.hotjar.com/customer-journey-map/best-practices/,2022-06-01,customer-journey-map,best-practices,best practices,,content
hotjar.com,https://www.hotjar.com/product-led-growth/,2022-06-01,product-led-growth,product-led-growth,product led growth,,content
hotjar.com,https://www.hotjar.com/web-app-design/,2022-05-24,web-app-design,web-app-design,web app design,,content
hotjar.com,https://www.hotjar.com/hotjar-for-teams/watch-party/,2022-05-24,hotjar-for-teams,watch-party,watch party,,content
hotjar.com,https://www.hotjar.com/website-optimization/tools/,2022-05-18,website-optimization,tools,tools,,content
hotjar.com,https://www.hotjar.com/design-thinking/tools/,2022-05-12,design-thinking,tools,tools,,content
hotjar.com,https://www.hotjar.com/web-app-design/templates/,2022-05-09,web-app-design,templates,templates,,content
hotjar.com,https://www.hotjar.com/design-thinking/problem-statement-examples/,2022-05-09,design-thinking,problem-statement-examples,problem statement examples,,content
hotjar.com,https://www.hotjar.com/design-thinking/examples/,2022-05-09,design-thinking,examples,examples,,content
hotjar.com,https://www.hotjar.com/web-app-design/best-practices/,2022-05-05,web-app-design,best-practices,best practices,,content
hotjar.com,https://www.hotjar.com/design-thinking/process/,2022-05-04,design-thinking,process,process,,content
hotjar.com,https://www.hotjar.com/web-app-design/principles/,2022-05-04,web-app-design,principles,principles,,content
hotjar.com,https://www.hotjar.com/web-app-design/patterns/,2022-05-04,web-app-design,patterns,patterns,,content
hotjar.com,https://www.hotjar.com/website-optimization/test-your-website-for-success/,2022-05-04,website-optimization,test-your-website-for-success,test your website for success,,content
hotjar.com,https://www.hotjar.com/website-optimization/,2022-05-04,website-optimization,website-optimization,website optimization,,content
hotjar.com,https://www.hotjar.com/web-app-design/software/,2022-05-03,web-app-design,software,software,,content
hotjar.com,https://www.hotjar.com/web-app-design/UX-UI-tips/,2022-05-03,web-app-design,ux-ui-tips,ux ui tips,,content
hotjar.com,https://www.hotjar.com/web-app-design/examples/,2022-05-02,web-app-design,examples,examples,,content
hotjar.com,https://www.hotjar.com/website-optimization/questions-to-ask/,2022-05-02,website-optimization,questions-to-ask,questions to ask,,content
hotjar.com,https://www.hotjar.com/website-optimization/techniques/,2022-05-02,website-optimization,techniques,techniques,,content
hotjar.com,https://www.hotjar.com/website-monitoring/best-practices/,2022-04-29,website-monitoring,best-practices,best practices,,content
hotjar.com,https://www.hotjar.com/website-monitoring/checklist/,2022-04-29,website-monitoring,checklist,checklist,,content
hotjar.com,https://www.hotjar.com/design-thinking/vs-human-centered-design/,2022-04-29,design-thinking,vs-human-centered-design,vs human centered design,,content
hotjar.com,https://www.hotjar.com/design-thinking/,2022-04-29,design-thinking,design-thinking,design thinking,,content
hotjar.com,https://www.hotjar.com/website-optimization/roadmap/,2022-04-27,website-optimization,roadmap,roadmap,,content
hotjar.com,https://www.hotjar.com/website-optimization/checklist/,2022-04-27,website-optimization,checklist,checklist,,content
hotjar.com,https://www.hotjar.com/product-experimentation/framework/,2022-04-27,product-experimentation,framework,framework,,content
hotjar.com,https://www.hotjar.com/product-prioritization/frameworks/,2022-04-22,product-prioritization,frameworks,frameworks,,content
hotjar.com,https://www.hotjar.com/website-monitoring/tools/,2022-04-22,website-monitoring,tools,tools,,content
hotjar.com,https://www.hotjar.com/website-monitoring/metrics/,2022-04-21,website-monitoring,metrics,metrics,,content
hotjar.com,https://www.hotjar.com/website-monitoring/advantages-disadvantages/,2022-04-19,website-monitoring,advantages-disadvantages,advantages disadvantages,,content
hotjar.com,https://www.hotjar.com/product-design/ideas/,2022-04-12,product-design,ideas,ideas,,content
hotjar.com,https://www.hotjar.com/product-design/testing-methods/,2022-04-11,product-design,testing-methods,testing methods,,content
hotjar.com,https://www.hotjar.com/product-design/examples/,2022-04-11,product-design,examples,examples,,content
hotjar.com,https://www.hotjar.com/product-design/tools/,2022-04-11,product-design,tools,tools,,content
hotjar.com,https://www.hotjar.com/product-design/questions/,2022-04-11,product-design,questions,questions,,content
hotjar.com,https://www.hotjar.com/product-design/process/,2022-04-11,product-design,process,process,,content
hotjar.com,https://www.hotjar.com/ux-research/examples/,2022-04-11,ux-research,examples,examples,,content
hotjar.com,https://www.hotjar.com/product-experimentation/validation/,2022-04-08,product-experimentation,validation,validation,,content
hotjar.com,https://www.hotjar.com/ux-research/process/,2022-04-07,ux-research,process,process,,content
hotjar.com,https://www.hotjar.com/product-experimentation/tools/,2022-04-05,product-experimentation,tools,tools,,content
hotjar.com,https://www.hotjar.com/ux-research/questions/,2022-03-25,ux-research,questions,questions,,content
hotjar.com,https://www.hotjar.com/ux-research/tools/,2022-03-25,ux-research,tools,tools,,content
hotjar.com,https://www.hotjar.com/product-prioritization/tools/,2022-03-23,product-prioritization,tools,tools,,content
hotjar.com,https://www.hotjar.com/product-planning/step-by-step-framework/,2022-03-22,product-planning,step-by-step-framework,step by step framework,,content
hotjar.com,https://www.hotjar.com/product-experimentation/,2022-03-18,product-experimentation,product-experimentation,product experimentation,,content
hotjar.com,https://www.hotjar.com/product-prioritization/,2022-03-18,product-prioritization,product-prioritization,product prioritization,,content
hotjar.com,https://www.hotjar.com/product-experience-insights/metrics/,2022-03-14,product-experience-insights,metrics,metrics,,content
hotjar.com,https://www.hotjar.com/product-discovery/tools/,2022-02-22,product-discovery,tools,tools,,content
hotjar.com,https://www.hotjar.com/product-planning/tools/,2022-02-15,product-planning,tools,tools,,content
hotjar.com,https://www.hotjar.com/product-planning/,2022-02-14,product-planning,product-planning,product planning,,content
hotjar.com,https://www.hotjar.com/product-management-glossary/product-launch/,2022-02-10,product-management-glossary,product-launch,product launch,,content
hotjar.com,https://www.hotjar.com/product-discovery/process-framework/,2022-01-31,product-discovery,process-framework,process framework,,content
hotjar.com,https://www.hotjar.com/product-discovery/,2022-01-28,product-discovery,product-discovery,product discovery,,content
hotjar.com,https://www.hotjar.com/product-management-101/product-owner-vs-product-manager/,2022-01-14,product-management-101,product-owner-vs-product-manager,product owner vs product manager,,content
hotjar.com,https://www.hotjar.com/product-discovery/questions-to-ask/,2022-01-13,product-discovery,questions-to-ask,questions to ask,,content
hotjar.com,https://www.hotjar.com/product-strategy/product-personas/,2022-01-07,product-strategy,product-personas,product personas,,content
hotjar.com,https://www.hotjar.com/product-strategy/product-goals-and-initiatives/,2022-01-07,product-strategy,product-goals-and-initiatives,product goals and initiatives,,content
hotjar.com,https://www.hotjar.com/product-management-101/product-management-lifecycle/,2021-12-16,product-management-101,product-management-lifecycle,product management lifecycle,,content
hotjar.com,https://www.hotjar.com/product-management-101/product-design-vs-project-management/,2021-12-15,product-management-101,product-design-vs-project-management,product design vs project management,,content
hotjar.com,https://www.hotjar.com/product-strategy/product-positioning-strategy/,2021-12-10,product-strategy,product-positioning-strategy,product positioning strategy,,content
hotjar.com,https://www.hotjar.com/product-strategy/product-vision-statement/,2021-12-10,product-strategy,product-vision-statement,product vision statement,,content
hotjar.com,https://www.hotjar.com/product-strategy/,2021-12-07,product-strategy,product-strategy,product strategy,,content
hotjar.com,https://www.hotjar.com/product-research/process-and-step-by-step-guide/,2021-12-03,product-research,process-and-step-by-step-guide,process and step by step guide,,content
hotjar.com,https://www.hotjar.com/product-management-glossary/product-market-fit/,2021-11-30,product-management-glossary,product-market-fit,product market fit,,content
hotjar.com,https://www.hotjar.com/product-management-101/product-management-vs-project-management/,2021-11-30,product-management-101,product-management-vs-project-management,product management vs project management,,content
hotjar.com,https://www.hotjar.com/product-research/how-to-prioritize-features/,2021-11-24,product-research,how-to-prioritize-features,how to prioritize features,,content
hotjar.com,https://www.hotjar.com/product-research/tools-and-software/,2021-11-24,product-research,tools-and-software,tools and software,,content
hotjar.com,https://www.hotjar.com/product-management-101/product-management-skills/,2021-11-23,product-management-101,product-management-skills,product management skills,,content
hotjar.com,https://www.hotjar.com/product-research/,2021-11-18,product-research,product-research,product research,,content
hotjar.com,https://www.hotjar.com/product-management-glossary/stakeholder-analysis/,2021-11-04,product-management-glossary,stakeholder-analysis,stakeholder analysis,,content
hotjar.com,https://www.hotjar.com/product-management-glossary/jobs-to-be-done/,2021-10-28,product-management-glossary,jobs-to-be-done,jobs to be done,,content
hotjar.com,https://www.hotjar.com/product-management-101/product-management-team-structure/,2021-10-18,product-management-101,product-management-team-structure,product management team structure,,content
hotjar.com,https://www.hotjar.com/product-experience-insights/product-analytics/,2021-10-07,product-experience-insights,product-analytics,product analytics,,content
hotjar.com,https://www.hotjar.com/product-experience-insights/improve-px/,2021-10-07,product-experience-insights,improve-px,improve px,,content
hotjar.com,https://www.hotjar.com/product-experience-insights/product-management-tools/,2021-10-06,product-experience-insights,product-management-tools,product management tools,,content
hotjar.com,https://www.hotjar.com/behavior-analytics/strategy/,2021-10-06,behavior-analytics,strategy,strategy,,content
hotjar.com,https://www.hotjar.com/ecommerce-tips/architecture/site-search//,2021-10-06,ecommerce-tips,site-search,site search,,content
hotjar.com,https://www.hotjar.com/grow-your-saas-startup/product-market-fit/,2021-10-06,grow-your-saas-startup,product-market-fit,product market fit,,content
hotjar.com,https://www.hotjar.com/ecommerce-tips/,2021-10-04,ecommerce-tips,ecommerce-tips,ecommerce tips,,content
hotjar.com,https://www.hotjar.com/product-management-glossary/minimum-viable-product/,2021-10-04,product-management-glossary,minimum-viable-product,minimum viable product,,content
hotjar.com,https://www.hotjar.com/product-management-glossary/,2021-10-04,product-management-glossary,product-management-glossary,product management glossary,,content
hotjar.com,https://www.hotjar.com/product-management-glossary/technical-debt/,2021-10-04,product-management-glossary,technical-debt,technical debt,,content
hotjar.com,https://www.hotjar.com/product-management-101/agile-product-management/,2021-10-04,product-management-101,agile-product-management,agile product management,,content
hotjar.com,https://www.hotjar.com/product-management-101/what-is-product-management/,2021-10-04,product-management-101,what-is-product-management,what is product management,,content
hotjar.com,https://www.hotjar.com/product-management-101/product-manager/,2021-10-04,product-management-101,product-manager,product manager,,content
hotjar.com,https://www.hotjar.com/product-management-101/,2021-10-04,product-management-101,product-management-101,product management 101,,content
hotjar.com,https://www.hotjar.com/product-experience-insights/,2021-09-28,product-experience-insights,product-experience-insights,product experience insights,,content
hotjar.com,https://www.hotjar.com/behavior-analytics/tools/,2021-09-28,behavior-analytics,tools,tools,,content
hotjar.com,https://www.hotjar.com/conversion-rate-optimization/glossary/ab-testing/,2021-09-27,conversion-rate-optimization,ab-testing,ab testing,,content
hotjar.com,https://www.hotjar.com/conversion-rate-optimization/landing-pages/,2021-09-27,conversion-rate-optimization,landing-pages,landing pages,,content
hotjar.com,https://www.hotjar.com/customer-journey-map/tools-features/,2021-09-27,customer-journey-map,tools-features,tools features,,content
hotjar.com,https://www.hotjar.com/grow-your-saas-startup/credits/,2021-09-15,grow-your-saas-startup,credits,credits,,content
hotjar.com,https://www.hotjar.com/grow-your-saas-startup/hiring/,2021-09-15,grow-your-saas-startup,hiring,hiring,,content
hotjar.com,https://www.hotjar.com/grow-your-saas-startup/operations/,2021-09-15,grow-your-saas-startup,operations,operations,,content
hotjar.com,https://www.hotjar.com/grow-your-saas-startup/product-launch/,2021-09-15,grow-your-saas-startup,product-launch,product launch,,content
hotjar.com,https://www.hotjar.com/grow-your-saas-startup/pricing-strategy/,2021-09-15,grow-your-saas-startup,pricing-strategy,pricing strategy,,content
hotjar.com,https://www.hotjar.com/grow-your-saas-startup/how-to-get-funding/,2021-09-15,grow-your-saas-startup,how-to-get-funding,how to get funding,,content
hotjar.com,https://www.hotjar.com/grow-your-saas-startup/product-positioning-and-branding/,2021-09-15,grow-your-saas-startup,product-positioning-and-branding,product positioning and branding,,content
hotjar.com,https://www.hotjar.com/grow-your-saas-startup/4-key-ingredients-for-success/,2021-09-14,grow-your-saas-startup,4-key-ingredients-for-success,4 key ingredients for success,,content
hotjar.com,https://www.hotjar.com/grow-your-saas-startup/,2021-09-14,grow-your-saas-startup,grow-your-saas-startup,grow your saas startup,,content
hotjar.com,https://www.hotjar.com/ecommerce-tips/architecture/website-accessibility/,2021-09-14,ecommerce-tips,website-accessibility,website accessibility,,content
hotjar.com,https://www.hotjar.com/ecommerce-tips/architecture/site-structure/,2021-09-14,ecommerce-tips,site-structure,site structure,,content
hotjar.com,https://www.hotjar.com/ecommerce-tips/design/inclusive-design/,2021-09-14,ecommerce-tips,inclusive-design,inclusive design,,content
hotjar.com,https://www.hotjar.com/ecommerce-tips/design/dark-patterns/,2021-09-14,ecommerce-tips,dark-patterns,dark patterns,,content
hotjar.com,https://www.hotjar.com/ecommerce-tips/design/design-metrics/,2021-09-14,ecommerce-tips,design-metrics,design metrics,,content
hotjar.com,https://www.hotjar.com/ecommerce-tips/experimentation/testing-tips/,2021-09-14,ecommerce-tips,testing-tips,testing tips,,content
hotjar.com,https://www.hotjar.com/ecommerce-tips/experimentation/testing-experimentation/,2021-09-14,ecommerce-tips,testing-experimentation,testing experimentation,,content
hotjar.com,https://www.hotjar.com/ecommerce-tips/experimentation/heatmap-testing/,2021-09-14,ecommerce-tips,heatmap-testing,heatmap testing,,content
hotjar.com,https://www.hotjar.com/ecommerce-tips/marketing/landing-page-facebook-ads-segmentation/,2021-09-14,ecommerce-tips,landing-page-facebook-ads-segmentation,landing page facebook ads segmentation,,content
hotjar.com,https://www.hotjar.com/ecommerce-tips/marketing/swipe-file-opt-in-tips/,2021-09-14,ecommerce-tips,swipe-file-opt-in-tips,swipe file opt in tips,,content
hotjar.com,https://www.hotjar.com/ecommerce-tips/marketing/emotional-triggers/,2021-09-14,ecommerce-tips,emotional-triggers,emotional triggers,,content
hotjar.com,https://www.hotjar.com/ecommerce-tips/marketing/crisis-marketing/,2021-09-14,ecommerce-tips,crisis-marketing,crisis marketing,,content
hotjar.com,https://www.hotjar.com/ecommerce-tips/marketing/customer-retention-emails/,2021-09-14,ecommerce-tips,customer-retention-emails,customer retention emails,,content
hotjar.com,https://www.hotjar.com/ecommerce-tips/feedback/ecommerce-surveys/,2021-09-14,ecommerce-tips,ecommerce-surveys,ecommerce surveys,,content
hotjar.com,https://www.hotjar.com/ecommerce-tips/feedback/exit-surveys-and-user-feedback/,2021-09-14,ecommerce-tips,exit-surveys-and-user-feedback,exit surveys and user feedback,,content
hotjar.com,https://www.hotjar.com/ecommerce-tips/ux/user-research/,2021-09-14,ecommerce-tips,user-research,user research,,content
hotjar.com,https://www.hotjar.com/ecommerce-tips/ux/improvements/,2021-09-14,ecommerce-tips,improvements,improvements,,content
hotjar.com,https://www.hotjar.com/ecommerce-tips/ux/user-interviews/,2021-09-14,ecommerce-tips,user-interviews,user interviews,,content
hotjar.com,https://www.hotjar.com/ecommerce-tips/architecture/,2021-09-14,ecommerce-tips,architecture,architecture,,content
hotjar.com,https://www.hotjar.com/ecommerce-tips/design/,2021-09-14,ecommerce-tips,design,design,,content
hotjar.com,https://www.hotjar.com/ecommerce-tips/experimentation/,2021-09-14,ecommerce-tips,experimentation,experimentation,,content
hotjar.com,https://www.hotjar.com/ecommerce-tips/ux/,2021-09-14,ecommerce-tips,ux,ux,,noncontent
hotjar.com,https://www.hotjar.com/ecommerce-tips/marketing/,2021-09-14,ecommerce-tips,marketing,marketing,,content
hotjar.com,https://www.hotjar.com/ecommerce-tips/feedback/,2021-09-14,ecommerce-tips,feedback,feedback,,noncontent
hotjar.com,https://www.hotjar.com/customer-experience/expert-tips/,2021-09-03,customer-experience,expert-tips,expert tips,,content
hotjar.com,https://www.hotjar.com/customer-experience/improve-strategy/,2021-09-03,customer-experience,improve-strategy,improve strategy,,content
hotjar.com,https://www.hotjar.com/customer-experience/analyze/,2021-09-03,customer-experience,analyze,analyze,,content
hotjar.com,https://www.hotjar.com/customer-experience/survey/,2021-09-03,customer-experience,survey,survey,,content
hotjar.com,https://www.hotjar.com/customer-experience/trends-and-stats/,2021-09-03,customer-experience,trends-and-stats,trends and stats,,content
hotjar.com,https://www.hotjar.com/customer-experience/,2021-09-03,customer-experience,customer-experience,customer experience,,content
hotjar.com,https://www.hotjar.com/behavior-analytics/,2021-09-03,behavior-analytics,behavior-analytics,behavior analytics,,content
hotjar.com,https://www.hotjar.com/website-redesign/tips/,2021-09-02,website-redesign,tips,tips,,content
hotjar.com,https://www.hotjar.com/website-redesign/research-process/,2021-09-02,website-redesign,research-process,research process,,content
hotjar.com,https://www.hotjar.com/website-redesign/,2021-09-02,website-redesign,website-redesign,website redesign,,content
hotjar.com,https://www.hotjar.com/customer-journey-map/tips-and-advice/,2021-09-01,customer-journey-map,tips-and-advice,tips and advice,,content
hotjar.com,https://www.hotjar.com/test-guide/,2021-08-11,test-guide,test-guide,test guide,,content
hotjar.com,https://www.hotjar.com/blog/remote-work-6-ways-to-get-it-right/,2024-12-17,blog,remote-work-6-ways-to-get-it-right,remote work 6 ways to get it right,,content
hotjar.com,https://www.hotjar.com/blog/analyze-open-ended-questions/,2024-08-08,blog,analyze-open-ended-questions,analyze open ended questions,,content
hotjar.com,https://www.hotjar.com/blog/on-site-surveys/,2024-08-07,blog,on-site-surveys,on site surveys,,content
hotjar.com,https://www.hotjar.com/blog/analyze-survey-data/,2024-08-07,blog,analyze-survey-data,analyze survey data,,content
hotjar.com,https://www.hotjar.com/blog/website-survey-questions/,2024-08-05,blog,website-survey-questions,website survey questions,,content
hotjar.com,https://www.hotjar.com/blog/customer-feedback-questions/,2024-08-05,blog,customer-feedback-questions,customer feedback questions,,content
hotjar.com,https://www.hotjar.com/blog/customer-satisfaction-survey/,2024-08-05,blog,customer-satisfaction-survey,customer satisfaction survey,,content
hotjar.com,https://www.hotjar.com/blog/user-personas/,2024-07-29,blog,user-personas,user personas,,content
hotjar.com,https://www.hotjar.com/blog/modernizing-hotjar-architecture/,2024-07-17,blog,modernizing-hotjar-architecture,modernizing hotjar architecture,,content
hotjar.com,https://www.hotjar.com/blog/hotjar-vs-lucky-orange/,2024-07-04,blog,hotjar-vs-lucky-orange,hotjar vs lucky orange,,content
hotjar.com,https://www.hotjar.com/blog/hotjar-vs-crazy-egg/,2024-07-03,blog,hotjar-vs-crazy-egg,hotjar vs crazy egg,,content
hotjar.com,https://www.hotjar.com/blog/hotjar-vs-smartlook/,2024-07-03,blog,hotjar-vs-smartlook,hotjar vs smartlook,,content
hotjar.com,https://www.hotjar.com/blog/hotjar-vs-microsoft-clarity/,2024-07-03,blog,hotjar-vs-microsoft-clarity,hotjar vs microsoft clarity,,content
hotjar.com,https://www.hotjar.com/blog/hotjar-vs-mouseflow/,2024-07-02,blog,hotjar-vs-mouseflow,hotjar vs mouseflow,,content
hotjar.com,https://www.hotjar.com/blog/hotjar-vs-fullstory/,2024-07-02,blog,hotjar-vs-fullstory,hotjar vs fullstory,,content
hotjar.com,https://www.hotjar.com/blog/google-analytics-alternatives/,2024-07-02,blog,google-analytics-alternatives,google analytics alternatives,,content
hotjar.com,https://www.hotjar.com/blog/hotjar-vs-posthog/,2024-06-27,blog,hotjar-vs-posthog,hotjar vs posthog,,content
hotjar.com,https://www.hotjar.com/blog/how-to-use-hotjar-ab-tasty-integration/,2024-06-25,blog,how-to-use-hotjar-ab-tasty-integration,how to use hotjar ab tasty integration,,content
hotjar.com,https://www.hotjar.com/blog/improve-website-ux-with-heatmaps/,2024-06-14,blog,improve-website-ux-with-heatmaps,improve website ux with heatmaps,,content
hotjar.com,https://www.hotjar.com/blog/fix-midmarket-website-conversion-drop/,2024-06-11,blog,fix-midmarket-website-conversion-drop,fix midmarket website conversion drop,,content
hotjar.com,https://www.hotjar.com/blog/midmarket-customer-interviews/,2024-06-04,blog,midmarket-customer-interviews,midmarket customer interviews,,content
hotjar.com,https://www.hotjar.com/blog/midmarket-website-user-experience/,2024-06-04,blog,midmarket-website-user-experience,midmarket website user experience,,content
hotjar.com,https://www.hotjar.com/blog/midmarket-feature-adoption/,2024-06-04,blog,midmarket-feature-adoption,midmarket feature adoption,,content
hotjar.com,https://www.hotjar.com/blog/optimize-pricing-page-midmarket/,2024-06-04,blog,optimize-pricing-page-midmarket,optimize pricing page midmarket,,content
hotjar.com,https://www.hotjar.com/blog/build-and-increase-customer-loyalty-midmarket/,2024-06-04,blog,build-and-increase-customer-loyalty-midmarket,build and increase customer loyalty midmarket,,content
hotjar.com,https://www.hotjar.com/blog/mixpanel-alternatives/,2024-06-04,blog,mixpanel-alternatives,mixpanel alternatives,,content
hotjar.com,https://www.hotjar.com/blog/integrations/,2024-05-30,blog,integrations,integrations,,content
hotjar.com,https://www.hotjar.com/blog/feature-adoption/,2024-04-04,blog,feature-adoption,feature adoption,,content
hotjar.com,https://www.hotjar.com/blog/website-experience/,2024-04-04,blog,website-experience,website experience,,content
hotjar.com,https://www.hotjar.com/blog/ecommerce-customer-journey/,2024-03-06,blog,ecommerce-customer-journey,ecommerce customer journey,,content
hotjar.com,https://www.hotjar.com/blog/how-to-use-hotjar/,2024-03-02,blog,how-to-use-hotjar,how to use hotjar,,content
hotjar.com,https://www.hotjar.com/blog/product-round-up-feb-2024/,2024-02-22,blog,product-round-up-feb-2024,product round up feb 2024,2024,content
hotjar.com,https://www.hotjar.com/blog/user-research-recruiting/,2024-02-20,blog,user-research-recruiting,user research recruiting,,content
hotjar.com,https://www.hotjar.com/blog/user-interview-transcripts/,2024-02-15,blog,user-interview-transcripts,user interview transcripts,,content
hotjar.com,https://www.hotjar.com/blog/rage-click-maps/,2024-02-06,blog,rage-click-maps,rage click maps,,content
hotjar.com,https://www.hotjar.com/blog/set-up-e-commerce-post-purchase-survey/,2024-02-03,blog,set-up-e-commerce-post-purchase-survey,set up e commerce post purchase survey,,content
hotjar.com,https://www.hotjar.com/blog/customer-interviews/,2024-02-01,blog,customer-interviews,customer interviews,,content
hotjar.com,https://www.hotjar.com/blog/user-behavior/,2024-01-31,blog,user-behavior,user behavior,,content
hotjar.com,https://www.hotjar.com/blog/design-driven-companies/,2024-01-26,blog,design-driven-companies,design driven companies,,content
hotjar.com,https://www.hotjar.com/blog/what-is-hotjar/,2024-01-26,blog,what-is-hotjar,what is hotjar,,content
hotjar.com,https://www.hotjar.com/blog/official-hotjar-plugin-for-wordpress/,2024-01-26,blog,official-hotjar-plugin-for-wordpress,official hotjar plugin for wordpress,,content
hotjar.com,https://www.hotjar.com/blog/hotjar-vs-google-analytics/,2024-01-26,blog,hotjar-vs-google-analytics,hotjar vs google analytics,,content
hotjar.com,https://www.hotjar.com/blog/click-tracking/,2024-01-25,blog,click-tracking,click tracking,,content
hotjar.com,https://www.hotjar.com/blog/scroll-tracking/,2024-01-25,blog,scroll-tracking,scroll tracking,,content
hotjar.com,https://www.hotjar.com/blog/rage-clicks/,2024-01-24,blog,rage-clicks,rage clicks,,content
hotjar.com,https://www.hotjar.com/blog/google-analytics-heat-map/,2024-01-23,blog,google-analytics-heat-map,google analytics heat map,,content
hotjar.com,https://www.hotjar.com/blog/how-to-use-regex/,2024-01-18,blog,how-to-use-regex,how to use regex,,content
hotjar.com,https://www.hotjar.com/blog/move-maps/,2024-01-03,blog,move-maps,move maps,,content
hotjar.com,https://www.hotjar.com/blog/engagement-zones/,2024-01-03,blog,engagement-zones,engagement zones,,content
hotjar.com,https://www.hotjar.com/blog/scroll-maps/,2024-01-03,blog,scroll-maps,scroll maps,,content
hotjar.com,https://www.hotjar.com/blog/homepage-design/,2023-12-20,blog,homepage-design,homepage design,,content
hotjar.com,https://www.hotjar.com/blog/impact-ai-ux-design/,2023-12-15,blog,impact-ai-ux-design,impact ai ux design,,content
hotjar.com,https://www.hotjar.com/blog/HOTSAUCE-recap/,2023-12-15,blog,hotsauce-recap,hotsauce recap,,content
hotjar.com,https://www.hotjar.com/blog/web-design-expectations-by-industry/,2023-12-13,blog,web-design-expectations-by-industry,web design expectations by industry,,content
hotjar.com,https://www.hotjar.com/blog/introducing-hotjar-dashboards/,2023-12-12,blog,introducing-hotjar-dashboards,introducing hotjar dashboards,,content
hotjar.com,https://www.hotjar.com/blog/data-driven-vs-data-informed/,2023-12-12,blog,data-driven-vs-data-informed,data driven vs data informed,,content
hotjar.com,https://www.hotjar.com/blog/will-ai-replace-human-writers/,2023-12-12,blog,will-ai-replace-human-writers,will ai replace human writers,,content
hotjar.com,https://www.hotjar.com/blog/dos-and-donts-of-design/,2023-12-07,blog,dos-and-donts-of-design,dos and donts of design,,content
hotjar.com,https://www.hotjar.com/blog/click-maps/,2023-12-01,blog,click-maps,click maps,,content
hotjar.com,https://www.hotjar.com/blog/poor-website-design/,2023-11-28,blog,poor-website-design,poor website design,,content
hotjar.com,https://www.hotjar.com/blog/2023-review/,2023-11-23,blog,2023-review,2023 review,2023,content
hotjar.com,https://www.hotjar.com/blog/company-values/,2023-11-22,blog,company-values,company values,,content
hotjar.com,https://www.hotjar.com/blog/product-round-up-nov-2023/,2023-11-22,blog,product-round-up-nov-2023,product round up nov 2023,2023,content
hotjar.com,https://www.hotjar.com/blog/product-round-up-oct-2023/,2023-11-01,blog,product-round-up-oct-2023,product round up oct 2023,2023,content
hotjar.com,https://www.hotjar.com/blog/perceived-performance-optimization/,2023-10-12,blog,perceived-performance-optimization,perceived performance optimization,,content
hotjar.com,https://www.hotjar.com/blog/customer-behavior-omnichannel-experience/,2023-10-05,blog,customer-behavior-omnichannel-experience,customer behavior omnichannel experience,,content
hotjar.com,https://www.hotjar.com/blog/new-ceo/,2023-09-29,blog,new-ceo,new ceo,,content
hotjar.com,https://www.hotjar.com/blog/embracing-ai-workplace/,2023-09-29,blog,embracing-ai-workplace,embracing ai workplace,,content
hotjar.com,https://www.hotjar.com/blog/ai-user-interviews/,2023-09-29,blog,ai-user-interviews,ai user interviews,,content
hotjar.com,https://www.hotjar.com/blog/improve-online-reputation/,2023-09-28,blog,improve-online-reputation,improve online reputation,,content
hotjar.com,https://www.hotjar.com/blog/seo-writing/,2023-09-25,blog,seo-writing,seo writing,,content
hotjar.com,https://www.hotjar.com/blog/hotjar-for-interaction-design/,2023-09-14,blog,hotjar-for-interaction-design,hotjar for interaction design,,content
hotjar.com,https://www.hotjar.com/blog/observability/,2023-09-12,blog,observability,observability,,content
hotjar.com,https://www.hotjar.com/blog/marketing-leader/,2023-09-07,blog,marketing-leader,marketing leader,,content
hotjar.com,https://www.hotjar.com/blog/market-research/,2023-09-01,blog,market-research,market research,,content
hotjar.com,https://www.hotjar.com/blog/evaluate-website-bugs/,2023-08-25,blog,evaluate-website-bugs,evaluate website bugs,,content
hotjar.com,https://www.hotjar.com/blog/build-and-increase-customer-loyalty/,2023-08-25,blog,build-and-increase-customer-loyalty,build and increase customer loyalty,,content
hotjar.com,https://www.hotjar.com/blog/improve-ux-increase-conversions/,2023-08-17,blog,improve-ux-increase-conversions,improve ux increase conversions,,content
hotjar.com,https://www.hotjar.com/blog/segmentation-improve-customer-experience/,2023-08-17,blog,segmentation-improve-customer-experience,segmentation improve customer experience,,content
hotjar.com,https://www.hotjar.com/blog/user-feedback-empathy-driven-design/,2023-08-17,blog,user-feedback-empathy-driven-design,user feedback empathy driven design,,content
hotjar.com,https://www.hotjar.com/blog/create-effective-landing-page-free-tools/,2023-08-14,blog,create-effective-landing-page-free-tools,create effective landing page free tools,,content
hotjar.com,https://www.hotjar.com/blog/hotjar-to-improve-ux/,2023-08-10,blog,hotjar-to-improve-ux,hotjar to improve ux,,content
hotjar.com,https://www.hotjar.com/blog/temporal-dead-zone/,2023-08-09,blog,temporal-dead-zone,temporal dead zone,,content
hotjar.com,https://www.hotjar.com/blog/hotjar-for-understanding-users/,2023-08-07,blog,hotjar-for-understanding-users,hotjar for understanding users,,content
hotjar.com,https://www.hotjar.com/blog/product-round-up-aug-2023/,2023-08-07,blog,product-round-up-aug-2023,product round up aug 2023,2023,content
hotjar.com,https://www.hotjar.com/blog/hotjar-for-data-analytics/,2023-08-03,blog,hotjar-for-data-analytics,hotjar for data analytics,,content
hotjar.com,https://www.hotjar.com/blog/hotjar-for-website-development/,2023-07-31,blog,hotjar-for-website-development,hotjar for website development,,content
hotjar.com,https://www.hotjar.com/blog/increase-website-traffic/,2023-07-28,blog,increase-website-traffic,increase website traffic,,content
hotjar.com,https://www.hotjar.com/blog/sales-call-preparation/,2023-07-27,blog,sales-call-preparation,sales call preparation,,content
hotjar.com,https://www.hotjar.com/blog/ux-improvements-hotjar-funnels/,2023-07-26,blog,ux-improvements-hotjar-funnels,ux improvements hotjar funnels,,content
hotjar.com,https://www.hotjar.com/blog/ideal-customer-profile/,2023-07-20,blog,ideal-customer-profile,ideal customer profile,,content
hotjar.com,https://www.hotjar.com/blog/market-gaps/,2023-07-20,blog,market-gaps,market gaps,,content
hotjar.com,https://www.hotjar.com/blog/frustrated-users/,2023-07-07,blog,frustrated-users,frustrated users,,content
hotjar.com,https://www.hotjar.com/blog/best-bi-tools/,2023-07-06,blog,best-bi-tools,best bi tools,,content
hotjar.com,https://www.hotjar.com/blog/hotjar-pride-panel-2023/,2023-07-06,blog,hotjar-pride-panel-2023,hotjar pride panel 2023,2023,content
hotjar.com,https://www.hotjar.com/blog/best-survey-tools/,2023-06-22,blog,best-survey-tools,best survey tools,,content
hotjar.com,https://www.hotjar.com/blog/valuable-customer-feedback/,2023-06-16,blog,valuable-customer-feedback,valuable customer feedback,,content
hotjar.com,https://www.hotjar.com/blog/ai-vs-human/,2023-06-13,blog,ai-vs-human,ai vs human,,content
hotjar.com,https://www.hotjar.com/blog/ai-impact-industries-2/,2023-06-13,blog,ai-impact-industries-2,ai impact industries 2,,content
hotjar.com,https://www.hotjar.com/blog/ai-impact-industries-1/,2023-06-13,blog,ai-impact-industries-1,ai impact industries 1,,content
hotjar.com,https://www.hotjar.com/blog/optimizely-integrations/,2023-06-12,blog,optimizely-integrations,optimizely integrations,,content
hotjar.com,https://www.hotjar.com/blog/menu-layout/,2023-06-09,blog,menu-layout,menu layout,,content
hotjar.com,https://www.hotjar.com/blog/test-website-prototype/,2023-06-08,blog,test-website-prototype,test website prototype,,content
hotjar.com,https://www.hotjar.com/blog/make-money-online/,2023-06-02,blog,make-money-online,make money online,,content
hotjar.com,https://www.hotjar.com/blog/introducing-hotjar-ai/,2023-06-01,blog,introducing-hotjar-ai,introducing hotjar ai,,content
hotjar.com,https://www.hotjar.com/blog/real-time-feedback/,2023-05-31,blog,real-time-feedback,real time feedback,,content
hotjar.com,https://www.hotjar.com/blog/increase-conversions/,2023-05-29,blog,increase-conversions,increase conversions,,content
hotjar.com,https://www.hotjar.com/blog/on-page-optimization-ux/,2023-05-29,blog,on-page-optimization-ux,on page optimization ux,,content
hotjar.com,https://www.hotjar.com/blog/conversion-bias/,2023-05-29,blog,conversion-bias,conversion bias,,content
hotjar.com,https://www.hotjar.com/blog/marketing-trends-ecommerce/,2023-05-17,blog,marketing-trends-ecommerce,marketing trends ecommerce,,content
hotjar.com,https://www.hotjar.com/blog/email-surveys/,2023-05-17,blog,email-surveys,email surveys,,content
hotjar.com,https://www.hotjar.com/blog/fix-website-conversion-drop/,2023-05-15,blog,fix-website-conversion-drop,fix website conversion drop,,content
hotjar.com,https://www.hotjar.com/blog/survey-examples/,2023-05-11,blog,survey-examples,survey examples,,content
hotjar.com,https://www.hotjar.com/blog/marketing-campaign-success/,2023-05-11,blog,marketing-campaign-success,marketing campaign success,,content
hotjar.com,https://www.hotjar.com/blog/website-users-drop-off/,2023-05-04,blog,website-users-drop-off,website users drop off,,content
hotjar.com,https://www.hotjar.com/blog/ux-analytics-tools/,2023-04-28,blog,ux-analytics-tools,ux analytics tools,,content
hotjar.com,https://www.hotjar.com/blog/product-analytics-tools/,2023-04-27,blog,product-analytics-tools,product analytics tools,,content
hotjar.com,https://www.hotjar.com/blog/better-alternatives-to-grind-and-guilt/,2023-04-26,blog,better-alternatives-to-grind-and-guilt,better alternatives to grind and guilt,,content
hotjar.com,https://www.hotjar.com/blog/pricing-page-optimization/,2023-04-26,blog,pricing-page-optimization,pricing page optimization,,content
hotjar.com,https://www.hotjar.com/blog/questions-from-candidates/,2023-04-11,blog,questions-from-candidates,questions from candidates,,content
hotjar.com,https://www.hotjar.com/blog/importance-of-lazy-loading-content/,2023-04-11,blog,importance-of-lazy-loading-content,importance of lazy loading content,,content
hotjar.com,https://www.hotjar.com/blog/google-optimize-alternatives/,2023-04-07,blog,google-optimize-alternatives,google optimize alternatives,,content
hotjar.com,https://www.hotjar.com/blog/slack-integrations/,2023-03-31,blog,slack-integrations,slack integrations,,content
hotjar.com,https://www.hotjar.com/blog/shopify-vs-squarespace/,2023-03-31,blog,shopify-vs-squarespace,shopify vs squarespace,,content
hotjar.com,https://www.hotjar.com/blog/google-analytics-integrations/,2023-03-23,blog,google-analytics-integrations,google analytics integrations,,content
hotjar.com,https://www.hotjar.com/blog/session-recordings-user-engagement/,2023-03-20,blog,session-recordings-user-engagement,session recordings user engagement,,content
hotjar.com,https://www.hotjar.com/blog/pingpong-hotjar-engage/,2023-03-20,blog,pingpong-hotjar-engage,pingpong hotjar engage,,content
hotjar.com,https://www.hotjar.com/blog/1-year-into-nps/,2023-03-20,blog,1-year-into-nps,1 year into nps,,content
hotjar.com,https://www.hotjar.com/blog/website-feedback/,2023-03-20,blog,website-feedback,website feedback,,content
hotjar.com,https://www.hotjar.com/blog/user-feedback/,2023-03-20,blog,user-feedback,user feedback,,content
hotjar.com,https://www.hotjar.com/blog/use-feedback-to-design-customer-centric-product/,2023-03-20,blog,use-feedback-to-design-customer-centric-product,use feedback to design customer centric product,,content
hotjar.com,https://www.hotjar.com/blog/customer-feedback/,2023-03-20,blog,customer-feedback,customer feedback,,content
hotjar.com,https://www.hotjar.com/blog/website-feedback-tools/,2023-03-20,blog,website-feedback-tools,website feedback tools,,content
hotjar.com,https://www.hotjar.com/blog/product-feedback/,2023-03-20,blog,product-feedback,product feedback,,content
hotjar.com,https://www.hotjar.com/blog/5-things-may-ruin-your-customer-satisfaction-surveys/,2023-03-20,blog,5-things-may-ruin-your-customer-satisfaction-surveys,5 things may ruin your customer satisfaction surveys,,content
hotjar.com,https://www.hotjar.com/blog/survey-questions/,2023-03-20,blog,survey-questions,survey questions,,content
hotjar.com,https://www.hotjar.com/blog/how-to-conduct-surveys/,2023-03-20,blog,how-to-conduct-surveys,how to conduct surveys,,content
hotjar.com,https://www.hotjar.com/blog/cart-abandonment-surveys/,2023-03-20,blog,cart-abandonment-surveys,cart abandonment surveys,,content
hotjar.com,https://www.hotjar.com/blog/cart-abandonment-reasons/,2023-02-21,blog,cart-abandonment-reasons,cart abandonment reasons,,content
hotjar.com,https://www.hotjar.com/blog/shopify-vs-bigcommerce/,2023-02-16,blog,shopify-vs-bigcommerce,shopify vs bigcommerce,,content
hotjar.com,https://www.hotjar.com/blog/get-ux-buy-in-ioana-teleanu/,2023-02-14,blog,get-ux-buy-in-ioana-teleanu,get ux buy in ioana teleanu,,content
hotjar.com,https://www.hotjar.com/blog/validate-assumptions/,2023-02-14,blog,validate-assumptions,validate assumptions,,content
hotjar.com,https://www.hotjar.com/blog/shopify-vs-woocommerce/,2023-02-13,blog,shopify-vs-woocommerce,shopify vs woocommerce,,content
hotjar.com,https://www.hotjar.com/blog/survey-templates-churn-abandonment/,2023-02-06,blog,survey-templates-churn-abandonment,survey templates churn abandonment,,content
hotjar.com,https://www.hotjar.com/blog/uncover-issues-prioritize-fixes/,2023-01-31,blog,uncover-issues-prioritize-fixes,uncover issues prioritize fixes,,content
hotjar.com,https://www.hotjar.com/blog/shopify-vs-wix/,2023-01-31,blog,shopify-vs-wix,shopify vs wix,,content
hotjar.com,https://www.hotjar.com/blog/session-recording-tools/,2023-01-26,blog,session-recording-tools,session recording tools,,content
hotjar.com,https://www.hotjar.com/blog/advanced-conversion-techniques/,2023-01-06,blog,advanced-conversion-techniques,advanced conversion techniques,,content
hotjar.com,https://www.hotjar.com/blog/brick-and-mortar-to-ecommerce/,2023-01-03,blog,brick-and-mortar-to-ecommerce,brick and mortar to ecommerce,,content
hotjar.com,https://www.hotjar.com/blog/cart-abandonment-stats/,2023-01-02,blog,cart-abandonment-stats,cart abandonment stats,,content
hotjar.com,https://www.hotjar.com/blog/recession-proof-online-business/,2022-12-23,blog,recession-proof-online-business,recession proof online business,,content
hotjar.com,https://www.hotjar.com/blog/ux-books-ioana-teleanu/,2022-12-13,blog,ux-books-ioana-teleanu,ux books ioana teleanu,,content
hotjar.com,https://www.hotjar.com/blog/ux-challenges-ioana-teleanu/,2022-11-29,blog,ux-challenges-ioana-teleanu,ux challenges ioana teleanu,,content
hotjar.com,https://www.hotjar.com/blog/work-time-laptop-time/,2022-11-21,blog,work-time-laptop-time,work time laptop time,,content
hotjar.com,https://www.hotjar.com/blog/break-into-UX-design/,2022-10-11,blog,break-into-ux-design,break into ux design,,content
hotjar.com,https://www.hotjar.com/blog/mental-health-at-work-wellbeing-guide/,2022-09-16,blog,mental-health-at-work-wellbeing-guide,mental health at work wellbeing guide,,content
hotjar.com,https://www.hotjar.com/blog/how-to-stay-calm-at-work/,2022-09-15,blog,how-to-stay-calm-at-work,how to stay calm at work,,content
hotjar.com,https://www.hotjar.com/blog/tips-for-difficult-conversations/,2022-09-06,blog,tips-for-difficult-conversations,tips for difficult conversations,,content
hotjar.com,https://www.hotjar.com/blog/anxiety-party/,2022-08-31,blog,anxiety-party,anxiety party,,content
hotjar.com,https://www.hotjar.com/blog/headspace-for-feedback-checklist/,2022-08-31,blog,headspace-for-feedback-checklist,headspace for feedback checklist,,content
hotjar.com,https://www.hotjar.com/blog/customer-success-program/,2022-08-31,blog,customer-success-program,customer success program,,content
hotjar.com,https://www.hotjar.com/blog/ten-ways-companies-can-help-fight-climate-change/,2022-08-23,blog,ten-ways-companies-can-help-fight-climate-change,ten ways companies can help fight climate change,,content
hotjar.com,https://www.hotjar.com/blog/emotional-intelligence-pocket-guide/,2022-08-23,blog,emotional-intelligence-pocket-guide,emotional intelligence pocket guide,,content
hotjar.com,https://www.hotjar.com/blog/build-your-empathy-muscle/,2022-08-18,blog,build-your-empathy-muscle,build your empathy muscle,,content
hotjar.com,https://www.hotjar.com/blog/product-manager-checklist/,2022-08-12,blog,product-manager-checklist,product manager checklist,,content
hotjar.com,https://www.hotjar.com/blog/zero-waste-culture-individual/,2022-08-12,blog,zero-waste-culture-individual,zero waste culture individual,,content
hotjar.com,https://www.hotjar.com/blog/product-manager-books/,2022-08-11,blog,product-manager-books,product manager books,,content
hotjar.com,https://www.hotjar.com/blog/remote-work-myths/,2022-08-11,blog,remote-work-myths,remote work myths,,content
hotjar.com,https://www.hotjar.com/blog/remote-work-boundaries/,2022-08-11,blog,remote-work-boundaries,remote work boundaries,,content
hotjar.com,https://www.hotjar.com/blog/hotjar-perks/,2022-08-11,blog,hotjar-perks,hotjar perks,,content
hotjar.com,https://www.hotjar.com/blog/defensiveness-greatest-collaboration-inhibitor/,2022-08-11,blog,defensiveness-greatest-collaboration-inhibitor,defensiveness greatest collaboration inhibitor,,content
hotjar.com,https://www.hotjar.com/blog/life-in-color/,2022-08-10,blog,life-in-color,life in color,,content
hotjar.com,https://www.hotjar.com/blog/product-manager-acronyms/,2022-08-08,blog,product-manager-acronyms,product manager acronyms,,content
hotjar.com,https://www.hotjar.com/blog/microagressions-at-work/,2022-07-31,blog,microagressions-at-work,microagressions at work,,content
hotjar.com,https://www.hotjar.com/blog/imposter-syndrome-doubts-and-tips/,2022-07-31,blog,imposter-syndrome-doubts-and-tips,imposter syndrome doubts and tips,,content
hotjar.com,https://www.hotjar.com/blog/rethinking-normal-how-to-embrace-cognitive-neurodiversity-at-work/,2022-07-29,blog,rethinking-normal-how-to-embrace-cognitive-neurodiversity-at-work,rethinking normal how to embrace cognitive neurodiversity at work,,content
hotjar.com,https://www.hotjar.com/blog/the-why-gap/,2022-07-29,blog,the-why-gap,the why gap,,content
hotjar.com,https://www.hotjar.com/blog/how-to-build-team-connections/,2022-07-29,blog,how-to-build-team-connections,how to build team connections,,content
hotjar.com,https://www.hotjar.com/blog/more-women-in-leadership/,2022-07-29,blog,more-women-in-leadership,more women in leadership,,content
hotjar.com,https://www.hotjar.com/blog/fix-meeting-problems/,2022-07-27,blog,fix-meeting-problems,fix meeting problems,,content
hotjar.com,https://www.hotjar.com/blog/better-meetings-checklist/,2022-07-27,blog,better-meetings-checklist,better meetings checklist,,content
hotjar.com,https://www.hotjar.com/blog/how-to-increase-emotional-intelligence/,2022-07-27,blog,how-to-increase-emotional-intelligence,how to increase emotional intelligence,,content
hotjar.com,https://www.hotjar.com/blog/a-guide-for-startups-giving-your-users-the-customer-support-they-deserve/,2022-07-21,blog,a-guide-for-startups-giving-your-users-the-customer-support-they-deserve,a guide for startups giving your users the customer support they deserve,,content
hotjar.com,https://www.hotjar.com/blog/series-f-funding-round/,2022-07-21,blog,series-f-funding-round,series f funding round,,content
hotjar.com,https://www.hotjar.com/blog/better-hiring-experience/,2022-07-18,blog,better-hiring-experience,better hiring experience,,content
hotjar.com,https://www.hotjar.com/blog/team-meetup/,2022-07-17,blog,team-meetup,team meetup,,content
hotjar.com,https://www.hotjar.com/blog/how-to-break-into-product-design/,2022-07-17,blog,how-to-break-into-product-design,how to break into product design,,content
hotjar.com,https://www.hotjar.com/blog/leadership-coaching/,2022-07-08,blog,leadership-coaching,leadership coaching,,content
hotjar.com,https://www.hotjar.com/blog/mindfulness-at-work/,2022-07-06,blog,mindfulness-at-work,mindfulness at work,,content
hotjar.com,https://www.hotjar.com/blog/radical-transparency/,2022-07-06,blog,radical-transparency,radical transparency,,content
hotjar.com,https://www.hotjar.com/blog/accessibility-in-tech/,2022-06-30,blog,accessibility-in-tech,accessibility in tech,,content
hotjar.com,https://www.hotjar.com/blog/pride-panel-2022/,2022-06-27,blog,pride-panel-2022,pride panel 2022,2022,content
hotjar.com,https://www.hotjar.com/blog/mental-health-at-work/,2022-06-27,blog,mental-health-at-work,mental health at work,,content
hotjar.com,https://www.hotjar.com/blog/building-a-great-remote-team/,2022-06-27,blog,building-a-great-remote-team,building a great remote team,,content
hotjar.com,https://www.hotjar.com/blog/zero-waste-culture/,2022-06-27,blog,zero-waste-culture,zero waste culture,,content
hotjar.com,https://www.hotjar.com/blog/supporting-passion-projects/,2022-06-27,blog,supporting-passion-projects,supporting passion projects,,content
hotjar.com,https://www.hotjar.com/blog/working-in-squads-in-marketing/,2022-06-27,blog,working-in-squads-in-marketing,working in squads in marketing,,content
hotjar.com,https://www.hotjar.com/blog/data-driven-marketing/,2022-06-27,blog,data-driven-marketing,data driven marketing,,content
hotjar.com,https://www.hotjar.com/blog/how-hotjar-uses-hotjar-9-powerful-use-cases/,2022-06-27,blog,how-hotjar-uses-hotjar-9-powerful-use-cases,how hotjar uses hotjar 9 powerful use cases,,content
hotjar.com,https://www.hotjar.com/blog/how-to-treat-customers/,2022-06-27,blog,how-to-treat-customers,how to treat customers,,content
hotjar.com,https://www.hotjar.com/blog/how-to-make-remote-work-really-work/,2022-06-27,blog,how-to-make-remote-work-really-work,how to make remote work really work,,content
hotjar.com,https://www.hotjar.com/blog/end-top-down-decision-making/,2022-06-27,blog,end-top-down-decision-making,end top down decision making,,content
hotjar.com,https://www.hotjar.com/blog/conscious-capitalism-how-your-business-do-more-with-the-profit-it-generates/,2022-06-27,blog,conscious-capitalism-how-your-business-do-more-with-the-profit-it-generates,conscious capitalism how your business do more with the profit it generates,,content
hotjar.com,https://www.hotjar.com/blog/leadership-okrs/,2022-06-27,blog,leadership-okrs,leadership okrs,,content
hotjar.com,https://www.hotjar.com/blog/how-to-get-into-product-management/,2022-06-27,blog,how-to-get-into-product-management,how to get into product management,,content
hotjar.com,https://www.hotjar.com/blog/productive-meetings-remote-team/,2022-06-27,blog,productive-meetings-remote-team,productive meetings remote team,,content
hotjar.com,https://www.hotjar.com/blog/change-through-customer-empathy/,2022-06-27,blog,change-through-customer-empathy,change through customer empathy,,content
hotjar.com,https://www.hotjar.com/blog/build-people-first-company/,2022-06-27,blog,build-people-first-company,build people first company,,content
hotjar.com,https://www.hotjar.com/blog/downtime-and-deep-work/,2022-06-27,blog,downtime-and-deep-work,downtime and deep work,,content
hotjar.com,https://www.hotjar.com/blog/challenge-consumer-exploitation/,2022-06-23,blog,challenge-consumer-exploitation,challenge consumer exploitation,,content
hotjar.com,https://www.hotjar.com/blog/mental-health-day-tips/,2022-06-03,blog,mental-health-day-tips,mental health day tips,,content
hotjar.com,https://www.hotjar.com/blog/minimalism-at-work/,2022-06-02,blog,minimalism-at-work,minimalism at work,,content
hotjar.com,https://www.hotjar.com/blog/improve-brand-identity/,2022-06-01,blog,improve-brand-identity,improve brand identity,,content
hotjar.com,https://www.hotjar.com/blog/product-led-marketing/,2022-05-26,blog,product-led-marketing,product led marketing,,content
hotjar.com,https://www.hotjar.com/blog/psychological-safety/,2022-05-20,blog,psychological-safety,psychological safety,,content
hotjar.com,https://www.hotjar.com/blog/planet-stakeholder-in-your-organization/,2022-05-12,blog,planet-stakeholder-in-your-organization,planet stakeholder in your organization,,content
hotjar.com,https://www.hotjar.com/blog/develop-trust-in-your-remote-team/,2022-05-12,blog,develop-trust-in-your-remote-team,develop trust in your remote team,,content
hotjar.com,https://www.hotjar.com/blog/employees-dont-open-up-about-burnout/,2022-05-04,blog,employees-dont-open-up-about-burnout,employees dont open up about burnout,,content
hotjar.com,https://www.hotjar.com/blog/unmask-you-inner-imposter/,2022-05-02,blog,unmask-you-inner-imposter,unmask you inner imposter,,content
hotjar.com,https://www.hotjar.com/blog/beyond-employee-retention/,2022-04-21,blog,beyond-employee-retention,beyond employee retention,,content
hotjar.com,https://www.hotjar.com/blog/how-values-guide-everything-we-do/,2022-04-20,blog,how-values-guide-everything-we-do,how values guide everything we do,,content
hotjar.com,https://www.hotjar.com/blog/updating-our-pricing-model/,2022-04-20,blog,updating-our-pricing-model,updating our pricing model,,content
hotjar.com,https://www.hotjar.com/blog/team-feedback/,2022-04-13,blog,team-feedback,team feedback,,content
hotjar.com,https://www.hotjar.com/blog/leadership-and-vulnerability/,2022-03-25,blog,leadership-and-vulnerability,leadership and vulnerability,,content
hotjar.com,https://www.hotjar.com/blog/gain-happier-customers-with-ecommerce-search/,2022-03-03,blog,gain-happier-customers-with-ecommerce-search,gain happier customers with ecommerce search,,content
hotjar.com,https://www.hotjar.com/blog/product-team-new-years-tips/,2022-02-18,blog,product-team-new-years-tips,product team new years tips,,content
hotjar.com,https://www.hotjar.com/blog/kristina-maleeva-interview-hotjar-sales-team/,2022-02-09,blog,kristina-maleeva-interview-hotjar-sales-team,kristina maleeva interview hotjar sales team,,content
hotjar.com,https://www.hotjar.com/blog/hotjar-product-team-rituals-2022/,2022-02-01,blog,hotjar-product-team-rituals-2022,hotjar product team rituals 2022,2022,content
hotjar.com,https://www.hotjar.com/blog/hotjar-product-team-tools-2022/,2022-01-29,blog,hotjar-product-team-tools-2022,hotjar product team tools 2022,2022,content
hotjar.com,https://www.hotjar.com/blog/the-hotjar-story-part-2-from-beta-to-1-million-arr-in-6-months/,2022-01-10,blog,the-hotjar-story-part-2-from-beta-to-1-million-arr-in-6-months,the hotjar story part 2 from beta to 1 million arr in 6 months,,content
hotjar.com,https://www.hotjar.com/blog/channel-your-inner-panda/,2022-01-07,blog,channel-your-inner-panda,channel your inner panda,,content
hotjar.com,https://www.hotjar.com/blog/building-in-public-4/,2021-12-17,blog,building-in-public-4,building in public 4,,content
hotjar.com,https://www.hotjar.com/blog/hotjar-talks-google/,2021-12-17,blog,hotjar-talks-google,hotjar talks google,,content
hotjar.com,https://www.hotjar.com/blog/tips-on-remote-working/,2021-12-16,blog,tips-on-remote-working,tips on remote working,,content
hotjar.com,https://www.hotjar.com/blog/great-resignation/,2021-12-16,blog,great-resignation,great resignation,,content
hotjar.com,https://www.hotjar.com/blog/negative-feedback-improve-ux/,2021-11-25,blog,negative-feedback-improve-ux,negative feedback improve ux,,content
hotjar.com,https://www.hotjar.com/blog/how-hotjar-is-giving-back/,2021-10-06,blog,how-hotjar-is-giving-back,how hotjar is giving back,,content
hotjar.com,https://www.hotjar.com/blog/how-we-hotjar-communicate-with-our-17385-users/,2021-10-06,blog,how-we-hotjar-communicate-with-our-17385-users,how we hotjar communicate with our 17385 users,,content
hotjar.com,https://www.hotjar.com/blog/solving-the-pricing-challenge-how-todays-startups-charge-their-customers/,2021-10-06,blog,solving-the-pricing-challenge-how-todays-startups-charge-their-customers,solving the pricing challenge how todays startups charge their customers,,content
hotjar.com,https://www.hotjar.com/blog/how-to-nudge-users-for-good-and-not-evil/,2021-10-06,blog,how-to-nudge-users-for-good-and-not-evil,how to nudge users for good and not evil,,content
hotjar.com,https://www.hotjar.com/blog/hotjar-new-brand/,2021-10-06,blog,hotjar-new-brand,hotjar new brand,,content
hotjar.com,https://www.hotjar.com/blog/user-behavior-signals-product-teams/,2021-10-04,blog,user-behavior-signals-product-teams,user behavior signals product teams,,content
hotjar.com,https://www.hotjar.com/blog/setting-universal-product-okr/,2021-10-04,blog,setting-universal-product-okr,setting universal product okr,,content
hotjar.com,https://www.hotjar.com/blog/product-conversion/,2021-10-04,blog,product-conversion,product conversion,,content
hotjar.com,https://www.hotjar.com/blog/creating-competency-framework-product-managers/,2021-10-04,blog,creating-competency-framework-product-managers,creating competency framework product managers,,content
hotjar.com,https://www.hotjar.com/blog/employee-feedback/,2021-10-04,blog,employee-feedback,employee feedback,,content
hotjar.com,https://www.hotjar.com/blog/18-product-workflow-red-flags-how-to-spot-resolve-them/,2021-09-29,blog,18-product-workflow-red-flags-how-to-spot-resolve-them,18 product workflow red flags how to spot resolve them,,content
hotjar.com,https://www.hotjar.com/blog/hotjar-and-contentsquare/,2021-09-28,blog,hotjar-and-contentsquare,hotjar and contentsquare,,content
hotjar.com,https://www.hotjar.com/blog/what-is-remote-work/,2021-09-23,blog,what-is-remote-work,what is remote work,,content
hotjar.com,https://www.hotjar.com/blog/how-to-remote-xd-team-culture/,2021-09-23,blog,how-to-remote-xd-team-culture,how to remote xd team culture,,content
hotjar.com,https://www.hotjar.com/blog/post-event-survey-questions/,2021-09-23,blog,post-event-survey-questions,post event survey questions,,content
hotjar.com,https://www.hotjar.com/blog/mastering-user-interviews/,2021-09-23,blog,mastering-user-interviews,mastering user interviews,,content
hotjar.com,https://www.hotjar.com/blog/sharper-knives-better-tools-update/,2021-09-23,blog,sharper-knives-better-tools-update,sharper knives better tools update,,content
hotjar.com,https://www.hotjar.com/blog/ecommerce-website-analysis/,2021-09-23,blog,ecommerce-website-analysis,ecommerce website analysis,,content
hotjar.com,https://www.hotjar.com/blog/retention-metrics/,2021-09-23,blog,retention-metrics,retention metrics,,content
hotjar.com,https://www.hotjar.com/blog/pride-month-panel-lgbtqia-representation-in-the-workplace/,2021-09-23,blog,pride-month-panel-lgbtqia-representation-in-the-workplace,pride month panel lgbtqia representation in the workplace,,content
hotjar.com,https://www.hotjar.com/blog/remote-work-tips-productivity-and-focus/,2021-09-23,blog,remote-work-tips-productivity-and-focus,remote work tips productivity and focus,,content
hotjar.com,https://www.hotjar.com/blog/customer-effort-score/,2021-09-23,blog,customer-effort-score,customer effort score,,content
hotjar.com,https://www.hotjar.com/blog/2019-company-update/,2021-09-23,blog,2019-company-update,2019 company update,2019,content
hotjar.com,https://www.hotjar.com/blog/understand-customers-good-growth/,2021-09-23,blog,understand-customers-good-growth,understand customers good growth,,content
hotjar.com,https://www.hotjar.com/blog/shopping-cart-abandonment-rate/,2021-09-23,blog,shopping-cart-abandonment-rate,shopping cart abandonment rate,,content
hotjar.com,https://www.hotjar.com/blog/remote-work-resources/,2021-09-23,blog,remote-work-resources,remote work resources,,content
hotjar.com,https://www.hotjar.com/blog/talk-to-customers/,2021-09-23,blog,talk-to-customers,talk to customers,,content
hotjar.com,https://www.hotjar.com/blog/5-product-principles/,2021-09-23,blog,5-product-principles,5 product principles,,content
hotjar.com,https://www.hotjar.com/blog/create-personal-dev-conference/,2021-09-23,blog,create-personal-dev-conference,create personal dev conference,,content
hotjar.com,https://www.hotjar.com/blog/future-of-work/,2021-09-23,blog,future-of-work,future of work,,content
hotjar.com,https://www.hotjar.com/blog/virtual-team-building-activities/,2021-09-23,blog,virtual-team-building-activities,virtual team building activities,,content
hotjar.com,https://www.hotjar.com/blog/app-mistakes-hotjar/,2021-09-23,blog,app-mistakes-hotjar,app mistakes hotjar,,content
hotjar.com,https://www.hotjar.com/blog/how-to-grow-a-startup/,2021-09-23,blog,how-to-grow-a-startup,how to grow a startup,,content
hotjar.com,https://www.hotjar.com/blog/wordpress-heatmap-survey-plugin/,2021-09-23,blog,wordpress-heatmap-survey-plugin,wordpress heatmap survey plugin,,content
hotjar.com,https://www.hotjar.com/blog/death-by-best-practices/,2021-09-23,blog,death-by-best-practices,death by best practices,,content
hotjar.com,https://www.hotjar.com/blog/9-lessons-we-learned-while-scaling-hotjars-tech-architecture/,2021-09-23,blog,9-lessons-we-learned-while-scaling-hotjars-tech-architecture,9 lessons we learned while scaling hotjars tech architecture,,content
hotjar.com,https://www.hotjar.com/blog/effective-leadership/,2021-09-23,blog,effective-leadership,effective leadership,,content
hotjar.com,https://www.hotjar.com/blog/reviews/,2021-09-23,blog,reviews,reviews,,content
hotjar.com,https://www.hotjar.com/blog/hotjar-story-3-growing-team-product-business/,2021-09-23,blog,hotjar-story-3-growing-team-product-business,hotjar story 3 growing team product business,,content
hotjar.com,https://www.hotjar.com/blog/what-kind-of-product-creator-are-you/,2021-09-23,blog,what-kind-of-product-creator-are-you,what kind of product creator are you,,content
hotjar.com,https://www.hotjar.com/blog/8-skills-you-need-to-become-a-ux-design-rockstar/,2021-09-23,blog,8-skills-you-need-to-become-a-ux-design-rockstar,8 skills you need to become a ux design rockstar,,content
hotjar.com,https://www.hotjar.com/blog/testimonials-guide/,2021-09-23,blog,testimonials-guide,testimonials guide,,content
hotjar.com,https://www.hotjar.com/blog/the-hotjar-story-part-1-from-idea-to-60000-beta-signups-in-6-months/,2021-09-23,blog,the-hotjar-story-part-1-from-idea-to-60000-beta-signups-in-6-months,the hotjar story part 1 from idea to 60000 beta signups in 6 months,,content
hotjar.com,https://www.hotjar.com/blog/turning-your-career-around/,2021-09-23,blog,turning-your-career-around,turning your career around,,content
hotjar.com,https://www.hotjar.com/blog/how-to-discover-what-your-users-want-to-read/,2021-09-23,blog,how-to-discover-what-your-users-want-to-read,how to discover what your users want to read,,content
hotjar.com,https://www.hotjar.com/blog/how-hotjar-does-remote-team-meetups/,2021-09-23,blog,how-hotjar-does-remote-team-meetups,how hotjar does remote team meetups,,content
hotjar.com,https://www.hotjar.com/blog/the-humans-strike-back/,2021-09-23,blog,the-humans-strike-back,the humans strike back,,content
hotjar.com,https://www.hotjar.com/blog/rand-fishkin-lessons/,2021-09-23,blog,rand-fishkin-lessons,rand fishkin lessons,,content
hotjar.com,https://www.hotjar.com/blog/website-optimization-tools/,2021-09-22,blog,website-optimization-tools,website optimization tools,,content
hotjar.com,https://www.hotjar.com/blog/marketing-funnel/,2021-09-22,blog,marketing-funnel,marketing funnel,,content
hotjar.com,https://www.hotjar.com/blog/funnel-analysis/,2021-09-22,blog,funnel-analysis,funnel analysis,,content
hotjar.com,https://www.hotjar.com/blog/gender-inclusive-language-workplace/,2021-09-22,blog,gender-inclusive-language-workplace,gender inclusive language workplace,,content
hotjar.com,https://www.hotjar.com/blog/5-questions-to-ask-customers-not-selling/,2021-09-22,blog,5-questions-to-ask-customers-not-selling,5 questions to ask customers not selling,,content
hotjar.com,https://www.hotjar.com/blog/psychographics-in-marketing/,2021-09-22,blog,psychographics-in-marketing,psychographics in marketing,,content
hotjar.com,https://www.hotjar.com/blog/open-ended-questions/,2021-09-22,blog,open-ended-questions,open ended questions,,content
hotjar.com,https://www.hotjar.com/blog/we-analyzed-the-homepages-of-30-successful-startups-and-here-is-what-we-learnt/,2021-09-20,blog,we-analyzed-the-homepages-of-30-successful-startups-and-here-is-what-we-learnt,we analyzed the homepages of 30 successful startups and here is what we learnt,,content
hotjar.com,https://www.hotjar.com/blog/website-conversion/,2021-09-20,blog,website-conversion,website conversion,,content
hotjar.com,https://www.hotjar.com/blog/product-management/,2021-09-20,blog,product-management,product management,,content
hotjar.com,https://www.hotjar.com/blog/ux-resources/,2021-09-20,blog,ux-resources,ux resources,,content
hotjar.com,https://www.hotjar.com/blog/hotjar-approach-privacy/,2021-09-20,blog,hotjar-approach-privacy,hotjar approach privacy,,content
hotjar.com,https://www.hotjar.com/blog/the-passion-fallacy/,2021-09-20,blog,the-passion-fallacy,the passion fallacy,,content
hotjar.com,https://www.hotjar.com/blog/ecommerce-online-shopping-covid-19/,2021-09-20,blog,ecommerce-online-shopping-covid-19,ecommerce online shopping covid 19,,content
hotjar.com,https://www.hotjar.com/blog/ecommerce-conversion-funnel/,2021-09-18,blog,ecommerce-conversion-funnel,ecommerce conversion funnel,,content
hotjar.com,https://www.hotjar.com/blog/saas-churn/,2021-09-18,blog,saas-churn,saas churn,,content
hotjar.com,https://www.hotjar.com/blog/reduce-ecommerce-bounce-rate/,2021-09-18,blog,reduce-ecommerce-bounce-rate,reduce ecommerce bounce rate,,content
hotjar.com,https://www.hotjar.com/blog/5-ux-mistakes-that-will-make-your-visitors-click-the-back-button/,2021-09-18,blog,5-ux-mistakes-that-will-make-your-visitors-click-the-back-button,5 ux mistakes that will make your visitors click the back button,,content
hotjar.com,https://www.hotjar.com/blog/shopify-increase-ecommerce-conversions/,2021-09-18,blog,shopify-increase-ecommerce-conversions,shopify increase ecommerce conversions,,content
hotjar.com,https://www.hotjar.com/blog/customer-centric-marketing/,2021-09-18,blog,customer-centric-marketing,customer centric marketing,,content
hotjar.com,https://www.hotjar.com/blog/drifts-customer-driven-methodology/,2021-09-18,blog,drifts-customer-driven-methodology,drifts customer driven methodology,,content
hotjar.com,https://www.hotjar.com/blog/content-beta-readers/,2021-09-17,blog,content-beta-readers,content beta readers,,content
hotjar.com,https://www.hotjar.com/blog/4-million-investment-2017/,2021-09-17,blog,4-million-investment-2017,4 million investment 2017,2017,content
hotjar.com,https://www.hotjar.com/blog/managing-remote-software-development-engineering-teams/,2021-09-17,blog,managing-remote-software-development-engineering-teams,managing remote software development engineering teams,,content
hotjar.com,https://www.hotjar.com/blog/mastering-the-art-of-prioritization-how-hotjar-decides-what-to-work-on-next/,2021-09-17,blog,mastering-the-art-of-prioritization-how-hotjar-decides-what-to-work-on-next,mastering the art of prioritization how hotjar decides what to work on next,,content
hotjar.com,https://www.hotjar.com/blog/international-womens-day-hotjar-choose-to-challenge/,2021-09-17,blog,international-womens-day-hotjar-choose-to-challenge,international womens day hotjar choose to challenge,,content
hotjar.com,https://www.hotjar.com/blog/form-design-tips/,2021-09-17,blog,form-design-tips,form design tips,,content
hotjar.com,https://www.hotjar.com/blog/website-usability-testing/,2021-09-17,blog,website-usability-testing,website usability testing,,content
hotjar.com,https://www.hotjar.com/blog/team-collaboration/,2021-09-17,blog,team-collaboration,team collaboration,,content
hotjar.com,https://www.hotjar.com/blog/features-you-may-not-know-about/,2021-09-17,blog,features-you-may-not-know-about,features you may not know about,,content
hotjar.com,https://www.hotjar.com/blog/how-to-learn-about-your-customers-case-study/,2021-09-16,blog,how-to-learn-about-your-customers-case-study,how to learn about your customers case study,,content
hotjar.com,https://www.hotjar.com/blog/customer-onboarding/,2021-09-16,blog,customer-onboarding,customer onboarding,,content
hotjar.com,https://www.hotjar.com/blog/customer-insights/,2021-09-16,blog,customer-insights,customer insights,,content
hotjar.com,https://www.hotjar.com/blog/increase-landing-page-conversions/,2021-09-16,blog,increase-landing-page-conversions,increase landing page conversions,,content
hotjar.com,https://www.hotjar.com/blog/gated-content/,2021-09-16,blog,gated-content,gated content,,content
hotjar.com,https://www.hotjar.com/blog/remote-onboarding-guide-for-virtual-teams/,2021-09-16,blog,remote-onboarding-guide-for-virtual-teams,remote onboarding guide for virtual teams,,content
hotjar.com,https://www.hotjar.com/blog/lean-ux/,2021-09-16,blog,lean-ux,lean ux,,content
hotjar.com,https://www.hotjar.com/blog/a-5-minute-guide-to-cloud-hosting-for-startups-and-web-designers/,2021-09-16,blog,a-5-minute-guide-to-cloud-hosting-for-startups-and-web-designers,a 5 minute guide to cloud hosting for startups and web designers,,content
hotjar.com,https://www.hotjar.com/blog/how-to-go-to-market-quickly-and-fail-fast/,2021-09-16,blog,how-to-go-to-market-quickly-and-fail-fast,how to go to market quickly and fail fast,,content
hotjar.com,https://www.hotjar.com/blog/celebrating-women-hotjarettes/,2021-09-16,blog,celebrating-women-hotjarettes,celebrating women hotjarettes,,content
hotjar.com,https://www.hotjar.com/blog/nps-case-study/,2021-09-16,blog,nps-case-study,nps case study,,content
hotjar.com,https://www.hotjar.com/blog/mobile-conversion-optimization/,2021-09-16,blog,mobile-conversion-optimization,mobile conversion optimization,,content
hotjar.com,https://www.hotjar.com/blog/website-bugs/,2021-09-16,blog,website-bugs,website bugs,,content
hotjar.com,https://www.hotjar.com/blog/core-values-letter-to-community/,2021-09-15,blog,core-values-letter-to-community,core values letter to community,,content
hotjar.com,https://www.hotjar.com/blog/build-and-scale-engineering-teams/,2021-09-15,blog,build-and-scale-engineering-teams,build and scale engineering teams,,content
hotjar.com,https://www.hotjar.com/blog/why-people-leave-your-website/,2021-09-15,blog,why-people-leave-your-website,why people leave your website,,content
hotjar.com,https://www.hotjar.com/blog/session-replay-tools/,2021-09-15,blog,session-replay-tools,session replay tools,,content
hotjar.com,https://www.hotjar.com/blog/purpose-driven-podcast/,2021-09-15,blog,purpose-driven-podcast,purpose driven podcast,,content
hotjar.com,https://www.hotjar.com/blog/xawards-round-up/,2021-09-15,blog,xawards-round-up,xawards round up,,content
hotjar.com,https://www.hotjar.com/blog/remote-retrospective-template/,2021-09-15,blog,remote-retrospective-template,remote retrospective template,,content
hotjar.com,https://www.hotjar.com/blog/hotjar-for-remote-teams/,2021-09-14,blog,hotjar-for-remote-teams,hotjar for remote teams,,content
hotjar.com,https://www.hotjar.com/blog/qualitative-vs-quantitative-user-research/,2021-09-14,blog,qualitative-vs-quantitative-user-research,qualitative vs quantitative user research,,content
hotjar.com,https://www.hotjar.com/blog/building-a-customer-centric-culture/,2021-09-14,blog,building-a-customer-centric-culture,building a customer centric culture,,content
hotjar.com,https://www.hotjar.com/blog/our-approach-to-privacy-2019-and-beyond/,2021-09-08,blog,our-approach-to-privacy-2019-and-beyond,our approach to privacy 2019 and beyond,2019,content
hotjar.com,https://www.hotjar.com/blog/8-trello-keyboard-shortcuts-you-must-learn-today-to-plan-and-collaborate/,2021-09-07,blog,8-trello-keyboard-shortcuts-you-must-learn-today-to-plan-and-collaborate,8 trello keyboard shortcuts you must learn today to plan and collaborate,,content
hotjar.com,https://www.hotjar.com/blog/how-to-grow-and-run-a-remote-business-the-hotjar-way/,2021-08-12,blog,how-to-grow-and-run-a-remote-business-the-hotjar-way,how to grow and run a remote business the hotjar way,,content
hotjar.com,https://www.hotjar.com/product-forge/product-manager-take-on-community-building/,2024-12-17,product-forge,product-manager-take-on-community-building,product manager take on community building,,content
hotjar.com,https://www.hotjar.com/product-forge/midmarket-product-management-challenges/,2024-06-04,product-forge,midmarket-product-management-challenges,midmarket product management challenges,,content
hotjar.com,https://www.hotjar.com/product-forge/content-design-why-it-matters/,2024-06-04,product-forge,content-design-why-it-matters,content design why it matters,,content
hotjar.com,https://www.hotjar.com/product-forge/product-messaging/,2024-01-11,product-forge,product-messaging,product messaging,,content
hotjar.com,https://www.hotjar.com/product-forge/product-operations/,2023-09-29,product-forge,product-operations,product operations,,content
hotjar.com,https://www.hotjar.com/product-forge/user-persona-examples/,2023-02-17,product-forge,user-persona-examples,user persona examples,,content
hotjar.com,https://www.hotjar.com/product-forge/product-management-challenges/,2023-02-10,product-forge,product-management-challenges,product management challenges,,content
hotjar.com,https://www.hotjar.com/product-forge/design-by-committee/,2023-02-07,product-forge,design-by-committee,design by committee,,content
hotjar.com,https://www.hotjar.com/product-forge/content-design/,2022-12-21,product-forge,content-design,content design,,content
hotjar.com,https://www.hotjar.com/product-forge/product-monitoring-metrics/,2022-11-30,product-forge,product-monitoring-metrics,product monitoring metrics,,content
hotjar.com,https://www.hotjar.com/product-forge/product-marketing-vs-growth-marketing/,2022-11-14,product-forge,product-marketing-vs-growth-marketing,product marketing vs growth marketing,,content
hotjar.com,https://www.hotjar.com/product-forge/product-podcasts/,2022-10-14,product-forge,product-podcasts,product podcasts,,content
hotjar.com,https://www.hotjar.com/product-forge/product-monitoring-tools/,2022-10-12,product-forge,product-monitoring-tools,product monitoring tools,,content
hotjar.com,https://www.hotjar.com/product-forge/what-does-a-pm-do-in-a-day/,2022-10-05,product-forge,what-does-a-pm-do-in-a-day,what does a pm do in a day,,content
hotjar.com,https://www.hotjar.com/product-forge/product-led-growth-strategy/,2022-09-16,product-forge,product-led-growth-strategy,product led growth strategy,,content
hotjar.com,https://www.hotjar.com/product-forge/a-guide-to-the-product-management-career-path/,2022-09-15,product-forge,a-guide-to-the-product-management-career-path,a guide to the product management career path,,content
hotjar.com,https://www.hotjar.com/product-forge/product-teams-need-product-marketers/,2022-09-15,product-forge,product-teams-need-product-marketers,product teams need product marketers,,content
hotjar.com,https://www.hotjar.com/product-forge/5-ways-to-build-better-products/,2022-09-15,product-forge,5-ways-to-build-better-products,5 ways to build better products,,content
hotjar.com,https://www.hotjar.com/product-forge/types-of-website-conversions/,2022-09-15,product-forge,types-of-website-conversions,types of website conversions,,content
hotjar.com,https://www.hotjar.com/product-forge/how-to-elevate-your-content-reporting/,2022-09-01,product-forge,how-to-elevate-your-content-reporting,how to elevate your content reporting,,content
hotjar.com,https://www.hotjar.com/product-forge/improve-customer-retention/,2022-08-31,product-forge,improve-customer-retention,improve customer retention,,content
hotjar.com,https://www.hotjar.com/product-forge/improving-product-experience/,2022-08-31,product-forge,improving-product-experience,improving product experience,,content
hotjar.com,https://www.hotjar.com/product-forge/community-building-for-product-managers/,2022-08-30,product-forge,community-building-for-product-managers,community building for product managers,,content
hotjar.com,https://www.hotjar.com/product-forge/CTA-best-practices/,2022-08-24,product-forge,cta-best-practices,cta best practices,,content
hotjar.com,https://www.hotjar.com/product-forge/continuous-feedback-loop/,2022-08-24,product-forge,continuous-feedback-loop,continuous feedback loop,,content
hotjar.com,https://www.hotjar.com/product-forge/time-management-hotjar-integratons-product-teams/,2022-05-13,product-forge,time-management-hotjar-integratons-product-teams,time management hotjar integratons product teams,,content
hotjar.com,https://www.hotjar.com/product-forge/continuous-delivery-vs-continuous-discovery/,2022-02-28,product-forge,continuous-delivery-vs-continuous-discovery,continuous delivery vs continuous discovery,,content
hotjar.com,https://www.hotjar.com/product-forge/getting-shit-done-in-product/,2022-02-28,product-forge,getting-shit-done-in-product,getting shit done in product,,content
hotjar.com,https://www.hotjar.com/product-forge/conflict-resolution-tips-for-product-teams/,2022-02-28,product-forge,conflict-resolution-tips-for-product-teams,conflict resolution tips for product teams,,content
hotjar.com,https://www.hotjar.com/product-forge/democratizing-data-product-teams/,2022-01-13,product-forge,democratizing-data-product-teams,democratizing data product teams,,content
hotjar.com,https://www.hotjar.com/product-forge/product-testing-types/,2022-01-11,product-forge,product-testing-types,product testing types,,content
hotjar.com,https://www.hotjar.com/product-forge/product-experimentation-culture/,2021-12-15,product-forge,product-experimentation-culture,product experimentation culture,,content
hotjar.com,https://www.hotjar.com/product-forge/product-change-management/,2021-11-10,product-forge,product-change-management,product change management,,content
hotjar.com,https://www.hotjar.com/product-forge/product-narrative/,2021-10-21,product-forge,product-narrative,product narrative,,content
hotjar.com,https://www.hotjar.com/product-forge/cross-functional-collaboration/,2021-10-08,product-forge,cross-functional-collaboration,cross functional collaboration,,content
hotjar.com,https://www.hotjar.com/product-forge/product-teams-customer-delight/,2021-10-07,product-forge,product-teams-customer-delight,product teams customer delight,,content
hotjar.com,https://www.hotjar.com/product-forge/scrappy-product-management/,2021-10-07,product-forge,scrappy-product-management,scrappy product management,,content
hotjar.com,https://www.hotjar.com/product-forge/product-backlog-management/,2021-10-07,product-forge,product-backlog-management,product backlog management,,content
hotjar.com,https://www.hotjar.com/product-forge/user-research-techniques/,2021-10-07,product-forge,user-research-techniques,user research techniques,,content
hotjar.com,https://www.hotjar.com/product-forge/cost-of-delay-analysis/,2021-10-07,product-forge,cost-of-delay-analysis,cost of delay analysis,,content
hotjar.com,https://www.hotjar.com/product-forge/organizational-awareness/,2021-10-07,product-forge,organizational-awareness,organizational awareness,,content
hotjar.com,https://www.hotjar.com/product-forge/product-management-ab-testing/,2021-10-07,product-forge,product-management-ab-testing,product management ab testing,,content
hotjar.com,https://www.hotjar.com/product-forge/continuous-discovery/,2021-10-07,product-forge,continuous-discovery,continuous discovery,,content
hotjar.com,https://www.hotjar.com/product-forge/grow-product-team-successfully/,2021-10-07,product-forge,grow-product-team-successfully,grow product team successfully,,content
hotjar.com,https://www.hotjar.com/customers/mizzen-main/,2024-09-19,customers,mizzen-main,mizzen main,,content
hotjar.com,https://www.hotjar.com/customers/conversion-rate-experts/,2024-09-11,customers,conversion-rate-experts,conversion rate experts,,content
hotjar.com,https://www.hotjar.com/customers/stream-creative/,2024-09-11,customers,stream-creative,stream creative,,content
hotjar.com,https://www.hotjar.com/customers/nerdcow/,2024-09-11,customers,nerdcow,nerdcow,,content
hotjar.com,https://www.hotjar.com/customers/brand24/,2024-06-14,customers,brand24,brand24,,content
hotjar.com,https://www.hotjar.com/customers/brand24-case-study-lp/,2024-06-04,customers,brand24-case-study-lp,brand24 case study lp,,content
hotjar.com,https://www.hotjar.com/customers/hussle-case-study-lp/,2024-06-04,customers,hussle-case-study-lp,hussle case study lp,,content
hotjar.com,https://www.hotjar.com/customers/matalan-case-study-lp/,2024-06-04,customers,matalan-case-study-lp,matalan case study lp,,content
hotjar.com,https://www.hotjar.com/customers/classhero-case-study-lp/,2024-06-04,customers,classhero-case-study-lp,classhero case study lp,,content
hotjar.com,https://www.hotjar.com/customers/netguru-case-study-lp/,2024-06-04,customers,netguru-case-study-lp,netguru case study lp,,content
hotjar.com,https://www.hotjar.com/customers/turum-burum-samsung/,2024-05-17,customers,turum-burum-samsung,turum burum samsung,,content
hotjar.com,https://www.hotjar.com/customers/turum-burum/,2024-05-17,customers,turum-burum,turum burum,,content
hotjar.com,https://www.hotjar.com/customers/canyon/,2024-03-11,customers,canyon,canyon,,content
hotjar.com,https://www.hotjar.com/customers/credo/,2024-01-09,customers,credo,credo,,content
hotjar.com,https://www.hotjar.com/customers/boundless/,2023-12-12,customers,boundless,boundless,,content
hotjar.com,https://www.hotjar.com/customers/s360/,2023-11-23,customers,s360,s360,,noncontent
hotjar.com,https://www.hotjar.com/customers/ux-studio/,2023-10-06,customers,ux-studio,ux studio,,content
hotjar.com,https://www.hotjar.com/customers/learnworlds/,2023-09-08,customers,learnworlds,learnworlds,,content
hotjar.com,https://www.hotjar.com/customers/cadomaestro/,2023-07-21,customers,cadomaestro,cadomaestro,,content
hotjar.com,https://www.hotjar.com/customers/electriceye/,2023-07-06,customers,electriceye,electriceye,,content
hotjar.com,https://www.hotjar.com/customers/trellis/,2023-06-23,customers,trellis,trellis,,content
hotjar.com,https://www.hotjar.com/customers/exclusive-concepts/,2023-06-23,customers,exclusive-concepts,exclusive concepts,,content
hotjar.com,https://www.hotjar.com/customers/everyorg/,2022-12-19,customers,everyorg,everyorg,,content
hotjar.com,https://www.hotjar.com/customers/gogoprint/,2022-11-09,customers,gogoprint,gogoprint,,content
hotjar.com,https://www.hotjar.com/customers/remember/,2022-09-02,customers,remember,remember,,content
hotjar.com,https://www.hotjar.com/customers/spotahome/,2022-03-02,customers,spotahome,spotahome,,content
hotjar.com,https://www.hotjar.com/customers/hussle/,2022-02-02,customers,hussle,hussle,,content
hotjar.com,https://www.hotjar.com/customers/classhero/,2022-01-28,customers,classhero,classhero,,content
hotjar.com,https://www.hotjar.com/customers/vimcar/,2021-12-16,customers,vimcar,vimcar,,content
hotjar.com,https://www.hotjar.com/customers/inbound/,2021-09-27,customers,inbound,inbound,,content
hotjar.com,https://www.hotjar.com/customers/marlin/,2021-09-24,customers,marlin,marlin,,content
hotjar.com,https://www.hotjar.com/customers/student-crowd/,2021-09-24,customers,student-crowd,student crowd,,content
hotjar.com,https://www.hotjar.com/customers/heyorca/,2021-09-24,customers,heyorca,heyorca,,content
hotjar.com,https://www.hotjar.com/customers/ccv/,2021-09-24,customers,ccv,ccv,,content
hotjar.com,https://www.hotjar.com/customers/audiense/,2021-09-24,customers,audiense,audiense,,content
hotjar.com,https://www.hotjar.com/customers/bannersnack/,2021-09-14,customers,bannersnack,bannersnack,,content
hotjar.com,https://www.hotjar.com/customers/materials-market/,2021-09-09,customers,materials-market,materials market,,content
hotjar.com,https://www.hotjar.com/customers/edit-stock/,2021-08-25,customers,edit-stock,edit stock,,content
hotjar.com,https://www.hotjar.com/customers/reed/,2021-08-23,customers,reed,reed,,content
hotjar.com,https://www.hotjar.com/customers/razorpay/,2021-08-19,customers,razorpay,razorpay,,content
hotjar.com,https://www.hotjar.com/customers/eshopworld/,2021-08-18,customers,eshopworld,eshopworld,,content
hotjar.com,https://www.hotjar.com/customers/directive-consulting/,2021-08-18,customers,directive-consulting,directive consulting,,content
hotjar.com,https://www.hotjar.com/customers/dashthis/,2021-08-18,customers,dashthis,dashthis,,content
hotjar.com,https://www.hotjar.com/customers/clickmechanic/,2021-08-18,customers,clickmechanic,clickmechanic,,content
hotjar.com,https://www.hotjar.com/customers/yatter/,2021-08-18,customers,yatter,yatter,,content
hotjar.com,https://www.hotjar.com/customers/wyldsson/,2021-08-18,customers,wyldsson,wyldsson,,content
hotjar.com,https://www.hotjar.com/customers/unbounce/,2021-08-18,customers,unbounce,unbounce,,content
hotjar.com,https://www.hotjar.com/customers/trampoline-plezier/,2021-08-18,customers,trampoline-plezier,trampoline plezier,,content
hotjar.com,https://www.hotjar.com/customers/totally-promotional/,2021-08-18,customers,totally-promotional,totally promotional,,content
hotjar.com,https://www.hotjar.com/customers/tomtom/,2021-08-18,customers,tomtom,tomtom,,content
hotjar.com,https://www.hotjar.com/customers/the-good/,2021-08-18,customers,the-good,the good,,noncontent
hotjar.com,https://www.hotjar.com/customers/techsmith/,2021-08-18,customers,techsmith,techsmith,,content
hotjar.com,https://www.hotjar.com/customers/taskworld/,2021-08-18,customers,taskworld,taskworld,,content
hotjar.com,https://www.hotjar.com/customers/ryanair/,2021-08-18,customers,ryanair,ryanair,,content
hotjar.com,https://www.hotjar.com/customers/netguru/,2021-08-18,customers,netguru,netguru,,content
hotjar.com,https://www.hotjar.com/customers/matalan/,2021-08-17,customers,matalan,matalan,,content
hotjar.com,https://www.hotjar.com/customers/intelliquip/,2021-08-17,customers,intelliquip,intelliquip,,content
hotjar.com,https://www.hotjar.com/customers/hubspot-academy/,2021-08-17,customers,hubspot-academy,hubspot academy,,content
hotjar.com,https://www.hotjar.com/customers/ecommerce-warriors/,2021-08-17,customers,ecommerce-warriors,ecommerce warriors,,content
hotjar.com,https://www.hotjar.com/survey-templates/customer-satisfaction-csat-survey/,2023-09-01,survey-templates,customer-satisfaction-csat-survey,customer satisfaction csat survey,,content
hotjar.com,https://www.hotjar.com/survey-templates/churn/,2023-03-20,survey-templates,churn,churn,,content
hotjar.com,https://www.hotjar.com/survey-templates/screener-survey/,2023-03-20,survey-templates,screener-survey,screener survey,,content
hotjar.com,https://www.hotjar.com/survey-templates/nps-survey/,2023-03-20,survey-templates,nps-survey,nps survey,,content
hotjar.com,https://www.hotjar.com/survey-templates/b2b-usability-survey/,2023-03-20,survey-templates,b2b-usability-survey,b2b usability survey,,content
hotjar.com,https://www.hotjar.com/survey-templates/feature-prioritization-survey/,2023-03-20,survey-templates,feature-prioritization-survey,feature prioritization survey,,content
hotjar.com,https://www.hotjar.com/survey-templates/van-westendorps-price-sensitivity-survey-template/,2023-03-20,survey-templates,van-westendorps-price-sensitivity-survey-template,van westendorps price sensitivity survey template,,content
hotjar.com,https://www.hotjar.com/survey-templates/traffic-attribution/,2023-03-20,survey-templates,traffic-attribution,traffic attribution,,content
hotjar.com,https://www.hotjar.com/survey-templates/time-to-resolution/,2023-03-20,survey-templates,time-to-resolution,time to resolution,,content
hotjar.com,https://www.hotjar.com/survey-templates/ten-website-survey-questions/,2023-03-20,survey-templates,ten-website-survey-questions,ten website survey questions,,content
hotjar.com,https://www.hotjar.com/survey-templates/website-usability-survey/,2023-03-20,survey-templates,website-usability-survey,website usability survey,,content
hotjar.com,https://www.hotjar.com/survey-templates/recruit-participants-for-user-testing/,2023-03-20,survey-templates,recruit-participants-for-user-testing,recruit participants for user testing,,content
hotjar.com,https://www.hotjar.com/survey-templates/product-research-survey-template/,2023-03-20,survey-templates,product-research-survey-template,product research survey template,,content
hotjar.com,https://www.hotjar.com/survey-templates/product-market-fit/,2023-03-20,survey-templates,product-market-fit,product market fit,,content
hotjar.com,https://www.hotjar.com/survey-templates/product-feedback/,2023-03-20,survey-templates,product-feedback,product feedback,,content
hotjar.com,https://www.hotjar.com/survey-templates/pricing-plans-feedback/,2023-03-20,survey-templates,pricing-plans-feedback,pricing plans feedback,,content
hotjar.com,https://www.hotjar.com/survey-templates/post-purchase-survey/,2023-03-20,survey-templates,post-purchase-survey,post purchase survey,,content
hotjar.com,https://www.hotjar.com/survey-templates/market-research/,2023-03-20,survey-templates,market-research,market research,,content
hotjar.com,https://www.hotjar.com/survey-templates/hotjar-question-bank/,2023-03-20,survey-templates,hotjar-question-bank,hotjar question bank,,content
hotjar.com,https://www.hotjar.com/survey-templates/exit-intent-survey/,2023-03-20,survey-templates,exit-intent-survey,exit intent survey,,content
hotjar.com,https://www.hotjar.com/survey-templates/demographics-survey/,2023-03-20,survey-templates,demographics-survey,demographics survey,,content
hotjar.com,https://www.hotjar.com/survey-templates/customer-retention-survey/,2023-03-20,survey-templates,customer-retention-survey,customer retention survey,,content
hotjar.com,https://www.hotjar.com/survey-templates/customer-effort-score-ces/,2023-03-20,survey-templates,customer-effort-score-ces,customer effort score ces,,content
hotjar.com,https://www.hotjar.com/survey-templates/content-feedback/,2023-03-20,survey-templates,content-feedback,content feedback,,content
hotjar.com,https://www.hotjar.com/survey-templates/beta-feedback-survey/,2023-03-20,survey-templates,beta-feedback-survey,beta feedback survey,,content
hotjar.com,https://www.hotjar.com/survey-templates/27-popular-customer-feedback-questions/,2023-03-20,survey-templates,27-popular-customer-feedback-questions,27 popular customer feedback questions,,content
hotjar.com,https://www.hotjar.com/survey-templates/user-persona-survey/,2023-03-20,survey-templates,user-persona-survey,user persona survey,,content
hotjar.com,https://www.hotjar.com/survey-templates/employee-feedback-survey/,2023-03-14,survey-templates,employee-feedback-survey,employee feedback survey,,content
hotjar.com,https://www.hotjar.com/integrations/kameleoon/,2024-03-27,integrations,kameleoon,kameleoon,,content
hotjar.com,https://www.hotjar.com/integrations/kissmetrics/,2023-11-08,integrations,kissmetrics,kissmetrics,,content
hotjar.com,https://www.hotjar.com/integrations/linear/,2023-10-27,integrations,linear,linear,,content
hotjar.com,https://www.hotjar.com/integrations/trello/,2023-10-19,integrations,trello,trello,,content
hotjar.com,https://www.hotjar.com/integrations/asana/,2023-10-19,integrations,asana,asana,,content
hotjar.com,https://www.hotjar.com/integrations/omniconvert/,2023-10-16,integrations,omniconvert,omniconvert,,content
hotjar.com,https://www.hotjar.com/integrations/bigcommerce/,2023-10-13,integrations,bigcommerce,bigcommerce,,content
hotjar.com,https://www.hotjar.com/integrations/ab-tasty/,2023-09-18,integrations,ab-tasty,ab tasty,,content
hotjar.com,https://www.hotjar.com/integrations/jira/,2023-06-20,integrations,jira,jira,,content
hotjar.com,https://www.hotjar.com/integrations/hubspot/,2023-05-15,integrations,hubspot,hubspot,,content
hotjar.com,https://www.hotjar.com/integrations/contentsquare/,2023-05-08,integrations,contentsquare,contentsquare,,content
hotjar.com,https://www.hotjar.com/integrations/hotjar-api/,2023-03-28,integrations,hotjar-api,hotjar api,,content
hotjar.com,https://www.hotjar.com/integrations/unbounce/,2023-03-21,integrations,unbounce,unbounce,,content
hotjar.com,https://www.hotjar.com/integrations/mixpanel/,2023-03-21,integrations,mixpanel,mixpanel,,content
hotjar.com,https://www.hotjar.com/integrations/microsoft-teams/,2023-02-09,integrations,microsoft-teams,microsoft teams,,content
hotjar.com,https://www.hotjar.com/integrations/google-analytics/,2022-09-14,integrations,google-analytics,google analytics,,content
hotjar.com,https://www.hotjar.com/integrations/optimizely/,2022-08-16,integrations,optimizely,optimizely,,content
hotjar.com,https://www.hotjar.com/integrations/zapier/,2022-08-05,integrations,zapier,zapier,,content
hotjar.com,https://www.hotjar.com/integrations/clickfunnels/,2022-01-07,integrations,clickfunnels,clickfunnels,,content
hotjar.com,https://www.hotjar.com/integrations/shopify/,2022-01-04,integrations,shopify,shopify,,content
hotjar.com,https://www.hotjar.com/integrations/google-tag-manager/,2022-01-04,integrations,google-tag-manager,google tag manager,,content
hotjar.com,https://www.hotjar.com/integrations/wordpress/,2022-01-04,integrations,wordpress,wordpress,,content
hotjar.com,https://www.hotjar.com/integrations/segment/,2022-01-04,integrations,segment,segment,,content
hotjar.com,https://www.hotjar.com/integrations/slack/,2022-01-04,integrations,slack,slack,,content
hotjar.com,https://www.hotjar.com/de/,2025-02-21,de,de,de,,noncontent
hotjar.com,https://www.hotjar.com/de/product/user-tests/,2025-01-10,de,user-tests,user tests,,noncontent
hotjar.com,https://www.hotjar.com/de/heatmaps-testen4/,2024-11-12,de,heatmaps-testen4,heatmaps testen4,,noncontent
hotjar.com,https://www.hotjar.com/de/pricing-fall/,2024-11-08,de,pricing-fall,pricing fall,,noncontent
hotjar.com,https://www.hotjar.com/de/platform-fall/,2024-11-06,de,platform-fall,platform fall,,noncontent
hotjar.com,https://www.hotjar.com/de/pricing-csq/,2024-11-05,de,pricing-csq,pricing csq,,noncontent
hotjar.com,https://www.hotjar.com/de/all-in-one-plattform-contentsquare/,2024-11-04,de,all-in-one-plattform-contentsquare,all in one plattform contentsquare,,noncontent
hotjar.com,https://www.hotjar.com/de/startseite-herbst-launch/,2024-11-04,de,startseite-herbst-launch,startseite herbst launch,,noncontent
hotjar.com,https://www.hotjar.com/de/uber-uns/,2024-10-17,de,uber-uns,uber uns,,noncontent
hotjar.com,https://www.hotjar.com/de/preise/,2024-09-12,de,preise,preise,,noncontent
hotjar.com,https://www.hotjar.com/de/partner-de/,2024-09-11,de,partner-de,partner de,,noncontent
hotjar.com,https://www.hotjar.com/de/marketing-teams/,2024-06-17,de,marketing-teams,marketing teams,,noncontent
hotjar.com,https://www.hotjar.com/de/contact-sales-hero/,2024-05-14,de,contact-sales-hero,contact sales hero,,noncontent
hotjar.com,https://www.hotjar.com/de/heatmap-analytics/,2024-03-28,de,heatmap-analytics,heatmap analytics,,noncontent
hotjar.com,https://www.hotjar.com/de/website-heatmap-tool/,2024-03-11,de,website-heatmap-tool,website heatmap tool,,noncontent
hotjar.com,https://www.hotjar.com/de/produkt/funnels/,2024-02-16,de,funnels,funnels,,noncontent
hotjar.com,https://www.hotjar.com/de/produkt/trends/,2024-02-16,de,trends,trends,,noncontent
hotjar.com,https://www.hotjar.com/de/produkt/umfragen/,2024-02-16,de,umfragen,umfragen,,noncontent
hotjar.com,https://www.hotjar.com/de/produkt/feedback/,2024-02-16,de,feedback,feedback,,noncontent
hotjar.com,https://www.hotjar.com/de/website-feedback-tool4/,2024-02-06,de,website-feedback-tool4,website feedback tool4,,noncontent
hotjar.com,https://www.hotjar.com/de/website-feedback-software/,2024-02-06,de,website-feedback-software,website feedback software,,noncontent
hotjar.com,https://www.hotjar.com/de/website-feedback-score/,2024-02-06,de,website-feedback-score,website feedback score,,noncontent
hotjar.com,https://www.hotjar.com/de/website-feedback-popup/,2024-02-06,de,website-feedback-popup,website feedback popup,,noncontent
hotjar.com,https://www.hotjar.com/de/website-feedback-button/,2024-02-06,de,website-feedback-button,website feedback button,,noncontent
hotjar.com,https://www.hotjar.com/de/website-design-feedback/,2024-02-06,de,website-design-feedback,website design feedback,,noncontent
hotjar.com,https://www.hotjar.com/de/hotjar-jetzt-testen3/,2024-02-06,de,hotjar-jetzt-testen3,hotjar jetzt testen3,,noncontent
hotjar.com,https://www.hotjar.com/de/surveys3/,2024-02-06,de,surveys3,surveys3,,noncontent
hotjar.com,https://www.hotjar.com/de/smiley-gesicht-feedback/,2024-02-06,de,smiley-gesicht-feedback,smiley gesicht feedback,,noncontent
hotjar.com,https://www.hotjar.com/de/session-replay-software4/,2024-02-06,de,session-replay-software4,session replay software4,,noncontent
hotjar.com,https://www.hotjar.com/de/session-recording-software3/,2024-02-06,de,session-recording-software3,session recording software3,,noncontent
hotjar.com,https://www.hotjar.com/de/session-recording-software3//,2024-02-06,de,session-recording-software3,session recording software3,,noncontent
hotjar.com,https://www.hotjar.com/de/scrollen-von-heatmaps/,2024-02-06,de,scrollen-von-heatmaps,scrollen von heatmaps,,noncontent
hotjar.com,https://www.hotjar.com/de/ms-teams-feedback-integration/,2024-02-06,de,ms-teams-feedback-integration,ms teams feedback integration,,noncontent
hotjar.com,https://www.hotjar.com/de/hotjar-kostenlos2/,2024-02-06,de,hotjar-kostenlos2,hotjar kostenlos2,,noncontent
hotjar.com,https://www.hotjar.com/de/hotjar-engage/,2024-02-06,de,hotjar-engage,hotjar engage,,noncontent
hotjar.com,https://www.hotjar.com/de/hotjar-und-wordpress2/,2024-02-06,de,hotjar-und-wordpress2,hotjar und wordpress2,,noncontent
hotjar.com,https://www.hotjar.com/de/hotjar-und-slack2/,2024-02-06,de,hotjar-und-slack2,hotjar und slack2,,noncontent
hotjar.com,https://www.hotjar.com/de/hotjar-und-shopify/,2024-02-06,de,hotjar-und-shopify,hotjar und shopify,,noncontent
hotjar.com,https://www.hotjar.com/de/hotjar-und-segment2/,2024-02-06,de,hotjar-und-segment2,hotjar und segment2,,noncontent
hotjar.com,https://www.hotjar.com/de/hotjar-und-google-tag-manager/,2024-02-06,de,hotjar-und-google-tag-manager,hotjar und google tag manager,,noncontent
hotjar.com,https://www.hotjar.com/de/hotjar-und-google-analytics2/,2024-02-06,de,hotjar-und-google-analytics2,hotjar und google analytics2,,noncontent
hotjar.com,https://www.hotjar.com/de/hotjar-und-clickfunnels2/,2024-02-06,de,hotjar-und-clickfunnels2,hotjar und clickfunnels2,,noncontent
hotjar.com,https://www.hotjar.com/de/website-feedback-einholen/,2024-02-06,de,website-feedback-einholen,website feedback einholen,,noncontent
hotjar.com,https://www.hotjar.com/de/besuchenden-feedback-einholen/,2024-02-06,de,besuchenden-feedback-einholen,besuchenden feedback einholen,,noncontent
hotjar.com,https://www.hotjar.com/de/nutzer-feedback-einholen/,2024-02-06,de,nutzer-feedback-einholen,nutzer feedback einholen,,noncontent
hotjar.com,https://www.hotjar.com/de/usability-feedback-einholen/,2024-02-06,de,usability-feedback-einholen,usability feedback einholen,,noncontent
hotjar.com,https://www.hotjar.com/de/echtzeit-feedback-einholen/,2024-02-06,de,echtzeit-feedback-einholen,echtzeit feedback einholen,,noncontent
hotjar.com,https://www.hotjar.com/de/produkt-feedback-einholen/,2024-02-06,de,produkt-feedback-einholen,produkt feedback einholen,,noncontent
hotjar.com,https://www.hotjar.com/de/sofortiges-feedback-einholen/,2024-02-06,de,sofortiges-feedback-einholen,sofortiges feedback einholen,,noncontent
hotjar.com,https://www.hotjar.com/de/kunden-feedback-einholen/,2024-02-06,de,kunden-feedback-einholen,kunden feedback einholen,,noncontent
hotjar.com,https://www.hotjar.com/de/kontinuierliches-feedback-einholen/,2024-02-06,de,kontinuierliches-feedback-einholen,kontinuierliches feedback einholen,,noncontent
hotjar.com,https://www.hotjar.com/de/website-feedback-sammeln/,2024-02-06,de,website-feedback-sammeln,website feedback sammeln,,noncontent
hotjar.com,https://www.hotjar.com/de/feedback-widgets/,2024-02-06,de,feedback-widgets,feedback widgets,,noncontent
hotjar.com,https://www.hotjar.com/de/dashboard2/,2024-02-06,de,dashboard2,dashboard2,,noncontent
hotjar.com,https://www.hotjar.com/de/cx-feedback/,2024-02-06,de,cx-feedback,cx feedback,,noncontent
hotjar.com,https://www.hotjar.com/de/wettbewerbsvergleich2/,2024-02-06,de,wettbewerbsvergleich2,wettbewerbsvergleich2,,noncontent
hotjar.com,https://www.hotjar.com/de/wettbewerbsvergleich-fullstory2/,2024-02-06,de,wettbewerbsvergleich-fullstory2,wettbewerbsvergleich fullstory2,,noncontent
hotjar.com,https://www.hotjar.com/de/wettbewerbsvergleich-crazyegg2/,2024-02-06,de,wettbewerbsvergleich-crazyegg2,wettbewerbsvergleich crazyegg2,,noncontent
hotjar.com,https://www.hotjar.com/de/website-feedback-sammeln1/,2024-02-06,de,website-feedback-sammeln1,website feedback sammeln1,,noncontent
hotjar.com,https://www.hotjar.com/de/software-zur-verhaltensanalyse2/,2024-02-06,de,software-zur-verhaltensanalyse2,software zur verhaltensanalyse2,,noncontent
hotjar.com,https://www.hotjar.com/de/website-feedback-anfordern/,2024-02-06,de,website-feedback-anfordern,website feedback anfordern,,noncontent
hotjar.com,https://www.hotjar.com/de/sales-kontaktieren/,2024-02-06,de,sales-kontaktieren,sales kontaktieren,,noncontent
hotjar.com,https://www.hotjar.com/de/wachsende-teams/,2024-02-03,de,wachsende-teams,wachsende teams,,noncontent
hotjar.com,https://www.hotjar.com/de/testen/surveys/,2024-02-03,de,surveys,surveys,,noncontent
hotjar.com,https://www.hotjar.com/de/weiterempfehlungen/,2024-02-03,de,weiterempfehlungen,weiterempfehlungen,,noncontent
hotjar.com,https://www.hotjar.com/de/testen/feedback/,2024-02-03,de,feedback,feedback,,noncontent
hotjar.com,https://www.hotjar.com/de/zustimmung-holen/,2024-02-03,de,zustimmung-holen,zustimmung holen,,noncontent
hotjar.com,https://www.hotjar.com/de/probleme-erkennen/,2024-02-03,de,probleme-erkennen,probleme erkennen,,noncontent
hotjar.com,https://www.hotjar.com/de/vermutungen-reduzieren/,2024-02-03,de,vermutungen-reduzieren,vermutungen reduzieren,,noncontent
hotjar.com,https://www.hotjar.com/de/anregungen-holen/,2024-02-03,de,anregungen-holen,anregungen holen,,noncontent
hotjar.com,https://www.hotjar.com/de/forscher-analyst/,2024-02-03,de,forscher-analyst,forscher analyst,,noncontent
hotjar.com,https://www.hotjar.com/de/produktdesigner/,2024-02-03,de,produktdesigner,produktdesigner,,noncontent
hotjar.com,https://www.hotjar.com/de/produktmanager/,2024-02-03,de,produktmanager,produktmanager,,noncontent
hotjar.com,https://www.hotjar.com/de/produktteams/,2024-02-03,de,produktteams,produktteams,,noncontent
hotjar.com,https://www.hotjar.com/de/produkt-ki-umfragen/,2024-02-03,de,produkt-ki-umfragen,produkt ki umfragen,,noncontent
hotjar.com,https://www.hotjar.com/de/tour/,2024-02-03,de,tour,tour,,noncontent
hotjar.com,https://www.hotjar.com/de/produkt/highlights/,2024-02-03,de,highlights,highlights,,noncontent
hotjar.com,https://www.hotjar.com/de/datenschutz/,2024-02-03,de,datenschutz,datenschutz,,noncontent
hotjar.com,https://www.hotjar.com/de/produkt/dashboard/,2024-02-03,de,dashboard,dashboard,,noncontent
hotjar.com,https://www.hotjar.com/de/produkt/recordings/,2024-02-03,de,recordings,recordings,,noncontent
hotjar.com,https://www.hotjar.com/de/produkt/heatmaps/,2024-02-03,de,heatmaps,heatmaps,,noncontent
hotjar.com,https://www.hotjar.com/de/deinen-tarif-auswahlen/,2024-01-24,de,deinen-tarif-auswahlen,deinen tarif auswahlen,,noncontent
hotjar.com,https://www.hotjar.com/de/perf-lp-custom-pricing-page-ubp/,2024-01-23,de,perf-lp-custom-pricing-page-ubp,perf lp custom pricing page ubp,,noncontent
hotjar.com,https://www.hotjar.com/de/pricing-ubp/,2024-01-22,de,pricing-ubp,pricing ubp,,noncontent
hotjar.com,https://www.hotjar.com/de/digitalisierung-deutscher-universitaeten/,2024-01-05,de,digitalisierung-deutscher-universitaeten,digitalisierung deutscher universitaeten,,noncontent
hotjar.com,https://www.hotjar.com/de/ux-heatmaps/,2023-12-22,de,ux-heatmaps,ux heatmaps,,noncontent
hotjar.com,https://www.hotjar.com/de/hotjar-jetzt-testen/,2023-12-22,de,hotjar-jetzt-testen,hotjar jetzt testen,,noncontent
hotjar.com,https://www.hotjar.com/de/marketing-heatmaps/,2023-12-22,de,marketing-heatmaps,marketing heatmaps,,noncontent
hotjar.com,https://www.hotjar.com/de/landingpage-heatmaps/,2023-12-22,de,landingpage-heatmaps,landingpage heatmaps,,noncontent
hotjar.com,https://www.hotjar.com/de/highlights2/,2023-12-18,de,highlights2,highlights2,,noncontent
hotjar.com,https://www.hotjar.com/de/session-recording-tool2/,2023-12-15,de,session-recording-tool2,session recording tool2,,noncontent
hotjar.com,https://www.hotjar.com/de/product/heatmaps-localisation-duplicate/,2023-09-29,de,heatmaps-localisation-duplicate,heatmaps localisation duplicate,,noncontent
hotjar.com,https://www.hotjar.com/de/product-surveys-1/,2023-09-22,de,product-surveys-1,product surveys 1,,noncontent
hotjar.com,https://www.hotjar.com/de/pricing-live-version-1/,2023-08-09,de,pricing-live-version-1,pricing live version 1,,noncontent
hotjar.com,https://www.hotjar.com/de/pricing-fremium-experiment-v2/,2023-07-18,de,pricing-fremium-experiment-v2,pricing fremium experiment v2,,noncontent
hotjar.com,https://www.hotjar.com/de/preise-freemium-v1/,2023-07-17,de,preise-freemium-v1,preise freemium v1,,noncontent
hotjar.com,https://www.hotjar.com/de/pricing-freemium-v1-version-1/,2023-07-17,de,pricing-freemium-v1-version-1,pricing freemium v1 version 1,,noncontent
hotjar.com,https://www.hotjar.com/de/hotjar-demo/,2023-07-16,de,hotjar-demo,hotjar demo,,noncontent
hotjar.com,https://www.hotjar.com/de/pricing-fremium-experiment-de/,2023-07-04,de,pricing-fremium-experiment-de,pricing fremium experiment de,,noncontent
hotjar.com,https://www.hotjar.com/de/legal/early-access-program/,2023-06-15,de,early-access-program,early access program,,noncontent
hotjar.com,https://www.hotjar.com/de/website-feedback-tools3/,2023-06-14,de,website-feedback-tools3,website feedback tools3,,noncontent
hotjar.com,https://www.hotjar.com/de/w2w-product/,2023-06-01,de,w2w-product,w2w product,,noncontent
hotjar.com,https://www.hotjar.com/de/w2w-marketers/,2023-06-01,de,w2w-marketers,w2w marketers,,noncontent
hotjar.com,https://www.hotjar.com/de/paid-lp-productsearch-best-in-class-surveys-link-1/,2023-05-25,de,paid-lp-productsearch-best-in-class-surveys-link-1,paid lp productsearch best in class surveys link 1,,noncontent
hotjar.com,https://www.hotjar.com/de/paid-lp-productsearch-best-in-class-surveys-churn-1/,2023-05-24,de,paid-lp-productsearch-best-in-class-surveys-churn-1,paid lp productsearch best in class surveys churn 1,,noncontent
hotjar.com,https://www.hotjar.com/de/paid-lp-productsearch-best-in-class-surveys-nps-1/,2023-05-24,de,paid-lp-productsearch-best-in-class-surveys-nps-1,paid lp productsearch best in class surveys nps 1,,noncontent
hotjar.com,https://www.hotjar.com/de/paid-lp-productsearch-best-in-class-surveys-micro-1/,2023-05-24,de,paid-lp-productsearch-best-in-class-surveys-micro-1,paid lp productsearch best in class surveys micro 1,,noncontent
hotjar.com,https://www.hotjar.com/de/paid-lp-productsearch-best-in-class-surveys-popup-1/,2023-05-24,de,paid-lp-productsearch-best-in-class-surveys-popup-1,paid lp productsearch best in class surveys popup 1,,noncontent
hotjar.com,https://www.hotjar.com/de/paid-lp-productsearch-best-in-class-surveys-exit-intent-1/,2023-05-24,de,paid-lp-productsearch-best-in-class-surveys-exit-intent-1,paid lp productsearch best in class surveys exit intent 1,,noncontent
hotjar.com,https://www.hotjar.com/de/paid-lp-productsearch-best-in-class-surveys-feedback-lp-1/,2023-05-24,de,paid-lp-productsearch-best-in-class-surveys-feedback-lp-1,paid lp productsearch best in class surveys feedback lp 1,,noncontent
hotjar.com,https://www.hotjar.com/de/paid-lp-productsearch-best-in-class-surveys-user-satisfaction-1/,2023-05-24,de,paid-lp-productsearch-best-in-class-surveys-user-satisfaction-1,paid lp productsearch best in class surveys user satisfaction 1,,noncontent
hotjar.com,https://www.hotjar.com/de/paid-lp-productsearch-best-in-class-surveys-product-1/,2023-05-24,de,paid-lp-productsearch-best-in-class-surveys-product-1,paid lp productsearch best in class surveys product 1,,noncontent
hotjar.com,https://www.hotjar.com/de/paid-lp-productsearch-best-in-class-surveys-conversions-1/,2023-05-24,de,paid-lp-productsearch-best-in-class-surveys-conversions-1,paid lp productsearch best in class surveys conversions 1,,noncontent
hotjar.com,https://www.hotjar.com/de/paid-lp-productsearch-best-in-class-surveys-sentiment-1/,2023-05-24,de,paid-lp-productsearch-best-in-class-surveys-sentiment-1,paid lp productsearch best in class surveys sentiment 1,,noncontent
hotjar.com,https://www.hotjar.com/de/paid-lp-productsearch-best-in-class-surveys-csat-1/,2023-05-24,de,paid-lp-productsearch-best-in-class-surveys-csat-1,paid lp productsearch best in class surveys csat 1,,noncontent
hotjar.com,https://www.hotjar.com/de/paid-lp-brand-search-best-in-class-surveys-1/,2023-05-24,de,paid-lp-brand-search-best-in-class-surveys-1,paid lp brand search best in class surveys 1,,noncontent
hotjar.com,https://www.hotjar.com/de/paid-lp-brand-search-best-in-class-surveys-tool-1/,2023-05-24,de,paid-lp-brand-search-best-in-class-surveys-tool-1,paid lp brand search best in class surveys tool 1,,noncontent
hotjar.com,https://www.hotjar.com/de/paid-lp-brand-search-best-in-class-surveys-csat-1/,2023-05-24,de,paid-lp-brand-search-best-in-class-surveys-csat-1,paid lp brand search best in class surveys csat 1,,noncontent
hotjar.com,https://www.hotjar.com/de/paid-lp-brand-search-best-in-class-session-recording-software-rageclicks-1/,2023-05-23,de,paid-lp-brand-search-best-in-class-session-recording-software-rageclicks-1,paid lp brand search best in class session recording software rageclicks 1,,noncontent
hotjar.com,https://www.hotjar.com/de/hotjar-jetzt-testen/facebook/,2023-05-19,de,facebook,facebook,,noncontent
hotjar.com,https://www.hotjar.com/de/hotjar-jetzt-testen/youtube/,2023-05-19,de,youtube,youtube,,noncontent
hotjar.com,https://www.hotjar.com/de/hotjar-jetzt-testen/linkedin/,2023-05-19,de,linkedin,linkedin,,noncontent
hotjar.com,https://www.hotjar.com/de/engage-tester-terms/,2023-05-02,de,engage-tester-terms,engage tester terms,,noncontent
hotjar.com,https://www.hotjar.com/de/legal/support/dpa/,2023-05-02,de,dpa,dpa,,noncontent
hotjar.com,https://www.hotjar.com/de/hotjar-selbststaendige/,2023-05-01,de,hotjar-selbststaendige,hotjar selbststaendige,,noncontent
hotjar.com,https://www.hotjar.com/de/hotjar-product-teams/,2023-04-27,de,hotjar-product-teams,hotjar product teams,,noncontent
hotjar.com,https://www.hotjar.com/de/das-ist-hotjar/,2023-04-27,de,das-ist-hotjar,das ist hotjar,,noncontent
hotjar.com,https://www.hotjar.com/de/pricing-acq-1629-1/,2023-04-11,de,pricing-acq-1629-1,pricing acq 1629 1,,noncontent
hotjar.com,https://www.hotjar.com/de/destination-page-german/,2023-04-11,de,destination-page-german,destination page german,,noncontent
hotjar.com,https://www.hotjar.com/de/pricing-price-increase-jan-16-1/,2023-03-17,de,pricing-price-increase-jan-16-1,pricing price increase jan 16 1,,noncontent
hotjar.com,https://www.hotjar.com/de/paid-lp-brand-search-best-in-class-general-1/,2023-03-01,de,paid-lp-brand-search-best-in-class-general-1,paid lp brand search best in class general 1,,noncontent
hotjar.com,https://www.hotjar.com/de/seite-handhabt-von-tms-new/,2023-01-17,de,seite-handhabt-von-tms-new,seite handhabt von tms new,,noncontent
hotjar.com,https://www.hotjar.com/de/conversion-rate-optimierung/vorteile/,2024-06-18,de,vorteile,vorteile,,noncontent
hotjar.com,https://www.hotjar.com/de/conversion-rate-optimierung/best-practices/,2024-06-18,de,best-practices,best practices,,noncontent
hotjar.com,https://www.hotjar.com/de/web-design/,2024-06-14,de,web-design,web design,,noncontent
hotjar.com,https://www.hotjar.com/de/web-design/regeln/,2024-06-12,de,regeln,regeln,,noncontent
hotjar.com,https://www.hotjar.com/de/web-design/trends/,2024-06-10,de,trends,trends,,noncontent
hotjar.com,https://www.hotjar.com/de/google-analytics/begriffe/sitzungen/,2024-06-10,de,sitzungen,sitzungen,,noncontent
hotjar.com,https://www.hotjar.com/de/google-analytics/begriffe/sekundare-dimension/,2024-06-10,de,sekundare-dimension,sekundare dimension,,noncontent
hotjar.com,https://www.hotjar.com/de/conversion-rate-optimierung/glossar/formulare-optimieren/,2024-06-04,de,formulare-optimieren,formulare optimieren,,noncontent
hotjar.com,https://www.hotjar.com/de/google-analytics/begriffe/conversion-rate/,2024-05-31,de,conversion-rate,conversion rate,,noncontent
hotjar.com,https://www.hotjar.com/de/google-analytics/begriffe/zielgruppen/,2024-05-31,de,zielgruppen,zielgruppen,,noncontent
hotjar.com,https://www.hotjar.com/de/google-analytics/begriffe/transaktionen/,2024-05-30,de,transaktionen,transaktionen,,noncontent
hotjar.com,https://www.hotjar.com/de/google-analytics/begriffe/ausstiege/,2024-05-15,de,ausstiege,ausstiege,,noncontent
hotjar.com,https://www.hotjar.com/de/google-analytics/begriffe/,2024-05-02,de,begriffe,begriffe,,noncontent
hotjar.com,https://www.hotjar.com/de/google-analytics/begriffe/unique-visitors/,2024-05-02,de,unique-visitors,unique visitors,,noncontent
hotjar.com,https://www.hotjar.com/de/google-analytics/begriffe/dimensionen-messwerte/,2024-05-02,de,dimensionen-messwerte,dimensionen messwerte,,noncontent
hotjar.com,https://www.hotjar.com/de/google-analytics/begriffe/absprungrate/,2024-04-30,de,absprungrate,absprungrate,,noncontent
hotjar.com,https://www.hotjar.com/de/ux-design/fails/,2024-04-29,de,fails,fails,,noncontent
hotjar.com,https://www.hotjar.com/de/ux-design/mobilgerate/,2024-04-26,de,mobilgerate,mobilgerate,,noncontent
hotjar.com,https://www.hotjar.com/de/qualitative-datenanalyse/beispiele/,2024-04-24,de,beispiele,beispiele,,noncontent
hotjar.com,https://www.hotjar.com/de/qualitative-datenanalyse/methoden/,2024-04-24,de,methoden,methoden,,noncontent
hotjar.com,https://www.hotjar.com/de/qualitative-datenanalyse/,2024-04-23,de,qualitative-datenanalyse,qualitative datenanalyse,,noncontent
hotjar.com,https://www.hotjar.com/de/session-recordings/,2024-04-18,de,session-recordings,session recordings,,noncontent
hotjar.com,https://www.hotjar.com/de/usability-tests/audit/,2024-04-16,de,audit,audit,,noncontent
hotjar.com,https://www.hotjar.com/de/website-tracking/nutzeraktivitaet-verfolgen/,2024-04-15,de,nutzeraktivitaet-verfolgen,nutzeraktivitaet verfolgen,,noncontent
hotjar.com,https://www.hotjar.com/de/conversion-rate-optimierung/glossar/website-readability/,2024-04-12,de,website-readability,website readability,,noncontent
hotjar.com,https://www.hotjar.com/de/conversion-rate-optimierung/glossar/alpha-fehler/,2024-04-12,de,alpha-fehler,alpha fehler,,noncontent
hotjar.com,https://www.hotjar.com/de/conversion-rate-optimierung/glossar/split-testing/,2024-04-12,de,split-testing,split testing,,noncontent
hotjar.com,https://www.hotjar.com/de/conversion-rate-optimierung/glossar/sales-funnel/,2024-04-12,de,sales-funnel,sales funnel,,noncontent
hotjar.com,https://www.hotjar.com/de/conversion-rate-optimierung/glossar/klickrate/,2024-04-10,de,klickrate,klickrate,,noncontent
hotjar.com,https://www.hotjar.com/de/conversion-rate-optimierung/kpis/,2024-04-09,de,kpis,kpis,,noncontent
hotjar.com,https://www.hotjar.com/de/webanalyse/audit/,2024-04-09,de,audit,audit,,noncontent
hotjar.com,https://www.hotjar.com/de/conversion-rate-optimierung/glossar/statistische-signifikanz/,2024-03-21,de,statistische-signifikanz,statistische signifikanz,,noncontent
hotjar.com,https://www.hotjar.com/de/conversion-rate-optimierung/glossar/personalisierung/,2024-03-19,de,personalisierung,personalisierung,,noncontent
hotjar.com,https://www.hotjar.com/de/conversion-rate-optimierung/glossar/multivariate-testing/,2024-03-19,de,multivariate-testing,multivariate testing,,noncontent
hotjar.com,https://www.hotjar.com/de/conversion-rate-optimierung/glossar/eye-tracking/,2024-03-18,de,eye-tracking,eye tracking,,noncontent
hotjar.com,https://www.hotjar.com/de/conversion-rate-optimierung/glossar/behavioral-targeting/,2024-03-18,de,behavioral-targeting,behavioral targeting,,noncontent
hotjar.com,https://www.hotjar.com/de/website-analyse/tools/,2024-03-12,de,tools,tools,,noncontent
hotjar.com,https://www.hotjar.com/de/conversion-rate-optimierung/glossar/,2024-03-12,de,glossar,glossar,,noncontent
hotjar.com,https://www.hotjar.com/de/conversion-rate-optimierung/glossar/alleinstellungsmerkmal/,2024-03-11,de,alleinstellungsmerkmal,alleinstellungsmerkmal,,noncontent
hotjar.com,https://www.hotjar.com/de/conversion-rate-optimierung/glossar/absprungrate/,2024-03-11,de,absprungrate,absprungrate,,noncontent
hotjar.com,https://www.hotjar.com/de/conversion-rate-optimierung/glossar/micro-conversions/,2024-03-05,de,micro-conversions,micro conversions,,noncontent
hotjar.com,https://www.hotjar.com/de/conversion-rate-optimierung/programm/,2024-02-21,de,programm,programm,,noncontent
hotjar.com,https://www.hotjar.com/de/conversion-rate-optimierung/glossar/call-to-action/,2024-02-20,de,call-to-action,call to action,,noncontent
hotjar.com,https://www.hotjar.com/de/heatmaps/wutklick-map/,2024-02-06,de,wutklick-map,wutklick map,,noncontent
hotjar.com,https://www.hotjar.com/de/conversion-rate-optimierung/audit/,2024-02-06,de,audit,audit,,noncontent
hotjar.com,https://www.hotjar.com/de/conversion-rate-optimierung/tools/,2024-02-01,de,tools,tools,,noncontent
hotjar.com,https://www.hotjar.com/de/webanalyse/tools/,2024-01-31,de,tools,tools,,noncontent
hotjar.com,https://www.hotjar.com/de/customer-journey-map/,2024-01-31,de,customer-journey-map,customer journey map,,noncontent
hotjar.com,https://www.hotjar.com/de/webanalyse/strategie/,2024-01-31,de,strategie,strategie,,noncontent
hotjar.com,https://www.hotjar.com/de/heatmaps/scroll-heatmaps/,2024-01-19,de,scroll-heatmaps,scroll heatmaps,,noncontent
hotjar.com,https://www.hotjar.com/de/heatmaps/engagement-zonen/,2024-01-19,de,engagement-zonen,engagement zonen,,noncontent
hotjar.com,https://www.hotjar.com/de/heatmaps/move-heatmaps/,2024-01-19,de,move-heatmaps,move heatmaps,,noncontent
hotjar.com,https://www.hotjar.com/de/heatmaps/klick-heatmaps/,2024-01-18,de,klick-heatmaps,klick heatmaps,,noncontent
hotjar.com,https://www.hotjar.com/de/webanalyse/,2024-01-05,de,webanalyse,webanalyse,,noncontent
hotjar.com,https://www.hotjar.com/de/website-tracking/checkliste/,2024-01-02,de,checkliste,checkliste,,noncontent
hotjar.com,https://www.hotjar.com/de/conversion-rate-optimierung/,2023-12-13,de,conversion-rate-optimierung,conversion rate optimierung,,noncontent
hotjar.com,https://www.hotjar.com/de/ux-design/audit/,2023-11-30,de,audit,audit,,noncontent
hotjar.com,https://www.hotjar.com/de/ux-design/trends/,2023-11-30,de,trends,trends,,noncontent
hotjar.com,https://www.hotjar.com/de/ux-design/beispiele/,2023-11-30,de,beispiele,beispiele,,noncontent
hotjar.com,https://www.hotjar.com/de/ux-design/tools/,2023-11-29,de,tools,tools,,noncontent
hotjar.com,https://www.hotjar.com/de/ux-design/umfragen/,2023-11-29,de,umfragen,umfragen,,noncontent
hotjar.com,https://www.hotjar.com/de/ux-design/research-repository/,2023-11-28,de,research-repository,research repository,,noncontent
hotjar.com,https://www.hotjar.com/de/ux-design/fehler/,2023-11-28,de,fehler,fehler,,noncontent
hotjar.com,https://www.hotjar.com/de/ux-design/metriken/,2023-11-28,de,metriken,metriken,,noncontent
hotjar.com,https://www.hotjar.com/de/ux-design/analyse/,2023-11-27,de,analyse,analyse,,noncontent
hotjar.com,https://www.hotjar.com/de/ux-design/,2023-11-27,de,ux-design,ux design,,noncontent
hotjar.com,https://www.hotjar.com/de/net-promoter-score/tracking/,2023-11-08,de,tracking,tracking,,noncontent
hotjar.com,https://www.hotjar.com/de/net-promoter-score/umfrage-einrichten/,2023-11-08,de,umfrage-einrichten,umfrage einrichten,,noncontent
hotjar.com,https://www.hotjar.com/de/net-promoter-score/nps-umfrage-beispiel/,2023-11-08,de,nps-umfrage-beispiel,nps umfrage beispiel,,noncontent
hotjar.com,https://www.hotjar.com/de/net-promoter-score/wie-berechnet-man-nps/,2023-11-08,de,wie-berechnet-man-nps,wie berechnet man nps,,noncontent
hotjar.com,https://www.hotjar.com/de/net-promoter-score/nps-verbessern/,2023-10-31,de,nps-verbessern,nps verbessern,,noncontent
hotjar.com,https://www.hotjar.com/de/net-promoter-score/analyse/,2023-10-31,de,analyse,analyse,,noncontent
hotjar.com,https://www.hotjar.com/de/net-promoter-score/gute-nps-benchmarks/,2023-10-31,de,gute-nps-benchmarks,gute nps benchmarks,,noncontent
hotjar.com,https://www.hotjar.com/de/net-promoter-score/system/,2023-10-31,de,system,system,,noncontent
hotjar.com,https://www.hotjar.com/de/net-promoter-score/,2023-10-31,de,net-promoter-score,net promoter score,,noncontent
hotjar.com,https://www.hotjar.com/de/website-analyse/anleitung/,2023-10-25,de,anleitung,anleitung,,noncontent
hotjar.com,https://www.hotjar.com/de/website-analyse/checkliste/,2023-10-24,de,checkliste,checkliste,,noncontent
hotjar.com,https://www.hotjar.com/de/website-analyse/nutzeranalyse/,2023-10-24,de,nutzeranalyse,nutzeranalyse,,noncontent
hotjar.com,https://www.hotjar.com/de/website-analyse/,2023-10-24,de,website-analyse,website analyse,,noncontent
hotjar.com,https://www.hotjar.com/de/usability-tests/vorlagen-checklisten/,2023-10-10,de,vorlagen-checklisten,vorlagen checklisten,,noncontent
hotjar.com,https://www.hotjar.com/de/usability-tests/tools/,2023-10-10,de,tools,tools,,noncontent
hotjar.com,https://www.hotjar.com/de/usability-tests/fragen/,2023-10-10,de,fragen,fragen,,noncontent
hotjar.com,https://www.hotjar.com/de/usability-tests/beispielablauf/,2023-10-10,de,beispielablauf,beispielablauf,,noncontent
hotjar.com,https://www.hotjar.com/de/usability-tests/methoden/,2023-10-09,de,methoden,methoden,,noncontent
hotjar.com,https://www.hotjar.com/de/usability-tests/analyse-auswertung/,2023-10-09,de,analyse-auswertung,analyse auswertung,,noncontent
hotjar.com,https://www.hotjar.com/de/usability-tests/,2023-10-09,de,usability-tests,usability tests,,noncontent
hotjar.com,https://www.hotjar.com/de/website-tracking/traffic-vergleichen/,2023-10-06,de,traffic-vergleichen,traffic vergleichen,,noncontent
hotjar.com,https://www.hotjar.com/de/heatmaps/,2023-10-05,de,heatmaps,heatmaps,,noncontent
hotjar.com,https://www.hotjar.com/de/heatmaps/website-verbessern/,2023-10-05,de,website-verbessern,website verbessern,,noncontent
hotjar.com,https://www.hotjar.com/de/customer-journey-map/saas-process/,2023-10-03,de,saas-process,saas process,,noncontent
hotjar.com,https://www.hotjar.com/de/customer-journey-map/tools/,2023-09-29,de,tools,tools,,noncontent
hotjar.com,https://www.hotjar.com/de/session-recordings/nutzeranalyse/,2023-09-19,de,nutzeranalyse,nutzeranalyse,,noncontent
hotjar.com,https://www.hotjar.com/de/session-recordings/nutzerverhalten-verstehen/,2023-09-19,de,nutzerverhalten-verstehen,nutzerverhalten verstehen,,noncontent
hotjar.com,https://www.hotjar.com/de/session-recordings/beispiele-fallstudien/,2023-09-19,de,beispiele-fallstudien,beispiele fallstudien,,noncontent
hotjar.com,https://www.hotjar.com/de/session-recordings/fortgeschrittene/,2023-09-19,de,fortgeschrittene,fortgeschrittene,,noncontent
hotjar.com,https://www.hotjar.com/de/heatmaps/beispiele/,2023-09-15,de,beispiele,beispiele,,noncontent
hotjar.com,https://www.hotjar.com/de/website-tracking/tools/,2023-09-14,de,tools,tools,,noncontent
hotjar.com,https://www.hotjar.com/de/website-tracking/datenschutz/,2023-09-13,de,datenschutz,datenschutz,,noncontent
hotjar.com,https://www.hotjar.com/de/website-tracking/,2023-09-12,de,website-tracking,website tracking,,noncontent
hotjar.com,https://www.hotjar.com/de/heatmaps/fallstudien/,2023-08-25,de,fallstudien,fallstudien,,noncontent
hotjar.com,https://www.hotjar.com/de/heatmaps/wie-erstellen/,2023-08-25,de,wie-erstellen,wie erstellen,,noncontent
hotjar.com,https://www.hotjar.com/de/heatmaps/erweitert/,2023-08-25,de,erweitert,erweitert,,noncontent
hotjar.com,https://www.hotjar.com/de/heatmaps/infografik/,2023-08-25,de,infografik,infografik,,noncontent
hotjar.com,https://www.hotjar.com/de/heatmaps/analysen/,2023-08-25,de,analysen,analysen,,noncontent
hotjar.com,https://www.hotjar.com/de/blog/ux-mit-heatmaps-verbessert/,2024-06-14,de,ux-mit-heatmaps-verbessert,ux mit heatmaps verbessert,,noncontent
hotjar.com,https://www.hotjar.com/de/blog/integrationen/,2024-05-30,de,integrationen,integrationen,,noncontent
hotjar.com,https://www.hotjar.com/de/blog/ecommerce-customer-journey/,2024-03-06,de,ecommerce-customer-journey,ecommerce customer journey,,noncontent
hotjar.com,https://www.hotjar.com/de/blog/wutklick-map/,2024-02-06,de,wutklick-map,wutklick map,,noncontent
hotjar.com,https://www.hotjar.com/de/blog/nutzerverhalten/,2024-01-31,de,nutzerverhalten,nutzerverhalten,,noncontent
hotjar.com,https://www.hotjar.com/de/blog/was-ist-hotjar/,2024-01-26,de,was-ist-hotjar,was ist hotjar,,noncontent
hotjar.com,https://www.hotjar.com/de/blog/offzielles-hotjar-plugin-fuer-wordpress/,2024-01-26,de,offzielles-hotjar-plugin-fuer-wordpress,offzielles hotjar plugin fuer wordpress,,noncontent
hotjar.com,https://www.hotjar.com/de/blog/hotjar-vs-google-analytics/,2024-01-26,de,hotjar-vs-google-analytics,hotjar vs google analytics,,noncontent
hotjar.com,https://www.hotjar.com/de/blog/klick-tracking/,2024-01-25,de,klick-tracking,klick tracking,,noncontent
hotjar.com,https://www.hotjar.com/de/blog/scroll-tracking/,2024-01-25,de,scroll-tracking,scroll tracking,,noncontent
hotjar.com,https://www.hotjar.com/de/blog/wutklicks/,2024-01-24,de,wutklicks,wutklicks,,noncontent
hotjar.com,https://www.hotjar.com/de/blog/google-analytics-heatmap/,2024-01-23,de,google-analytics-heatmap,google analytics heatmap,,noncontent
hotjar.com,https://www.hotjar.com/de/blog/move-heatmaps/,2024-01-03,de,move-heatmaps,move heatmaps,,noncontent
hotjar.com,https://www.hotjar.com/de/blog/engagement-zonen/,2024-01-03,de,engagement-zonen,engagement zonen,,noncontent
hotjar.com,https://www.hotjar.com/de/blog/scroll-heatmaps/,2024-01-03,de,scroll-heatmaps,scroll heatmaps,,noncontent
hotjar.com,https://www.hotjar.com/de/blog/klick-heatmaps/,2023-12-01,de,klick-heatmaps,klick heatmaps,,noncontent
hotjar.com,https://www.hotjar.com/de-CH/,2025-02-21,de-ch,de-ch,de ch,,noncontent
hotjar.com,https://www.hotjar.com/de-CH/heatmaps-testen4-ch/,2024-11-12,de-ch,heatmaps-testen4-ch,heatmaps testen4 ch,,content
hotjar.com,https://www.hotjar.com/de-CH/hotjar-jetzt-testen-ch3/,2024-02-06,de-ch,hotjar-jetzt-testen-ch3,hotjar jetzt testen ch3,,content
hotjar.com,https://www.hotjar.com/de-CH/surveys3-ch/,2024-02-06,de-ch,surveys3-ch,surveys3 ch,,noncontent
hotjar.com,https://www.hotjar.com/de-CH/session-recording-software3-ch/,2024-02-06,de-ch,session-recording-software3-ch,session recording software3 ch,,content
hotjar.com,https://www.hotjar.com/de-CH/scrollen-von-heatmaps-ch/,2024-02-06,de-ch,scrollen-von-heatmaps-ch,scrollen von heatmaps ch,,content
hotjar.com,https://www.hotjar.com/de-CH/hotjar-kostenlos2-ch/,2024-02-06,de-ch,hotjar-kostenlos2-ch,hotjar kostenlos2 ch,,content
hotjar.com,https://www.hotjar.com/de-CH/hotjar-engage-ch/,2024-02-06,de-ch,hotjar-engage-ch,hotjar engage ch,,content
hotjar.com,https://www.hotjar.com/de-CH/hotjar-und-wordpress2-ch/,2024-02-06,de-ch,hotjar-und-wordpress2-ch,hotjar und wordpress2 ch,,content
hotjar.com,https://www.hotjar.com/de-CH/hotjar-und-slack2-ch/,2024-02-06,de-ch,hotjar-und-slack2-ch,hotjar und slack2 ch,,content
hotjar.com,https://www.hotjar.com/de-CH/hotjar-und-shopify-ch/,2024-02-06,de-ch,hotjar-und-shopify-ch,hotjar und shopify ch,,content
hotjar.com,https://www.hotjar.com/de-CH/hotjar-und-segment2-ch/,2024-02-06,de-ch,hotjar-und-segment2-ch,hotjar und segment2 ch,,content
hotjar.com,https://www.hotjar.com/de-CH/hotjar-und-google-tag-manager-ch/,2024-02-06,de-ch,hotjar-und-google-tag-manager-ch,hotjar und google tag manager ch,,content
hotjar.com,https://www.hotjar.com/de-CH/hotjar-und-google-analytics2-ch/,2024-02-06,de-ch,hotjar-und-google-analytics2-ch,hotjar und google analytics2 ch,,content
hotjar.com,https://www.hotjar.com/de-CH/hotjar-und-clickfunnels2-ch/,2024-02-06,de-ch,hotjar-und-clickfunnels2-ch,hotjar und clickfunnels2 ch,,content
hotjar.com,https://www.hotjar.com/de-CH/dashboard2-ch/,2024-02-06,de-ch,dashboard2-ch,dashboard2 ch,,noncontent
hotjar.com,https://www.hotjar.com/de-CH/wettbewerbsvergleich2-ch/,2024-02-06,de-ch,wettbewerbsvergleich2-ch,wettbewerbsvergleich2 ch,,noncontent
hotjar.com,https://www.hotjar.com/de-CH/wettbewerbsvergleich-fullstory2-ch/,2024-02-06,de-ch,wettbewerbsvergleich-fullstory2-ch,wettbewerbsvergleich fullstory2 ch,,content
hotjar.com,https://www.hotjar.com/de-CH/wettbewerbsvergleich-crazyegg2-ch/,2024-02-06,de-ch,wettbewerbsvergleich-crazyegg2-ch,wettbewerbsvergleich crazyegg2 ch,,content
hotjar.com,https://www.hotjar.com/de-CH/software-zur-verhaltensanalyse2-ch/,2024-02-06,de-ch,software-zur-verhaltensanalyse2-ch,software zur verhaltensanalyse2 ch,,content
hotjar.com,https://www.hotjar.com/de-CH/andere-uberzeugen-ch/,2024-02-03,de-ch,andere-uberzeugen-ch,andere uberzeugen ch,,content
hotjar.com,https://www.hotjar.com/de-CH/probleme-erkennen-ch/,2024-02-03,de-ch,probleme-erkennen-ch,probleme erkennen ch,,content
hotjar.com,https://www.hotjar.com/de-CH/vermutungen-reduzieren-ch/,2024-02-03,de-ch,vermutungen-reduzieren-ch,vermutungen reduzieren ch,,content
hotjar.com,https://www.hotjar.com/de-CH/lass-dich-inspirieren-ch/,2024-02-03,de-ch,lass-dich-inspirieren-ch,lass dich inspirieren ch,,content
hotjar.com,https://www.hotjar.com/de-CH/ux-heatmaps-ch/,2023-12-22,de-ch,ux-heatmaps-ch,ux heatmaps ch,,content
hotjar.com,https://www.hotjar.com/de-CH/hotjar-jetzt-testen-ch/,2023-12-22,de-ch,hotjar-jetzt-testen-ch,hotjar jetzt testen ch,,content
hotjar.com,https://www.hotjar.com/de-CH/marketing-heatmaps/,2023-12-22,de-ch,marketing-heatmaps,marketing heatmaps,,content
hotjar.com,https://www.hotjar.com/de-CH/landingpage-heatmaps-ch/,2023-12-22,de-ch,landingpage-heatmaps-ch,landingpage heatmaps ch,,content
hotjar.com,https://www.hotjar.com/de-CH/highlights2-ch/,2023-12-18,de-ch,highlights2-ch,highlights2 ch,,noncontent
hotjar.com,https://www.hotjar.com/de-CH/product/heatmaps-localisation-duplicate/,2023-09-29,de-ch,heatmaps-localisation-duplicate,heatmaps localisation duplicate,,content
hotjar.com,https://www.hotjar.com/de-CH/hotjar-demo-ch/,2023-07-16,de-ch,hotjar-demo-ch,hotjar demo ch,,content
hotjar.com,https://www.hotjar.com/de-CH/website-feedback-tools3-ch/,2023-06-14,de-ch,website-feedback-tools3-ch,website feedback tools3 ch,,content
hotjar.com,https://www.hotjar.com/de-CH/paid-lp-brand-search-best-in-class-general-1/,2023-05-31,de-ch,paid-lp-brand-search-best-in-class-general-1,paid lp brand search best in class general 1,,content
hotjar.com,https://www.hotjar.com/de-CH/customer-journey-map/,2024-01-31,de-ch,customer-journey-map,customer journey map,,content
hotjar.com,https://www.hotjar.com/de-CH/customer-journey-map/saas-process/,2023-10-03,de-ch,saas-process,saas process,,content
hotjar.com,https://www.hotjar.com/fr/,2025-02-25,fr,fr,fr,,noncontent
hotjar.com,https://www.hotjar.com/fr/produit/tests-utilisateur/,2025-01-10,fr,tests-utilisateur,tests utilisateur,,noncontent
hotjar.com,https://www.hotjar.com/fr/obtenir-heatmaps4/,2024-11-12,fr,obtenir-heatmaps4,obtenir heatmaps4,,noncontent
hotjar.com,https://www.hotjar.com/fr/pricing-fall/,2024-11-08,fr,pricing-fall,pricing fall,,noncontent
hotjar.com,https://www.hotjar.com/fr/platform-fall/,2024-11-06,fr,platform-fall,platform fall,,noncontent
hotjar.com,https://www.hotjar.com/fr/pricing-csq/,2024-11-05,fr,pricing-csq,pricing csq,,noncontent
hotjar.com,https://www.hotjar.com/fr/plateforme-contentsquare-tout-en-un/,2024-11-04,fr,plateforme-contentsquare-tout-en-un,plateforme contentsquare tout en un,,noncontent
hotjar.com,https://www.hotjar.com/fr/accueil-lancement-automnal/,2024-11-04,fr,accueil-lancement-automnal,accueil lancement automnal,,noncontent
hotjar.com,https://www.hotjar.com/fr/a-propos-de-nous/,2024-10-17,fr,a-propos-de-nous,a propos de nous,,noncontent
hotjar.com,https://www.hotjar.com/fr/tarification/,2024-09-12,fr,tarification,tarification,,noncontent
hotjar.com,https://www.hotjar.com/fr/partenaires/,2024-09-11,fr,partenaires,partenaires,,noncontent
hotjar.com,https://www.hotjar.com/fr/equipes-marketing/,2024-06-17,fr,equipes-marketing,equipes marketing,,noncontent
hotjar.com,https://www.hotjar.com/fr/contact-sales-hero/,2024-05-14,fr,contact-sales-hero,contact sales hero,,noncontent
hotjar.com,https://www.hotjar.com/fr/analyse-heatmaps/,2024-03-28,fr,analyse-heatmaps,analyse heatmaps,,noncontent
hotjar.com,https://www.hotjar.com/fr/website-heatmap-outil/,2024-03-11,fr,website-heatmap-outil,website heatmap outil,,noncontent
hotjar.com,https://www.hotjar.com/fr/produit/funnels/,2024-02-16,fr,funnels,funnels,,noncontent
hotjar.com,https://www.hotjar.com/fr/produit/trends/,2024-02-16,fr,trends,trends,,noncontent
hotjar.com,https://www.hotjar.com/fr/produit/surveys/,2024-02-16,fr,surveys,surveys,,noncontent
hotjar.com,https://www.hotjar.com/fr/produit/feedback/,2024-02-16,fr,feedback,feedback,,noncontent
hotjar.com,https://www.hotjar.com/fr/outil-feedback-site-web4/,2024-02-06,fr,outil-feedback-site-web4,outil feedback site web4,,noncontent
hotjar.com,https://www.hotjar.com/fr/logiciel-de-feedback-sur-le-site-web/,2024-02-06,fr,logiciel-de-feedback-sur-le-site-web,logiciel de feedback sur le site web,,noncontent
hotjar.com,https://www.hotjar.com/fr/score-du-feedback-sur-le-site-web/,2024-02-06,fr,score-du-feedback-sur-le-site-web,score du feedback sur le site web,,noncontent
hotjar.com,https://www.hotjar.com/fr/popup-de-feedback-sur-le-site-web/,2024-02-06,fr,popup-de-feedback-sur-le-site-web,popup de feedback sur le site web,,noncontent
hotjar.com,https://www.hotjar.com/fr/bouton-de-feedback-sur-le-site-web/,2024-02-06,fr,bouton-de-feedback-sur-le-site-web,bouton de feedback sur le site web,,noncontent
hotjar.com,https://www.hotjar.com/fr/feedback-sur-la-conception-du-site-web/,2024-02-06,fr,feedback-sur-la-conception-du-site-web,feedback sur la conception du site web,,noncontent
hotjar.com,https://www.hotjar.com/fr/essayez-hotjar-maintenant3/,2024-02-06,fr,essayez-hotjar-maintenant3,essayez hotjar maintenant3,,noncontent
hotjar.com,https://www.hotjar.com/fr/surveys3/,2024-02-06,fr,surveys3,surveys3,,noncontent
hotjar.com,https://www.hotjar.com/fr/feedback-avec-smiley/,2024-02-06,fr,feedback-avec-smiley,feedback avec smiley,,noncontent
hotjar.com,https://www.hotjar.com/fr/logiciel-d-enregistrement-de-sessions3/,2024-02-06,fr,logiciel-d-enregistrement-de-sessions3,logiciel d enregistrement de sessions3,,noncontent
hotjar.com,https://www.hotjar.com/fr/heatmaps-de-defilement/,2024-02-06,fr,heatmaps-de-defilement,heatmaps de defilement,,noncontent
hotjar.com,https://www.hotjar.com/fr/feedback-sur-l-integration-de-ms-teams/,2024-02-06,fr,feedback-sur-l-integration-de-ms-teams,feedback sur l integration de ms teams,,noncontent
hotjar.com,https://www.hotjar.com/fr/hotjar-gratuit2/,2024-02-06,fr,hotjar-gratuit2,hotjar gratuit2,,noncontent
hotjar.com,https://www.hotjar.com/fr/hotjar-engage/,2024-02-06,fr,hotjar-engage,hotjar engage,,noncontent
hotjar.com,https://www.hotjar.com/fr/hotjar-et-wordpress2/,2024-02-06,fr,hotjar-et-wordpress2,hotjar et wordpress2,,noncontent
hotjar.com,https://www.hotjar.com/fr/hotjar-et-slack2/,2024-02-06,fr,hotjar-et-slack2,hotjar et slack2,,noncontent
hotjar.com,https://www.hotjar.com/fr/hotjar-et-shopify/,2024-02-06,fr,hotjar-et-shopify,hotjar et shopify,,noncontent
hotjar.com,https://www.hotjar.com/fr/hotjar-et-segment2/,2024-02-06,fr,hotjar-et-segment2,hotjar et segment2,,noncontent
hotjar.com,https://www.hotjar.com/fr/hotjar-et-google-tag-manager/,2024-02-06,fr,hotjar-et-google-tag-manager,hotjar et google tag manager,,noncontent
hotjar.com,https://www.hotjar.com/fr/hotjar-et-google-analytics2/,2024-02-06,fr,hotjar-et-google-analytics2,hotjar et google analytics2,,noncontent
hotjar.com,https://www.hotjar.com/fr/hotjar-et-clickfunnels2/,2024-02-06,fr,hotjar-et-clickfunnels2,hotjar et clickfunnels2,,noncontent
hotjar.com,https://www.hotjar.com/fr/obtenir-un-feedback-sur-le-site-web/,2024-02-06,fr,obtenir-un-feedback-sur-le-site-web,obtenir un feedback sur le site web,,noncontent
hotjar.com,https://www.hotjar.com/fr/obtenir-le-feedback-du-visiteur/,2024-02-06,fr,obtenir-le-feedback-du-visiteur,obtenir le feedback du visiteur,,noncontent
hotjar.com,https://www.hotjar.com/fr/obtenir-le-feedback-de-l-utilisateur/,2024-02-06,fr,obtenir-le-feedback-de-l-utilisateur,obtenir le feedback de l utilisateur,,noncontent
hotjar.com,https://www.hotjar.com/fr/obtenir-un-feedback-sur-l-utilisabilite/,2024-02-06,fr,obtenir-un-feedback-sur-l-utilisabilite,obtenir un feedback sur l utilisabilite,,noncontent
hotjar.com,https://www.hotjar.com/fr/obtenir-un-feedback-en-temps-reel/,2024-02-06,fr,obtenir-un-feedback-en-temps-reel,obtenir un feedback en temps reel,,noncontent
hotjar.com,https://www.hotjar.com/fr/obtenir-un-feedback-sur-le-produit/,2024-02-06,fr,obtenir-un-feedback-sur-le-produit,obtenir un feedback sur le produit,,noncontent
hotjar.com,https://www.hotjar.com/fr/obtenir-un-feedback-instantanement/,2024-02-06,fr,obtenir-un-feedback-instantanement,obtenir un feedback instantanement,,noncontent
hotjar.com,https://www.hotjar.com/fr/obtenir-le-feedback-du-client/,2024-02-06,fr,obtenir-le-feedback-du-client,obtenir le feedback du client,,noncontent
hotjar.com,https://www.hotjar.com/fr/collecter-du-feedback-en-continu/,2024-02-06,fr,collecter-du-feedback-en-continu,collecter du feedback en continu,,noncontent
hotjar.com,https://www.hotjar.com/fr/recueillir-le-feedback-sur-le-site-web/,2024-02-06,fr,recueillir-le-feedback-sur-le-site-web,recueillir le feedback sur le site web,,noncontent
hotjar.com,https://www.hotjar.com/fr/widgets-de-feedback/,2024-02-06,fr,widgets-de-feedback,widgets de feedback,,noncontent
hotjar.com,https://www.hotjar.com/fr/dashboard2/,2024-02-06,fr,dashboard2,dashboard2,,noncontent
hotjar.com,https://www.hotjar.com/fr/experience-client-feedback/,2024-02-06,fr,experience-client-feedback,experience client feedback,,noncontent
hotjar.com,https://www.hotjar.com/fr/comparatif-competiteur2/,2024-02-06,fr,comparatif-competiteur2,comparatif competiteur2,,noncontent
hotjar.com,https://www.hotjar.com/fr/comparatif-competiteur-fullstory2/,2024-02-06,fr,comparatif-competiteur-fullstory2,comparatif competiteur fullstory2,,noncontent
hotjar.com,https://www.hotjar.com/fr/comparatif-competiteur-crazyegg2/,2024-02-06,fr,comparatif-competiteur-crazyegg2,comparatif competiteur crazyegg2,,noncontent
hotjar.com,https://www.hotjar.com/fr/logiciel-analyse-comportementale2/,2024-02-06,fr,logiciel-analyse-comportementale2,logiciel analyse comportementale2,,noncontent
hotjar.com,https://www.hotjar.com/fr/demander-un-feedback-sur-le-site-web/,2024-02-06,fr,demander-un-feedback-sur-le-site-web,demander un feedback sur le site web,,noncontent
hotjar.com,https://www.hotjar.com/fr/contacter-equipe-vente/,2024-02-06,fr,contacter-equipe-vente,contacter equipe vente,,noncontent
hotjar.com,https://www.hotjar.com/fr/equipes-en-pleine-croissance/,2024-02-03,fr,equipes-en-pleine-croissance,equipes en pleine croissance,,noncontent
hotjar.com,https://www.hotjar.com/fr/essayez/surveys/,2024-02-03,fr,surveys,surveys,,noncontent
hotjar.com,https://www.hotjar.com/fr/parrainage/,2024-02-03,fr,parrainage,parrainage,,noncontent
hotjar.com,https://www.hotjar.com/fr/essayez/feedback/,2024-02-03,fr,feedback,feedback,,noncontent
hotjar.com,https://www.hotjar.com/fr/obtenir-l-adhesion/,2024-02-03,fr,obtenir-l-adhesion,obtenir l adhesion,,noncontent
hotjar.com,https://www.hotjar.com/fr/detecter-les-problemes/,2024-02-03,fr,detecter-les-problemes,detecter les problemes,,noncontent
hotjar.com,https://www.hotjar.com/fr/reduire-les-hypotheses/,2024-02-03,fr,reduire-les-hypotheses,reduire les hypotheses,,noncontent
hotjar.com,https://www.hotjar.com/fr/trouver-l-inspiration/,2024-02-03,fr,trouver-l-inspiration,trouver l inspiration,,noncontent
hotjar.com,https://www.hotjar.com/fr/chercheur-analyste/,2024-02-03,fr,chercheur-analyste,chercheur analyste,,noncontent
hotjar.com,https://www.hotjar.com/fr/product-designer/,2024-02-03,fr,product-designer,product designer,,noncontent
hotjar.com,https://www.hotjar.com/fr/product-manager/,2024-02-03,fr,product-manager,product manager,,noncontent
hotjar.com,https://www.hotjar.com/fr/equipes-produit/,2024-02-03,fr,equipes-produit,equipes produit,,noncontent
hotjar.com,https://www.hotjar.com/fr/produit-ia-surveys/,2024-02-03,fr,produit-ia-surveys,produit ia surveys,,noncontent
hotjar.com,https://www.hotjar.com/fr/presentation/,2024-02-03,fr,presentation,presentation,,noncontent
hotjar.com,https://www.hotjar.com/fr/produit/highlights/,2024-02-03,fr,highlights,highlights,,noncontent
hotjar.com,https://www.hotjar.com/fr/confidentialite/,2024-02-03,fr,confidentialite,confidentialite,,noncontent
hotjar.com,https://www.hotjar.com/fr/produit/dashboard/,2024-02-03,fr,dashboard,dashboard,,noncontent
hotjar.com,https://www.hotjar.com/fr/produit/recordings/,2024-02-03,fr,recordings,recordings,,noncontent
hotjar.com,https://www.hotjar.com/fr/produit/heatmaps/,2024-02-03,fr,heatmaps,heatmaps,,noncontent
hotjar.com,https://www.hotjar.com/fr/choisissez-votre-offre/,2024-01-24,fr,choisissez-votre-offre,choisissez votre offre,,noncontent
hotjar.com,https://www.hotjar.com/fr/perf-lp-custom-pricing-page-ubp/,2024-01-23,fr,perf-lp-custom-pricing-page-ubp,perf lp custom pricing page ubp,,noncontent
hotjar.com,https://www.hotjar.com/fr/tarification-ubp/,2024-01-22,fr,tarification-ubp,tarification ubp,,noncontent
hotjar.com,https://www.hotjar.com/fr/experience-utilisateur-heatmaps/,2023-12-22,fr,experience-utilisateur-heatmaps,experience utilisateur heatmaps,,noncontent
hotjar.com,https://www.hotjar.com/fr/essayez-hotjar-maintenant/,2023-12-22,fr,essayez-hotjar-maintenant,essayez hotjar maintenant,,noncontent
hotjar.com,https://www.hotjar.com/fr/marketing-heatmaps/,2023-12-22,fr,marketing-heatmaps,marketing heatmaps,,noncontent
hotjar.com,https://www.hotjar.com/fr/pagesdedestination-heatmaps/,2023-12-22,fr,pagesdedestination-heatmaps,pagesdedestination heatmaps,,noncontent
hotjar.com,https://www.hotjar.com/fr/produit/engage/,2023-12-18,fr,engage,engage,,noncontent
hotjar.com,https://www.hotjar.com/fr/highlights2/,2023-12-18,fr,highlights2,highlights2,,noncontent
hotjar.com,https://www.hotjar.com/fr/product-feedback-1/,2023-09-22,fr,product-feedback-1,product feedback 1,,noncontent
hotjar.com,https://www.hotjar.com/fr/product-surveys-1/,2023-09-22,fr,product-surveys-1,product surveys 1,,noncontent
hotjar.com,https://www.hotjar.com/fr/pricing-live-version-1/,2023-08-09,fr,pricing-live-version-1,pricing live version 1,,noncontent
hotjar.com,https://www.hotjar.com/fr/pricing-fremium-experiment-v2/,2023-07-18,fr,pricing-fremium-experiment-v2,pricing fremium experiment v2,,noncontent
hotjar.com,https://www.hotjar.com/fr/tarification-freemium-v1/,2023-07-17,fr,tarification-freemium-v1,tarification freemium v1,,noncontent
hotjar.com,https://www.hotjar.com/fr/pricing-freemium-v1-version-1/,2023-07-17,fr,pricing-freemium-v1-version-1,pricing freemium v1 version 1,,noncontent
hotjar.com,https://www.hotjar.com/fr/demo-hotjar/,2023-07-16,fr,demo-hotjar,demo hotjar,,noncontent
hotjar.com,https://www.hotjar.com/fr/web-design/checklist/,2024-07-09,fr,checklist,checklist,,noncontent
hotjar.com,https://www.hotjar.com/fr/google-analytics/glossaire/utilisateurs/,2024-06-27,fr,utilisateurs,utilisateurs,,noncontent
hotjar.com,https://www.hotjar.com/fr/google-analytics/glossaire/page-de-destination/,2024-06-27,fr,page-de-destination,page de destination,,noncontent
hotjar.com,https://www.hotjar.com/fr/google-analytics/glossaire/ecommerce/,2024-06-27,fr,ecommerce,ecommerce,,noncontent
hotjar.com,https://www.hotjar.com/fr/optimisation-taux-conversion/avantages/,2024-06-18,fr,avantages,avantages,,noncontent
hotjar.com,https://www.hotjar.com/fr/optimisation-taux-conversion/bonnes-pratiques/,2024-06-18,fr,bonnes-pratiques,bonnes pratiques,,noncontent
hotjar.com,https://www.hotjar.com/fr/web-design/,2024-06-14,fr,web-design,web design,,noncontent
hotjar.com,https://www.hotjar.com/fr/web-design/principes/,2024-06-12,fr,principes,principes,,noncontent
hotjar.com,https://www.hotjar.com/fr/web-design/tendances/,2024-06-10,fr,tendances,tendances,,noncontent
hotjar.com,https://www.hotjar.com/fr/google-analytics/glossaire/session/,2024-06-10,fr,session,session,,noncontent
hotjar.com,https://www.hotjar.com/fr/google-analytics/glossaire/dimension-secondaire/,2024-06-10,fr,dimension-secondaire,dimension secondaire,,noncontent
hotjar.com,https://www.hotjar.com/fr/web-design/bonnes-pratiques/,2024-06-05,fr,bonnes-pratiques,bonnes pratiques,,noncontent
hotjar.com,https://www.hotjar.com/fr/web-design/exemples/,2024-06-05,fr,exemples,exemples,,noncontent
hotjar.com,https://www.hotjar.com/fr/optimisation-taux-conversion/glossaire/formulaire-conversion/,2024-06-04,fr,formulaire-conversion,formulaire conversion,,noncontent
hotjar.com,https://www.hotjar.com/fr/web-design/challenges/,2024-05-31,fr,challenges,challenges,,noncontent
hotjar.com,https://www.hotjar.com/fr/web-design/erreurs/,2024-05-31,fr,erreurs,erreurs,,noncontent
hotjar.com,https://www.hotjar.com/fr/google-analytics/glossaire/objectifs-taux-de-conversion/,2024-05-31,fr,objectifs-taux-de-conversion,objectifs taux de conversion,,noncontent
hotjar.com,https://www.hotjar.com/fr/google-analytics/glossaire/audience/,2024-05-31,fr,audience,audience,,noncontent
hotjar.com,https://www.hotjar.com/fr/web-design/audit/,2024-05-30,fr,audit,audit,,noncontent
hotjar.com,https://www.hotjar.com/fr/web-design/vs-ux-design/,2024-05-30,fr,vs-ux-design,vs ux design,,noncontent
hotjar.com,https://www.hotjar.com/fr/google-analytics/glossaire/transactions/,2024-05-30,fr,transactions,transactions,,noncontent
hotjar.com,https://www.hotjar.com/fr/google-analytics/glossaire/taux-de-sortie/,2024-05-15,fr,taux-de-sortie,taux de sortie,,noncontent
hotjar.com,https://www.hotjar.com/fr/google-analytics/glossaire/segment/,2024-05-07,fr,segment,segment,,noncontent
hotjar.com,https://www.hotjar.com/fr/google-analytics/glossaire/conversion/,2024-05-07,fr,conversion,conversion,,noncontent
hotjar.com,https://www.hotjar.com/fr/google-analytics/glossaire/,2024-05-02,fr,glossaire,glossaire,,noncontent
hotjar.com,https://www.hotjar.com/fr/google-analytics/glossaire/visiteurs-uniques/,2024-05-02,fr,visiteurs-uniques,visiteurs uniques,,noncontent
hotjar.com,https://www.hotjar.com/fr/google-analytics/glossaire/dimension-metrique/,2024-05-02,fr,dimension-metrique,dimension metrique,,noncontent
hotjar.com,https://www.hotjar.com/fr/google-analytics/glossaire/taux-de-rebond/,2024-04-30,fr,taux-de-rebond,taux de rebond,,noncontent
hotjar.com,https://www.hotjar.com/fr/web-design/logiciel/,2024-04-29,fr,logiciel,logiciel,,noncontent
hotjar.com,https://www.hotjar.com/fr/ux-design/fails/,2024-04-29,fr,fails,fails,,noncontent
hotjar.com,https://www.hotjar.com/fr/ux-design/mobile/,2024-04-26,fr,mobile,mobile,,noncontent
hotjar.com,https://www.hotjar.com/fr/analyse-donnees-qualitatives/exemples/,2024-04-24,fr,exemples,exemples,,noncontent
hotjar.com,https://www.hotjar.com/fr/analyse-donnees-qualitatives/methodes/,2024-04-24,fr,methodes,methodes,,noncontent
hotjar.com,https://www.hotjar.com/fr/analyse-donnees-qualitatives/,2024-04-23,fr,analyse-donnees-qualitatives,analyse donnees qualitatives,,noncontent
hotjar.com,https://www.hotjar.com/fr/enregistrements-de-session/,2024-04-18,fr,enregistrements-de-session,enregistrements de session,,noncontent
hotjar.com,https://www.hotjar.com/fr/google-analytics/glossaire/exploration/,2024-04-18,fr,exploration,exploration,,noncontent
hotjar.com,https://www.hotjar.com/fr/google-analytics/glossaire/duree-de-session/,2024-04-18,fr,duree-de-session,duree de session,,noncontent
hotjar.com,https://www.hotjar.com/fr/test-utilisabilite/audit/,2024-04-16,fr,audit,audit,,noncontent
hotjar.com,https://www.hotjar.com/fr/suivi-site-web/comment-suivre-activite-utilisateur/,2024-04-15,fr,comment-suivre-activite-utilisateur,comment suivre activite utilisateur,,noncontent
hotjar.com,https://www.hotjar.com/fr/optimisation-taux-conversion/glossaire/lisibilite-web/,2024-04-12,fr,lisibilite-web,lisibilite web,,noncontent
hotjar.com,https://www.hotjar.com/fr/optimisation-taux-conversion/glossaire/risque-de-premiere-espece/,2024-04-12,fr,risque-de-premiere-espece,risque de premiere espece,,noncontent
hotjar.com,https://www.hotjar.com/fr/optimisation-taux-conversion/glossaire/split-testing/,2024-04-12,fr,split-testing,split testing,,noncontent
hotjar.com,https://www.hotjar.com/fr/optimisation-taux-conversion/glossaire/tunnel-de-vente/,2024-04-12,fr,tunnel-de-vente,tunnel de vente,,noncontent
hotjar.com,https://www.hotjar.com/fr/optimisation-taux-conversion/glossaire/ctr/,2024-04-10,fr,ctr,ctr,,noncontent
hotjar.com,https://www.hotjar.com/fr/optimisation-taux-conversion/glossaire/kpis/,2024-04-09,fr,kpis,kpis,,noncontent
hotjar.com,https://www.hotjar.com/fr/analyse-web/audit/,2024-04-09,fr,audit,audit,,noncontent
hotjar.com,https://www.hotjar.com/fr/analyse-donnees-qualitatives/avantages-inconvenients/,2024-03-25,fr,avantages-inconvenients,avantages inconvenients,,noncontent
hotjar.com,https://www.hotjar.com/fr/analyse-donnees-qualitatives/outils/,2024-03-25,fr,outils,outils,,noncontent
hotjar.com,https://www.hotjar.com/fr/optimisation-taux-conversion/glossaire/significativite-statistique/,2024-03-21,fr,significativite-statistique,significativite statistique,,noncontent
hotjar.com,https://www.hotjar.com/fr/optimisation-taux-conversion/glossaire/personnalisation/,2024-03-19,fr,personnalisation,personnalisation,,noncontent
hotjar.com,https://www.hotjar.com/fr/optimisation-taux-conversion/glossaire/multivariate-testing/,2024-03-19,fr,multivariate-testing,multivariate testing,,noncontent
hotjar.com,https://www.hotjar.com/fr/optimisation-taux-conversion/glossaire/eye-tracking/,2024-03-18,fr,eye-tracking,eye tracking,,noncontent
hotjar.com,https://www.hotjar.com/fr/optimisation-taux-conversion/glossaire/ciblage-comportemental/,2024-03-18,fr,ciblage-comportemental,ciblage comportemental,,noncontent
hotjar.com,https://www.hotjar.com/fr/analyse-site-web/outils/,2024-03-12,fr,outils,outils,,noncontent
hotjar.com,https://www.hotjar.com/fr/optimisation-taux-conversion/glossaire/,2024-03-12,fr,glossaire,glossaire,,noncontent
hotjar.com,https://www.hotjar.com/fr/optimisation-taux-conversion/glossaire/usp/,2024-03-11,fr,usp,usp,,noncontent
hotjar.com,https://www.hotjar.com/fr/optimisation-taux-conversion/glossaire/taux-rebond/,2024-03-11,fr,taux-rebond,taux rebond,,noncontent
hotjar.com,https://www.hotjar.com/fr/optimisation-taux-conversion/glossaire/micro-conversions/,2024-03-05,fr,micro-conversions,micro conversions,,noncontent
hotjar.com,https://www.hotjar.com/fr/optimisation-taux-conversion/augmenter/,2024-02-21,fr,augmenter,augmenter,,noncontent
hotjar.com,https://www.hotjar.com/fr/optimisation-taux-conversion/glossaire/cta/,2024-02-20,fr,cta,cta,,noncontent
hotjar.com,https://www.hotjar.com/fr/heatmaps/maps-rage-click/,2024-02-06,fr,maps-rage-click,maps rage click,,noncontent
hotjar.com,https://www.hotjar.com/fr/optimisation-taux-conversion/audit/,2024-02-06,fr,audit,audit,,noncontent
hotjar.com,https://www.hotjar.com/fr/optimisation-taux-conversion/outils/,2024-02-01,fr,outils,outils,,noncontent
hotjar.com,https://www.hotjar.com/fr/analyse-web/outils/,2024-01-31,fr,outils,outils,,noncontent
hotjar.com,https://www.hotjar.com/fr/analyse-web/strategie/,2024-01-31,fr,strategie,strategie,,noncontent
hotjar.com,https://www.hotjar.com/fr/heatmaps/maps-defilement/,2024-01-19,fr,maps-defilement,maps defilement,,noncontent
hotjar.com,https://www.hotjar.com/fr/heatmaps/zones-engagement/,2024-01-19,fr,zones-engagement,zones engagement,,noncontent
hotjar.com,https://www.hotjar.com/fr/heatmaps/heatmaps-de-mouvement/,2024-01-19,fr,heatmaps-de-mouvement,heatmaps de mouvement,,noncontent
hotjar.com,https://www.hotjar.com/fr/heatmaps/heatmaps-clics/,2024-01-18,fr,heatmaps-clics,heatmaps clics,,noncontent
hotjar.com,https://www.hotjar.com/fr/analyse-web/,2024-01-05,fr,analyse-web,analyse web,,noncontent
hotjar.com,https://www.hotjar.com/fr/tracking-site-web/checklist/,2024-01-02,fr,checklist,checklist,,noncontent
hotjar.com,https://www.hotjar.com/fr/optimisation-taux-conversion/,2023-12-13,fr,optimisation-taux-conversion,optimisation taux conversion,,noncontent
hotjar.com,https://www.hotjar.com/fr/ux-design/audit/,2023-11-30,fr,audit,audit,,noncontent
hotjar.com,https://www.hotjar.com/fr/ux-design/tendances/,2023-11-30,fr,tendances,tendances,,noncontent
hotjar.com,https://www.hotjar.com/fr/ux-design/exemples/,2023-11-30,fr,exemples,exemples,,noncontent
hotjar.com,https://www.hotjar.com/fr/ux-design/outils/,2023-11-29,fr,outils,outils,,noncontent
hotjar.com,https://www.hotjar.com/fr/ux-design/enquetes/,2023-11-29,fr,enquetes,enquetes,,noncontent
hotjar.com,https://www.hotjar.com/fr/ux-design/referentiel-recherche/,2023-11-28,fr,referentiel-recherche,referentiel recherche,,noncontent
hotjar.com,https://www.hotjar.com/fr/ux-design/erreurs/,2023-11-28,fr,erreurs,erreurs,,noncontent
hotjar.com,https://www.hotjar.com/fr/ux-design/metriques/,2023-11-28,fr,metriques,metriques,,noncontent
hotjar.com,https://www.hotjar.com/fr/ux-design/analyse/,2023-11-27,fr,analyse,analyse,,noncontent
hotjar.com,https://www.hotjar.com/fr/ux-design/,2023-11-27,fr,ux-design,ux design,,noncontent
hotjar.com,https://www.hotjar.com/fr/net-promoter-score/suivi/,2023-11-08,fr,suivi,suivi,,noncontent
hotjar.com,https://www.hotjar.com/fr/net-promoter-score/enquete/,2023-11-08,fr,enquete,enquete,,noncontent
hotjar.com,https://www.hotjar.com/fr/net-promoter-score/questions/,2023-11-08,fr,questions,questions,,noncontent
hotjar.com,https://www.hotjar.com/fr/net-promoter-score/calcul/,2023-11-08,fr,calcul,calcul,,noncontent
hotjar.com,https://www.hotjar.com/fr/net-promoter-score/ameliorer/,2023-10-31,fr,ameliorer,ameliorer,,noncontent
hotjar.com,https://www.hotjar.com/fr/net-promoter-score/analyse/,2023-10-31,fr,analyse,analyse,,noncontent
hotjar.com,https://www.hotjar.com/fr/net-promoter-score/benchmarks/,2023-10-31,fr,benchmarks,benchmarks,,noncontent
hotjar.com,https://www.hotjar.com/fr/net-promoter-score/system/,2023-10-31,fr,system,system,,noncontent
hotjar.com,https://www.hotjar.com/fr/net-promoter-score/,2023-10-31,fr,net-promoter-score,net promoter score,,noncontent
hotjar.com,https://www.hotjar.com/fr/analyse-site-web/etapes/,2023-10-25,fr,etapes,etapes,,noncontent
hotjar.com,https://www.hotjar.com/fr/analyse-site-web/checklist/,2023-10-24,fr,checklist,checklist,,noncontent
hotjar.com,https://www.hotjar.com/fr/analyse-site-web/centree-sur-utilisateur/,2023-10-24,fr,centree-sur-utilisateur,centree sur utilisateur,,noncontent
hotjar.com,https://www.hotjar.com/fr/analyse-site-web/,2023-10-24,fr,analyse-site-web,analyse site web,,noncontent
hotjar.com,https://www.hotjar.com/fr/test-utilisabilite/modele-checklist/,2023-10-10,fr,modele-checklist,modele checklist,,noncontent
hotjar.com,https://www.hotjar.com/fr/test-utilisabilite/outils/,2023-10-10,fr,outils,outils,,noncontent
hotjar.com,https://www.hotjar.com/fr/test-utilisabilite/questions/,2023-10-10,fr,questions,questions,,noncontent
hotjar.com,https://www.hotjar.com/fr/test-utilisabilite/processus-exemples/,2023-10-10,fr,processus-exemples,processus exemples,,noncontent
hotjar.com,https://www.hotjar.com/fr/test-utilisabilite/methodes/,2023-10-09,fr,methodes,methodes,,noncontent
hotjar.com,https://www.hotjar.com/fr/test-utilisabilite/evaluation-analyse/,2023-10-09,fr,evaluation-analyse,evaluation analyse,,noncontent
hotjar.com,https://www.hotjar.com/fr/test-utilisabilite/,2023-10-09,fr,test-utilisabilite,test utilisabilite,,noncontent
hotjar.com,https://www.hotjar.com/fr/suivi-site-web/trafic/,2023-10-06,fr,trafic,trafic,,noncontent
hotjar.com,https://www.hotjar.com/fr/heatmaps/,2023-10-05,fr,heatmaps,heatmaps,,noncontent
hotjar.com,https://www.hotjar.com/fr/heatmaps/ameliorer-site/,2023-10-05,fr,ameliorer-site,ameliorer site,,noncontent
hotjar.com,https://www.hotjar.com/fr/enregistrements-de-session/analyse/,2023-09-19,fr,analyse,analyse,,noncontent
hotjar.com,https://www.hotjar.com/fr/enregistrements-de-session/comportement-utilisateur/,2023-09-19,fr,comportement-utilisateur,comportement utilisateur,,noncontent
hotjar.com,https://www.hotjar.com/fr/enregistrements-de-session/exemples-cas-pratiques/,2023-09-19,fr,exemples-cas-pratiques,exemples cas pratiques,,noncontent
hotjar.com,https://www.hotjar.com/fr/enregistrements-de-session/conseils-avances/,2023-09-19,fr,conseils-avances,conseils avances,,noncontent
hotjar.com,https://www.hotjar.com/fr/heatmaps/exemples/,2023-09-15,fr,exemples,exemples,,noncontent
hotjar.com,https://www.hotjar.com/fr/suivi-site-web/outils/,2023-09-14,fr,outils,outils,,noncontent
hotjar.com,https://www.hotjar.com/fr/suivi-site-web/confidentialite/,2023-09-13,fr,confidentialite,confidentialite,,noncontent
hotjar.com,https://www.hotjar.com/fr/suivi-site-web/,2023-09-12,fr,suivi-site-web,suivi site web,,noncontent
hotjar.com,https://www.hotjar.com/fr/heatmaps/cas-etude/,2023-08-25,fr,cas-etude,cas etude,,noncontent
hotjar.com,https://www.hotjar.com/fr/heatmaps/comment-creer/,2023-08-25,fr,comment-creer,comment creer,,noncontent
hotjar.com,https://www.hotjar.com/fr/heatmaps/avance/,2023-08-25,fr,avance,avance,,noncontent
hotjar.com,https://www.hotjar.com/fr/heatmaps/infographie/,2023-08-25,fr,infographie,infographie,,noncontent
hotjar.com,https://www.hotjar.com/fr/heatmaps/analyse/,2023-08-25,fr,analyse,analyse,,noncontent
hotjar.com,https://www.hotjar.com/fr/blog/analyse-questions-ouvertes/,2024-08-08,fr,analyse-questions-ouvertes,analyse questions ouvertes,,noncontent
hotjar.com,https://www.hotjar.com/fr/blog/sondage-en-ligne/,2024-08-07,fr,sondage-en-ligne,sondage en ligne,,noncontent
hotjar.com,https://www.hotjar.com/fr/blog/analyse-donnees-questionnaire/,2024-08-07,fr,analyse-donnees-questionnaire,analyse donnees questionnaire,,noncontent
hotjar.com,https://www.hotjar.com/fr/blog/enquete-satisfaction-site-internet/,2024-08-05,fr,enquete-satisfaction-site-internet,enquete satisfaction site internet,,noncontent
hotjar.com,https://www.hotjar.com/fr/blog/questions-enquete-satisfaction-client/,2024-08-05,fr,questions-enquete-satisfaction-client,questions enquete satisfaction client,,noncontent
hotjar.com,https://www.hotjar.com/fr/blog/questionnaire-satisfaction-client/,2024-08-05,fr,questionnaire-satisfaction-client,questionnaire satisfaction client,,noncontent
hotjar.com,https://www.hotjar.com/fr/blog/hotjar-vs-lucky-orange/,2024-07-04,fr,hotjar-vs-lucky-orange,hotjar vs lucky orange,,noncontent
hotjar.com,https://www.hotjar.com/fr/blog/hotjar-vs-crazy-egg/,2024-07-03,fr,hotjar-vs-crazy-egg,hotjar vs crazy egg,,noncontent
hotjar.com,https://www.hotjar.com/fr/blog/hotjar-vs-smartlook/,2024-07-03,fr,hotjar-vs-smartlook,hotjar vs smartlook,,noncontent
hotjar.com,https://www.hotjar.com/fr/blog/hotjar-vs-microsoft-clarity/,2024-07-03,fr,hotjar-vs-microsoft-clarity,hotjar vs microsoft clarity,,noncontent
hotjar.com,https://www.hotjar.com/fr/blog/hotjar-vs-mouseflow/,2024-07-02,fr,hotjar-vs-mouseflow,hotjar vs mouseflow,,noncontent
hotjar.com,https://www.hotjar.com/fr/blog/hotjar-vs-fullstory/,2024-07-02,fr,hotjar-vs-fullstory,hotjar vs fullstory,,noncontent
hotjar.com,https://www.hotjar.com/fr/blog/google-analytics-alternatives/,2024-07-02,fr,google-analytics-alternatives,google analytics alternatives,,noncontent
hotjar.com,https://www.hotjar.com/fr/blog/ameliorer-ux-avec-heatmaps/,2024-06-14,fr,ameliorer-ux-avec-heatmaps,ameliorer ux avec heatmaps,,noncontent
hotjar.com,https://www.hotjar.com/fr/blog/mixpanel-alternatives/,2024-06-04,fr,mixpanel-alternatives,mixpanel alternatives,,noncontent
hotjar.com,https://www.hotjar.com/fr/blog/integrations/,2024-05-30,fr,integrations,integrations,,noncontent
hotjar.com,https://www.hotjar.com/fr/blog/parcours-client-ecommerce/,2024-03-06,fr,parcours-client-ecommerce,parcours client ecommerce,,noncontent
hotjar.com,https://www.hotjar.com/fr/blog/maps-rage-click/,2024-02-06,fr,maps-rage-click,maps rage click,,noncontent
hotjar.com,https://www.hotjar.com/fr/blog/comportement-utilisateur/,2024-01-31,fr,comportement-utilisateur,comportement utilisateur,,noncontent
hotjar.com,https://www.hotjar.com/fr/blog/presentation-hotjar/,2024-01-26,fr,presentation-hotjar,presentation hotjar,,noncontent
hotjar.com,https://www.hotjar.com/fr/blog/plugin-officiel-hotjar-wordpress/,2024-01-26,fr,plugin-officiel-hotjar-wordpress,plugin officiel hotjar wordpress,,noncontent
hotjar.com,https://www.hotjar.com/fr/blog/hotjar-vs-google-analytics/,2024-01-26,fr,hotjar-vs-google-analytics,hotjar vs google analytics,,noncontent
hotjar.com,https://www.hotjar.com/fr/blog/suivi-des-clics/,2024-01-25,fr,suivi-des-clics,suivi des clics,,noncontent
hotjar.com,https://www.hotjar.com/fr/blog/suivi-defilement/,2024-01-25,fr,suivi-defilement,suivi defilement,,noncontent
hotjar.com,https://www.hotjar.com/fr/blog/rage-clicks/,2024-01-24,fr,rage-clicks,rage clicks,,noncontent
hotjar.com,https://www.hotjar.com/fr/blog/heatmap-google-analytics/,2024-01-23,fr,heatmap-google-analytics,heatmap google analytics,,noncontent
hotjar.com,https://www.hotjar.com/fr/blog/heatmaps-de-mouvement/,2024-01-03,fr,heatmaps-de-mouvement,heatmaps de mouvement,,noncontent
hotjar.com,https://www.hotjar.com/fr/blog/zones-engagement/,2024-01-03,fr,zones-engagement,zones engagement,,noncontent
hotjar.com,https://www.hotjar.com/fr/blog/heatmaps-defilement/,2024-01-03,fr,heatmaps-defilement,heatmaps defilement,,noncontent
hotjar.com,https://www.hotjar.com/fr/blog/heatmaps-clics/,2023-12-01,fr,heatmaps-clics,heatmaps clics,,noncontent
hotjar.com,https://www.hotjar.com/pt-BR/,2025-02-21,pt-br,pt-br,pt br,,noncontent
hotjar.com,https://www.hotjar.com/pt-BR/produto/testes-usuario/,2025-01-10,pt-br,testes-usuario,testes usuario,,noncontent
hotjar.com,https://www.hotjar.com/pt-BR/obtenha-heatmaps4/,2024-11-12,pt-br,obtenha-heatmaps4,obtenha heatmaps4,,noncontent
hotjar.com,https://www.hotjar.com/pt-BR/pricing-csq/,2024-11-05,pt-br,pricing-csq,pricing csq,,noncontent
hotjar.com,https://www.hotjar.com/pt-BR/sobre-nos/,2024-10-17,pt-br,sobre-nos,sobre nos,,noncontent
hotjar.com,https://www.hotjar.com/pt-BR/precos/,2024-09-12,pt-br,precos,precos,,noncontent
hotjar.com,https://www.hotjar.com/pt-BR/parcerias/,2024-09-11,pt-br,parcerias,parcerias,,noncontent
hotjar.com,https://www.hotjar.com/pt-BR/solicitar-demonstracao-tofu/,2024-07-04,pt-br,solicitar-demonstracao-tofu,solicitar demonstracao tofu,,noncontent
hotjar.com,https://www.hotjar.com/pt-BR/equipes-de-marketing/,2024-06-17,pt-br,equipes-de-marketing,equipes de marketing,,noncontent
hotjar.com,https://www.hotjar.com/pt-BR/contact-sales-hero/,2024-05-14,pt-br,contact-sales-hero,contact sales hero,,noncontent
hotjar.com,https://www.hotjar.com/pt-BR/analise-mapas-de-calor/,2024-03-28,pt-br,analise-mapas-de-calor,analise mapas de calor,,noncontent
hotjar.com,https://www.hotjar.com/pt-BR/ferramenta-mapa-de-calor/,2024-03-11,pt-br,ferramenta-mapa-de-calor,ferramenta mapa de calor,,noncontent
hotjar.com,https://www.hotjar.com/pt-BR/produto/funnels/,2024-02-16,pt-br,funnels,funnels,,noncontent
hotjar.com,https://www.hotjar.com/pt-BR/produto/trends/,2024-02-16,pt-br,trends,trends,,noncontent
hotjar.com,https://www.hotjar.com/pt-BR/produto/surveys/,2024-02-16,pt-br,surveys,surveys,,noncontent
hotjar.com,https://www.hotjar.com/pt-BR/produto/feedback/,2024-02-16,pt-br,feedback,feedback,,noncontent
hotjar.com,https://www.hotjar.com/pt-BR/ferramenta-feedback-site4/,2024-02-06,pt-br,ferramenta-feedback-site4,ferramenta feedback site4,,noncontent
hotjar.com,https://www.hotjar.com/pt-BR/software-feedback-site/,2024-02-06,pt-br,software-feedback-site,software feedback site,,noncontent
hotjar.com,https://www.hotjar.com/pt-BR/score-feedback-site/,2024-02-06,pt-br,score-feedback-site,score feedback site,,noncontent
hotjar.com,https://www.hotjar.com/pt-BR/pop-up-feedback-site/,2024-02-06,pt-br,pop-up-feedback-site,pop up feedback site,,noncontent
hotjar.com,https://www.hotjar.com/pt-BR/botao-feedback-site/,2024-02-06,pt-br,botao-feedback-site,botao feedback site,,noncontent
hotjar.com,https://www.hotjar.com/pt-BR/feedback-design-site/,2024-02-06,pt-br,feedback-design-site,feedback design site,,noncontent
hotjar.com,https://www.hotjar.com/pt-BR/experimente-hotjar-hoje3/,2024-02-06,pt-br,experimente-hotjar-hoje3,experimente hotjar hoje3,,noncontent
hotjar.com,https://www.hotjar.com/pt-BR/surveys3/,2024-02-06,pt-br,surveys3,surveys3,,noncontent
hotjar.com,https://www.hotjar.com/pt-BR/feedback-smiley/,2024-02-06,pt-br,feedback-smiley,feedback smiley,,noncontent
hotjar.com,https://www.hotjar.com/pt-BR/software-gravacao-sessao3/,2024-02-06,pt-br,software-gravacao-sessao3,software gravacao sessao3,,noncontent
hotjar.com,https://www.hotjar.com/pt-BR/mapas-de-calor-de-rolagem/,2024-02-06,pt-br,mapas-de-calor-de-rolagem,mapas de calor de rolagem,,noncontent
hotjar.com,https://www.hotjar.com/pt-BR/integracao-feedback-microsoft-teams/,2024-02-06,pt-br,integracao-feedback-microsoft-teams,integracao feedback microsoft teams,,noncontent
hotjar.com,https://www.hotjar.com/pt-BR/hotjar-gratis2/,2024-02-06,pt-br,hotjar-gratis2,hotjar gratis2,,noncontent
hotjar.com,https://www.hotjar.com/pt-BR/engage-hotjar/,2024-02-06,pt-br,engage-hotjar,engage hotjar,,noncontent
hotjar.com,https://www.hotjar.com/pt-BR/hotjar-e-wordpress2/,2024-02-06,pt-br,hotjar-e-wordpress2,hotjar e wordpress2,,noncontent
hotjar.com,https://www.hotjar.com/pt-BR/hotjar-e-slack2/,2024-02-06,pt-br,hotjar-e-slack2,hotjar e slack2,,noncontent
hotjar.com,https://www.hotjar.com/pt-BR/hotjar-e-shopify/,2024-02-06,pt-br,hotjar-e-shopify,hotjar e shopify,,noncontent
hotjar.com,https://www.hotjar.com/pt-BR/hotjar-e-segment2/,2024-02-06,pt-br,hotjar-e-segment2,hotjar e segment2,,noncontent
hotjar.com,https://www.hotjar.com/pt-BR/hotjar-e-google-tag-manager/,2024-02-06,pt-br,hotjar-e-google-tag-manager,hotjar e google tag manager,,noncontent
hotjar.com,https://www.hotjar.com/pt-BR/hotjar-e-google-analytics2/,2024-02-06,pt-br,hotjar-e-google-analytics2,hotjar e google analytics2,,noncontent
hotjar.com,https://www.hotjar.com/pt-BR/hotjar-e-clickfunnels2/,2024-02-06,pt-br,hotjar-e-clickfunnels2,hotjar e clickfunnels2,,noncontent
hotjar.com,https://www.hotjar.com/pt-BR/obter-feedback-site/,2024-02-06,pt-br,obter-feedback-site,obter feedback site,,noncontent
hotjar.com,https://www.hotjar.com/pt-BR/obter-feedback-visitante/,2024-02-06,pt-br,obter-feedback-visitante,obter feedback visitante,,noncontent
hotjar.com,https://www.hotjar.com/pt-BR/obter-feedback-usuario/,2024-02-06,pt-br,obter-feedback-usuario,obter feedback usuario,,noncontent
hotjar.com,https://www.hotjar.com/pt-BR/obter-feedback-usabilidade/,2024-02-06,pt-br,obter-feedback-usabilidade,obter feedback usabilidade,,noncontent
hotjar.com,https://www.hotjar.com/pt-BR/obter-feedback-em-tempo-real/,2024-02-06,pt-br,obter-feedback-em-tempo-real,obter feedback em tempo real,,noncontent
hotjar.com,https://www.hotjar.com/pt-BR/obter-feedback-produto/,2024-02-06,pt-br,obter-feedback-produto,obter feedback produto,,noncontent
hotjar.com,https://www.hotjar.com/pt-BR/obter-feedback-instantaneo/,2024-02-06,pt-br,obter-feedback-instantaneo,obter feedback instantaneo,,noncontent
hotjar.com,https://www.hotjar.com/pt-BR/obter-feedback-cliente/,2024-02-06,pt-br,obter-feedback-cliente,obter feedback cliente,,noncontent
hotjar.com,https://www.hotjar.com/pt-BR/obter-feedback-continuo/,2024-02-06,pt-br,obter-feedback-continuo,obter feedback continuo,,noncontent
hotjar.com,https://www.hotjar.com/pt-BR/coletar-feedback-site/,2024-02-06,pt-br,coletar-feedback-site,coletar feedback site,,noncontent
hotjar.com,https://www.hotjar.com/pt-BR/widgets-de-feedback/,2024-02-06,pt-br,widgets-de-feedback,widgets de feedback,,noncontent
hotjar.com,https://www.hotjar.com/pt-BR/dashboard2/,2024-02-06,pt-br,dashboard2,dashboard2,,noncontent
hotjar.com,https://www.hotjar.com/pt-BR/feedback-cx/,2024-02-06,pt-br,feedback-cx,feedback cx,,noncontent
hotjar.com,https://www.hotjar.com/pt-BR/comparativo-concorrente2/,2024-02-06,pt-br,comparativo-concorrente2,comparativo concorrente2,,noncontent
hotjar.com,https://www.hotjar.com/pt-BR/comparativo-concorrente-fullstory2/,2024-02-06,pt-br,comparativo-concorrente-fullstory2,comparativo concorrente fullstory2,,noncontent
hotjar.com,https://www.hotjar.com/pt-BR/comparativo-concorrente-crazyegg2/,2024-02-06,pt-br,comparativo-concorrente-crazyegg2,comparativo concorrente crazyegg2,,noncontent
hotjar.com,https://www.hotjar.com/pt-BR/software-analise-comportamento2/,2024-02-06,pt-br,software-analise-comportamento2,software analise comportamento2,,noncontent
hotjar.com,https://www.hotjar.com/pt-BR/pedir-feedback-do-site/,2024-02-06,pt-br,pedir-feedback-do-site,pedir feedback do site,,noncontent
hotjar.com,https://www.hotjar.com/pt-BR/contact-sales/,2024-02-06,pt-br,contact-sales,contact sales,,noncontent
hotjar.com,https://www.hotjar.com/pt-BR/equipes-em-crescimento/,2024-02-03,pt-br,equipes-em-crescimento,equipes em crescimento,,noncontent
hotjar.com,https://www.hotjar.com/pt-BR/experimente/surveys/,2024-02-03,pt-br,surveys,surveys,,noncontent
hotjar.com,https://www.hotjar.com/pt-BR/indicacoes/,2024-02-03,pt-br,indicacoes,indicacoes,,noncontent
hotjar.com,https://www.hotjar.com/pt-BR/experimente/feedback/,2024-02-03,pt-br,feedback,feedback,,noncontent
hotjar.com,https://www.hotjar.com/pt-BR/obter-adesao/,2024-02-03,pt-br,obter-adesao,obter adesao,,noncontent
hotjar.com,https://www.hotjar.com/pt-BR/identificar-problemas/,2024-02-03,pt-br,identificar-problemas,identificar problemas,,noncontent
hotjar.com,https://www.hotjar.com/pt-BR/reduzir-suposicoes/,2024-02-03,pt-br,reduzir-suposicoes,reduzir suposicoes,,noncontent
hotjar.com,https://www.hotjar.com/pt-BR/obter-inspiracao/,2024-02-03,pt-br,obter-inspiracao,obter inspiracao,,noncontent
hotjar.com,https://www.hotjar.com/pt-BR/researcher/,2024-02-03,pt-br,researcher,researcher,,noncontent
hotjar.com,https://www.hotjar.com/pt-BR/product-designer/,2024-02-03,pt-br,product-designer,product designer,,noncontent
hotjar.com,https://www.hotjar.com/pt-BR/product-manager/,2024-02-03,pt-br,product-manager,product manager,,noncontent
hotjar.com,https://www.hotjar.com/pt-BR/equipes-de-produto/,2024-02-03,pt-br,equipes-de-produto,equipes de produto,,noncontent
hotjar.com,https://www.hotjar.com/pt-BR/produto-ia-surveys/,2024-02-03,pt-br,produto-ia-surveys,produto ia surveys,,noncontent
hotjar.com,https://www.hotjar.com/pt-BR/tour/,2024-02-03,pt-br,tour,tour,,noncontent
hotjar.com,https://www.hotjar.com/pt-BR/produto/highlights/,2024-02-03,pt-br,highlights,highlights,,noncontent
hotjar.com,https://www.hotjar.com/pt-BR/privacidade/,2024-02-03,pt-br,privacidade,privacidade,,noncontent
hotjar.com,https://www.hotjar.com/pt-BR/produto/dashboard/,2024-02-03,pt-br,dashboard,dashboard,,noncontent
hotjar.com,https://www.hotjar.com/pt-BR/produto/recordings/,2024-02-03,pt-br,recordings,recordings,,noncontent
hotjar.com,https://www.hotjar.com/pt-BR/produto/heatmaps/,2024-02-03,pt-br,heatmaps,heatmaps,,noncontent
hotjar.com,https://www.hotjar.com/pt-BR/experimente-hotjar-hoje-tofu/,2024-01-25,pt-br,experimente-hotjar-hoje-tofu,experimente hotjar hoje tofu,,noncontent
hotjar.com,https://www.hotjar.com/pt-BR/escolha-seu-plano/,2024-01-24,pt-br,escolha-seu-plano,escolha seu plano,,noncontent
hotjar.com,https://www.hotjar.com/pt-BR/perf-lp-custom-pricing-page-ubp/,2024-01-23,pt-br,perf-lp-custom-pricing-page-ubp,perf lp custom pricing page ubp,,noncontent
hotjar.com,https://www.hotjar.com/pt-BR/precos-ubp/,2024-01-22,pt-br,precos-ubp,precos ubp,,noncontent
hotjar.com,https://www.hotjar.com/pt-BR/mapas-de-calor-ux/,2023-12-22,pt-br,mapas-de-calor-ux,mapas de calor ux,,noncontent
hotjar.com,https://www.hotjar.com/pt-BR/experimente-hotjar-hoje/,2023-12-22,pt-br,experimente-hotjar-hoje,experimente hotjar hoje,,noncontent
hotjar.com,https://www.hotjar.com/pt-BR/marketing-heatmaps/,2023-12-22,pt-br,marketing-heatmaps,marketing heatmaps,,noncontent
hotjar.com,https://www.hotjar.com/pt-BR/landing-page-heatmaps/,2023-12-22,pt-br,landing-page-heatmaps,landing page heatmaps,,noncontent
hotjar.com,https://www.hotjar.com/pt-BR/produto/engage/,2023-12-18,pt-br,engage,engage,,noncontent
hotjar.com,https://www.hotjar.com/pt-BR/highlights2/,2023-12-18,pt-br,highlights2,highlights2,,noncontent
hotjar.com,https://www.hotjar.com/pt-BR/behavior-analytics-software/,2023-12-18,pt-br,behavior-analytics-software,behavior analytics software,,noncontent
hotjar.com,https://www.hotjar.com/pt-BR/product/heatmaps-localisation-duplicate-pt-br/,2023-09-29,pt-br,heatmaps-localisation-duplicate-pt-br,heatmaps localisation duplicate pt br,,noncontent
hotjar.com,https://www.hotjar.com/pt-BR/product-feedback-1/,2023-09-22,pt-br,product-feedback-1,product feedback 1,,noncontent
hotjar.com,https://www.hotjar.com/pt-BR/product-surveys-1/,2023-09-22,pt-br,product-surveys-1,product surveys 1,,noncontent
hotjar.com,https://www.hotjar.com/pt-BR/pricing-live-version-1/,2023-08-09,pt-br,pricing-live-version-1,pricing live version 1,,noncontent
hotjar.com,https://www.hotjar.com/pt-BR/pricing-fremium-experiment-v2/,2023-07-18,pt-br,pricing-fremium-experiment-v2,pricing fremium experiment v2,,noncontent
hotjar.com,https://www.hotjar.com/pt-BR/precos-freemium-v1/,2023-07-17,pt-br,precos-freemium-v1,precos freemium v1,,noncontent
hotjar.com,https://www.hotjar.com/pt-BR/pricing-ask-scale/,2023-07-17,pt-br,pricing-ask-scale,pricing ask scale,,noncontent
hotjar.com,https://www.hotjar.com/pt-BR/hotjar-demo/,2023-07-16,pt-br,hotjar-demo,hotjar demo,,noncontent
hotjar.com,https://www.hotjar.com/pt-BR/for-surveys/,2023-03-20,pt-br,for-surveys,for surveys,,noncontent
hotjar.com,https://www.hotjar.com/pt-BR/get-heatmaps/,2023-03-09,pt-br,get-heatmaps,get heatmaps,,noncontent
hotjar.com,https://www.hotjar.com/pt-BR/product-heatmaps-localisation-duplicate-1/,2023-03-09,pt-br,product-heatmaps-localisation-duplicate-1,product heatmaps localisation duplicate 1,,noncontent
hotjar.com,https://www.hotjar.com/pt-BR/page-handled-by-tms-pt/,2023-01-17,pt-br,page-handled-by-tms-pt,page handled by tms pt,,noncontent
hotjar.com,https://www.hotjar.com/pt-BR/how-to-install-your-hotjar-tracking-code/,2022-09-20,pt-br,how-to-install-your-hotjar-tracking-code,how to install your hotjar tracking code,,noncontent
hotjar.com,https://www.hotjar.com/pt-BR/install-your-tracking-code/,2022-09-20,pt-br,install-your-tracking-code,install your tracking code,,noncontent
hotjar.com,https://www.hotjar.com/pt-BR/web-design/checklist/,2024-07-09,pt-br,checklist,checklist,,noncontent
hotjar.com,https://www.hotjar.com/pt-BR/google-analytics/glossario/usuarios/,2024-06-27,pt-br,usuarios,usuarios,,noncontent
hotjar.com,https://www.hotjar.com/pt-BR/google-analytics/glossario/pagina-de-destino/,2024-06-27,pt-br,pagina-de-destino,pagina de destino,,noncontent
hotjar.com,https://www.hotjar.com/pt-BR/google-analytics/glossario/ecommerce/,2024-06-27,pt-br,ecommerce,ecommerce,,noncontent
hotjar.com,https://www.hotjar.com/pt-BR/otimizacao-de-conversao/beneficios/,2024-06-18,pt-br,beneficios,beneficios,,noncontent
hotjar.com,https://www.hotjar.com/pt-BR/otimizacao-de-conversao/melhores-praticas/,2024-06-18,pt-br,melhores-praticas,melhores praticas,,noncontent
hotjar.com,https://www.hotjar.com/pt-BR/web-design/,2024-06-14,pt-br,web-design,web design,,noncontent
hotjar.com,https://www.hotjar.com/pt-BR/web-design/principios/,2024-06-12,pt-br,principios,principios,,noncontent
hotjar.com,https://www.hotjar.com/pt-BR/web-design/tendencias/,2024-06-10,pt-br,tendencias,tendencias,,noncontent
hotjar.com,https://www.hotjar.com/pt-BR/google-analytics/glossario/sessoes/,2024-06-10,pt-br,sessoes,sessoes,,noncontent
hotjar.com,https://www.hotjar.com/pt-BR/google-analytics/glossario/dimensao-secundaria/,2024-06-10,pt-br,dimensao-secundaria,dimensao secundaria,,noncontent
hotjar.com,https://www.hotjar.com/pt-BR/web-design/dicas/,2024-06-05,pt-br,dicas,dicas,,noncontent
hotjar.com,https://www.hotjar.com/pt-BR/web-design/exemplos/,2024-06-05,pt-br,exemplos,exemplos,,noncontent
hotjar.com,https://www.hotjar.com/pt-BR/otimizacao-de-conversao/glossario/conversao-de-formulario/,2024-06-04,pt-br,conversao-de-formulario,conversao de formulario,,noncontent
hotjar.com,https://www.hotjar.com/pt-BR/web-design/desafios/,2024-05-31,pt-br,desafios,desafios,,noncontent
hotjar.com,https://www.hotjar.com/pt-BR/web-design/erros/,2024-05-31,pt-br,erros,erros,,noncontent
hotjar.com,https://www.hotjar.com/pt-BR/google-analytics/glossario/taxa-de-conversao-de-meta/,2024-05-31,pt-br,taxa-de-conversao-de-meta,taxa de conversao de meta,,noncontent
hotjar.com,https://www.hotjar.com/pt-BR/google-analytics/glossario/publico-alvo/,2024-05-31,pt-br,publico-alvo,publico alvo,,noncontent
hotjar.com,https://www.hotjar.com/pt-BR/web-design/auditoria/,2024-05-30,pt-br,auditoria,auditoria,,noncontent
hotjar.com,https://www.hotjar.com/pt-BR/web-design/vs-ux-design/,2024-05-30,pt-br,vs-ux-design,vs ux design,,noncontent
hotjar.com,https://www.hotjar.com/pt-BR/google-analytics/glossario/transacoes/,2024-05-30,pt-br,transacoes,transacoes,,noncontent
hotjar.com,https://www.hotjar.com/pt-BR/google-analytics/glossario/saidas/,2024-05-15,pt-br,saidas,saidas,,noncontent
hotjar.com,https://www.hotjar.com/pt-BR/google-analytics/glossario/segmentos/,2024-05-07,pt-br,segmentos,segmentos,,noncontent
hotjar.com,https://www.hotjar.com/pt-BR/google-analytics/glossario/taxa-de-conversao/,2024-05-07,pt-br,taxa-de-conversao,taxa de conversao,,noncontent
hotjar.com,https://www.hotjar.com/pt-BR/google-analytics/glossario/,2024-05-02,pt-br,glossario,glossario,,noncontent
hotjar.com,https://www.hotjar.com/pt-BR/google-analytics/glossario/visitantes-unicos/,2024-05-02,pt-br,visitantes-unicos,visitantes unicos,,noncontent
hotjar.com,https://www.hotjar.com/pt-BR/google-analytics/glossario/metricas-dimensao/,2024-05-02,pt-br,metricas-dimensao,metricas dimensao,,noncontent
hotjar.com,https://www.hotjar.com/pt-BR/google-analytics/glossario/taxa-de-rejeicao/,2024-04-30,pt-br,taxa-de-rejeicao,taxa de rejeicao,,noncontent
hotjar.com,https://www.hotjar.com/pt-BR/web-design/ferramentas/,2024-04-29,pt-br,ferramentas,ferramentas,,noncontent
hotjar.com,https://www.hotjar.com/pt-BR/ux-design/falhas/,2024-04-29,pt-br,falhas,falhas,,noncontent
hotjar.com,https://www.hotjar.com/pt-BR/ux-design/mobile/,2024-04-26,pt-br,mobile,mobile,,noncontent
hotjar.com,https://www.hotjar.com/pt-BR/analise-qualitativa/exemplos/,2024-04-24,pt-br,exemplos,exemplos,,noncontent
hotjar.com,https://www.hotjar.com/pt-BR/analise-qualitativa/metodos-qualitativos/,2024-04-24,pt-br,metodos-qualitativos,metodos qualitativos,,noncontent
hotjar.com,https://www.hotjar.com/pt-BR/analise-qualitativa/,2024-04-23,pt-br,analise-qualitativa,analise qualitativa,,noncontent
hotjar.com,https://www.hotjar.com/pt-BR/gravacao-de-sessao/,2024-04-18,pt-br,gravacao-de-sessao,gravacao de sessao,,noncontent
hotjar.com,https://www.hotjar.com/pt-BR/google-analytics/glossario/analises-detalhadas/,2024-04-18,pt-br,analises-detalhadas,analises detalhadas,,noncontent
hotjar.com,https://www.hotjar.com/pt-BR/google-analytics/glossario/duracao-da-sessao/,2024-04-18,pt-br,duracao-da-sessao,duracao da sessao,,noncontent
hotjar.com,https://www.hotjar.com/pt-BR/teste-de-usabilidade/auditoria/,2024-04-16,pt-br,auditoria,auditoria,,noncontent
hotjar.com,https://www.hotjar.com/pt-BR/rastreamento-de-site/como-rastrear-atividade-do-usuario/,2024-04-15,pt-br,como-rastrear-atividade-do-usuario,como rastrear atividade do usuario,,noncontent
hotjar.com,https://www.hotjar.com/pt-BR/otimizacao-de-conversao/glossario/legibilidade/,2024-04-12,pt-br,legibilidade,legibilidade,,noncontent
hotjar.com,https://www.hotjar.com/pt-BR/otimizacao-de-conversao/glossario/erro-tipo-1/,2024-04-12,pt-br,erro-tipo-1,erro tipo 1,,noncontent
hotjar.com,https://www.hotjar.com/pt-BR/otimizacao-de-conversao/glossario/split-testing/,2024-04-12,pt-br,split-testing,split testing,,noncontent
hotjar.com,https://www.hotjar.com/pt-BR/otimizacao-de-conversao/glossario/funil-de-vendas/,2024-04-12,pt-br,funil-de-vendas,funil de vendas,,noncontent
hotjar.com,https://www.hotjar.com/pt-BR/otimizacao-de-conversao/glossario/ctr-taxa-de-cliques/,2024-04-10,pt-br,ctr-taxa-de-cliques,ctr taxa de cliques,,noncontent
hotjar.com,https://www.hotjar.com/pt-BR/otimizacao-de-conversao/metricas/,2024-04-09,pt-br,metricas,metricas,,noncontent
hotjar.com,https://www.hotjar.com/pt-BR/analise-da-web/auditoria/,2024-04-09,pt-br,auditoria,auditoria,,noncontent
hotjar.com,https://www.hotjar.com/pt-BR/analise-qualitativa/desvantagens/,2024-03-25,pt-br,desvantagens,desvantagens,,noncontent
hotjar.com,https://www.hotjar.com/pt-BR/analise-qualitativa/software/,2024-03-25,pt-br,software,software,,noncontent
hotjar.com,https://www.hotjar.com/pt-BR/otimizacao-de-conversao/glossario/significancia-estatistica/,2024-03-21,pt-br,significancia-estatistica,significancia estatistica,,noncontent
hotjar.com,https://www.hotjar.com/pt-BR/otimizacao-de-conversao/glossario/personalizacao/,2024-03-19,pt-br,personalizacao,personalizacao,,noncontent
hotjar.com,https://www.hotjar.com/pt-BR/otimizacao-de-conversao/glossario/teste-multivariado/,2024-03-19,pt-br,teste-multivariado,teste multivariado,,noncontent
hotjar.com,https://www.hotjar.com/pt-BR/otimizacao-de-conversao/glossario/eye-tracking/,2024-03-18,pt-br,eye-tracking,eye tracking,,noncontent
hotjar.com,https://www.hotjar.com/pt-BR/otimizacao-de-conversao/glossario/segmentacao-comportamental/,2024-03-18,pt-br,segmentacao-comportamental,segmentacao comportamental,,noncontent
hotjar.com,https://www.hotjar.com/pt-BR/analise-de-site/ferramentas/,2024-03-12,pt-br,ferramentas,ferramentas,,noncontent
hotjar.com,https://www.hotjar.com/pt-BR/otimizacao-de-conversao/glossario/,2024-03-12,pt-br,glossario,glossario,,noncontent
hotjar.com,https://www.hotjar.com/pt-BR/otimizacao-de-conversao/glossario/unique-selling-proposition/,2024-03-11,pt-br,unique-selling-proposition,unique selling proposition,,noncontent
hotjar.com,https://www.hotjar.com/pt-BR/otimizacao-de-conversao/glossario/bounce-rate/,2024-03-11,pt-br,bounce-rate,bounce rate,,noncontent
hotjar.com,https://www.hotjar.com/pt-BR/otimizacao-de-conversao/glossario/micro-conversao/,2024-03-05,pt-br,micro-conversao,micro conversao,,noncontent
hotjar.com,https://www.hotjar.com/pt-BR/otimizacao-de-conversao/como-aumentar-o-ctr/,2024-02-21,pt-br,como-aumentar-o-ctr,como aumentar o ctr,,noncontent
hotjar.com,https://www.hotjar.com/pt-BR/otimizacao-de-conversao/glossario/cta/,2024-02-20,pt-br,cta,cta,,noncontent
hotjar.com,https://www.hotjar.com/pt-BR/mapas-de-calor/mapas-de-cliques-de-raiva/,2024-02-06,pt-br,mapas-de-cliques-de-raiva,mapas de cliques de raiva,,noncontent
hotjar.com,https://www.hotjar.com/pt-BR/otimizacao-de-conversao/auditoria/,2024-02-06,pt-br,auditoria,auditoria,,noncontent
hotjar.com,https://www.hotjar.com/pt-BR/otimizacao-de-conversao/ferramentas/,2024-02-01,pt-br,ferramentas,ferramentas,,noncontent
hotjar.com,https://www.hotjar.com/pt-BR/analise-da-web/ferramentas/,2024-01-31,pt-br,ferramentas,ferramentas,,noncontent
hotjar.com,https://www.hotjar.com/pt-BR/analise-da-web/estrategia/,2024-01-31,pt-br,estrategia,estrategia,,noncontent
hotjar.com,https://www.hotjar.com/pt-BR/mapas-de-calor/mapas-de-rolagem/,2024-01-19,pt-br,mapas-de-rolagem,mapas de rolagem,,noncontent
hotjar.com,https://www.hotjar.com/pt-BR/mapas-de-calor/engagement-zones/,2024-01-19,pt-br,engagement-zones,engagement zones,,noncontent
hotjar.com,https://www.hotjar.com/pt-BR/mapas-de-calor/mapas-de-movimento/,2024-01-19,pt-br,mapas-de-movimento,mapas de movimento,,noncontent
hotjar.com,https://www.hotjar.com/pt-BR/mapas-de-calor/mapas-de-cliques/,2024-01-18,pt-br,mapas-de-cliques,mapas de cliques,,noncontent
hotjar.com,https://www.hotjar.com/pt-BR/analise-da-web/,2024-01-05,pt-br,analise-da-web,analise da web,,noncontent
hotjar.com,https://www.hotjar.com/pt-BR/rastreamento-de-site/checklist/,2024-01-02,pt-br,checklist,checklist,,noncontent
hotjar.com,https://www.hotjar.com/pt-BR/otimizacao-de-conversao/,2023-12-13,pt-br,otimizacao-de-conversao,otimizacao de conversao,,noncontent
hotjar.com,https://www.hotjar.com/pt-BR/ux-design/auditoria/,2023-11-30,pt-br,auditoria,auditoria,,noncontent
hotjar.com,https://www.hotjar.com/pt-BR/ux-design/tendencias/,2023-11-30,pt-br,tendencias,tendencias,,noncontent
hotjar.com,https://www.hotjar.com/pt-BR/ux-design/exemplos/,2023-11-30,pt-br,exemplos,exemplos,,noncontent
hotjar.com,https://www.hotjar.com/pt-BR/ux-design/ferramentas/,2023-11-29,pt-br,ferramentas,ferramentas,,noncontent
hotjar.com,https://www.hotjar.com/pt-BR/ux-design/pesquisa/,2023-11-29,pt-br,pesquisa,pesquisa,,noncontent
hotjar.com,https://www.hotjar.com/pt-BR/ux-design/repositorio-pesquisa/,2023-11-28,pt-br,repositorio-pesquisa,repositorio pesquisa,,noncontent
hotjar.com,https://www.hotjar.com/pt-BR/ux-design/erros/,2023-11-28,pt-br,erros,erros,,noncontent
hotjar.com,https://www.hotjar.com/pt-BR/ux-design/metricas/,2023-11-28,pt-br,metricas,metricas,,noncontent
hotjar.com,https://www.hotjar.com/pt-BR/ux-design/analise/,2023-11-27,pt-br,analise,analise,,noncontent
hotjar.com,https://www.hotjar.com/pt-BR/ux-design/,2023-11-27,pt-br,ux-design,ux design,,noncontent
hotjar.com,https://www.hotjar.com/pt-BR/net-promoter-score/monitoramento-nps/,2023-11-08,pt-br,monitoramento-nps,monitoramento nps,,noncontent
hotjar.com,https://www.hotjar.com/pt-BR/net-promoter-score/configurar-pesquisa-nps/,2023-11-08,pt-br,configurar-pesquisa-nps,configurar pesquisa nps,,noncontent
hotjar.com,https://www.hotjar.com/pt-BR/net-promoter-score/perguntas-pesquisa-nps/,2023-11-08,pt-br,perguntas-pesquisa-nps,perguntas pesquisa nps,,noncontent
hotjar.com,https://www.hotjar.com/pt-BR/net-promoter-score/calcular-nps/,2023-11-08,pt-br,calcular-nps,calcular nps,,noncontent
hotjar.com,https://www.hotjar.com/pt-BR/net-promoter-score/melhorar-o-nps/,2023-10-31,pt-br,melhorar-o-nps,melhorar o nps,,noncontent
hotjar.com,https://www.hotjar.com/pt-BR/net-promoter-score/analise-do-nps/,2023-10-31,pt-br,analise-do-nps,analise do nps,,noncontent
hotjar.com,https://www.hotjar.com/pt-BR/net-promoter-score/nps-bom-ruim-benchmarks/,2023-10-31,pt-br,nps-bom-ruim-benchmarks,nps bom ruim benchmarks,,noncontent
hotjar.com,https://www.hotjar.com/pt-BR/net-promoter-score/sistema-nps/,2023-10-31,pt-br,sistema-nps,sistema nps,,noncontent
hotjar.com,https://www.hotjar.com/pt-BR/net-promoter-score/,2023-10-31,pt-br,net-promoter-score,net promoter score,,noncontent
hotjar.com,https://www.hotjar.com/pt-BR/analise-de-site/como-analisar-um-site/,2023-10-25,pt-br,como-analisar-um-site,como analisar um site,,noncontent
hotjar.com,https://www.hotjar.com/pt-BR/analise-de-site/checklist/,2023-10-24,pt-br,checklist,checklist,,noncontent
hotjar.com,https://www.hotjar.com/pt-BR/analise-de-site/analise-de-usuarios/,2023-10-24,pt-br,analise-de-usuarios,analise de usuarios,,noncontent
hotjar.com,https://www.hotjar.com/pt-BR/analise-de-site/,2023-10-24,pt-br,analise-de-site,analise de site,,noncontent
hotjar.com,https://www.hotjar.com/pt-BR/teste-de-usabilidade/checklist-exemplos-de-testes/,2023-10-10,pt-br,checklist-exemplos-de-testes,checklist exemplos de testes,,noncontent
hotjar.com,https://www.hotjar.com/pt-BR/teste-de-usabilidade/ferramentas/,2023-10-10,pt-br,ferramentas,ferramentas,,noncontent
hotjar.com,https://www.hotjar.com/pt-BR/teste-de-usabilidade/perguntas/,2023-10-10,pt-br,perguntas,perguntas,,noncontent
hotjar.com,https://www.hotjar.com/pt-BR/teste-de-usabilidade/teste-de-usabilidade-moderado/,2023-10-10,pt-br,teste-de-usabilidade-moderado,teste de usabilidade moderado,,noncontent
hotjar.com,https://www.hotjar.com/pt-BR/teste-de-usabilidade/metodos-de-teste/,2023-10-09,pt-br,metodos-de-teste,metodos de teste,,noncontent
hotjar.com,https://www.hotjar.com/pt-BR/teste-de-usabilidade/analise-de-testes/,2023-10-09,pt-br,analise-de-testes,analise de testes,,noncontent
hotjar.com,https://www.hotjar.com/pt-BR/teste-de-usabilidade/,2023-10-09,pt-br,teste-de-usabilidade,teste de usabilidade,,noncontent
hotjar.com,https://www.hotjar.com/pt-BR/rastreamento-de-site/comparar-trafego-sites/,2023-10-06,pt-br,comparar-trafego-sites,comparar trafego sites,,noncontent
hotjar.com,https://www.hotjar.com/pt-BR/mapas-de-calor/,2023-10-05,pt-br,mapas-de-calor,mapas de calor,,noncontent
hotjar.com,https://www.hotjar.com/pt-BR/mapas-de-calor/otimizacao-de-site/,2023-10-05,pt-br,otimizacao-de-site,otimizacao de site,,noncontent
hotjar.com,https://www.hotjar.com/pt-BR/gravacao-de-sessao/analise/,2023-09-19,pt-br,analise,analise,,noncontent
hotjar.com,https://www.hotjar.com/pt-BR/gravacao-de-sessao/comportamento-do-usuario/,2023-09-19,pt-br,comportamento-do-usuario,comportamento do usuario,,noncontent
hotjar.com,https://www.hotjar.com/pt-BR/gravacao-de-sessao/exemplos-e-estudos-de-caso/,2023-09-19,pt-br,exemplos-e-estudos-de-caso,exemplos e estudos de caso,,noncontent
hotjar.com,https://www.hotjar.com/pt-BR/gravacao-de-sessao/tecnicas-avancadas/,2023-09-19,pt-br,tecnicas-avancadas,tecnicas avancadas,,noncontent
hotjar.com,https://www.hotjar.com/pt-BR/mapas-de-calor/exemplos/,2023-09-15,pt-br,exemplos,exemplos,,noncontent
hotjar.com,https://www.hotjar.com/pt-BR/rastreamento-de-site/ferramentas/,2023-09-14,pt-br,ferramentas,ferramentas,,noncontent
hotjar.com,https://www.hotjar.com/pt-BR/rastreamento-de-site/politica-de-privacidade/,2023-09-13,pt-br,politica-de-privacidade,politica de privacidade,,noncontent
hotjar.com,https://www.hotjar.com/pt-BR/rastreamento-de-site/,2023-09-12,pt-br,rastreamento-de-site,rastreamento de site,,noncontent
hotjar.com,https://www.hotjar.com/pt-BR/mapas-de-calor/estudo-de-casos/,2023-08-25,pt-br,estudo-de-casos,estudo de casos,,noncontent
hotjar.com,https://www.hotjar.com/pt-BR/mapas-de-calor/como-criar/,2023-08-25,pt-br,como-criar,como criar,,noncontent
hotjar.com,https://www.hotjar.com/pt-BR/mapas-de-calor/tecnicas-avancadas/,2023-08-25,pt-br,tecnicas-avancadas,tecnicas avancadas,,noncontent
hotjar.com,https://www.hotjar.com/pt-BR/mapas-de-calor/infografico/,2023-08-25,pt-br,infografico,infografico,,noncontent
hotjar.com,https://www.hotjar.com/pt-BR/mapas-de-calor/analise/,2023-08-25,pt-br,analise,analise,,noncontent
hotjar.com,https://www.hotjar.com/pt-BR/blog/como-analisar-perguntas-abertas/,2024-08-08,pt-br,como-analisar-perguntas-abertas,como analisar perguntas abertas,,noncontent
hotjar.com,https://www.hotjar.com/pt-BR/blog/pesquisas-no-site/,2024-08-07,pt-br,pesquisas-no-site,pesquisas no site,,noncontent
hotjar.com,https://www.hotjar.com/pt-BR/blog/analise-de-dados-de-pesquisa/,2024-08-07,pt-br,analise-de-dados-de-pesquisa,analise de dados de pesquisa,,noncontent
hotjar.com,https://www.hotjar.com/pt-BR/blog/perguntas-da-pesquisa-do-site/,2024-08-05,pt-br,perguntas-da-pesquisa-do-site,perguntas da pesquisa do site,,noncontent
hotjar.com,https://www.hotjar.com/pt-BR/blog/perguntas-de-feedback-para-clientes/,2024-08-05,pt-br,perguntas-de-feedback-para-clientes,perguntas de feedback para clientes,,noncontent
hotjar.com,https://www.hotjar.com/pt-BR/blog/pesquisas-de-satisfacao-do-cliente/,2024-08-05,pt-br,pesquisas-de-satisfacao-do-cliente,pesquisas de satisfacao do cliente,,noncontent
hotjar.com,https://www.hotjar.com/pt-BR/blog/hotjar-vs-lucky-orange/,2024-07-04,pt-br,hotjar-vs-lucky-orange,hotjar vs lucky orange,,noncontent
hotjar.com,https://www.hotjar.com/pt-BR/blog/hotjar-vs-crazy-egg/,2024-07-03,pt-br,hotjar-vs-crazy-egg,hotjar vs crazy egg,,noncontent
hotjar.com,https://www.hotjar.com/pt-BR/blog/hotjar-vs-smartlook/,2024-07-03,pt-br,hotjar-vs-smartlook,hotjar vs smartlook,,noncontent
hotjar.com,https://www.hotjar.com/pt-BR/blog/hotjar-vs-microsoft-clarity/,2024-07-03,pt-br,hotjar-vs-microsoft-clarity,hotjar vs microsoft clarity,,noncontent
hotjar.com,https://www.hotjar.com/pt-BR/blog/hotjar-vs-mouseflow/,2024-07-02,pt-br,hotjar-vs-mouseflow,hotjar vs mouseflow,,noncontent
hotjar.com,https://www.hotjar.com/pt-BR/blog/hotjar-vs-fullstory/,2024-07-02,pt-br,hotjar-vs-fullstory,hotjar vs fullstory,,noncontent
hotjar.com,https://www.hotjar.com/pt-BR/blog/google-analytics-alternativas/,2024-07-02,pt-br,google-analytics-alternativas,google analytics alternativas,,noncontent
hotjar.com,https://www.hotjar.com/pt-BR/blog/mapa-de-calor-ux/,2024-06-14,pt-br,mapa-de-calor-ux,mapa de calor ux,,noncontent
hotjar.com,https://www.hotjar.com/pt-BR/blog/mixpanel-alternativas/,2024-06-04,pt-br,mixpanel-alternativas,mixpanel alternativas,,noncontent
hotjar.com,https://www.hotjar.com/pt-BR/blog/integracoes/,2024-05-30,pt-br,integracoes,integracoes,,noncontent
hotjar.com,https://www.hotjar.com/pt-BR/blog/jornada-do-cliente-ecommerce/,2024-03-06,pt-br,jornada-do-cliente-ecommerce,jornada do cliente ecommerce,,noncontent
hotjar.com,https://www.hotjar.com/pt-BR/blog/mapas-de-cliques-de-raiva/,2024-02-06,pt-br,mapas-de-cliques-de-raiva,mapas de cliques de raiva,,noncontent
hotjar.com,https://www.hotjar.com/pt-BR/blog/comportamento-do-usuario/,2024-01-31,pt-br,comportamento-do-usuario,comportamento do usuario,,noncontent
hotjar.com,https://www.hotjar.com/pt-BR/blog/hotjar-o-que-e/,2024-01-26,pt-br,hotjar-o-que-e,hotjar o que e,,noncontent
hotjar.com,https://www.hotjar.com/pt-BR/blog/hotjar-plugin-wordpress/,2024-01-26,pt-br,hotjar-plugin-wordpress,hotjar plugin wordpress,,noncontent
hotjar.com,https://www.hotjar.com/pt-BR/blog/hotjar-vs-google-analytics/,2024-01-26,pt-br,hotjar-vs-google-analytics,hotjar vs google analytics,,noncontent
hotjar.com,https://www.hotjar.com/pt-BR/blog/rastreamento-de-cliques/,2024-01-25,pt-br,rastreamento-de-cliques,rastreamento de cliques,,noncontent
hotjar.com,https://www.hotjar.com/pt-BR/blog/rastreamento-de-rolagem/,2024-01-25,pt-br,rastreamento-de-rolagem,rastreamento de rolagem,,noncontent
hotjar.com,https://www.hotjar.com/pt-BR/blog/cliques-de-raiva/,2024-01-24,pt-br,cliques-de-raiva,cliques de raiva,,noncontent
hotjar.com,https://www.hotjar.com/pt-BR/blog/mapa-de-calor-google-analytics/,2024-01-23,pt-br,mapa-de-calor-google-analytics,mapa de calor google analytics,,noncontent
hotjar.com,https://www.hotjar.com/pt-BR/blog/mapas-de-movimento/,2024-01-03,pt-br,mapas-de-movimento,mapas de movimento,,noncontent
hotjar.com,https://www.hotjar.com/pt-BR/blog/engagement-zones/,2024-01-03,pt-br,engagement-zones,engagement zones,,noncontent
hotjar.com,https://www.hotjar.com/pt-BR/blog/mapas-de-rolagem/,2024-01-03,pt-br,mapas-de-rolagem,mapas de rolagem,,noncontent
hotjar.com,https://www.hotjar.com/pt-BR/blog/mapas-de-cliques/,2023-12-01,pt-br,mapas-de-cliques,mapas de cliques,,noncontent
hotjar.com,https://www.hotjar.com/pt-BR/customers/aumenta-conversao-brand24/,2024-06-14,pt-br,aumenta-conversao-brand24,aumenta conversao brand24,,noncontent
hotjar.com,https://www.hotjar.com/es/,2025-02-21,es,es,es,,noncontent
hotjar.com,https://www.hotjar.com/es/producto/user-tests/,2025-01-10,es,user-tests,user tests,,noncontent
hotjar.com,https://www.hotjar.com/es/descubrir-heatmaps4/,2024-11-12,es,descubrir-heatmaps4,descubrir heatmaps4,,noncontent
hotjar.com,https://www.hotjar.com/es/pricing-fall/,2024-11-08,es,pricing-fall,pricing fall,,noncontent
hotjar.com,https://www.hotjar.com/es/platform-fall/,2024-11-06,es,platform-fall,platform fall,,noncontent
hotjar.com,https://www.hotjar.com/es/pricing-csq/,2024-11-05,es,pricing-csq,pricing csq,,noncontent
hotjar.com,https://www.hotjar.com/es/plataforma-contentsquare-todo-en-uno/,2024-11-04,es,plataforma-contentsquare-todo-en-uno,plataforma contentsquare todo en uno,,noncontent
hotjar.com,https://www.hotjar.com/es/pagina-inicio-lanzamiento-otono/,2024-11-04,es,pagina-inicio-lanzamiento-otono,pagina inicio lanzamiento otono,,noncontent
hotjar.com,https://www.hotjar.com/es/acerca-de-hotjar/,2024-10-17,es,acerca-de-hotjar,acerca de hotjar,,noncontent
hotjar.com,https://www.hotjar.com/es/precios/,2024-09-12,es,precios,precios,,noncontent
hotjar.com,https://www.hotjar.com/es/socios/,2024-09-11,es,socios,socios,,noncontent
hotjar.com,https://www.hotjar.com/es/equipos-marketing/,2024-06-17,es,equipos-marketing,equipos marketing,,noncontent
hotjar.com,https://www.hotjar.com/es/contact-sales-hero/,2024-05-14,es,contact-sales-hero,contact sales hero,,noncontent
hotjar.com,https://www.hotjar.com/es/analitica-mapas-de-calor/,2024-03-28,es,analitica-mapas-de-calor,analitica mapas de calor,,noncontent
hotjar.com,https://www.hotjar.com/es/herramienta-mapas-de-calor/,2024-03-11,es,herramienta-mapas-de-calor,herramienta mapas de calor,,noncontent
hotjar.com,https://www.hotjar.com/es/producto/funnels/,2024-02-16,es,funnels,funnels,,noncontent
hotjar.com,https://www.hotjar.com/es/producto/trends/,2024-02-16,es,trends,trends,,noncontent
hotjar.com,https://www.hotjar.com/es/producto/surveys/,2024-02-16,es,surveys,surveys,,noncontent
hotjar.com,https://www.hotjar.com/es/producto/feedback/,2024-02-16,es,feedback,feedback,,noncontent
hotjar.com,https://www.hotjar.com/es/herramienta4-feedback-sitio-web/,2024-02-06,es,herramienta4-feedback-sitio-web,herramienta4 feedback sitio web,,noncontent
hotjar.com,https://www.hotjar.com/es/software-feedback-sitio-web/,2024-02-06,es,software-feedback-sitio-web,software feedback sitio web,,noncontent
hotjar.com,https://www.hotjar.com/es/puntuacion-feedback-sitio-web/,2024-02-06,es,puntuacion-feedback-sitio-web,puntuacion feedback sitio web,,noncontent
hotjar.com,https://www.hotjar.com/es/ventana-emergente-feedback-sitio-web/,2024-02-06,es,ventana-emergente-feedback-sitio-web,ventana emergente feedback sitio web,,noncontent
hotjar.com,https://www.hotjar.com/es/boton-feedback-sitio-web/,2024-02-06,es,boton-feedback-sitio-web,boton feedback sitio web,,noncontent
hotjar.com,https://www.hotjar.com/es/feedback-diseno-sitio-web/,2024-02-06,es,feedback-diseno-sitio-web,feedback diseno sitio web,,noncontent
hotjar.com,https://www.hotjar.com/es/prueba-hotjar-hoy3/,2024-02-06,es,prueba-hotjar-hoy3,prueba hotjar hoy3,,noncontent
hotjar.com,https://www.hotjar.com/es/surveys3/,2024-02-06,es,surveys3,surveys3,,noncontent
hotjar.com,https://www.hotjar.com/es/feedback-emoticonos/,2024-02-06,es,feedback-emoticonos,feedback emoticonos,,noncontent
hotjar.com,https://www.hotjar.com/es/session-replay-software4/,2024-02-06,es,session-replay-software4,session replay software4,,noncontent
hotjar.com,https://www.hotjar.com/es/grabacion-sesion-software3/,2024-02-06,es,grabacion-sesion-software3,grabacion sesion software3,,noncontent
hotjar.com,https://www.hotjar.com/es/grabacion-sesion-software3//,2024-02-06,es,grabacion-sesion-software3,grabacion sesion software3,,noncontent
hotjar.com,https://www.hotjar.com/es/desplazarse-heatmaps/,2024-02-06,es,desplazarse-heatmaps,desplazarse heatmaps,,noncontent
hotjar.com,https://www.hotjar.com/es/integracion-feedback-ms-teams/,2024-02-06,es,integracion-feedback-ms-teams,integracion feedback ms teams,,noncontent
hotjar.com,https://www.hotjar.com/es/hotjar-gratis2/,2024-02-06,es,hotjar-gratis2,hotjar gratis2,,noncontent
hotjar.com,https://www.hotjar.com/es/hotjar-engage/,2024-02-06,es,hotjar-engage,hotjar engage,,noncontent
hotjar.com,https://www.hotjar.com/es/hotjar-y-wordpress2/,2024-02-06,es,hotjar-y-wordpress2,hotjar y wordpress2,,noncontent
hotjar.com,https://www.hotjar.com/es/hotjar-y-slack2/,2024-02-06,es,hotjar-y-slack2,hotjar y slack2,,noncontent
hotjar.com,https://www.hotjar.com/es/hotjar-y-shopify/,2024-02-06,es,hotjar-y-shopify,hotjar y shopify,,noncontent
hotjar.com,https://www.hotjar.com/es/hotjar-y-segment2/,2024-02-06,es,hotjar-y-segment2,hotjar y segment2,,noncontent
hotjar.com,https://www.hotjar.com/es/hotjar-y-google-tag-manager/,2024-02-06,es,hotjar-y-google-tag-manager,hotjar y google tag manager,,noncontent
hotjar.com,https://www.hotjar.com/es/hotjar-y-google-analytics2/,2024-02-06,es,hotjar-y-google-analytics2,hotjar y google analytics2,,noncontent
hotjar.com,https://www.hotjar.com/es/hotjar-y-clickfunnels2/,2024-02-06,es,hotjar-y-clickfunnels2,hotjar y clickfunnels2,,noncontent
hotjar.com,https://www.hotjar.com/es/obtener-feedback-sitio-web/,2024-02-06,es,obtener-feedback-sitio-web,obtener feedback sitio web,,noncontent
hotjar.com,https://www.hotjar.com/es/obtener-feedback-visitante/,2024-02-06,es,obtener-feedback-visitante,obtener feedback visitante,,noncontent
hotjar.com,https://www.hotjar.com/es/obtener-feedback-usuario/,2024-02-06,es,obtener-feedback-usuario,obtener feedback usuario,,noncontent
hotjar.com,https://www.hotjar.com/es/obtener-feedback-uso/,2024-02-06,es,obtener-feedback-uso,obtener feedback uso,,noncontent
hotjar.com,https://www.hotjar.com/es/obtener-feedback-tiempo-real/,2024-02-06,es,obtener-feedback-tiempo-real,obtener feedback tiempo real,,noncontent
hotjar.com,https://www.hotjar.com/es/obtener-feedback-producto/,2024-02-06,es,obtener-feedback-producto,obtener feedback producto,,noncontent
hotjar.com,https://www.hotjar.com/es/obtener-feedback-instantaneo/,2024-02-06,es,obtener-feedback-instantaneo,obtener feedback instantaneo,,noncontent
hotjar.com,https://www.hotjar.com/es/obtener-feedback-cliente/,2024-02-06,es,obtener-feedback-cliente,obtener feedback cliente,,noncontent
hotjar.com,https://www.hotjar.com/es/obtener-feedback-continuo/,2024-02-06,es,obtener-feedback-continuo,obtener feedback continuo,,noncontent
hotjar.com,https://www.hotjar.com/es/obtener-feedback-sitio-web1/,2024-02-06,es,obtener-feedback-sitio-web1,obtener feedback sitio web1,,noncontent
hotjar.com,https://www.hotjar.com/es/widgets-feedback/,2024-02-06,es,widgets-feedback,widgets feedback,,noncontent
hotjar.com,https://www.hotjar.com/es/dashboard2/,2024-02-06,es,dashboard2,dashboard2,,noncontent
hotjar.com,https://www.hotjar.com/es/feedback-cx/,2024-02-06,es,feedback-cx,feedback cx,,noncontent
hotjar.com,https://www.hotjar.com/es/competidor-comparacion2/,2024-02-06,es,competidor-comparacion2,competidor comparacion2,,noncontent
hotjar.com,https://www.hotjar.com/es/competidor-comparacion-fullstory2/,2024-02-06,es,competidor-comparacion-fullstory2,competidor comparacion fullstory2,,noncontent
hotjar.com,https://www.hotjar.com/es/competidor-comparacion-crazyegg2/,2024-02-06,es,competidor-comparacion-crazyegg2,competidor comparacion crazyegg2,,noncontent
hotjar.com,https://www.hotjar.com/es/recopilar-feedback-sitio-web/,2024-02-06,es,recopilar-feedback-sitio-web,recopilar feedback sitio web,,noncontent
hotjar.com,https://www.hotjar.com/es/analisis-comportamiento-software2/,2024-02-06,es,analisis-comportamiento-software2,analisis comportamiento software2,,noncontent
hotjar.com,https://www.hotjar.com/es/pedir-feedback-sitio-web/,2024-02-06,es,pedir-feedback-sitio-web,pedir feedback sitio web,,noncontent
hotjar.com,https://www.hotjar.com/es/contactar-ventas/,2024-02-06,es,contactar-ventas,contactar ventas,,noncontent
hotjar.com,https://www.hotjar.com/es/equipos-en-crecimiento/,2024-02-03,es,equipos-en-crecimiento,equipos en crecimiento,,noncontent
hotjar.com,https://www.hotjar.com/es/prueba/encuestas/,2024-02-03,es,encuestas,encuestas,,noncontent
hotjar.com,https://www.hotjar.com/es/recomendaciones/,2024-02-03,es,recomendaciones,recomendaciones,,noncontent
hotjar.com,https://www.hotjar.com/es/prueba/feedback/,2024-02-03,es,feedback,feedback,,noncontent
hotjar.com,https://www.hotjar.com/es/conseguir-aprobacion-ideas/,2024-02-03,es,conseguir-aprobacion-ideas,conseguir aprobacion ideas,,noncontent
hotjar.com,https://www.hotjar.com/es/identificar-problemas/,2024-02-03,es,identificar-problemas,identificar problemas,,noncontent
hotjar.com,https://www.hotjar.com/es/reducir-suposiciones/,2024-02-03,es,reducir-suposiciones,reducir suposiciones,,noncontent
hotjar.com,https://www.hotjar.com/es/inspirate/,2024-02-03,es,inspirate,inspirate,,noncontent
hotjar.com,https://www.hotjar.com/es/investigador-analista/,2024-02-03,es,investigador-analista,investigador analista,,noncontent
hotjar.com,https://www.hotjar.com/es/disenador-producto/,2024-02-03,es,disenador-producto,disenador producto,,noncontent
hotjar.com,https://www.hotjar.com/es/jefes-producto/,2024-02-03,es,jefes-producto,jefes producto,,noncontent
hotjar.com,https://www.hotjar.com/es/equipos-producto/,2024-02-03,es,equipos-producto,equipos producto,,noncontent
hotjar.com,https://www.hotjar.com/es/producto-encuestas-ia/,2024-02-03,es,producto-encuestas-ia,producto encuestas ia,,noncontent
hotjar.com,https://www.hotjar.com/es/prueba/,2024-02-03,es,prueba,prueba,,noncontent
hotjar.com,https://www.hotjar.com/es/producto/highlights/,2024-02-03,es,highlights,highlights,,noncontent
hotjar.com,https://www.hotjar.com/es/privacidad/,2024-02-03,es,privacidad,privacidad,,noncontent
hotjar.com,https://www.hotjar.com/es/producto/dashboard/,2024-02-03,es,dashboard,dashboard,,noncontent
hotjar.com,https://www.hotjar.com/es/producto/recordings/,2024-02-03,es,recordings,recordings,,noncontent
hotjar.com,https://www.hotjar.com/es/producto/heatmaps/,2024-02-03,es,heatmaps,heatmaps,,noncontent
hotjar.com,https://www.hotjar.com/es/elige-tu-plan/,2024-01-24,es,elige-tu-plan,elige tu plan,,noncontent
hotjar.com,https://www.hotjar.com/es/perf-lp-custom-pricing-page-ubp/,2024-01-23,es,perf-lp-custom-pricing-page-ubp,perf lp custom pricing page ubp,,noncontent
hotjar.com,https://www.hotjar.com/es/precios-ubp/,2024-01-22,es,precios-ubp,precios ubp,,noncontent
hotjar.com,https://www.hotjar.com/es/ux-heatmaps/,2023-12-22,es,ux-heatmaps,ux heatmaps,,noncontent
hotjar.com,https://www.hotjar.com/es/prueba-hotjar-hoy/,2023-12-22,es,prueba-hotjar-hoy,prueba hotjar hoy,,noncontent
hotjar.com,https://www.hotjar.com/es/marketing-heatmaps/,2023-12-22,es,marketing-heatmaps,marketing heatmaps,,noncontent
hotjar.com,https://www.hotjar.com/es/paginadeinicio-heatmaps/,2023-12-22,es,paginadeinicio-heatmaps,paginadeinicio heatmaps,,noncontent
hotjar.com,https://www.hotjar.com/es/highlights2/,2023-12-18,es,highlights2,highlights2,,noncontent
hotjar.com,https://www.hotjar.com/es/session-recording-tool2/,2023-12-15,es,session-recording-tool2,session recording tool2,,noncontent
hotjar.com,https://www.hotjar.com/es/product/heatmaps-localisation-duplicate-es/,2023-09-29,es,heatmaps-localisation-duplicate-es,heatmaps localisation duplicate es,,noncontent
hotjar.com,https://www.hotjar.com/es/product-surveys-1/,2023-09-22,es,product-surveys-1,product surveys 1,,noncontent
hotjar.com,https://www.hotjar.com/es/pricing-live-version-1/,2023-08-09,es,pricing-live-version-1,pricing live version 1,,noncontent
hotjar.com,https://www.hotjar.com/es/pricing-fremium-experiment-v2/,2023-07-18,es,pricing-fremium-experiment-v2,pricing fremium experiment v2,,noncontent
hotjar.com,https://www.hotjar.com/es/precios-freemium-v1/,2023-07-17,es,precios-freemium-v1,precios freemium v1,,noncontent
hotjar.com,https://www.hotjar.com/es/pricing-freemium-v1-version-1/,2023-07-17,es,pricing-freemium-v1-version-1,pricing freemium v1 version 1,,noncontent
hotjar.com,https://www.hotjar.com/es/hotjar-demo/,2023-07-16,es,hotjar-demo,hotjar demo,,noncontent
hotjar.com,https://www.hotjar.com/es/pricing-fremium-experiment-es/,2023-07-04,es,pricing-fremium-experiment-es,pricing fremium experiment es,,noncontent
hotjar.com,https://www.hotjar.com/es/sitioweb-feedback-herramientas3/,2023-06-14,es,sitioweb-feedback-herramientas3,sitioweb feedback herramientas3,,noncontent
hotjar.com,https://www.hotjar.com/es/w2w-product/,2023-06-01,es,w2w-product,w2w product,,noncontent
hotjar.com,https://www.hotjar.com/es/w2w-marketers/,2023-06-01,es,w2w-marketers,w2w marketers,,noncontent
hotjar.com,https://www.hotjar.com/es/paid-lp-productsearch-best-in-class-surveys-link-1/,2023-05-25,es,paid-lp-productsearch-best-in-class-surveys-link-1,paid lp productsearch best in class surveys link 1,,noncontent
hotjar.com,https://www.hotjar.com/es/paid-lp-productsearch-best-in-class-surveys-churn-1/,2023-05-24,es,paid-lp-productsearch-best-in-class-surveys-churn-1,paid lp productsearch best in class surveys churn 1,,noncontent
hotjar.com,https://www.hotjar.com/es/paid-lp-productsearch-best-in-class-surveys-nps-1/,2023-05-24,es,paid-lp-productsearch-best-in-class-surveys-nps-1,paid lp productsearch best in class surveys nps 1,,noncontent
hotjar.com,https://www.hotjar.com/es/paid-lp-productsearch-best-in-class-surveys-micro-1/,2023-05-24,es,paid-lp-productsearch-best-in-class-surveys-micro-1,paid lp productsearch best in class surveys micro 1,,noncontent
hotjar.com,https://www.hotjar.com/es/paid-lp-productsearch-best-in-class-surveys-popup-1/,2023-05-24,es,paid-lp-productsearch-best-in-class-surveys-popup-1,paid lp productsearch best in class surveys popup 1,,noncontent
hotjar.com,https://www.hotjar.com/es/paid-lp-productsearch-best-in-class-surveys-exit-intent-1/,2023-05-24,es,paid-lp-productsearch-best-in-class-surveys-exit-intent-1,paid lp productsearch best in class surveys exit intent 1,,noncontent
hotjar.com,https://www.hotjar.com/es/paid-lp-productsearch-best-in-class-surveys-feedback-lp-1/,2023-05-24,es,paid-lp-productsearch-best-in-class-surveys-feedback-lp-1,paid lp productsearch best in class surveys feedback lp 1,,noncontent
hotjar.com,https://www.hotjar.com/es/paid-lp-productsearch-best-in-class-surveys-user-satisfaction-1/,2023-05-24,es,paid-lp-productsearch-best-in-class-surveys-user-satisfaction-1,paid lp productsearch best in class surveys user satisfaction 1,,noncontent
hotjar.com,https://www.hotjar.com/es/paid-lp-productsearch-best-in-class-surveys-product-1/,2023-05-24,es,paid-lp-productsearch-best-in-class-surveys-product-1,paid lp productsearch best in class surveys product 1,,noncontent
hotjar.com,https://www.hotjar.com/es/paid-lp-productsearch-best-in-class-surveys-conversions-1/,2023-05-24,es,paid-lp-productsearch-best-in-class-surveys-conversions-1,paid lp productsearch best in class surveys conversions 1,,noncontent
hotjar.com,https://www.hotjar.com/es/paid-lp-productsearch-best-in-class-surveys-sentiment-1/,2023-05-24,es,paid-lp-productsearch-best-in-class-surveys-sentiment-1,paid lp productsearch best in class surveys sentiment 1,,noncontent
hotjar.com,https://www.hotjar.com/es/paid-lp-productsearch-best-in-class-surveys-csat-1/,2023-05-24,es,paid-lp-productsearch-best-in-class-surveys-csat-1,paid lp productsearch best in class surveys csat 1,,noncontent
hotjar.com,https://www.hotjar.com/es/paid-lp-brand-search-best-in-class-surveys-1/,2023-05-24,es,paid-lp-brand-search-best-in-class-surveys-1,paid lp brand search best in class surveys 1,,noncontent
hotjar.com,https://www.hotjar.com/es/paid-lp-brand-search-best-in-class-surveys-tool-1/,2023-05-24,es,paid-lp-brand-search-best-in-class-surveys-tool-1,paid lp brand search best in class surveys tool 1,,noncontent
hotjar.com,https://www.hotjar.com/es/paid-lp-brand-search-best-in-class-surveys-csat-1/,2023-05-24,es,paid-lp-brand-search-best-in-class-surveys-csat-1,paid lp brand search best in class surveys csat 1,,noncontent
hotjar.com,https://www.hotjar.com/es/paid-lp-brand-search-best-in-class-session-recording-software-rageclicks-1/,2023-05-23,es,paid-lp-brand-search-best-in-class-session-recording-software-rageclicks-1,paid lp brand search best in class session recording software rageclicks 1,,noncontent
hotjar.com,https://www.hotjar.com/es/prueba-hotjar-hoy/facebook/,2023-05-19,es,facebook,facebook,,noncontent
hotjar.com,https://www.hotjar.com/es/prueba-hotjar-hoy/youtube/,2023-05-19,es,youtube,youtube,,noncontent
hotjar.com,https://www.hotjar.com/es/prueba-hotjar-hoy/linkedin/,2023-05-19,es,linkedin,linkedin,,noncontent
hotjar.com,https://www.hotjar.com/es/destination-page-espanol/,2023-04-11,es,destination-page-espanol,destination page espanol,,noncontent
hotjar.com,https://www.hotjar.com/es/paid-lp-brand-search-best-in-class-general-1/,2023-04-07,es,paid-lp-brand-search-best-in-class-general-1,paid lp brand search best in class general 1,,noncontent
hotjar.com,https://www.hotjar.com/es/product-heatmaps-localisation-duplicate-test-for-lokalise/,2023-03-09,es,product-heatmaps-localisation-duplicate-test-for-lokalise,product heatmaps localisation duplicate test for lokalise,,noncontent
hotjar.com,https://www.hotjar.com/es/diseno-web/checklist/,2024-07-09,es,checklist,checklist,,noncontent
hotjar.com,https://www.hotjar.com/es/google-analytics/glosario/usuarios/,2024-06-27,es,usuarios,usuarios,,noncontent
hotjar.com,https://www.hotjar.com/es/google-analytics/glosario/paginas-de-destino/,2024-06-27,es,paginas-de-destino,paginas de destino,,noncontent
hotjar.com,https://www.hotjar.com/es/google-analytics/glosario/comercio-electronico/,2024-06-27,es,comercio-electronico,comercio electronico,,noncontent
hotjar.com,https://www.hotjar.com/es/optimizacion-tasa-de-conversion/beneficios/,2024-06-18,es,beneficios,beneficios,,noncontent
hotjar.com,https://www.hotjar.com/es/optimizacion-tasa-de-conversion/mejores-practicas/,2024-06-18,es,mejores-practicas,mejores practicas,,noncontent
hotjar.com,https://www.hotjar.com/es/diseno-web/,2024-06-14,es,diseno-web,diseno web,,noncontent
hotjar.com,https://www.hotjar.com/es/diseno-web/principios/,2024-06-12,es,principios,principios,,noncontent
hotjar.com,https://www.hotjar.com/es/diseno-web/tendencias/,2024-06-10,es,tendencias,tendencias,,noncontent
hotjar.com,https://www.hotjar.com/es/google-analytics/glosario/sesiones/,2024-06-10,es,sesiones,sesiones,,noncontent
hotjar.com,https://www.hotjar.com/es/google-analytics/glosario/dimension-secundaria/,2024-06-10,es,dimension-secundaria,dimension secundaria,,noncontent
hotjar.com,https://www.hotjar.com/es/diseno-web/consejos/,2024-06-05,es,consejos,consejos,,noncontent
hotjar.com,https://www.hotjar.com/es/diseno-web/ejemplos/,2024-06-05,es,ejemplos,ejemplos,,noncontent
hotjar.com,https://www.hotjar.com/es/optimizacion-tasa-de-conversion/glosario/formulario-de-conversion/,2024-06-04,es,formulario-de-conversion,formulario de conversion,,noncontent
hotjar.com,https://www.hotjar.com/es/diseno-web/retos/,2024-05-31,es,retos,retos,,noncontent
hotjar.com,https://www.hotjar.com/es/diseno-web/errores/,2024-05-31,es,errores,errores,,noncontent
hotjar.com,https://www.hotjar.com/es/google-analytics/glosario/tasa-de-conversion-objetivos/,2024-05-31,es,tasa-de-conversion-objetivos,tasa de conversion objetivos,,noncontent
hotjar.com,https://www.hotjar.com/es/google-analytics/glosario/audiencia/,2024-05-31,es,audiencia,audiencia,,noncontent
hotjar.com,https://www.hotjar.com/es/diseno-web/auditoria/,2024-05-30,es,auditoria,auditoria,,noncontent
hotjar.com,https://www.hotjar.com/es/diseno-web/vs-diseno-ux/,2024-05-30,es,vs-diseno-ux,vs diseno ux,,noncontent
hotjar.com,https://www.hotjar.com/es/google-analytics/glosario/transacciones/,2024-05-30,es,transacciones,transacciones,,noncontent
hotjar.com,https://www.hotjar.com/es/google-analytics/glosario/salidas/,2024-05-15,es,salidas,salidas,,noncontent
hotjar.com,https://www.hotjar.com/es/google-analytics/glosario/segmentos/,2024-05-07,es,segmentos,segmentos,,noncontent
hotjar.com,https://www.hotjar.com/es/google-analytics/glosario/conversiones/,2024-05-07,es,conversiones,conversiones,,noncontent
hotjar.com,https://www.hotjar.com/es/google-analytics/glosario/,2024-05-02,es,glosario,glosario,,noncontent
hotjar.com,https://www.hotjar.com/es/google-analytics/glosario/visitantes-unicos/,2024-05-02,es,visitantes-unicos,visitantes unicos,,noncontent
hotjar.com,https://www.hotjar.com/es/google-analytics/glosario/dimension-metricas/,2024-05-02,es,dimension-metricas,dimension metricas,,noncontent
hotjar.com,https://www.hotjar.com/es/google-analytics/glosario/tasa-de-rebote/,2024-04-30,es,tasa-de-rebote,tasa de rebote,,noncontent
hotjar.com,https://www.hotjar.com/es/diseno-web/herramientas/,2024-04-29,es,herramientas,herramientas,,noncontent
hotjar.com,https://www.hotjar.com/es/diseno-ux/problemas-soluciones/,2024-04-29,es,problemas-soluciones,problemas soluciones,,noncontent
hotjar.com,https://www.hotjar.com/es/diseno-ux/movil/,2024-04-26,es,movil,movil,,noncontent
hotjar.com,https://www.hotjar.com/es/analisis-cualitativo/ejemplos/,2024-04-24,es,ejemplos,ejemplos,,noncontent
hotjar.com,https://www.hotjar.com/es/analisis-cualitativo/tipos/,2024-04-24,es,tipos,tipos,,noncontent
hotjar.com,https://www.hotjar.com/es/analisis-cualitativo/,2024-04-23,es,analisis-cualitativo,analisis cualitativo,,noncontent
hotjar.com,https://www.hotjar.com/es/grabaciones-de-sesiones/,2024-04-18,es,grabaciones-de-sesiones,grabaciones de sesiones,,noncontent
hotjar.com,https://www.hotjar.com/es/google-analytics/glosario/exploraciones/,2024-04-18,es,exploraciones,exploraciones,,noncontent
hotjar.com,https://www.hotjar.com/es/google-analytics/glosario/duracion-media-de-la-sesion/,2024-04-18,es,duracion-media-de-la-sesion,duracion media de la sesion,,noncontent
hotjar.com,https://www.hotjar.com/es/test-de-usabilidad/auditoria/,2024-04-16,es,auditoria,auditoria,,noncontent
hotjar.com,https://www.hotjar.com/es/seguimiento-web/recorrido-usuario/,2024-04-15,es,recorrido-usuario,recorrido usuario,,noncontent
hotjar.com,https://www.hotjar.com/es/optimizacion-tasa-de-conversion/glosario/legibilidad-web/,2024-04-12,es,legibilidad-web,legibilidad web,,noncontent
hotjar.com,https://www.hotjar.com/es/optimizacion-tasa-de-conversion/glosario/error-de-tipo-1/,2024-04-12,es,error-de-tipo-1,error de tipo 1,,noncontent
hotjar.com,https://www.hotjar.com/es/optimizacion-tasa-de-conversion/glosario/split-testing/,2024-04-12,es,split-testing,split testing,,noncontent
hotjar.com,https://www.hotjar.com/es/optimizacion-tasa-de-conversion/glosario/funnel-de-ventas/,2024-04-12,es,funnel-de-ventas,funnel de ventas,,noncontent
hotjar.com,https://www.hotjar.com/es/optimizacion-tasa-de-conversion/glosario/ctr/,2024-04-10,es,ctr,ctr,,noncontent
hotjar.com,https://www.hotjar.com/es/optimizacion-tasa-de-conversion/glosario/kpis/,2024-04-09,es,kpis,kpis,,noncontent
hotjar.com,https://www.hotjar.com/es/analitica-web/auditoria/,2024-04-09,es,auditoria,auditoria,,noncontent
hotjar.com,https://www.hotjar.com/es/analisis-cualitativo/retos/,2024-03-25,es,retos,retos,,noncontent
hotjar.com,https://www.hotjar.com/es/analisis-cualitativo/herramientas/,2024-03-25,es,herramientas,herramientas,,noncontent
hotjar.com,https://www.hotjar.com/es/optimizacion-tasa-de-conversion/glosario/significacion-estadistica/,2024-03-21,es,significacion-estadistica,significacion estadistica,,noncontent
hotjar.com,https://www.hotjar.com/es/optimizacion-tasa-de-conversion/glosario/personalizacion/,2024-03-19,es,personalizacion,personalizacion,,noncontent
hotjar.com,https://www.hotjar.com/es/optimizacion-tasa-de-conversion/glosario/test-multivariante/,2024-03-19,es,test-multivariante,test multivariante,,noncontent
hotjar.com,https://www.hotjar.com/es/optimizacion-tasa-de-conversion/glosario/eye-tracking/,2024-03-18,es,eye-tracking,eye tracking,,noncontent
hotjar.com,https://www.hotjar.com/es/optimizacion-tasa-de-conversion/glosario/behavioral-targeting/,2024-03-18,es,behavioral-targeting,behavioral targeting,,noncontent
hotjar.com,https://www.hotjar.com/es/analisis-sitio-web/herramientas/,2024-03-12,es,herramientas,herramientas,,noncontent
hotjar.com,https://www.hotjar.com/es/optimizacion-tasa-de-conversion/glosario/,2024-03-12,es,glosario,glosario,,noncontent
hotjar.com,https://www.hotjar.com/es/optimizacion-tasa-de-conversion/glosario/usp/,2024-03-11,es,usp,usp,,noncontent
hotjar.com,https://www.hotjar.com/es/optimizacion-tasa-de-conversion/glosario/tasa-de-rebote/,2024-03-11,es,tasa-de-rebote,tasa de rebote,,noncontent
hotjar.com,https://www.hotjar.com/es/optimizacion-tasa-de-conversion/glosario/micro-conversion/,2024-03-05,es,micro-conversion,micro conversion,,noncontent
hotjar.com,https://www.hotjar.com/es/optimizacion-tasa-de-conversion/estrategia/,2024-02-21,es,estrategia,estrategia,,noncontent
hotjar.com,https://www.hotjar.com/es/optimizacion-tasa-de-conversion/glosario/cta/,2024-02-20,es,cta,cta,,noncontent
hotjar.com,https://www.hotjar.com/es/heatmaps/mapas-de-clics-con-rabia/,2024-02-06,es,mapas-de-clics-con-rabia,mapas de clics con rabia,,noncontent
hotjar.com,https://www.hotjar.com/es/optimizacion-tasa-de-conversion/auditoria/,2024-02-06,es,auditoria,auditoria,,noncontent
hotjar.com,https://www.hotjar.com/es/optimizacion-tasa-de-conversion/herramientas/,2024-02-01,es,herramientas,herramientas,,noncontent
hotjar.com,https://www.hotjar.com/es/analitica-web/herramientas/,2024-01-31,es,herramientas,herramientas,,noncontent
hotjar.com,https://www.hotjar.com/es/analitica-web/estrategia/,2024-01-31,es,estrategia,estrategia,,noncontent
hotjar.com,https://www.hotjar.com/es/heatmaps/mapas-desplazamiento-vertical/,2024-01-19,es,mapas-desplazamiento-vertical,mapas desplazamiento vertical,,noncontent
hotjar.com,https://www.hotjar.com/es/heatmaps/zonas-de-interaccion/,2024-01-19,es,zonas-de-interaccion,zonas de interaccion,,noncontent
hotjar.com,https://www.hotjar.com/es/heatmaps/mapas-de-movimientos/,2024-01-19,es,mapas-de-movimientos,mapas de movimientos,,noncontent
hotjar.com,https://www.hotjar.com/es/heatmaps/mapas-de-clics/,2024-01-18,es,mapas-de-clics,mapas de clics,,noncontent
hotjar.com,https://www.hotjar.com/es/analitica-web/,2024-01-05,es,analitica-web,analitica web,,noncontent
hotjar.com,https://www.hotjar.com/es/seguimiento-web/checklist/,2024-01-02,es,checklist,checklist,,noncontent
hotjar.com,https://www.hotjar.com/es/optimizacion-tasa-de-conversion/,2023-12-13,es,optimizacion-tasa-de-conversion,optimizacion tasa de conversion,,noncontent
hotjar.com,https://www.hotjar.com/es/diseno-ux/auditoria/,2023-11-30,es,auditoria,auditoria,,noncontent
hotjar.com,https://www.hotjar.com/es/diseno-ux/tendencias/,2023-11-30,es,tendencias,tendencias,,noncontent
hotjar.com,https://www.hotjar.com/es/diseno-ux/ejemplos/,2023-11-30,es,ejemplos,ejemplos,,noncontent
hotjar.com,https://www.hotjar.com/es/diseno-ux/herramientas/,2023-11-29,es,herramientas,herramientas,,noncontent
hotjar.com,https://www.hotjar.com/es/diseno-ux/encuestas/,2023-11-29,es,encuestas,encuestas,,noncontent
hotjar.com,https://www.hotjar.com/es/diseno-ux/repositorio/,2023-11-28,es,repositorio,repositorio,,noncontent
hotjar.com,https://www.hotjar.com/es/diseno-ux/errores/,2023-11-28,es,errores,errores,,noncontent
hotjar.com,https://www.hotjar.com/es/diseno-ux/metricas/,2023-11-28,es,metricas,metricas,,noncontent
hotjar.com,https://www.hotjar.com/es/diseno-ux/analisis/,2023-11-27,es,analisis,analisis,,noncontent
hotjar.com,https://www.hotjar.com/es/diseno-ux/,2023-11-27,es,diseno-ux,diseno ux,,noncontent
hotjar.com,https://www.hotjar.com/es/net-promoter-score/monitoreo/,2023-11-08,es,monitoreo,monitoreo,,noncontent
hotjar.com,https://www.hotjar.com/es/net-promoter-score/como-crear-encuesta/,2023-11-08,es,como-crear-encuesta,como crear encuesta,,noncontent
hotjar.com,https://www.hotjar.com/es/net-promoter-score/preguntas/,2023-11-08,es,preguntas,preguntas,,noncontent
hotjar.com,https://www.hotjar.com/es/net-promoter-score/como-calcular/,2023-11-08,es,como-calcular,como calcular,,noncontent
hotjar.com,https://www.hotjar.com/es/net-promoter-score/mejorar/,2023-10-31,es,mejorar,mejorar,,noncontent
hotjar.com,https://www.hotjar.com/es/net-promoter-score/analisis/,2023-10-31,es,analisis,analisis,,noncontent
hotjar.com,https://www.hotjar.com/es/net-promoter-score/benchmark/,2023-10-31,es,benchmark,benchmark,,noncontent
hotjar.com,https://www.hotjar.com/es/net-promoter-score/sistema/,2023-10-31,es,sistema,sistema,,noncontent
hotjar.com,https://www.hotjar.com/es/net-promoter-score/,2023-10-31,es,net-promoter-score,net promoter score,,noncontent
hotjar.com,https://www.hotjar.com/es/analisis-sitio-web/como/,2023-10-25,es,como,como,,noncontent
hotjar.com,https://www.hotjar.com/es/analisis-sitio-web/lista-de-comprobacion/,2023-10-24,es,lista-de-comprobacion,lista de comprobacion,,noncontent
hotjar.com,https://www.hotjar.com/es/analisis-sitio-web/analisis-usuario/,2023-10-24,es,analisis-usuario,analisis usuario,,noncontent
hotjar.com,https://www.hotjar.com/es/analisis-sitio-web/,2023-10-24,es,analisis-sitio-web,analisis sitio web,,noncontent
hotjar.com,https://www.hotjar.com/es/test-de-usabilidad/plantillas-y-listas-de-comprobacion/,2023-10-10,es,plantillas-y-listas-de-comprobacion,plantillas y listas de comprobacion,,noncontent
hotjar.com,https://www.hotjar.com/es/test-de-usabilidad/herramientas/,2023-10-10,es,herramientas,herramientas,,noncontent
hotjar.com,https://www.hotjar.com/es/test-de-usabilidad/preguntas/,2023-10-10,es,preguntas,preguntas,,noncontent
hotjar.com,https://www.hotjar.com/es/test-de-usabilidad/proceso/,2023-10-10,es,proceso,proceso,,noncontent
hotjar.com,https://www.hotjar.com/es/test-de-usabilidad/metodos/,2023-10-09,es,metodos,metodos,,noncontent
hotjar.com,https://www.hotjar.com/es/test-de-usabilidad/evaluacion/,2023-10-09,es,evaluacion,evaluacion,,noncontent
hotjar.com,https://www.hotjar.com/es/test-de-usabilidad/,2023-10-09,es,test-de-usabilidad,test de usabilidad,,noncontent
hotjar.com,https://www.hotjar.com/es/seguimiento-web/comparar-el-trafico-web/,2023-10-06,es,comparar-el-trafico-web,comparar el trafico web,,noncontent
hotjar.com,https://www.hotjar.com/es/heatmaps/,2023-10-05,es,heatmaps,heatmaps,,noncontent
hotjar.com,https://www.hotjar.com/es/heatmaps/mejorar-sitio-web/,2023-10-05,es,mejorar-sitio-web,mejorar sitio web,,noncontent
hotjar.com,https://www.hotjar.com/es/grabaciones-de-sesiones/analisis/,2023-09-19,es,analisis,analisis,,noncontent
hotjar.com,https://www.hotjar.com/es/grabaciones-de-sesiones/comprender-el-comportamiento-del-usuario/,2023-09-19,es,comprender-el-comportamiento-del-usuario,comprender el comportamiento del usuario,,noncontent
hotjar.com,https://www.hotjar.com/es/grabaciones-de-sesiones/ejemplos-y-casos-practicos/,2023-09-19,es,ejemplos-y-casos-practicos,ejemplos y casos practicos,,noncontent
hotjar.com,https://www.hotjar.com/es/grabaciones-de-sesiones/consejos-avanzados/,2023-09-19,es,consejos-avanzados,consejos avanzados,,noncontent
hotjar.com,https://www.hotjar.com/es/heatmaps/ejemplos/,2023-09-15,es,ejemplos,ejemplos,,noncontent
hotjar.com,https://www.hotjar.com/es/seguimiento-web/herramientas/,2023-09-14,es,herramientas,herramientas,,noncontent
hotjar.com,https://www.hotjar.com/es/seguimiento-web/privacidad/,2023-09-13,es,privacidad,privacidad,,noncontent
hotjar.com,https://www.hotjar.com/es/seguimiento-web/,2023-09-12,es,seguimiento-web,seguimiento web,,noncontent
hotjar.com,https://www.hotjar.com/es/heatmaps/casos-practicos/,2023-08-25,es,casos-practicos,casos practicos,,noncontent
hotjar.com,https://www.hotjar.com/es/heatmaps/crear/,2023-08-25,es,crear,crear,,noncontent
hotjar.com,https://www.hotjar.com/es/heatmaps/consejos-avanzados/,2023-08-25,es,consejos-avanzados,consejos avanzados,,noncontent
hotjar.com,https://www.hotjar.com/es/heatmaps/infografia/,2023-08-25,es,infografia,infografia,,noncontent
hotjar.com,https://www.hotjar.com/es/heatmaps/analisis/,2023-08-25,es,analisis,analisis,,noncontent
hotjar.com,https://www.hotjar.com/es/blog/analisis-preguntas-abiertas/,2024-08-08,es,analisis-preguntas-abiertas,analisis preguntas abiertas,,noncontent
hotjar.com,https://www.hotjar.com/es/blog/encuestas-sitio-web/,2024-08-07,es,encuestas-sitio-web,encuestas sitio web,,noncontent
hotjar.com,https://www.hotjar.com/es/blog/analisis-de-encuestas/,2024-08-07,es,analisis-de-encuestas,analisis de encuestas,,noncontent
hotjar.com,https://www.hotjar.com/es/blog/preguntas-encuesta-web/,2024-08-05,es,preguntas-encuesta-web,preguntas encuesta web,,noncontent
hotjar.com,https://www.hotjar.com/es/blog/preguntas-feedback-clientes/,2024-08-05,es,preguntas-feedback-clientes,preguntas feedback clientes,,noncontent
hotjar.com,https://www.hotjar.com/es/blog/encuesta-satisfaccion-del-cliente/,2024-08-05,es,encuesta-satisfaccion-del-cliente,encuesta satisfaccion del cliente,,noncontent
hotjar.com,https://www.hotjar.com/es/blog/hotjar-vs-lucky-orange/,2024-07-04,es,hotjar-vs-lucky-orange,hotjar vs lucky orange,,noncontent
hotjar.com,https://www.hotjar.com/es/blog/hotjar-vs-crazy-egg/,2024-07-03,es,hotjar-vs-crazy-egg,hotjar vs crazy egg,,noncontent
hotjar.com,https://www.hotjar.com/es/blog/hotjar-vs-smartlook/,2024-07-03,es,hotjar-vs-smartlook,hotjar vs smartlook,,noncontent
hotjar.com,https://www.hotjar.com/es/blog/hotjar-vs-microsoft-clarity/,2024-07-03,es,hotjar-vs-microsoft-clarity,hotjar vs microsoft clarity,,noncontent
hotjar.com,https://www.hotjar.com/es/blog/hotjar-vs-mouseflow/,2024-07-02,es,hotjar-vs-mouseflow,hotjar vs mouseflow,,noncontent
hotjar.com,https://www.hotjar.com/es/blog/hotjar-vs-fullstory/,2024-07-02,es,hotjar-vs-fullstory,hotjar vs fullstory,,noncontent
hotjar.com,https://www.hotjar.com/es/blog/google-analytics-alternativas/,2024-07-02,es,google-analytics-alternativas,google analytics alternativas,,noncontent
hotjar.com,https://www.hotjar.com/es/blog/mapa-de-calor-ux/,2024-06-14,es,mapa-de-calor-ux,mapa de calor ux,,noncontent
hotjar.com,https://www.hotjar.com/es/blog/mixpanel-alternativas/,2024-06-04,es,mixpanel-alternativas,mixpanel alternativas,,noncontent
hotjar.com,https://www.hotjar.com/es/blog/integraciones/,2024-05-30,es,integraciones,integraciones,,noncontent
hotjar.com,https://www.hotjar.com/es/blog/customer-journey-ecommerce/,2024-03-06,es,customer-journey-ecommerce,customer journey ecommerce,,noncontent
hotjar.com,https://www.hotjar.com/es/blog/mapas-de-clics-con-rabia/,2024-02-06,es,mapas-de-clics-con-rabia,mapas de clics con rabia,,noncontent
hotjar.com,https://www.hotjar.com/es/blog/comportamiento-del-usario/,2024-01-31,es,comportamiento-del-usario,comportamiento del usario,,noncontent
hotjar.com,https://www.hotjar.com/es/blog/hotjar-que-es/,2024-01-26,es,hotjar-que-es,hotjar que es,,noncontent
hotjar.com,https://www.hotjar.com/es/blog/hotjar-plugin-wordpress/,2024-01-26,es,hotjar-plugin-wordpress,hotjar plugin wordpress,,noncontent
hotjar.com,https://www.hotjar.com/es/blog/hotjar-vs-google-analytics/,2024-01-26,es,hotjar-vs-google-analytics,hotjar vs google analytics,,noncontent
hotjar.com,https://www.hotjar.com/es/blog/seguimiento-de-clics/,2024-01-25,es,seguimiento-de-clics,seguimiento de clics,,noncontent
hotjar.com,https://www.hotjar.com/es/blog/seguimiento-del-desplazamiento-vertical/,2024-01-25,es,seguimiento-del-desplazamiento-vertical,seguimiento del desplazamiento vertical,,noncontent
hotjar.com,https://www.hotjar.com/es/blog/clics-con-rabia/,2024-01-24,es,clics-con-rabia,clics con rabia,,noncontent
hotjar.com,https://www.hotjar.com/es/blog/mapas-de-calor-google-analytics/,2024-01-23,es,mapas-de-calor-google-analytics,mapas de calor google analytics,,noncontent
hotjar.com,https://www.hotjar.com/es/blog/mapas-de-movimientos/,2024-01-03,es,mapas-de-movimientos,mapas de movimientos,,noncontent
hotjar.com,https://www.hotjar.com/es/blog/zonas-de-interaccion/,2024-01-03,es,zonas-de-interaccion,zonas de interaccion,,noncontent
hotjar.com,https://www.hotjar.com/es/blog/mapas-desplazamiento-vertical/,2024-01-03,es,mapas-desplazamiento-vertical,mapas desplazamiento vertical,,noncontent
hotjar.com,https://www.hotjar.com/es/blog/mapas-de-clics/,2023-12-01,es,mapas-de-clics,mapas de clics,,noncontent
hotjar.com,https://www.hotjar.com/it/,2025-02-21,it,it,it,,noncontent
hotjar.com,https://www.hotjar.com/it/pricing-fall/,2024-11-08,it,pricing-fall,pricing fall,,noncontent
hotjar.com,https://www.hotjar.com/it/platform-fall/,2024-11-06,it,platform-fall,platform fall,,noncontent
hotjar.com,https://www.hotjar.com/it/pricing-csq/,2024-11-05,it,pricing-csq,pricing csq,,noncontent
hotjar.com,https://www.hotjar.com/it/all-in-one-platform-contentsquare/,2024-11-04,it,all-in-one-platform-contentsquare,all in one platform contentsquare,,noncontent
hotjar.com,https://www.hotjar.com/it/homepage-lancio-autunno/,2024-11-04,it,homepage-lancio-autunno,homepage lancio autunno,,noncontent
hotjar.com,https://www.hotjar.com/ja/,2025-02-21,ja,ja,ja,,noncontent
hotjar.com,https://www.hotjar.com/ja/pricing-fall/,2024-11-08,ja,pricing-fall,pricing fall,,noncontent
hotjar.com,https://www.hotjar.com/ja/platform-fall/,2024-11-06,ja,platform-fall,platform fall,,noncontent
hotjar.com,https://www.hotjar.com/ja/pricing-csq/,2024-11-05,ja,pricing-csq,pricing csq,,noncontent
hotjar.com,https://www.hotjar.com/ja/all-in-one-platform-contentsquare/,2024-11-04,ja,all-in-one-platform-contentsquare,all in one platform contentsquare,,noncontent
hotjar.com,https://www.hotjar.com/ja/homepage-fall-launch/,2024-11-04,ja,homepage-fall-launch,homepage fall launch,,noncontent
hotjar.com,https://www.hotjar.com/ja/homepage-japanese-experiment-variant-2/,2024-01-08,ja,homepage-japanese-experiment-variant-2,homepage japanese experiment variant 2,,noncontent
hotjar.com,https://www.hotjar.com/ja/homepage-japanese-experiment-variant-3/,2023-12-21,ja,homepage-japanese-experiment-variant-3,homepage japanese experiment variant 3,,noncontent
hotjar.com,https://www.hotjar.com/ja/homepage-jp-experiment-variant-1/,2023-12-12,ja,homepage-jp-experiment-variant-1,homepage jp experiment variant 1,,noncontent
