domain,url,lastmod,first_segment,slug,slug_tokens,year,content
measuringu.com,https://measuringu.com/quant-usability/,2021-01-27,quant-usability,quant-usability,quant usability,,content
measuringu.com,https://measuringu.com/sus-websites/,2021-01-27,sus-websites,sus-websites,sus websites,,content
measuringu.com,https://measuringu.com/usability-exist/,2021-01-27,usability-exist,usability-exist,usability exist,,content
measuringu.com,https://measuringu.com/single-question/,2023-01-11,single-question,single-question,single question,,content
measuringu.com,https://measuringu.com/performance-sat/,2021-01-27,performance-sat,performance-sat,performance sat,,content
measuringu.com,https://measuringu.com/binomial-probability/,2021-01-27,binomial-probability,binomial-probability,binomial probability,,content
measuringu.com,https://measuringu.com/formative-summative/,2021-08-12,formative-summative,formative-summative,formative summative,,content
measuringu.com,https://measuringu.com/test-task-sat/,2021-01-27,test-task-sat,test-task-sat,test task sat,,content
measuringu.com,https://measuringu.com/pdf-links/,2021-01-27,pdf-links,pdf-links,pdf links,,content
measuringu.com,https://measuringu.com/problem-severity/,2021-08-12,problem-severity,problem-severity,problem severity,,content
measuringu.com,https://measuringu.com/thinking-aloud-time/,2021-08-12,thinking-aloud-time,thinking-aloud-time,thinking aloud time,,content
measuringu.com,https://measuringu.com/usability-qa-testing/,2021-01-27,usability-qa-testing,usability-qa-testing,usability qa testing,,content
measuringu.com,https://measuringu.com/failed-times/,2021-01-27,failed-times,failed-times,failed times,,content
measuringu.com,https://measuringu.com/five-user-85/,2021-01-27,five-user-85,five-user-85,five user 85,,content
measuringu.com,https://measuringu.com/random-sample/,2021-01-27,random-sample,random-sample,random sample,,content
measuringu.com,https://measuringu.com/crowdsource/,2021-01-27,crowdsource,crowdsource,crowdsource,,content
measuringu.com,https://measuringu.com/usability-science/,2021-01-27,usability-science,usability-science,usability science,,content
measuringu.com,https://measuringu.com/credible-test/,2021-01-27,credible-test,credible-test,credible test,,content
measuringu.com,https://measuringu.com/calories/,2021-01-27,calories,calories,calories,,content
measuringu.com,https://measuringu.com/five-papers/,2021-01-27,five-papers,five-papers,five papers,,content
measuringu.com,https://measuringu.com/five-history/,2022-02-25,five-history,five-history,five history,,content
measuringu.com,https://measuringu.com/books-tablets/,2021-01-27,books-tablets,books-tablets,books tablets,,content
measuringu.com,https://measuringu.com/memory-math/,2021-01-27,memory-math,memory-math,memory math,,content
measuringu.com,https://measuringu.com/living-legends/,2021-01-27,living-legends,living-legends,living legends,,content
measuringu.com,https://measuringu.com/scale-points/,2021-01-27,scale-points,scale-points,scale points,,content
measuringu.com,https://measuringu.com/he/,2021-01-27,he,he,he,,noncontent
measuringu.com,https://measuringu.com/usability/,2021-01-27,usability,usability,usability,,content
measuringu.com,https://measuringu.com/left-side-bias/,2023-04-24,left-side-bias,left-side-bias,left side bias,,content
measuringu.com,https://measuringu.com/extreme-items/,2021-01-27,extreme-items,extreme-items,extreme items,,content
measuringu.com,https://measuringu.com/self-reporting/,2021-08-12,self-reporting,self-reporting,self reporting,,content
measuringu.com,https://measuringu.com/usability-books/,2021-01-27,usability-books,usability-books,usability books,,content
measuringu.com,https://measuringu.com/ux-marketing/,2021-01-27,ux-marketing,ux-marketing,ux marketing,,content
measuringu.com,https://measuringu.com/usability-lab/,2021-01-27,usability-lab,usability-lab,usability lab,,content
measuringu.com,https://measuringu.com/actual-users/,2021-01-27,actual-users,actual-users,actual users,,content
measuringu.com,https://measuringu.com/usability-metrics/,2021-01-27,usability-metrics,usability-metrics,usability metrics,,content
measuringu.com,https://measuringu.com/concurrent-ratings/,2021-01-27,concurrent-ratings,concurrent-ratings,concurrent ratings,,content
measuringu.com,https://measuringu.com/cheat-survey/,2021-01-27,cheat-survey,cheat-survey,cheat survey,,content
measuringu.com,https://measuringu.com/top-box/,2021-01-27,top-box,top-box,top box,,content
measuringu.com,https://measuringu.com/25-resources/,2021-01-27,25-resources,25-resources,25 resources,,content
measuringu.com,https://measuringu.com/practical-stats/,2021-01-27,practical-stats,practical-stats,practical stats,,content
measuringu.com,https://measuringu.com/top-2010/,2023-04-12,top-2010,top-2010,top 2010,2010,content
measuringu.com,https://measuringu.com/eula/,2021-01-27,eula,eula,eula,,content
measuringu.com,https://measuringu.com/prior-exposure/,2021-01-27,prior-exposure,prior-exposure,prior exposure,,content
measuringu.com,https://measuringu.com/normal-nps/,2021-08-12,normal-nps,normal-nps,normal nps,,content
measuringu.com,https://measuringu.com/customers-observe/,2022-07-21,customers-observe,customers-observe,customers observe,,content
measuringu.com,https://measuringu.com/benchmark-tips/,2021-01-27,benchmark-tips,benchmark-tips,benchmark tips,,content
measuringu.com,https://measuringu.com/quantify-comments/,2023-05-08,quantify-comments,quantify-comments,quantify comments,,content
measuringu.com,https://measuringu.com/improved-ux/,2021-01-27,improved-ux,improved-ux,improved ux,,content
measuringu.com,https://measuringu.com/ux-driver/,2021-01-27,ux-driver,ux-driver,ux driver,,content
measuringu.com,https://measuringu.com/task-completion/,2022-03-09,task-completion,task-completion,task completion,,content
measuringu.com,https://measuringu.com/usability-controversy/,2021-01-27,usability-controversy,usability-controversy,usability controversy,,content
measuringu.com,https://measuringu.com/fishbone/,2021-01-27,fishbone,fishbone,fishbone,,content
measuringu.com,https://measuringu.com/real-task-time/,2022-03-22,real-task-time,real-task-time,real task time,,content
measuringu.com,https://measuringu.com/neutral-option/,2021-01-27,neutral-option,neutral-option,neutral option,,content
measuringu.com,https://measuringu.com/ux-surveys/,2021-01-27,ux-surveys,ux-surveys,ux surveys,,content
measuringu.com,https://measuringu.com/interpret-responses/,2024-11-06,interpret-responses,interpret-responses,interpret responses,,content
measuringu.com,https://measuringu.com/terrific-experiences/,2021-01-27,terrific-experiences,terrific-experiences,terrific experiences,,content
measuringu.com,https://measuringu.com/interval-ordinal/,2021-01-27,interval-ordinal,interval-ordinal,interval ordinal,,content
measuringu.com,https://measuringu.com/response-rate/,2021-01-27,response-rate,response-rate,response rate,,content
measuringu.com,https://measuringu.com/five-redesign/,2021-01-27,five-redesign,five-redesign,five redesign,,content
measuringu.com,https://measuringu.com/navigation-metrics/,2021-01-27,navigation-metrics,navigation-metrics,navigation metrics,,content
measuringu.com,https://measuringu.com/user-burdens/,2021-01-27,user-burdens,user-burdens,user burdens,,content
measuringu.com,https://measuringu.com/mean-nps/,2021-01-27,mean-nps,mean-nps,mean nps,,content
measuringu.com,https://measuringu.com/problem-feature/,2021-01-27,problem-feature,problem-feature,problem feature,,content
measuringu.com,https://measuringu.com/usability-problems/,2021-01-27,usability-problems,usability-problems,usability problems,,content
measuringu.com,https://measuringu.com/he-cw/,2021-01-27,he-cw,he-cw,he cw,,noncontent
measuringu.com,https://measuringu.com/task-times/,2021-08-12,task-times,task-times,task times,,content
measuringu.com,https://measuringu.com/four-corners/,2021-08-12,four-corners,four-corners,four corners,,content
measuringu.com,https://measuringu.com/ux-methods/,2021-01-27,ux-methods,ux-methods,ux methods,,content
measuringu.com,https://measuringu.com/completion-rates/,2021-01-27,completion-rates,completion-rates,completion rates,,content
measuringu.com,https://measuringu.com/remote-testing/,2021-01-27,remote-testing,remote-testing,remote testing,,content
measuringu.com,https://measuringu.com/compared-what/,2023-12-07,compared-what,compared-what,compared what,,content
measuringu.com,https://measuringu.com/netflix-nps/,2023-01-11,netflix-nps,netflix-nps,netflix nps,,content
measuringu.com,https://measuringu.com/first-click/,2021-01-27,first-click,first-click,first click,,content
measuringu.com,https://measuringu.com/credibility/,2021-01-27,credibility,credibility,credibility,,content
measuringu.com,https://measuringu.com/usefulness/,2021-01-27,usefulness,usefulness,usefulness,,content
measuringu.com,https://measuringu.com/right-tool/,2021-01-27,right-tool,right-tool,right tool,,content
measuringu.com,https://measuringu.com/click-clock/,2022-05-03,click-clock,click-clock,click clock,,content
measuringu.com,https://measuringu.com/ux-growth/,2021-01-27,ux-growth,ux-growth,ux growth,,content
measuringu.com,https://measuringu.com/essential-metrics/,2021-01-27,essential-metrics,essential-metrics,essential metrics,,content
measuringu.com,https://measuringu.com/sample-size-problems/,2021-01-27,sample-size-problems,sample-size-problems,sample size problems,,content
measuringu.com,https://measuringu.com/ui-disasters/,2021-01-27,ui-disasters,ui-disasters,ui disasters,,content
measuringu.com,https://measuringu.com/measure-manage-ux/,2021-01-27,measure-manage-ux,measure-manage-ux,measure manage ux,,content
measuringu.com,https://measuringu.com/top-2011/,2021-08-12,top-2011,top-2011,top 2011,2011,content
measuringu.com,https://measuringu.com/nps-sus/,2022-06-14,nps-sus,nps-sus,nps sus,,content
measuringu.com,https://measuringu.com/ux-job-salary/,2021-01-27,ux-job-salary,ux-job-salary,ux job salary,,content
measuringu.com,https://measuringu.com/method-comparison/,2021-01-27,method-comparison,method-comparison,method comparison,,content
measuringu.com,https://measuringu.com/quantify-qualitative/,2021-08-12,quantify-qualitative,quantify-qualitative,quantify qualitative,,content
measuringu.com,https://measuringu.com/social-trust/,2024-09-04,social-trust,social-trust,social trust,,content
measuringu.com,https://measuringu.com/cost-task-failure/,2021-01-27,cost-task-failure,cost-task-failure,cost task failure,,content
measuringu.com,https://measuringu.com/ux-pain-points/,2022-03-22,ux-pain-points,ux-pain-points,ux pain points,,content
measuringu.com,https://measuringu.com/manage-measure/,2022-03-22,manage-measure,manage-measure,manage measure,,content
measuringu.com,https://measuringu.com/qa-urut/,2022-03-22,qa-urut,qa-urut,qa urut,,content
measuringu.com,https://measuringu.com/stats-usability-errors/,2022-03-22,stats-usability-errors,stats-usability-errors,stats usability errors,,content
measuringu.com,https://measuringu.com/sampling-s/,2022-03-22,sampling-s,sampling-s,sampling s,,content
measuringu.com,https://measuringu.com/ci-10things/,2022-01-04,ci-10things,ci-10things,ci 10things,,noncontent
measuringu.com,https://measuringu.com/standardized-usability/,2022-03-22,standardized-usability,standardized-usability,standardized usability,,content
measuringu.com,https://measuringu.com/card-sorting/,2022-03-22,card-sorting,card-sorting,card sorting,,content
measuringu.com,https://measuringu.com/20-usability-tips/,2022-03-22,20-usability-tips,20-usability-tips,20 usability tips,,content
measuringu.com,https://measuringu.com/two-proportions/,2022-03-21,two-proportions,two-proportions,two proportions,,content
measuringu.com,https://measuringu.com/nps-ux/,2022-03-21,nps-ux,nps-ux,nps ux,,content
measuringu.com,https://measuringu.com/mobile-usability-test/,2022-10-11,mobile-usability-test,mobile-usability-test,mobile usability test,,content
measuringu.com,https://measuringu.com/five-ux-skills/,2022-12-05,five-ux-skills,five-ux-skills,five ux skills,,content
measuringu.com,https://measuringu.com/errors-ux/,2022-03-21,errors-ux,errors-ux,errors ux,,content
measuringu.com,https://measuringu.com/measuring-cux/,2022-03-21,measuring-cux,measuring-cux,measuring cux,,content
measuringu.com,https://measuringu.com/sum/,2022-03-21,sum,sum,sum,,content
measuringu.com,https://measuringu.com/problem-matrix/,2022-03-21,problem-matrix,problem-matrix,problem matrix,,content
measuringu.com,https://measuringu.com/overconfident-men/,2022-03-21,overconfident-men,overconfident-men,overconfident men,,content
measuringu.com,https://measuringu.com/search-browse/,2022-03-21,search-browse,search-browse,search browse,,content
measuringu.com,https://measuringu.com/what-test/,2022-03-21,what-test,what-test,what test,,content
measuringu.com,https://measuringu.com/over-message/,2022-03-21,over-message,over-message,over message,,content
measuringu.com,https://measuringu.com/ecommerce-insights/,2022-03-21,ecommerce-insights,ecommerce-insights,ecommerce insights,,content
measuringu.com,https://measuringu.com/cardsort-tree-test/,2025-03-10,cardsort-tree-test,cardsort-tree-test,cardsort tree test,,content
measuringu.com,https://measuringu.com/lean-ux/,2022-03-21,lean-ux,lean-ux,lean ux,,content
measuringu.com,https://measuringu.com/personas-ux/,2022-03-21,personas-ux,personas-ux,personas ux,,content
measuringu.com,https://measuringu.com/f-word/,2022-03-21,f-word,f-word,f word,,content
measuringu.com,https://measuringu.com/he-multiple/,2022-03-21,he-multiple,he-multiple,he multiple,,content
measuringu.com,https://measuringu.com/ut-bias/,2022-03-21,ut-bias,ut-bias,ut bias,,content
measuringu.com,https://measuringu.com/triangulate-ux/,2021-08-09,triangulate-ux,triangulate-ux,triangulate ux,,content
measuringu.com,https://measuringu.com/effective-he/,2022-03-21,effective-he,effective-he,effective he,,content
measuringu.com,https://measuringu.com/pareto-ux/,2022-03-21,pareto-ux,pareto-ux,pareto ux,,content
measuringu.com,https://measuringu.com/five-hard-quant/,2022-03-21,five-hard-quant,five-hard-quant,five hard quant,,content
measuringu.com,https://measuringu.com/promoter-value/,2022-03-21,promoter-value,promoter-value,promoter value,,content
measuringu.com,https://measuringu.com/task-comp-sus/,2024-02-21,task-comp-sus,task-comp-sus,task comp sus,,content
measuringu.com,https://measuringu.com/ux-benchmarks/,2022-05-26,ux-benchmarks,ux-benchmarks,ux benchmarks,,content
measuringu.com,https://measuringu.com/measure-findability/,2022-03-21,measure-findability,measure-findability,measure findability,,content
measuringu.com,https://measuringu.com/seq10/,2022-09-13,seq10,seq10,seq10,,content
measuringu.com,https://measuringu.com/one-thing-fix/,2022-03-21,one-thing-fix,one-thing-fix,one thing fix,,content
measuringu.com,https://measuringu.com/unmoderated-things/,2022-03-21,unmoderated-things,unmoderated-things,unmoderated things,,content
measuringu.com,https://measuringu.com/ab-testing/,2022-03-21,ab-testing,ab-testing,ab testing,,content
measuringu.com,https://measuringu.com/ux-questions/,2022-03-21,ux-questions,ux-questions,ux questions,,content
measuringu.com,https://measuringu.com/quant-tips/,2022-03-21,quant-tips,quant-tips,quant tips,,content
measuringu.com,https://measuringu.com/survey-tips/,2022-03-21,survey-tips,survey-tips,survey tips,,content
measuringu.com,https://measuringu.com/top-2012/,2022-03-21,top-2012,top-2012,top 2012,2012,content
measuringu.com,https://measuringu.com/qfd-ui/,2022-03-21,qfd-ui,qfd-ui,qfd ui,,content
measuringu.com,https://measuringu.com/poor-ux/,2022-03-21,poor-ux,poor-ux,poor ux,,content
measuringu.com,https://measuringu.com/fmea-ux/,2022-03-21,fmea-ux,fmea-ux,fmea ux,,content
measuringu.com,https://measuringu.com/ux-mobile/,2022-03-21,ux-mobile,ux-mobile,ux mobile,,content
measuringu.com,https://measuringu.com/hypothesis-ux/,2022-03-21,hypothesis-ux,hypothesis-ux,hypothesis ux,,content
measuringu.com,https://measuringu.com/usability-history/,2022-03-21,usability-history,usability-history,usability history,,content
measuringu.com,https://measuringu.com/sixsigma-tools/,2022-03-21,sixsigma-tools,sixsigma-tools,sixsigma tools,,content
measuringu.com,https://measuringu.com/maximize-testing/,2022-03-21,maximize-testing,maximize-testing,maximize testing,,content
measuringu.com,https://measuringu.com/hci-laws/,2022-03-21,hci-laws,hci-laws,hci laws,,content
measuringu.com,https://measuringu.com/method-when/,2022-02-20,method-when,method-when,method when,,content
measuringu.com,https://measuringu.com/card-sorting-ia/,2024-05-23,card-sorting-ia,card-sorting-ia,card sorting ia,,content
measuringu.com,https://measuringu.com/tree-testing-ia/,2022-03-21,tree-testing-ia,tree-testing-ia,tree testing ia,,content
measuringu.com,https://measuringu.com/measure-learnability/,2021-09-02,measure-learnability,measure-learnability,measure learnability,,content
measuringu.com,https://measuringu.com/task-tips/,2022-03-21,task-tips,task-tips,task tips,,content
measuringu.com,https://measuringu.com/measuring-comprehension/,2022-03-21,measuring-comprehension,measuring-comprehension,measuring comprehension,,content
measuringu.com,https://measuringu.com/research-mistakes/,2022-03-21,research-mistakes,research-mistakes,research mistakes,,content
measuringu.com,https://measuringu.com/icon-tests/,2022-03-21,icon-tests,icon-tests,icon tests,,content
measuringu.com,https://measuringu.com/moderating-tips/,2022-03-21,moderating-tips,moderating-tips,moderating tips,,content
measuringu.com,https://measuringu.com/10-navigation-metrics/,2022-03-21,10-navigation-metrics,10-navigation-metrics,10 navigation metrics,,content
measuringu.com,https://measuringu.com/finding-users/,2022-03-21,finding-users,finding-users,finding users,,content
measuringu.com,https://measuringu.com/ux-changes-nps/,2021-08-09,ux-changes-nps,ux-changes-nps,ux changes nps,,content
measuringu.com,https://measuringu.com/visual-appeal/,2022-03-21,visual-appeal,visual-appeal,visual appeal,,content
measuringu.com,https://measuringu.com/10-things-sus/,2022-03-21,10-things-sus,10-things-sus,10 things sus,,content
measuringu.com,https://measuringu.com/measuring-confidence/,2022-03-21,measuring-confidence,measuring-confidence,measuring confidence,,content
measuringu.com,https://measuringu.com/summarize-survey/,2022-03-21,summarize-survey,summarize-survey,summarize survey,,content
measuringu.com,https://measuringu.com/benchmark-website-usability/,2022-03-21,benchmark-website-usability,benchmark-website-usability,benchmark website usability,,content
measuringu.com,https://measuringu.com/navigation-resources/,2022-03-21,navigation-resources,navigation-resources,navigation resources,,content
measuringu.com,https://measuringu.com/true-intent/,2022-03-21,true-intent,true-intent,true intent,,content
measuringu.com,https://measuringu.com/rating-severity/,2022-03-21,rating-severity,rating-severity,rating severity,,content
measuringu.com,https://measuringu.com/qualitative-steps/,2022-03-21,qualitative-steps,qualitative-steps,qualitative steps,,content
measuringu.com,https://measuringu.com/small-n/,2022-03-21,small-n,small-n,small n,,content
measuringu.com,https://measuringu.com/usability-periodicals/,2022-03-21,usability-periodicals,usability-periodicals,usability periodicals,,content
measuringu.com,https://measuringu.com/product-names/,2022-03-21,product-names,product-names,product names,,content
measuringu.com,https://measuringu.com/government-roi/,2022-03-21,government-roi,government-roi,government roi,,content
measuringu.com,https://measuringu.com/top-tasks/,2022-03-21,top-tasks,top-tasks,top tasks,,content
measuringu.com,https://measuringu.com/six-steps-usability-problems/,2022-03-21,six-steps-usability-problems,six-steps-usability-problems,six steps usability problems,,content
measuringu.com,https://measuringu.com/usability-test-plan/,2021-08-09,usability-test-plan,usability-test-plan,usability test plan,,content
measuringu.com,https://measuringu.com/ux-method-infographic/,2022-03-21,ux-method-infographic,ux-method-infographic,ux method infographic,,content
measuringu.com,https://measuringu.com/experimenting-ux/,2022-03-21,experimenting-ux,experimenting-ux,experimenting ux,,content
measuringu.com,https://measuringu.com/key-usability-principles/,2022-03-21,key-usability-principles,key-usability-principles,key usability principles,,content
measuringu.com,https://measuringu.com/severe-frequent/,2022-03-21,severe-frequent,severe-frequent,severe frequent,,content
measuringu.com,https://measuringu.com/lean-research/,2022-03-21,lean-research,lean-research,lean research,,content
measuringu.com,https://measuringu.com/usability-quiz/,2022-03-21,usability-quiz,usability-quiz,usability quiz,,content
measuringu.com,https://measuringu.com/usability-infographic/,2022-03-21,usability-infographic,usability-infographic,usability infographic,,content
measuringu.com,https://measuringu.com/smartphone-time/,2022-03-21,smartphone-time,smartphone-time,smartphone time,,content
measuringu.com,https://measuringu.com/first-choice/,2022-03-21,first-choice,first-choice,first choice,,content
measuringu.com,https://measuringu.com/five-for-five/,2022-03-21,five-for-five,five-for-five,five for five,,content
measuringu.com,https://measuringu.com/top-2013/,2022-03-21,top-2013,top-2013,top 2013,2013,content
measuringu.com,https://measuringu.com/healthcare-usability/,2022-08-02,healthcare-usability,healthcare-usability,healthcare usability,,content
measuringu.com,https://measuringu.com/quant-criticism/,2022-03-21,quant-criticism,quant-criticism,quant criticism,,content
measuringu.com,https://measuringu.com/credit-usability/,2022-03-21,credit-usability,credit-usability,credit usability,,content
measuringu.com,https://measuringu.com/measuring-five-words/,2022-03-21,measuring-five-words,measuring-five-words,measuring five words,,content
measuringu.com,https://measuringu.com/translation/,2022-03-21,translation,translation,translation,,content
measuringu.com,https://measuringu.com/horrible-responserate/,2022-03-21,horrible-responserate,horrible-responserate,horrible responserate,,content
measuringu.com,https://measuringu.com/wrong-usability-test/,2021-01-27,wrong-usability-test,wrong-usability-test,wrong usability test,,content
measuringu.com,https://measuringu.com/observing-none/,2022-03-21,observing-none,observing-none,observing none,,content
measuringu.com,https://measuringu.com/customer-analytics/,2022-03-21,customer-analytics,customer-analytics,customer analytics,,content
measuringu.com,https://measuringu.com/effect-sizes/,2022-06-14,effect-sizes,effect-sizes,effect sizes,,content
measuringu.com,https://measuringu.com/ux-variability/,2022-12-13,ux-variability,ux-variability,ux variability,,content
measuringu.com,https://measuringu.com/ncaa-usability/,2022-03-21,ncaa-usability,ncaa-usability,ncaa usability,,content
measuringu.com,https://measuringu.com/automated-lab-testing/,2022-03-21,automated-lab-testing,automated-lab-testing,automated lab testing,,content
measuringu.com,https://measuringu.com/10-uxmethods/,2022-03-21,10-uxmethods,10-uxmethods,10 uxmethods,,content
measuringu.com,https://measuringu.com/missing-data/,2021-08-09,missing-data,missing-data,missing data,,content
measuringu.com,https://measuringu.com/five-answers/,2022-03-21,five-answers,five-answers,five answers,,content
measuringu.com,https://measuringu.com/journey-map/,2021-01-27,journey-map,journey-map,journey map,,content
measuringu.com,https://measuringu.com/b2b-usability/,2021-08-12,b2b-usability,b2b-usability,b2b usability,,content
measuringu.com,https://measuringu.com/retail-usability/,2021-01-27,retail-usability,retail-usability,retail usability,,content
measuringu.com,https://measuringu.com/problems-fixed/,2021-01-27,problems-fixed,problems-fixed,problems fixed,,content
measuringu.com,https://measuringu.com/common-pain/,2021-01-27,common-pain,common-pain,common pain,,content
measuringu.com,https://measuringu.com/mobile-tips/,2021-01-27,mobile-tips,mobile-tips,mobile tips,,content
measuringu.com,https://measuringu.com/fundamental-usability/,2021-01-27,fundamental-usability,fundamental-usability,fundamental usability,,content
measuringu.com,https://measuringu.com/airline-benchmarks/,2021-01-27,airline-benchmarks,airline-benchmarks,airline benchmarks,,content
measuringu.com,https://measuringu.com/segment-customers/,2021-01-27,segment-customers,segment-customers,segment customers,,content
measuringu.com,https://measuringu.com/customer-metrics/,2021-01-27,customer-metrics,customer-metrics,customer metrics,,content
measuringu.com,https://measuringu.com/detractor-revenue/,2021-01-27,detractor-revenue,detractor-revenue,detractor revenue,,content
measuringu.com,https://measuringu.com/comparative-variables/,2021-01-27,comparative-variables,comparative-variables,comparative variables,,content
measuringu.com,https://measuringu.com/nps-go/,2021-01-27,nps-go,nps-go,nps go,,content
measuringu.com,https://measuringu.com/improve-cx/,2021-01-27,improve-cx,improve-cx,improve cx,,content
measuringu.com,https://measuringu.com/usability-alternatives/,2021-01-27,usability-alternatives,usability-alternatives,usability alternatives,,content
measuringu.com,https://measuringu.com/getting-started/,2023-01-11,getting-started,getting-started,getting started,,content
measuringu.com,https://measuringu.com/ethical-treatment/,2023-01-11,ethical-treatment,ethical-treatment,ethical treatment,,content
measuringu.com,https://measuringu.com/ci-five-steps/,2022-12-06,ci-five-steps,ci-five-steps,ci five steps,,content
measuringu.com,https://measuringu.com/prioritize-requirements/,2021-01-27,prioritize-requirements,prioritize-requirements,prioritize requirements,,content
measuringu.com,https://measuringu.com/new-faces/,2021-01-27,new-faces,new-faces,new faces,,content
measuringu.com,https://measuringu.com/unmet-needs/,2021-01-27,unmet-needs,unmet-needs,unmet needs,,content
measuringu.com,https://measuringu.com/better-analysis/,2021-01-27,better-analysis,better-analysis,better analysis,,content
measuringu.com,https://measuringu.com/no-users/,2021-01-27,no-users,no-users,no users,,content
measuringu.com,https://measuringu.com/software-benchmarks14/,2021-01-27,software-benchmarks14,software-benchmarks14,software benchmarks14,,content
measuringu.com,https://measuringu.com/statistically-significant/,2022-06-16,statistically-significant,statistically-significant,statistically significant,,content
measuringu.com,https://measuringu.com/design-data/,2021-01-27,design-data,design-data,design data,,content
measuringu.com,https://measuringu.com/validity-research/,2021-01-27,validity-research,validity-research,validity research,,content
measuringu.com,https://measuringu.com/salary-survey2014/,2021-01-27,salary-survey2014,salary-survey2014,salary survey2014,2014,content
measuringu.com,https://measuringu.com/five-step-cux/,2021-08-12,five-step-cux,five-step-cux,five step cux,,content
measuringu.com,https://measuringu.com/agile-usability/,2021-08-12,agile-usability,agile-usability,agile usability,,content
measuringu.com,https://measuringu.com/measure-loyalty/,2021-01-27,measure-loyalty,measure-loyalty,measure loyalty,,content
measuringu.com,https://measuringu.com/speeder-research/,2021-01-27,speeder-research,speeder-research,speeder research,,content
measuringu.com,https://measuringu.com/2014-top/,2021-01-27,2014-top,2014-top,2014 top,2014,content
measuringu.com,https://measuringu.com/confidence-levels/,2021-01-27,confidence-levels,confidence-levels,confidence levels,,content
measuringu.com,https://measuringu.com/opposite-ux/,2021-08-10,opposite-ux,opposite-ux,opposite ux,,content
measuringu.com,https://measuringu.com/predicting-r/,2021-08-12,predicting-r,predicting-r,predicting r,,content
measuringu.com,https://measuringu.com/mobile-desktop/,2021-08-12,mobile-desktop,mobile-desktop,mobile desktop,,content
measuringu.com,https://measuringu.com/data-types/,2021-08-12,data-types,data-types,data types,,content
measuringu.com,https://measuringu.com/measuring-lift/,2021-01-27,measuring-lift,measuring-lift,measuring lift,,content
measuringu.com,https://measuringu.com/weighted-experience/,2021-08-10,weighted-experience,weighted-experience,weighted experience,,content
measuringu.com,https://measuringu.com/25-rules/,2021-01-27,25-rules,25-rules,25 rules,,content
measuringu.com,https://measuringu.com/affinity-analysis/,2021-08-12,affinity-analysis,affinity-analysis,affinity analysis,,content
measuringu.com,https://measuringu.com/early-late-responders/,2021-08-12,early-late-responders,early-late-responders,early late responders,,content
measuringu.com,https://measuringu.com/hard-surveys/,2021-01-27,hard-surveys,hard-surveys,hard surveys,,content
measuringu.com,https://measuringu.com/ten-threats/,2021-01-27,ten-threats,ten-threats,ten threats,,content
measuringu.com,https://measuringu.com/measure-reliability/,2021-01-27,measure-reliability,measure-reliability,measure reliability,,content
measuringu.com,https://measuringu.com/five-quant-concepts/,2021-01-27,five-quant-concepts,five-quant-concepts,five quant concepts,,content
measuringu.com,https://measuringu.com/notice-designs-three/,2021-08-09,notice-designs-three,notice-designs-three,notice designs three,,content
measuringu.com,https://measuringu.com/mixing-methods/,2021-08-10,mixing-methods,mixing-methods,mixing methods,,content
measuringu.com,https://measuringu.com/sample-size-designs/,2021-08-09,sample-size-designs,sample-size-designs,sample size designs,,content
measuringu.com,https://measuringu.com/mux-questions/,2021-01-27,mux-questions,mux-questions,mux questions,,content
measuringu.com,https://measuringu.com/expert-review/,2021-01-27,expert-review,expert-review,expert review,,content
measuringu.com,https://measuringu.com/mobile-insights-2015/,2023-01-11,mobile-insights-2015,mobile-insights-2015,mobile insights 2015,2015,content
measuringu.com,https://measuringu.com/handle-missing-data/,2021-08-10,handle-missing-data,handle-missing-data,handle missing data,,content
measuringu.com,https://measuringu.com/repurchase-matrix/,2021-01-27,repurchase-matrix,repurchase-matrix,repurchase matrix,,content
measuringu.com,https://measuringu.com/branding-survey/,2021-01-27,branding-survey,branding-survey,branding survey,,content
measuringu.com,https://measuringu.com/conjoint-analysis/,2021-01-27,conjoint-analysis,conjoint-analysis,conjoint analysis,,content
measuringu.com,https://measuringu.com/preference-data/,2021-08-09,preference-data,preference-data,preference data,,content
measuringu.com,https://measuringu.com/stats-articles/,2021-08-10,stats-articles,stats-articles,stats articles,,content
measuringu.com,https://measuringu.com/likert-scales/,2021-01-27,likert-scales,likert-scales,likert scales,,content
measuringu.com,https://measuringu.com/measuring-expectations/,2021-08-09,measuring-expectations,measuring-expectations,measuring expectations,,content
measuringu.com,https://measuringu.com/five-essential-tests/,2021-01-27,five-essential-tests,five-essential-tests,five essential tests,,content
measuringu.com,https://measuringu.com/32-ways-cux/,2021-01-27,32-ways-cux,32-ways-cux,32 ways cux,,content
measuringu.com,https://measuringu.com/five-types-usability/,2021-08-10,five-types-usability,five-types-usability,five types usability,,content
measuringu.com,https://measuringu.com/oldschool-books/,2021-01-27,oldschool-books,oldschool-books,oldschool books,,content
measuringu.com,https://measuringu.com/between-within/,2021-08-09,between-within,between-within,between within,,content
measuringu.com,https://measuringu.com/ux-roi/,2021-01-27,ux-roi,ux-roi,ux roi,,content
measuringu.com,https://measuringu.com/better-survey/,2021-08-12,better-survey,better-survey,better survey,,content
measuringu.com,https://measuringu.com/clv/,2021-01-27,clv,clv,clv,,content
measuringu.com,https://measuringu.com/qualitative-study/,2021-08-09,qualitative-study,qualitative-study,qualitative study,,content
measuringu.com,https://measuringu.com/competitive-benchmarking/,2021-08-12,competitive-benchmarking,competitive-benchmarking,competitive benchmarking,,content
measuringu.com,https://measuringu.com/qual-methods/,2021-08-12,qual-methods,qual-methods,qual methods,,content
measuringu.com,https://measuringu.com/observation-role/,2021-08-12,observation-role,observation-role,observation role,,content
measuringu.com,https://measuringu.com/data-collection/,2021-08-10,data-collection,data-collection,data collection,,content
measuringu.com,https://measuringu.com/evaluating-ux/,2023-06-21,evaluating-ux,evaluating-ux,evaluating ux,,content
measuringu.com,https://measuringu.com/survey-ux/,2021-01-27,survey-ux,survey-ux,survey ux,,content
measuringu.com,https://measuringu.com/methods-navigation/,2021-08-10,methods-navigation,methods-navigation,methods navigation,,content
measuringu.com,https://measuringu.com/advanced-stats/,2021-08-12,advanced-stats,advanced-stats,advanced stats,,content
measuringu.com,https://measuringu.com/self-reported-rates/,2021-01-27,self-reported-rates,self-reported-rates,self reported rates,,content
measuringu.com,https://measuringu.com/he-expert/,2023-01-11,he-expert,he-expert,he expert,,content
measuringu.com,https://measuringu.com/2015-top10/,2021-08-10,2015-top10,2015-top10,2015 top10,2015,content
measuringu.com,https://measuringu.com/discovering-problems/,2021-01-27,discovering-problems,discovering-problems,discovering problems,,content
measuringu.com,https://measuringu.com/measure-sat/,2022-05-23,measure-sat,measure-sat,measure sat,,content
measuringu.com,https://measuringu.com/odds/,2021-08-13,odds,odds,odds,,content
measuringu.com,https://measuringu.com/cux-surveys/,2021-01-27,cux-surveys,cux-surveys,cux surveys,,content
measuringu.com,https://measuringu.com/false-positives/,2021-01-27,false-positives,false-positives,false positives,,content
measuringu.com,https://measuringu.com/expert-review-five/,2021-01-27,expert-review-five,expert-review-five,expert review five,,content
measuringu.com,https://measuringu.com/sampling-customers/,2021-01-27,sampling-customers,sampling-customers,sampling customers,,content
measuringu.com,https://measuringu.com/group-judgment/,2021-01-27,group-judgment,group-judgment,group judgment,,content
measuringu.com,https://measuringu.com/multiple-comparisons/,2021-01-27,multiple-comparisons,multiple-comparisons,multiple comparisons,,content
measuringu.com,https://measuringu.com/measuring-essentials/,2021-01-27,measuring-essentials,measuring-essentials,measuring essentials,,content
measuringu.com,https://measuringu.com/nps-percent/,2021-01-27,nps-percent,nps-percent,nps percent,,content
measuringu.com,https://measuringu.com/numbers-design/,2021-01-27,numbers-design,numbers-design,numbers design,,content
measuringu.com,https://measuringu.com/customers-find/,2021-08-10,customers-find,customers-find,customers find,,content
measuringu.com,https://measuringu.com/approx-right/,2021-01-27,approx-right,approx-right,approx right,,content
measuringu.com,https://measuringu.com/benchmark-checklist/,2021-08-09,benchmark-checklist,benchmark-checklist,benchmark checklist,,content
measuringu.com,https://measuringu.com/ux-measurement/,2021-01-27,ux-measurement,ux-measurement,ux measurement,,content
measuringu.com,https://measuringu.com/raw-difference-scores/,2021-01-27,raw-difference-scores,raw-difference-scores,raw difference scores,,content
measuringu.com,https://measuringu.com/ga-uxresearch/,2021-01-27,ga-uxresearch,ga-uxresearch,ga uxresearch,,content
measuringu.com,https://measuringu.com/change-standardized/,2021-07-13,change-standardized,change-standardized,change standardized,,content
measuringu.com,https://measuringu.com/qualitative_risks/,2021-08-09,qualitative_risks,qualitative_risks,qualitative risks,,content
measuringu.com,https://measuringu.com/qualitative_sidebar/,2021-01-27,qualitative_sidebar,qualitative_sidebar,qualitative sidebar,,content
measuringu.com,https://measuringu.com/zcalc/,2021-01-27,zcalc,zcalc,zcalc,,content
measuringu.com,https://measuringu.com/tenets/,2021-01-27,tenets,tenets,tenets,,content
measuringu.com,https://measuringu.com/innovate-principles/,2021-01-27,innovate-principles,innovate-principles,innovate principles,,content
measuringu.com,https://measuringu.com/samplesize-start/,2021-01-27,samplesize-start,samplesize-start,samplesize start,,content
measuringu.com,https://measuringu.com/contextual-inquiry/,2021-01-27,contextual-inquiry,contextual-inquiry,contextual inquiry,,content
measuringu.com,https://measuringu.com/navigation-pays/,2021-01-27,navigation-pays,navigation-pays,navigation pays,,content
measuringu.com,https://measuringu.com/requiring-responses/,2021-01-27,requiring-responses,requiring-responses,requiring responses,,content
measuringu.com,https://measuringu.com/offering-incentives/,2021-01-27,offering-incentives,offering-incentives,offering incentives,,content
measuringu.com,https://measuringu.com/mobile-facts2016/,2021-01-27,mobile-facts2016,mobile-facts2016,mobile facts2016,2016,content
measuringu.com,https://measuringu.com/control-brand/,2021-08-10,control-brand,control-brand,control brand,,content
measuringu.com,https://measuringu.com/sus-five/,2021-01-27,sus-five,sus-five,sus five,,content
measuringu.com,https://measuringu.com/stats-started/,2021-01-27,stats-started,stats-started,stats started,,content
measuringu.com,https://measuringu.com/excel-2/,2021-01-27,excel-2,excel-2,excel 2,,content
measuringu.com,https://measuringu.com/excel-1/,2022-05-31,excel-1,excel-1,excel 1,,content
measuringu.com,https://measuringu.com/benchmark-mistakes/,2021-01-27,benchmark-mistakes,benchmark-mistakes,benchmark mistakes,,content
measuringu.com,https://measuringu.com/severity-ratings/,2021-01-27,severity-ratings,severity-ratings,severity ratings,,content
measuringu.com,https://measuringu.com/graph-zero/,2021-01-27,graph-zero,graph-zero,graph zero,,content
measuringu.com,https://measuringu.com/mean-ordinal/,2021-08-10,mean-ordinal,mean-ordinal,mean ordinal,,content
measuringu.com,https://measuringu.com/branded-survey/,2021-01-27,branded-survey,branded-survey,branded survey,,content
measuringu.com,https://measuringu.com/ux-market-research/,2021-01-27,ux-market-research,ux-market-research,ux market research,,content
measuringu.com,https://measuringu.com/elements-suprq/,2021-01-27,elements-suprq,elements-suprq,elements suprq,,content
measuringu.com,https://measuringu.com/ux-gender/,2021-01-27,ux-gender,ux-gender,ux gender,,content
measuringu.com,https://measuringu.com/ux-salary-2011/,2021-01-27,ux-salary-2011,ux-salary-2011,ux salary 2011,2011,content
measuringu.com,https://measuringu.com/software-benchmarks/,2021-01-27,software-benchmarks,software-benchmarks,software benchmarks,,content
measuringu.com,https://measuringu.com/task-effect/,2021-01-27,task-effect,task-effect,task effect,,content
measuringu.com,https://measuringu.com/positive-negative/,2021-01-27,positive-negative,positive-negative,positive negative,,content
measuringu.com,https://measuringu.com/predicted-usability/,2021-08-12,predicted-usability,predicted-usability,predicted usability,,content
measuringu.com,https://measuringu.com/sus/,2022-04-07,sus,sus,sus,,content
measuringu.com,https://measuringu.com/predicted-times/,2021-01-27,predicted-times,predicted-times,predicted times,,content
measuringu.com,https://measuringu.com/1955-2/,2021-01-27,1955-2,1955-2,1955 2,,noncontent
measuringu.com,https://measuringu.com/five-second-tests/,2023-04-03,five-second-tests,five-second-tests,five second tests,,content
measuringu.com,https://measuringu.com/problem-frequency/,2021-08-12,problem-frequency,problem-frequency,problem frequency,,content
measuringu.com,https://measuringu.com/usability-radiology/,2021-01-27,usability-radiology,usability-radiology,usability radiology,,content
measuringu.com,https://measuringu.com/survey-sample-size/,2021-01-27,survey-sample-size,survey-sample-size,survey sample size,,content
measuringu.com,https://measuringu.com/analytic-testing/,2021-01-27,analytic-testing,analytic-testing,analytic testing,,content
measuringu.com,https://measuringu.com/ux-bs/,2021-01-27,ux-bs,ux-bs,ux bs,,noncontent
measuringu.com,https://measuringu.com/iphone-desktop/,2021-01-27,iphone-desktop,iphone-desktop,iphone desktop,,content
measuringu.com,https://measuringu.com/average-times/,2021-01-27,average-times,average-times,average times,,content
measuringu.com,https://measuringu.com/five-users/,2021-01-27,five-users,five-users,five users,,content
measuringu.com,https://measuringu.com/paid-testers/,2021-01-27,paid-testers,paid-testers,paid testers,,content
measuringu.com,https://measuringu.com/usability-loyalty/,2021-01-27,usability-loyalty,usability-loyalty,usability loyalty,,content
measuringu.com,https://measuringu.com/unmoderated-testing/,2021-08-09,unmoderated-testing,unmoderated-testing,unmoderated testing,,content
measuringu.com,https://measuringu.com/usability-phd/,2021-01-27,usability-phd,usability-phd,usability phd,,content
measuringu.com,https://measuringu.com/failed-sat/,2021-01-27,failed-sat,failed-sat,failed sat,,content
measuringu.com,https://measuringu.com/test-margin/,2021-01-27,test-margin,test-margin,test margin,,content
measuringu.com,https://measuringu.com/formative-time/,2021-01-27,formative-time,formative-time,formative time,,content
measuringu.com,https://measuringu.com/conf_intervals/,2021-08-12,conf_intervals,conf_intervals,conf intervals,,content
measuringu.com,https://measuringu.com/shift/,2021-01-27,shift,shift,shift,,content
measuringu.com,https://measuringu.com/random/,2021-01-27,random,random,random,,content
measuringu.com,https://measuringu.com/benchmark-quality/,2021-01-27,benchmark-quality,benchmark-quality,benchmark quality,,content
measuringu.com,https://measuringu.com/task_times_motivation/,2021-01-27,task_times_motivation,task_times_motivation,task times motivation,,content
measuringu.com,https://measuringu.com/z-score-usability/,2025-03-31,z-score-usability,z-score-usability,z score usability,,content
measuringu.com,https://measuringu.com/survey-biases/,2021-01-27,survey-biases,survey-biases,survey biases,,content
measuringu.com,https://measuringu.com/affinity-diagram_old/,2021-08-12,affinity-diagram_old,affinity-diagram_old,affinity diagram old,,content
measuringu.com,https://measuringu.com/survey-questions/,2021-01-27,survey-questions,survey-questions,survey questions,,content
measuringu.com,https://measuringu.com/key-drivers/,2021-08-12,key-drivers,key-drivers,key drivers,,content
measuringu.com,https://measuringu.com/visualize-cx/,2021-08-12,visualize-cx,visualize-cx,visualize cx,,content
measuringu.com,https://measuringu.com/sum-2/,2021-01-27,sum-2,sum-2,sum 2,,content
measuringu.com,https://measuringu.com/why_measure/,2021-01-27,why_measure,why_measure,why measure,,content
measuringu.com,https://measuringu.com/sigma_level/,2025-03-11,sigma_level,sigma_level,sigma level,,content
measuringu.com,https://measuringu.com/sample_continuous/,2021-08-12,sample_continuous,sample_continuous,sample continuous,,content
measuringu.com,https://measuringu.com/sample/,2021-01-27,sample,sample,sample,,content
measuringu.com,https://measuringu.com/thinking-aloud/,2021-01-27,thinking-aloud,thinking-aloud,thinking aloud,,content
measuringu.com,https://measuringu.com/study-participate/,2021-01-27,study-participate,study-participate,study participate,,content
measuringu.com,https://measuringu.com/facilitation-styles/,2021-08-21,facilitation-styles,facilitation-styles,facilitation styles,,content
measuringu.com,https://measuringu.com/latent-variables/,2021-01-27,latent-variables,latent-variables,latent variables,,content
measuringu.com,https://measuringu.com/one-way-mirror/,2021-01-27,one-way-mirror,one-way-mirror,one way mirror,,content
measuringu.com,https://measuringu.com/visualize-significance/,2021-08-12,visualize-significance,visualize-significance,visualize significance,,content
measuringu.com,https://measuringu.com/eye-tracking/,2021-01-27,eye-tracking,eye-tracking,eye tracking,,content
measuringu.com,https://measuringu.com/research-success/,2021-01-27,research-success,research-success,research success,,content
measuringu.com,https://measuringu.com/2016-review/,2021-08-10,2016-review,2016-review,2016 review,2016,content
measuringu.com,https://measuringu.com/ta-gazepaths/,2021-08-12,ta-gazepaths,ta-gazepaths,ta gazepaths,,content
measuringu.com,https://measuringu.com/10-golden-rules-of-facilitation/,2021-08-21,10-golden-rules-of-facilitation,10-golden-rules-of-facilitation,10 golden rules of facilitation,,content
measuringu.com,https://measuringu.com/online-panels/,2021-01-27,online-panels,online-panels,online panels,,content
measuringu.com,https://measuringu.com/entertainment-benchmarks/,2021-08-10,entertainment-benchmarks,entertainment-benchmarks,entertainment benchmarks,,content
measuringu.com,https://measuringu.com/ux-panel-metrics/,2021-01-27,ux-panel-metrics,ux-panel-metrics,ux panel metrics,,content
measuringu.com,https://measuringu.com/graphing-displaying-data/,2021-01-27,graphing-displaying-data,graphing-displaying-data,graphing displaying data,,content
measuringu.com,https://measuringu.com/online-study-time/,2021-01-27,online-study-time,online-study-time,online study time,,content
measuringu.com,https://measuringu.com/better-segmentation/,2021-01-27,better-segmentation,better-segmentation,better segmentation,,content
measuringu.com,https://measuringu.com/scientific-thinking/,2021-08-12,scientific-thinking,scientific-thinking,scientific thinking,,content
measuringu.com,https://measuringu.com/usability-interfaces/,2021-08-12,usability-interfaces,usability-interfaces,usability interfaces,,content
measuringu.com,https://measuringu.com/panel-research/,2021-01-27,panel-research,panel-research,panel research,,content
measuringu.com,https://measuringu.com/retail-ux2016/,2021-01-27,retail-ux2016,retail-ux2016,retail ux2016,2016,content
measuringu.com,https://measuringu.com/measure-design/,2021-01-27,measure-design,measure-design,measure design,,content
measuringu.com,https://measuringu.com/pure/,2021-01-27,pure,pure,pure,,content
measuringu.com,https://measuringu.com/ux-methods-2016/,2021-01-27,ux-methods-2016,ux-methods-2016,ux methods 2016,2016,content
measuringu.com,https://measuringu.com/qualitative-primer/,2021-08-12,qualitative-primer,qualitative-primer,qualitative primer,,content
measuringu.com,https://measuringu.com/ux-maturity/,2021-08-12,ux-maturity,ux-maturity,ux maturity,,content
measuringu.com,https://measuringu.com/managing-ux/,2021-01-27,managing-ux,managing-ux,managing ux,,content
measuringu.com,https://measuringu.com/scientific-personas/,2023-01-11,scientific-personas,scientific-personas,scientific personas,,content
measuringu.com,https://measuringu.com/b2b-ux2017/,2021-01-27,b2b-ux2017,b2b-ux2017,b2b ux2017,2017,content
measuringu.com,https://measuringu.com/identify-clusters/,2023-04-07,identify-clusters,identify-clusters,identify clusters,,content
measuringu.com,https://measuringu.com/visualize-behaviors/,2021-01-27,visualize-behaviors,visualize-behaviors,visualize behaviors,,content
measuringu.com,https://measuringu.com/ux-advice/,2021-01-27,ux-advice,ux-advice,ux advice,,content
measuringu.com,https://measuringu.com/b2c-ux2017/,2021-01-27,b2c-ux2017,b2c-ux2017,b2c ux2017,2017,content
measuringu.com,https://measuringu.com/suprq-sus/,2021-01-27,suprq-sus,suprq-sus,suprq sus,,content
measuringu.com,https://measuringu.com/mobile-2017/,2021-01-27,mobile-2017,mobile-2017,mobile 2017,2017,content
measuringu.com,https://measuringu.com/designer-ratio/,2021-01-27,designer-ratio,designer-ratio,designer ratio,,content
measuringu.com,https://measuringu.com/maturity-of-ux-organizations/,2021-01-27,maturity-of-ux-organizations,maturity-of-ux-organizations,maturity of ux organizations,,content
measuringu.com,https://measuringu.com/cleaning-data/,2021-08-10,cleaning-data,cleaning-data,cleaning data,,content
measuringu.com,https://measuringu.com/prototype-fidelity/,2021-01-27,prototype-fidelity,prototype-fidelity,prototype fidelity,,content
measuringu.com,https://measuringu.com/code-verbatim/,2021-01-27,code-verbatim,code-verbatim,code verbatim,,content
measuringu.com,https://measuringu.com/ux-cert/,2023-06-26,ux-cert,ux-cert,ux cert,,content
measuringu.com,https://measuringu.com/usability-assistance/,2021-01-27,usability-assistance,usability-assistance,usability assistance,,content
measuringu.com,https://measuringu.com/hotel-ux/,2021-08-12,hotel-ux,hotel-ux,hotel ux,,content
measuringu.com,https://measuringu.com/determine-task-completion/,2021-08-12,determine-task-completion,determine-task-completion,determine task completion,,content
measuringu.com,https://measuringu.com/why-numbers/,2021-08-12,why-numbers,why-numbers,why numbers,,content
measuringu.com,https://measuringu.com/usability-facilitators/,2021-01-27,usability-facilitators,usability-facilitators,usability facilitators,,content
measuringu.com,https://measuringu.com/benchmark-intro/,2022-10-26,benchmark-intro,benchmark-intro,benchmark intro,,content
measuringu.com,https://measuringu.com/umux-lite/,2021-08-17,umux-lite,umux-lite,umux lite,,content
measuringu.com,https://measuringu.com/prototype-testing/,2021-01-27,prototype-testing,prototype-testing,prototype testing,,content
measuringu.com,https://measuringu.com/better-research/,2021-01-27,better-research,better-research,better research,,content
measuringu.com,https://measuringu.com/remove-items/,2021-08-09,remove-items,remove-items,remove items,,content
measuringu.com,https://measuringu.com/sus-advances/,2021-01-27,sus-advances,sus-advances,sus advances,,content
measuringu.com,https://measuringu.com/observer-effect/,2021-01-27,observer-effect,observer-effect,observer effect,,content
measuringu.com,https://measuringu.com/nps-scale-change/,2021-01-27,nps-scale-change,nps-scale-change,nps scale change,,content
measuringu.com,https://measuringu.com/moderated-checklist/,2021-01-27,moderated-checklist,moderated-checklist,moderated checklist,,content
measuringu.com,https://measuringu.com/website-problem-metrics/,2021-01-27,website-problem-metrics,website-problem-metrics,website problem metrics,,content
measuringu.com,https://measuringu.com/nps-noise/,2021-08-12,nps-noise,nps-noise,nps noise,,content
measuringu.com,https://measuringu.com/2017-ux/,2021-08-10,2017-ux,2017-ux,2017 ux,2017,noncontent
measuringu.com,https://measuringu.com/wireless-ux/,2021-01-27,wireless-ux,wireless-ux,wireless ux,,content
measuringu.com,https://measuringu.com/outsourcing-benchmark/,2021-08-10,outsourcing-benchmark,outsourcing-benchmark,outsourcing benchmark,,content
measuringu.com,https://measuringu.com/no-show/,2021-01-27,no-show,no-show,no show,,content
measuringu.com,https://measuringu.com/nps-growth/,2021-08-12,nps-growth,nps-growth,nps growth,,content
measuringu.com,https://measuringu.com/research-grid/,2021-01-27,research-grid,research-grid,research grid,,content
measuringu.com,https://measuringu.com/flower-ux/,2021-08-12,flower-ux,flower-ux,flower ux,,content
measuringu.com,https://measuringu.com/nps-sat/,2021-01-27,nps-sat,nps-sat,nps sat,,content
measuringu.com,https://measuringu.com/novice-expert-issues/,2021-01-27,novice-expert-issues,novice-expert-issues,novice expert issues,,content
measuringu.com,https://measuringu.com/user-videos-insights/,2021-01-27,user-videos-insights,user-videos-insights,user videos insights,,content
measuringu.com,https://measuringu.com/single-multi-items/,2021-08-12,single-multi-items,single-multi-items,single multi items,,content
measuringu.com,https://measuringu.com/social-media-ux/,2022-09-28,social-media-ux,social-media-ux,social media ux,,content
measuringu.com,https://measuringu.com/evaluator-effect/,2023-04-13,evaluator-effect,evaluator-effect,evaluator effect,,content
measuringu.com,https://measuringu.com/brand-affinity-sentiment/,2022-07-21,brand-affinity-sentiment,brand-affinity-sentiment,brand affinity sentiment,,content
measuringu.com,https://measuringu.com/effective-research/,2021-01-27,effective-research,effective-research,effective research,,content
measuringu.com,https://measuringu.com/ux-news/,2021-01-27,ux-news,ux-news,ux news,,content
measuringu.com,https://measuringu.com/nps-reliability/,2021-08-12,nps-reliability,nps-reliability,nps reliability,,content
measuringu.com,https://measuringu.com/top-box-behavior/,2021-08-09,top-box-behavior,top-box-behavior,top box behavior,,content
measuringu.com,https://measuringu.com/benchmark-target/,2021-08-12,benchmark-target,benchmark-target,benchmark target,,content
measuringu.com,https://measuringu.com/ux-testing-platforms/,2021-01-27,ux-testing-platforms,ux-testing-platforms,ux testing platforms,,content
measuringu.com,https://measuringu.com/state-govt-ux/,2021-01-27,state-govt-ux,state-govt-ux,state govt ux,,content
measuringu.com,https://measuringu.com/moderated-vs-unmoderated/,2021-08-09,moderated-vs-unmoderated,moderated-vs-unmoderated,moderated vs unmoderated,,content
measuringu.com,https://measuringu.com/build-usability-lab/,2021-01-27,build-usability-lab,build-usability-lab,build usability lab,,content
measuringu.com,https://measuringu.com/10-things-suprq/,2021-01-27,10-things-suprq,10-things-suprq,10 things suprq,,content
measuringu.com,https://measuringu.com/conduct-moderated-usability-test/,2022-03-21,conduct-moderated-usability-test,conduct-moderated-usability-test,conduct moderated usability test,,content
measuringu.com,https://measuringu.com/ux-university/,2022-03-21,ux-university,ux-university,ux university,,content
measuringu.com,https://measuringu.com/sus-items/,2022-03-21,sus-items,sus-items,sus items,,content
measuringu.com,https://measuringu.com/usability-cost/,2022-03-21,usability-cost,usability-cost,usability cost,,content
measuringu.com,https://measuringu.com/ux-health-insurance/,2022-03-21,ux-health-insurance,ux-health-insurance,ux health insurance,,content
measuringu.com,https://measuringu.com/mobile-2018/,2023-07-17,mobile-2018,mobile-2018,mobile 2018,2018,content
measuringu.com,https://measuringu.com/ux-benchmark-metrics/,2022-03-21,ux-benchmark-metrics,ux-benchmark-metrics,ux benchmark metrics,,content
measuringu.com,https://measuringu.com/rating-scales/,2022-03-21,rating-scales,rating-scales,rating scales,,content
measuringu.com,https://measuringu.com/pure-tips/,2022-03-21,pure-tips,pure-tips,pure tips,,content
measuringu.com,https://measuringu.com/usgov-ux/,2022-03-21,usgov-ux,usgov-ux,usgov ux,,content
measuringu.com,https://measuringu.com/survey-question-classes/,2022-03-21,survey-question-classes,survey-question-classes,survey question classes,,content
measuringu.com,https://measuringu.com/salary-survey2016/,2022-10-10,salary-survey2016,salary-survey2016,salary survey2016,2016,content
measuringu.com,https://measuringu.com/salary-survey2018/,2022-03-21,salary-survey2018,salary-survey2018,salary survey2018,2018,content
measuringu.com,https://measuringu.com/nps-harmful/,2022-03-21,nps-harmful,nps-harmful,nps harmful,,content
measuringu.com,https://measuringu.com/interpret-sus-score/,2022-03-21,interpret-sus-score,interpret-sus-score,interpret sus score,,content
measuringu.com,https://measuringu.com/banking-ux/,2022-03-21,banking-ux,banking-ux,banking ux,,content
measuringu.com,https://measuringu.com/ux-metrics-pure/,2022-03-21,ux-metrics-pure,ux-metrics-pure,ux metrics pure,,content
measuringu.com,https://measuringu.com/ux-jobsatisfaction/,2022-03-21,ux-jobsatisfaction,ux-jobsatisfaction,ux jobsatisfaction,,content
measuringu.com,https://measuringu.com/ux-scorecard/,2022-02-21,ux-scorecard,ux-scorecard,ux scorecard,,content
measuringu.com,https://measuringu.com/seq-prediction/,2022-03-21,seq-prediction,seq-prediction,seq prediction,,content
measuringu.com,https://measuringu.com/ux-brokerage/,2022-03-21,ux-brokerage,ux-brokerage,ux brokerage,,content
measuringu.com,https://measuringu.com/ux-methods-2018/,2022-03-21,ux-methods-2018,ux-methods-2018,ux methods 2018,2018,content
measuringu.com,https://measuringu.com/detractors/,2022-03-21,detractors,detractors,detractors,,content
measuringu.com,https://measuringu.com/single-item-sus/,2022-03-08,single-item-sus,single-item-sus,single item sus,,content
measuringu.com,https://measuringu.com/nps-replication/,2022-03-21,nps-replication,nps-replication,nps replication,,content
measuringu.com,https://measuringu.com/ux-restaurant/,2022-03-21,ux-restaurant,ux-restaurant,ux restaurant,,content
measuringu.com,https://measuringu.com/50-ux-2018/,2021-08-10,50-ux-2018,50-ux-2018,50 ux 2018,2018,noncontent
measuringu.com,https://measuringu.com/nps-order/,2023-04-25,nps-order,nps-order,nps order,,content
measuringu.com,https://measuringu.com/uxmetrics-growth/,2022-03-21,uxmetrics-growth,uxmetrics-growth,uxmetrics growth,,content
measuringu.com,https://measuringu.com/free-surveys/,2022-03-21,free-surveys,free-surveys,free surveys,,content
measuringu.com,https://measuringu.com/measure-quality/,2022-03-21,measure-quality,measure-quality,measure quality,,content
measuringu.com,https://measuringu.com/ce11-nps/,2021-08-09,ce11-nps,ce11-nps,ce11 nps,,content
measuringu.com,https://measuringu.com/ux-airlines-2019/,2023-03-22,ux-airlines-2019,ux-airlines-2019,ux airlines 2019,2019,content
measuringu.com,https://measuringu.com/referral-vs-recommend/,2022-03-21,referral-vs-recommend,referral-vs-recommend,referral vs recommend,,content
measuringu.com,https://measuringu.com/ux-measurement-purpose/,2022-03-21,ux-measurement-purpose,ux-measurement-purpose,ux measurement purpose,,content
measuringu.com,https://measuringu.com/labeling-nps-effects/,2022-03-21,labeling-nps-effects,labeling-nps-effects,labeling nps effects,,content
measuringu.com,https://measuringu.com/nps-predictive-ability/,2022-03-21,nps-predictive-ability,nps-predictive-ability,nps predictive ability,,content
measuringu.com,https://measuringu.com/grids-responses/,2022-03-21,grids-responses,grids-responses,grids responses,,content
measuringu.com,https://measuringu.com/ux-purchases/,2022-03-21,ux-purchases,ux-purchases,ux purchases,,content
measuringu.com,https://measuringu.com/ux-auto/,2024-04-29,ux-auto,ux-auto,ux auto,,content
measuringu.com,https://measuringu.com/ux-more-purchasing/,2022-03-21,ux-more-purchasing,ux-more-purchasing,ux more purchasing,,content
measuringu.com,https://measuringu.com/ux-attitudes/,2022-12-05,ux-attitudes,ux-attitudes,ux attitudes,,content
measuringu.com,https://measuringu.com/self-reported-purchase/,2023-02-27,self-reported-purchase,self-reported-purchase,self reported purchase,,content
measuringu.com,https://measuringu.com/customer-service/,2022-03-21,customer-service,customer-service,customer service,,content
measuringu.com,https://measuringu.com/tam/,2022-03-21,tam,tam,tam,,content
measuringu.com,https://measuringu.com/lostness/,2022-03-21,lostness,lostness,lostness,,content
measuringu.com,https://measuringu.com/dating-ux/,2024-07-10,dating-ux,dating-ux,dating ux,,content
measuringu.com,https://measuringu.com/promoters-recommend/,2024-11-04,promoters-recommend,promoters-recommend,promoters recommend,,content
measuringu.com,https://measuringu.com/replicating-research/,2022-03-21,replicating-research,replicating-research,replicating research,,content
measuringu.com,https://measuringu.com/attitudes-behavior/,2022-03-21,attitudes-behavior,attitudes-behavior,attitudes behavior,,content
measuringu.com,https://measuringu.com/strong-correlation/,2022-03-21,strong-correlation,strong-correlation,strong correlation,,content
measuringu.com,https://measuringu.com/heart-framework/,2022-09-16,heart-framework,heart-framework,heart framework,,content
measuringu.com,https://measuringu.com/pure-history/,2024-11-03,pure-history,pure-history,pure history,,content
measuringu.com,https://measuringu.com/understanding-variables/,2022-03-21,understanding-variables,understanding-variables,understanding variables,,content
measuringu.com,https://measuringu.com/ux-methods-history/,2022-03-21,ux-methods-history,ux-methods-history,ux methods history,,content
measuringu.com,https://measuringu.com/dependent-variables/,2022-03-21,dependent-variables,dependent-variables,dependent variables,,content
measuringu.com,https://measuringu.com/inspection-methods/,2022-03-21,inspection-methods,inspection-methods,inspection methods,,content
measuringu.com,https://measuringu.com/three-points/,2023-02-06,three-points,three-points,three points,,content
measuringu.com,https://measuringu.com/3-point-nps/,2022-08-23,3-point-nps,3-point-nps,3 point nps,,content
measuringu.com,https://measuringu.com/nasa-tlx/,2022-03-30,nasa-tlx,nasa-tlx,nasa tlx,,content
measuringu.com,https://measuringu.com/nps-csat/,2022-03-21,nps-csat,nps-csat,nps csat,,content
measuringu.com,https://measuringu.com/sample-size-reality/,2022-03-21,sample-size-reality,sample-size-reality,sample size reality,,content
measuringu.com,https://measuringu.com/ux-jobsearching/,2022-03-21,ux-jobsearching,ux-jobsearching,ux jobsearching,,content
measuringu.com,https://measuringu.com/microsoft-nsat/,2023-01-11,microsoft-nsat,microsoft-nsat,microsoft nsat,,content
measuringu.com,https://measuringu.com/csat-scales/,2022-03-21,csat-scales,csat-scales,csat scales,,content
measuringu.com,https://measuringu.com/nps-discredited/,2021-08-12,nps-discredited,nps-discredited,nps discredited,,content
measuringu.com,https://measuringu.com/customer-delight/,2022-12-05,customer-delight,customer-delight,customer delight,,content
measuringu.com,https://measuringu.com/coloring-responses/,2023-04-26,coloring-responses,coloring-responses,coloring responses,,content
measuringu.com,https://measuringu.com/outdoor-retail/,2022-07-26,outdoor-retail,outdoor-retail,outdoor retail,,content
measuringu.com,https://measuringu.com/customer-effort-score/,2021-08-12,customer-effort-score,customer-effort-score,customer effort score,,content
measuringu.com,https://measuringu.com/will-would/,2022-03-21,will-would,will-would,will would,,noncontent
measuringu.com,https://measuringu.com/measure-delight/,2022-03-21,measure-delight,measure-delight,measure delight,,content
measuringu.com,https://measuringu.com/ux-pets/,2022-03-21,ux-pets,ux-pets,ux pets,,content
measuringu.com,https://measuringu.com/very-vs-extremely/,2022-03-21,very-vs-extremely,very-vs-extremely,very vs extremely,,content
measuringu.com,https://measuringu.com/pssuq/,2023-06-21,pssuq,pssuq,pssuq,,content
measuringu.com,https://measuringu.com/ux-2019/,2021-04-09,ux-2019,ux-2019,ux 2019,2019,noncontent
measuringu.com,https://measuringu.com/scale-points-labeled/,2023-06-20,scale-points-labeled,scale-points-labeled,scale points labeled,,content
measuringu.com,https://measuringu.com/ux-fitness/,2022-03-21,ux-fitness,ux-fitness,ux fitness,,content
measuringu.com,https://measuringu.com/labeling-scales/,2022-03-21,labeling-scales,labeling-scales,labeling scales,,content
measuringu.com,https://measuringu.com/three-branches-ux/,2022-03-21,three-branches-ux,three-branches-ux,three branches ux,,content
measuringu.com,https://measuringu.com/scales-cultural-effects/,2023-02-13,scales-cultural-effects,scales-cultural-effects,scales cultural effects,,content
measuringu.com,https://measuringu.com/three-goals/,2022-03-21,three-goals,three-goals,three goals,,content
measuringu.com,https://measuringu.com/microsoft-desirability/,2022-04-15,microsoft-desirability,microsoft-desirability,microsoft desirability,,content
measuringu.com,https://measuringu.com/8-manipulations/,2022-03-21,8-manipulations,8-manipulations,8 manipulations,,content
measuringu.com,https://measuringu.com/voice-interaction/,2022-03-21,voice-interaction,voice-interaction,voice interaction,,content
measuringu.com,https://measuringu.com/von-restorff/,2022-03-21,von-restorff,von-restorff,von restorff,,content
measuringu.com,https://measuringu.com/pragmatic-hedonic/,2022-03-21,pragmatic-hedonic,pragmatic-hedonic,pragmatic hedonic,,content
measuringu.com,https://measuringu.com/testing-effective/,2022-03-21,testing-effective,testing-effective,testing effective,,content
measuringu.com,https://measuringu.com/rite-method/,2022-03-21,rite-method,rite-method,rite method,,content
measuringu.com,https://measuringu.com/iso-9241/,2022-02-11,iso-9241,iso-9241,iso 9241,,content
measuringu.com,https://measuringu.com/approximate-task-completion/,2022-03-21,approximate-task-completion,approximate-task-completion,approximate task completion,,content
measuringu.com,https://measuringu.com/business-software-ux2020/,2025-06-16,business-software-ux2020,business-software-ux2020,business software ux2020,2020,content
measuringu.com,https://measuringu.com/cumulative-graphs/,2022-03-21,cumulative-graphs,cumulative-graphs,cumulative graphs,,content
measuringu.com,https://measuringu.com/meeting-software-2020/,2022-11-14,meeting-software-2020,meeting-software-2020,meeting software 2020,2020,content
measuringu.com,https://measuringu.com/ux-consumer-software-2020/,2022-03-21,ux-consumer-software-2020,ux-consumer-software-2020,ux consumer software 2020,2020,content
measuringu.com,https://measuringu.com/ratingscales-myth-evidence/,2022-03-21,ratingscales-myth-evidence,ratingscales-myth-evidence,ratingscales myth evidence,,content
measuringu.com,https://measuringu.com/ucd-and-design-thinking/,2022-03-21,ucd-and-design-thinking,ucd-and-design-thinking,ucd and design thinking,,content
measuringu.com,https://measuringu.com/confounded-experimental-designs1/,2022-03-21,confounded-experimental-designs1,confounded-experimental-designs1,confounded experimental designs1,,content
measuringu.com,https://measuringu.com/leading-vs-lagging/,2022-03-21,leading-vs-lagging,leading-vs-lagging,leading vs lagging,,content
measuringu.com,https://measuringu.com/convert-point-scales/,2022-03-21,convert-point-scales,convert-point-scales,convert point scales,,content
measuringu.com,https://measuringu.com/sample-size-recommendations/,2022-03-21,sample-size-recommendations,sample-size-recommendations,sample size recommendations,,content
measuringu.com,https://measuringu.com/converting-scales-to-100-points/,2022-03-21,converting-scales-to-100-points,converting-scales-to-100-points,converting scales to 100 points,,content
measuringu.com,https://measuringu.com/numbers-versus-sliders/,2022-03-21,numbers-versus-sliders,numbers-versus-sliders,numbers versus sliders,,content
measuringu.com,https://measuringu.com/numbers-versus-stars/,2022-03-21,numbers-versus-stars,numbers-versus-stars,numbers versus stars,,content
measuringu.com,https://measuringu.com/are-within-subjects-studies-invalid/,2021-08-09,are-within-subjects-studies-invalid,are-within-subjects-studies-invalid,are within subjects studies invalid,,content
measuringu.com,https://measuringu.com/evolution-of-mos-part1/,2022-03-21,evolution-of-mos-part1,evolution-of-mos-part1,evolution of mos part1,,content
measuringu.com,https://measuringu.com/entertainment-benchmarks-2020/,2022-03-21,entertainment-benchmarks-2020,entertainment-benchmarks-2020,entertainment benchmarks 2020,2020,content
measuringu.com,https://measuringu.com/evolution-of-mos-part2/,2022-03-21,evolution-of-mos-part2,evolution-of-mos-part2,evolution of mos part2,,content
measuringu.com,https://measuringu.com/how-to-handle-bad-data/,2022-03-21,how-to-handle-bad-data,how-to-handle-bad-data,how to handle bad data,,content
measuringu.com,https://measuringu.com/larger-sample-usability-tests/,2022-03-21,larger-sample-usability-tests,larger-sample-usability-tests,larger sample usability tests,,content
measuringu.com,https://measuringu.com/numbers-versus-face-emojis/,2022-03-21,numbers-versus-face-emojis,numbers-versus-face-emojis,numbers versus face emojis,,content
measuringu.com,https://measuringu.com/standard-versus-neg2pos-numeric-scales/,2021-08-09,standard-versus-neg2pos-numeric-scales,standard-versus-neg2pos-numeric-scales,standard versus neg2pos numeric scales,,content
measuringu.com,https://measuringu.com/error-coding-unmoderated/,2022-03-21,error-coding-unmoderated,error-coding-unmoderated,error coding unmoderated,,content
measuringu.com,https://measuringu.com/modified-umux-lite-usefulness-item/,2022-03-21,modified-umux-lite-usefulness-item,modified-umux-lite-usefulness-item,modified umux lite usefulness item,,content
measuringu.com,https://measuringu.com/vacation-rental-benchmarks-2020/,2022-03-21,vacation-rental-benchmarks-2020,vacation-rental-benchmarks-2020,vacation rental benchmarks 2020,2020,content
measuringu.com,https://measuringu.com/predicting-n-usability-problems/,2022-03-21,predicting-n-usability-problems,predicting-n-usability-problems,predicting n usability problems,,content
measuringu.com,https://measuringu.com/revisiting-the-left-side-bias/,2023-04-24,revisiting-the-left-side-bias,revisiting-the-left-side-bias,revisiting the left side bias,,content
measuringu.com,https://measuringu.com/improving-prediction-of-the-number-of-usability-problems/,2021-08-09,improving-prediction-of-the-number-of-usability-problems,improving-prediction-of-the-number-of-usability-problems,improving prediction of the number of usability problems,,content
measuringu.com,https://measuringu.com/latin-and-greco-latin-experimental-designs/,2022-03-21,latin-and-greco-latin-experimental-designs,latin-and-greco-latin-experimental-designs,latin and greco latin experimental designs,,content
measuringu.com,https://measuringu.com/are-sliders-more-sensitive/,2022-03-21,are-sliders-more-sensitive,are-sliders-more-sensitive,are sliders more sensitive,,content
measuringu.com,https://measuringu.com/rating-scale-best-practices-8-topics-examined/,2023-04-13,rating-scale-best-practices-8-topics-examined,rating-scale-best-practices-8-topics-examined,rating scale best practices 8 topics examined,,content
measuringu.com,https://measuringu.com/change-verbs/,2022-11-11,change-verbs,change-verbs,change verbs,,content
measuringu.com,https://measuringu.com/randomization-test/,2021-10-21,randomization-test,randomization-test,randomization test,,content
measuringu.com,https://measuringu.com/simpler-umux-lite/,2021-09-03,simpler-umux-lite,simpler-umux-lite,simpler umux lite,,content
measuringu.com,https://measuringu.com/ux-2020/,2021-04-09,ux-2020,ux-2020,ux 2020,2020,noncontent
measuringu.com,https://measuringu.com/nps-confidence-intervals/,2023-05-09,nps-confidence-intervals,nps-confidence-intervals,nps confidence intervals,,content
measuringu.com,https://measuringu.com/open-ended-reasons/,2021-04-09,open-ended-reasons,open-ended-reasons,open ended reasons,,content
measuringu.com,https://measuringu.com/nps-three-confidence-intervals/,2022-02-11,nps-three-confidence-intervals,nps-three-confidence-intervals,nps three confidence intervals,,content
measuringu.com,https://measuringu.com/auto-insurance-benchmarks-2021/,2021-04-09,auto-insurance-benchmarks-2021,auto-insurance-benchmarks-2021,auto insurance benchmarks 2021,2021,content
measuringu.com,https://measuringu.com/nps-significance-test/,2021-04-09,nps-significance-test,nps-significance-test,nps significance test,,content
measuringu.com,https://measuringu.com/clearer-questions/,2021-04-09,clearer-questions,clearer-questions,clearer questions,,content
measuringu.com,https://measuringu.com/nps-three-significance-tests/,2021-04-09,nps-three-significance-tests,nps-three-significance-tests,nps three significance tests,,content
measuringu.com,https://measuringu.com/nine-watch-words/,2021-04-09,nine-watch-words,nine-watch-words,nine watch words,,content
measuringu.com,https://measuringu.com/nps-ci-sample-size/,2021-06-25,nps-ci-sample-size,nps-ci-sample-size,nps ci sample size,,content
measuringu.com,https://measuringu.com/four-reasons-for-forgetting/,2021-04-09,four-reasons-for-forgetting,four-reasons-for-forgetting,four reasons for forgetting,,content
measuringu.com,https://measuringu.com/umux-lite-function-meet-needs/,2023-05-09,umux-lite-function-meet-needs,umux-lite-function-meet-needs,umux lite function meet needs,,content
measuringu.com,https://measuringu.com/seven-reasons-for-misinterpretation/,2023-01-11,seven-reasons-for-misinterpretation,seven-reasons-for-misinterpretation,seven reasons for misinterpretation,,content
measuringu.com,https://measuringu.com/food-delivery-benchmarks-2021/,2022-10-26,food-delivery-benchmarks-2021,food-delivery-benchmarks-2021,food delivery benchmarks 2021,2021,content
measuringu.com,https://measuringu.com/incorrect-survey-answers/,2021-05-09,incorrect-survey-answers,incorrect-survey-answers,incorrect survey answers,,content
measuringu.com,https://measuringu.com/qual-quant-words/,2021-05-10,qual-quant-words,qual-quant-words,qual quant words,,content
measuringu.com,https://measuringu.com/how-does-hypothesis-testing-work/,2022-03-21,how-does-hypothesis-testing-work,how-does-hypothesis-testing-work,how does hypothesis testing work,,content
measuringu.com,https://measuringu.com/four-types-of-survey-errors/,2021-06-07,four-types-of-survey-errors,four-types-of-survey-errors,four types of survey errors,,content
measuringu.com,https://measuringu.com/do-too-many-options-confuse/,2021-05-09,do-too-many-options-confuse,do-too-many-options-confuse,do too many options confuse,,content
measuringu.com,https://measuringu.com/four-types-of-survey-content/,2021-05-11,four-types-of-survey-content,four-types-of-survey-content,four types of survey content,,content
measuringu.com,https://measuringu.com/hypothesis-testing-what-can-go-wrong/,2021-05-18,hypothesis-testing-what-can-go-wrong,hypothesis-testing-what-can-go-wrong,hypothesis testing what can go wrong,,content
measuringu.com,https://measuringu.com/survey-question-decision-tree/,2021-06-11,survey-question-decision-tree,survey-question-decision-tree,survey question decision tree,,content
measuringu.com,https://measuringu.com/umux-lite-does-what-i-need-it-to-do/,2021-07-07,umux-lite-does-what-i-need-it-to-do,umux-lite-does-what-i-need-it-to-do,umux lite does what i need it to do,,content
measuringu.com,https://measuringu.com/anatomy-of-a-survey-question/,2021-07-19,anatomy-of-a-survey-question,anatomy-of-a-survey-question,anatomy of a survey question,,content
measuringu.com,https://measuringu.com/from-statistical-to-practical-significance/,2021-06-15,from-statistical-to-practical-significance,from-statistical-to-practical-significance,from statistical to practical significance,,content
measuringu.com,https://measuringu.com/how-to-write-a-survey-question/,2021-11-16,how-to-write-a-survey-question,how-to-write-a-survey-question,how to write a survey question,,content
measuringu.com,https://measuringu.com/umux-lite-useful-alternative/,2021-06-29,umux-lite-useful-alternative,umux-lite-useful-alternative,umux lite useful alternative,,content
measuringu.com,https://measuringu.com/nps-sig-test-sample-size/,2021-06-25,nps-sig-test-sample-size,nps-sig-test-sample-size,nps sig test sample size,,content
measuringu.com,https://measuringu.com/nps-benchmark-test/,2021-07-06,nps-benchmark-test,nps-benchmark-test,nps benchmark test,,content
measuringu.com,https://measuringu.com/nps-benchmark-test-sample-size/,2021-07-20,nps-benchmark-test-sample-size,nps-benchmark-test-sample-size,nps benchmark test sample size,,content
measuringu.com,https://measuringu.com/six-ways-to-improve-recall/,2021-08-10,six-ways-to-improve-recall,six-ways-to-improve-recall,six ways to improve recall,,content
measuringu.com,https://measuringu.com/mass-merchant-benchmarks-2021/,2021-08-30,mass-merchant-benchmarks-2021,mass-merchant-benchmarks-2021,mass merchant benchmarks 2021,2021,content
measuringu.com,https://measuringu.com/campells-law-and-nps/,2021-07-29,campells-law-and-nps,campells-law-and-nps,campells law and nps,,content
measuringu.com,https://measuringu.com/drugstore-benchmarks-2021/,2021-08-31,drugstore-benchmarks-2021,drugstore-benchmarks-2021,drugstore benchmarks 2021,2021,content
measuringu.com,https://measuringu.com/why-do-people-hate-nps/,2021-09-21,why-do-people-hate-nps,why-do-people-hate-nps,why do people hate nps,,content
measuringu.com,https://measuringu.com/setting-alpha/,2021-09-28,setting-alpha,setting-alpha,setting alpha,,content
measuringu.com,https://measuringu.com/statistical-analysis-nps/,2023-06-12,statistical-analysis-nps,statistical-analysis-nps,statistical analysis nps,,content
measuringu.com,https://measuringu.com/umux-lite-alternative-replications/,2021-08-30,umux-lite-alternative-replications,umux-lite-alternative-replications,umux lite alternative replications,,content
measuringu.com,https://measuringu.com/umux-lite-alternatives-review/,2021-09-08,umux-lite-alternatives-review,umux-lite-alternatives-review,umux lite alternatives review,,content
measuringu.com,https://measuringu.com/from-umux-lite-to-ux-lite/,2021-09-18,from-umux-lite-to-ux-lite,from-umux-lite-to-ux-lite,from umux lite to ux lite,,content
measuringu.com,https://measuringu.com/do-people-use-all-response-options/,2021-10-04,do-people-use-all-response-options,do-people-use-all-response-options,do people use all response options,,content
measuringu.com,https://measuringu.com/evolution-of-the-ux-lite/,2021-10-12,evolution-of-the-ux-lite,evolution-of-the-ux-lite,evolution of the ux lite,,content
measuringu.com,https://measuringu.com/how-to-estimate-sus-with-ux-lite/,2021-11-10,how-to-estimate-sus-with-ux-lite,how-to-estimate-sus-with-ux-lite,how to estimate sus with ux lite,,content
measuringu.com,https://measuringu.com/3-ways-to-measure-prior-experience/,2021-10-26,3-ways-to-measure-prior-experience,3-ways-to-measure-prior-experience,3 ways to measure prior experience,,content
measuringu.com,https://measuringu.com/accuracy-of-sus-estimation-with-ux-lite/,2021-11-01,accuracy-of-sus-estimation-with-ux-lite,accuracy-of-sus-estimation-with-ux-lite,accuracy of sus estimation with ux lite,,content
measuringu.com,https://measuringu.com/horizontal-vs-vertical-rating-scales/,2021-11-18,horizontal-vs-vertical-rating-scales,horizontal-vs-vertical-rating-scales,horizontal vs vertical rating scales,,content
measuringu.com,https://measuringu.com/census-poll-survey-questionnaire/,2021-11-16,census-poll-survey-questionnaire,census-poll-survey-questionnaire,census poll survey questionnaire,,content
measuringu.com,https://measuringu.com/uxlite-numeric-slider-desktop-mobile/,2023-10-26,uxlite-numeric-slider-desktop-mobile,uxlite-numeric-slider-desktop-mobile,uxlite numeric slider desktop mobile,,content
measuringu.com,https://measuringu.com/ltr-numeric-slider-desktop-mobile/,2021-12-14,ltr-numeric-slider-desktop-mobile,ltr-numeric-slider-desktop-mobile,ltr numeric slider desktop mobile,,content
measuringu.com,https://measuringu.com/sata-vs-yes-no-forced-choice/,2023-06-23,sata-vs-yes-no-forced-choice,sata-vs-yes-no-forced-choice,sata vs yes no forced choice,,content
measuringu.com,https://measuringu.com/comparing-sata-vs-yes-no-forced-choice/,2022-01-05,comparing-sata-vs-yes-no-forced-choice,comparing-sata-vs-yes-no-forced-choice,comparing sata vs yes no forced choice,,content
measuringu.com,https://measuringu.com/ux-2021/,2025-03-28,ux-2021,ux-2021,ux 2021,2021,noncontent
measuringu.com,https://measuringu.com/time-and-preference-numeric-slider-desktop-mobile/,2022-01-11,time-and-preference-numeric-slider-desktop-mobile,time-and-preference-numeric-slider-desktop-mobile,time and preference numeric slider desktop mobile,,content
measuringu.com,https://measuringu.com/sample-sizes-for-sus-ci/,2022-01-18,sample-sizes-for-sus-ci,sample-sizes-for-sus-ci,sample sizes for sus ci,,content
measuringu.com,https://measuringu.com/measuring-tech-savviness/,2022-12-08,measuring-tech-savviness,measuring-tech-savviness,measuring tech savviness,,content
measuringu.com,https://measuringu.com/ux-lite-usefulness-update/,2022-02-07,ux-lite-usefulness-update,ux-lite-usefulness-update,ux lite usefulness update,,content
measuringu.com,https://measuringu.com/seller-marketplace-benchmarks-2021/,2022-03-28,seller-marketplace-benchmarks-2021,seller-marketplace-benchmarks-2021,seller marketplace benchmarks 2021,2021,content
measuringu.com,https://measuringu.com/five-styles-of-statistical-rhetoric/,2022-02-15,five-styles-of-statistical-rhetoric,five-styles-of-statistical-rhetoric,five styles of statistical rhetoric,,content
measuringu.com,https://measuringu.com/why-collect-task-and-study-metrics/,2022-02-22,why-collect-task-and-study-metrics,why-collect-task-and-study-metrics,why collect task and study metrics,,content
measuringu.com,https://measuringu.com/sample-sizes-for-sus-benchmark-tests/,2022-12-27,sample-sizes-for-sus-benchmark-tests,sample-sizes-for-sus-benchmark-tests,sample sizes for sus benchmark tests,,content
measuringu.com,https://measuringu.com/abelsons-laws/,2022-03-08,abelsons-laws,abelsons-laws,abelsons laws,,content
measuringu.com,https://measuringu.com/product-market-fit-item/,2022-03-24,product-market-fit-item,product-market-fit-item,product market fit item,,content
measuringu.com,https://measuringu.com/how-to-report-product-experience-data/,2022-03-22,how-to-report-product-experience-data,how-to-report-product-experience-data,how to report product experience data,,content
measuringu.com,https://measuringu.com/grocery-benchmark-2022/,2023-05-27,grocery-benchmark-2022,grocery-benchmark-2022,grocery benchmark 2022,2022,content
measuringu.com,https://measuringu.com/cube-root-problem-discovery-model/,2022-04-05,cube-root-problem-discovery-model,cube-root-problem-discovery-model,cube root problem discovery model,,content
measuringu.com,https://measuringu.com/sample-sizes-for-sus-comparisons/,2022-04-13,sample-sizes-for-sus-comparisons,sample-sizes-for-sus-comparisons,sample sizes for sus comparisons,,content
measuringu.com,https://measuringu.com/reversing-seq-endpoints-means/,2022-06-27,reversing-seq-endpoints-means,reversing-seq-endpoints-means,reversing seq endpoints means,,content
measuringu.com,https://measuringu.com/task-based-metrics/,2022-04-26,task-based-metrics,task-based-metrics,task based metrics,,content
measuringu.com,https://measuringu.com/is-ux-data-normal/,2022-05-09,is-ux-data-normal,is-ux-data-normal,is ux data normal,,content
measuringu.com,https://measuringu.com/news-benchmark-2022/,2022-06-04,news-benchmark-2022,news-benchmark-2022,news benchmark 2022,2022,content
measuringu.com,https://measuringu.com/salary-survey2022/,2024-10-31,salary-survey2022,salary-survey2022,salary survey2022,2022,content
measuringu.com,https://measuringu.com/should-you-use-nonparametric/,2022-06-07,should-you-use-nonparametric,should-you-use-nonparametric,should you use nonparametric,,content
measuringu.com,https://measuringu.com/reversing-seq-endpoints-response-distributions/,2022-05-17,reversing-seq-endpoints-response-distributions,reversing-seq-endpoints-response-distributions,reversing seq endpoints response distributions,,content
measuringu.com,https://measuringu.com/guide-to-study-based-ux-metrics/,2022-05-24,guide-to-study-based-ux-metrics,guide-to-study-based-ux-metrics,guide to study based ux metrics,,content
measuringu.com,https://measuringu.com/many-ways-of-thinking-aloud/,2022-06-21,many-ways-of-thinking-aloud,many-ways-of-thinking-aloud,many ways of thinking aloud,,content
measuringu.com,https://measuringu.com/comparison-of-two-seq-item-wordings/,2022-06-28,comparison-of-two-seq-item-wordings,comparison-of-two-seq-item-wordings,comparison of two seq item wordings,,content
measuringu.com,https://measuringu.com/real-estate-benchmark-2022/,2022-06-14,real-estate-benchmark-2022,real-estate-benchmark-2022,real estate benchmark 2022,2022,content
measuringu.com,https://measuringu.com/ux-methods-2022/,2022-07-12,ux-methods-2022,ux-methods-2022,ux methods 2022,2022,content
measuringu.com,https://measuringu.com/what-is-the-n-1-two-proportion-test/,2023-04-15,what-is-the-n-1-two-proportion-test,what-is-the-n-1-two-proportion-test,what is the n 1 two proportion test,,content
measuringu.com,https://measuringu.com/comparison-of-seq-with-and-without-numbers/,2023-06-07,comparison-of-seq-with-and-without-numbers,comparison-of-seq-with-and-without-numbers,comparison of seq with and without numbers,,content
measuringu.com,https://measuringu.com/ux-ux-jobsatisfaction-2022/,2022-08-09,ux-ux-jobsatisfaction-2022,ux-ux-jobsatisfaction-2022,ux ux jobsatisfaction 2022,2022,content
measuringu.com,https://measuringu.com/airlines-benchmark-2022/,2022-07-26,airlines-benchmark-2022,airlines-benchmark-2022,airlines benchmark 2022,2022,content
measuringu.com,https://measuringu.com/changing-the-number-of-response-options/,2022-08-16,changing-the-number-of-response-options,changing-the-number-of-response-options,changing the number of response options,,content
measuringu.com,https://measuringu.com/travel-benchmark-2022/,2022-08-30,travel-benchmark-2022,travel-benchmark-2022,travel benchmark 2022,2022,content
measuringu.com,https://measuringu.com/does-ta-increase-dropout/,2022-08-31,does-ta-increase-dropout,does-ta-increase-dropout,does ta increase dropout,,content
measuringu.com,https://measuringu.com/evaluation-of-three-seq-variants/,2023-06-07,evaluation-of-three-seq-variants,evaluation-of-three-seq-variants,evaluation of three seq variants,,content
measuringu.com,https://measuringu.com/business-software-ux2022/,2022-11-01,business-software-ux2022,business-software-ux2022,business software ux2022,2022,content
measuringu.com,https://measuringu.com/taxonomy-ux-research-methods/,2022-09-07,taxonomy-ux-research-methods,taxonomy-ux-research-methods,taxonomy ux research methods,,content
measuringu.com,https://measuringu.com/what-percentage-of-participants-can-think-aloud/,2023-09-07,what-percentage-of-participants-can-think-aloud,what-percentage-of-participants-can-think-aloud,what percentage of participants can think aloud,,content
measuringu.com,https://measuringu.com/business-information-benchmark-2022/,2022-10-17,business-information-benchmark-2022,business-information-benchmark-2022,business information benchmark 2022,2022,content
measuringu.com,https://measuringu.com/4-ways-to-pick-the-right-ux-method/,2022-10-04,4-ways-to-pick-the-right-ux-method,4-ways-to-pick-the-right-ux-method,4 ways to pick the right ux method,,content
measuringu.com,https://measuringu.com/grocery-shopping-behavior-2022/,2022-10-25,grocery-shopping-behavior-2022,grocery-shopping-behavior-2022,grocery shopping behavior 2022,2022,content
measuringu.com,https://measuringu.com/ticketing-benchmark-2022/,2022-10-18,ticketing-benchmark-2022,ticketing-benchmark-2022,ticketing benchmark 2022,2022,content
measuringu.com,https://measuringu.com/consumer-software-ux2022/,2023-08-13,consumer-software-ux2022,consumer-software-ux2022,consumer software ux2022,2022,content
measuringu.com,https://measuringu.com/meeting-software-ux2022/,2022-12-05,meeting-software-ux2022,meeting-software-ux2022,meeting software ux2022,2022,content
measuringu.com,https://measuringu.com/does-ta-increase-task-times/,2023-04-26,does-ta-increase-task-times,does-ta-increase-task-times,does ta increase task times,,content
measuringu.com,https://measuringu.com/grocery-shopping-nps-behavior-2022/,2022-11-29,grocery-shopping-nps-behavior-2022,grocery-shopping-nps-behavior-2022,grocery shopping nps behavior 2022,2022,content
measuringu.com,https://measuringu.com/impact-of-ta-on-task-times/,2022-12-08,impact-of-ta-on-task-times,impact-of-ta-on-task-times,impact of ta on task times,,content
measuringu.com,https://measuringu.com/restaurant-reservation-benchmark-2022/,2022-12-13,restaurant-reservation-benchmark-2022,restaurant-reservation-benchmark-2022,restaurant reservation benchmark 2022,2022,content
measuringu.com,https://measuringu.com/ux-2022/,2022-12-27,ux-2022,ux-2022,ux 2022,2022,noncontent
measuringu.com,https://measuringu.com/finite-population-correction/,2023-10-14,finite-population-correction,finite-population-correction,finite population correction,,content
measuringu.com,https://measuringu.com/applying-rasch-analysis-to-ux-research/,2023-01-10,applying-rasch-analysis-to-ux-research,applying-rasch-analysis-to-ux-research,applying rasch analysis to ux research,,content
measuringu.com,https://measuringu.com/impact-of-ta-on-task-metrics/,2023-01-17,impact-of-ta-on-task-metrics,impact-of-ta-on-task-metrics,impact of ta on task metrics,,content
measuringu.com,https://measuringu.com/how-variable-are-ux-rating-scales-data-from-100000-responses/,2023-01-31,how-variable-are-ux-rating-scales-data-from-100000-responses,how-variable-are-ux-rating-scales-data-from-100000-responses,how variable are ux rating scales data from 100000 responses,,content
measuringu.com,https://measuringu.com/in-search-of-tech-savvy-measures/,2023-12-12,in-search-of-tech-savvy-measures,in-search-of-tech-savvy-measures,in search of tech savvy measures,,content
measuringu.com,https://measuringu.com/reliability-and-variability-of-standardized-ux-scales/,2023-03-14,reliability-and-variability-of-standardized-ux-scales,reliability-and-variability-of-standardized-ux-scales,reliability and variability of standardized ux scales,,content
measuringu.com,https://measuringu.com/rating-scale-standard-deviations/,2023-04-25,rating-scale-standard-deviations,rating-scale-standard-deviations,rating scale standard deviations,,content
measuringu.com,https://measuringu.com/clothing-benchmark-2023/,2023-11-15,clothing-benchmark-2023,clothing-benchmark-2023,clothing benchmark 2023,2023,content
measuringu.com,https://measuringu.com/refining-tech-savvy-measures/,2023-12-12,refining-tech-savvy-measures,refining-tech-savvy-measures,refining tech savvy measures,,content
measuringu.com,https://measuringu.com/do-images-make-card-sorting-easier/,2023-02-15,do-images-make-card-sorting-easier,do-images-make-card-sorting-easier,do images make card sorting easier,,content
measuringu.com,https://measuringu.com/does-ta-affect-study-metrics/,2023-02-28,does-ta-affect-study-metrics,does-ta-affect-study-metrics,does ta affect study metrics,,content
measuringu.com,https://measuringu.com/wireless-benchmark-2023/,2023-11-15,wireless-benchmark-2023,wireless-benchmark-2023,wireless benchmark 2023,2023,content
measuringu.com,https://measuringu.com/do-images-change-card-sort-results/,2023-03-08,do-images-change-card-sort-results,do-images-change-card-sort-results,do images change card sort results,,content
measuringu.com,https://measuringu.com/initial-validation-of-tech-savvy-measures/,2023-12-12,initial-validation-of-tech-savvy-measures,initial-validation-of-tech-savvy-measures,initial validation of tech savvy measures,,content
measuringu.com,https://measuringu.com/sample-sizes-for-rating-scales/,2023-05-09,sample-sizes-for-rating-scales,sample-sizes-for-rating-scales,sample sizes for rating scales,,content
measuringu.com,https://measuringu.com/what-do-people-say-when-they-think-aloud/,2023-04-18,what-do-people-say-when-they-think-aloud,what-do-people-say-when-they-think-aloud,what do people say when they think aloud,,content
measuringu.com,https://measuringu.com/rolling-research-13-tips/,2023-04-04,rolling-research-13-tips,rolling-research-13-tips,rolling research 13 tips,,content
measuringu.com,https://measuringu.com/do-click-tests-predict-live-site-clicks/,2024-07-22,do-click-tests-predict-live-site-clicks,do-click-tests-predict-live-site-clicks,do click tests predict live site clicks,,content
measuringu.com,https://measuringu.com/rasch-analysis-of-three-technical-activity-checklists/,2023-06-07,rasch-analysis-of-three-technical-activity-checklists,rasch-analysis-of-three-technical-activity-checklists,rasch analysis of three technical activity checklists,,content
measuringu.com,https://measuringu.com/examining-the-evaluator-effect-in-unmoderated-usability-testing/,2023-05-31,examining-the-evaluator-effect-in-unmoderated-usability-testing,examining-the-evaluator-effect-in-unmoderated-usability-testing,examining the evaluator effect in unmoderated usability testing,,content
measuringu.com,https://measuringu.com/does-ta-uncover-more-usability-issues/,2023-06-12,does-ta-uncover-more-usability-issues,does-ta-uncover-more-usability-issues,does ta uncover more usability issues,,content
measuringu.com,https://measuringu.com/consumer-electronics-benchmark-2023/,2023-11-15,consumer-electronics-benchmark-2023,consumer-electronics-benchmark-2023,consumer electronics benchmark 2023,2023,content
measuringu.com,https://measuringu.com/sample-sizes-for-rating-scale-benchmark-comparisons/,2023-10-01,sample-sizes-for-rating-scale-benchmark-comparisons,sample-sizes-for-rating-scale-benchmark-comparisons,sample sizes for rating scale benchmark comparisons,,content
measuringu.com,https://measuringu.com/validating-a-tech-savviness-metric-for-ux-research/,2023-08-01,validating-a-tech-savviness-metric-for-ux-research,validating-a-tech-savviness-metric-for-ux-research,validating a tech savviness metric for ux research,,content
measuringu.com,https://measuringu.com/how-have-ux-roles-changed-in-the-last-15-years/,2023-08-22,how-have-ux-roles-changed-in-the-last-15-years,how-have-ux-roles-changed-in-the-last-15-years,how have ux roles changed in the last 15 years,,content
measuringu.com,https://measuringu.com/mcnemar-exact-test/,2023-10-03,mcnemar-exact-test,mcnemar-exact-test,mcnemar exact test,,content
measuringu.com,https://measuringu.com/office-supply-benchmark-2023/,2023-11-15,office-supply-benchmark-2023,office-supply-benchmark-2023,office supply benchmark 2023,2023,content
measuringu.com,https://measuringu.com/classification-agreement-between-ux-researchers-and-chatgpt/,2023-05-24,classification-agreement-between-ux-researchers-and-chatgpt,classification-agreement-between-ux-researchers-and-chatgpt,classification agreement between ux researchers and chatgpt,,content
measuringu.com,https://measuringu.com/why-and-when-to-use-a-click-test/,2023-06-12,why-and-when-to-use-a-click-test,why-and-when-to-use-a-click-test,why and when to use a click test,,content
measuringu.com,https://measuringu.com/do-click-tests-predict-clicks-on-product-pages/,2023-07-19,do-click-tests-predict-clicks-on-product-pages,do-click-tests-predict-clicks-on-product-pages,do click tests predict clicks on product pages,,content
measuringu.com,https://measuringu.com/classifying-tech-savviness-levels-with-technical-activity-checklists/,2023-08-30,classifying-tech-savviness-levels-with-technical-activity-checklists,classifying-tech-savviness-levels-with-technical-activity-checklists,classifying tech savviness levels with technical activity checklists,,content
measuringu.com,https://measuringu.com/does-ta-reduce-the-evaluator-effect/,2023-09-19,does-ta-reduce-the-evaluator-effect,does-ta-reduce-the-evaluator-effect,does ta reduce the evaluator effect,,content
measuringu.com,https://measuringu.com/theme-park-benchmark-2023/,2023-11-15,theme-park-benchmark-2023,theme-park-benchmark-2023,theme park benchmark 2023,2023,content
measuringu.com,https://measuringu.com/adjective-interpretations-of-seq-scores/,2023-07-11,adjective-interpretations-of-seq-scores,adjective-interpretations-of-seq-scores,adjective interpretations of seq scores,,content
measuringu.com,https://measuringu.com/removing-the-neutral-response-option/,2023-08-08,removing-the-neutral-response-option,removing-the-neutral-response-option,removing the neutral response option,,content
measuringu.com,https://measuringu.com/home-improvement-benchmark-2023/,2023-11-15,home-improvement-benchmark-2023,home-improvement-benchmark-2023,home improvement benchmark 2023,2023,content
measuringu.com,https://measuringu.com/essential-metrics-for-click-testing/,2023-09-05,essential-metrics-for-click-testing,essential-metrics-for-click-testing,essential metrics for click testing,,content
measuringu.com,https://measuringu.com/paint-benchmark-2023/,2023-11-15,paint-benchmark-2023,paint-benchmark-2023,paint benchmark 2023,2023,content
measuringu.com,https://measuringu.com/should-you-report-numbers-with-small-n/,2023-11-07,should-you-report-numbers-with-small-n,should-you-report-numbers-with-small-n,should you report numbers with small n,,content
measuringu.com,https://measuringu.com/how-hard-is-it-to-rank-items-in-surveys/,2023-10-10,how-hard-is-it-to-rank-items-in-surveys,how-hard-is-it-to-rank-items-in-surveys,how hard is it to rank items in surveys,,content
measuringu.com,https://measuringu.com/are-people-who-agree-to-ta-different/,2023-10-18,are-people-who-agree-to-ta-different,are-people-who-agree-to-ta-different,are people who agree to ta different,,content
measuringu.com,https://measuringu.com/is-3d-worse-than-2d/,2023-09-12,is-3d-worse-than-2d,is-3d-worse-than-2d,is 3d worse than 2d,,content
measuringu.com,https://measuringu.com/sample-sizes-for-rating-scale-comparisons/,2026-02-03,sample-sizes-for-rating-scale-comparisons,sample-sizes-for-rating-scale-comparisons,sample sizes for rating scale comparisons,,content
measuringu.com,https://measuringu.com/sample-sizes-for-the-mcnemar-test/,2023-10-24,sample-sizes-for-the-mcnemar-test,sample-sizes-for-the-mcnemar-test,sample sizes for the mcnemar test,,content
measuringu.com,https://measuringu.com/hotels-benchmark-2023/,2023-11-14,hotels-benchmark-2023,hotels-benchmark-2023,hotels benchmark 2023,2023,content
measuringu.com,https://measuringu.com/how-do-changes-in-sd-affect-n/,2023-11-28,how-do-changes-in-sd-affect-n,how-do-changes-in-sd-affect-n,how do changes in sd affect n,,content
measuringu.com,https://measuringu.com/frameworks-for-classifying-ui-problems/,2023-12-05,frameworks-for-classifying-ui-problems,frameworks-for-classifying-ui-problems,frameworks for classifying ui problems,,content
measuringu.com,https://measuringu.com/comparing-3d-2d-bar-graphs/,2024-04-10,comparing-3d-2d-bar-graphs,comparing-3d-2d-bar-graphs,comparing 3d 2d bar graphs,,content
measuringu.com,https://measuringu.com/comparison-of-standard-seq-and-click-smeq-sensitivity/,2023-12-20,comparison-of-standard-seq-and-click-smeq-sensitivity,comparison-of-standard-seq-and-click-smeq-sensitivity,comparison of standard seq and click smeq sensitivity,,content
measuringu.com,https://measuringu.com/ux-2023/,2024-01-19,ux-2023,ux-2023,ux 2023,2023,noncontent
measuringu.com,https://measuringu.com/ta-summary-2023/,2024-01-10,ta-summary-2023,ta-summary-2023,ta summary 2023,2023,content
measuringu.com,https://measuringu.com/comparing-chatgpt-to-card-sorting-results/,2024-01-29,comparing-chatgpt-to-card-sorting-results,comparing-chatgpt-to-card-sorting-results,comparing chatgpt to card sorting results,,content
measuringu.com,https://measuringu.com/assessing-interrater-reliability-in-ux-research/,2024-01-24,assessing-interrater-reliability-in-ux-research,assessing-interrater-reliability-in-ux-research,assessing interrater reliability in ux research,,content
measuringu.com,https://measuringu.com/assessing-the-reliability-of-ui-trap-cards/,2024-03-12,assessing-the-reliability-of-ui-trap-cards,assessing-the-reliability-of-ui-trap-cards,assessing the reliability of ui trap cards,,content
measuringu.com,https://measuringu.com/foundations-of-survey-design-in-ux-research/,2024-02-07,foundations-of-survey-design-in-ux-research,foundations-of-survey-design-in-ux-research,foundations of survey design in ux research,,content
measuringu.com,https://measuringu.com/primer-in-biases-and-errors-in-survey-design/,2024-02-20,primer-in-biases-and-errors-in-survey-design,primer-in-biases-and-errors-in-survey-design,primer in biases and errors in survey design,,content
measuringu.com,https://measuringu.com/furniture-benchmark-2024/,2024-02-14,furniture-benchmark-2024,furniture-benchmark-2024,furniture benchmark 2024,2024,content
measuringu.com,https://measuringu.com/do-interior-labels-affect-smeq-scores/,2024-02-28,do-interior-labels-affect-smeq-scores,do-interior-labels-affect-smeq-scores,do interior labels affect smeq scores,,content
measuringu.com,https://measuringu.com/defining-and-finding-participants-for-survey-research/,2024-03-08,defining-and-finding-participants-for-survey-research,defining-and-finding-participants-for-survey-research,defining and finding participants for survey research,,content
measuringu.com,https://measuringu.com/is-the-sus-too-antiquated/,2024-03-19,is-the-sus-too-antiquated,is-the-sus-too-antiquated,is the sus too antiquated,,content
measuringu.com,https://measuringu.com/overview-of-survey-sampling-strategies/,2024-03-27,overview-of-survey-sampling-strategies,overview-of-survey-sampling-strategies,overview of survey sampling strategies,,content
measuringu.com,https://measuringu.com/chatgpt4-tree-test/,2024-04-03,chatgpt4-tree-test,chatgpt4-tree-test,chatgpt4 tree test,,content
measuringu.com,https://measuringu.com/comparing-2d-1d-bar-graphs/,2024-04-10,comparing-2d-1d-bar-graphs,comparing-2d-1d-bar-graphs,comparing 2d 1d bar graphs,,content
measuringu.com,https://measuringu.com/how-long-are-typical-unmoderated-ux-tasks/,2024-04-23,how-long-are-typical-unmoderated-ux-tasks,how-long-are-typical-unmoderated-ux-tasks,how long are typical unmoderated ux tasks,,content
measuringu.com,https://measuringu.com/banking-benchmark-2024/,2026-01-21,banking-benchmark-2024,banking-benchmark-2024,banking benchmark 2024,2024,content
measuringu.com,https://measuringu.com/blueprint-for-writing-survey-questions/,2024-04-30,blueprint-for-writing-survey-questions,blueprint-for-writing-survey-questions,blueprint for writing survey questions,,content
measuringu.com,https://measuringu.com/should-you-avoid-reporting-percentages-from-small-sample-studies/,2024-06-05,should-you-avoid-reporting-percentages-from-small-sample-studies,should-you-avoid-reporting-percentages-from-small-sample-studies,should you avoid reporting percentages from small sample studies,,content
measuringu.com,https://measuringu.com/flower-delivery-benchmark-2024/,2024-06-05,flower-delivery-benchmark-2024,flower-delivery-benchmark-2024,flower delivery benchmark 2024,2024,content
measuringu.com,https://measuringu.com/changes-to-rating-scale-formats-can-matter-but-usually-not-that-much/,2024-05-22,changes-to-rating-scale-formats-can-matter-but-usually-not-that-much,changes-to-rating-scale-formats-can-matter-but-usually-not-that-much,changes to rating scale formats can matter but usually not that much,,content
measuringu.com,https://measuringu.com/click-seq-sensitivity/,2024-06-05,click-seq-sensitivity,click-seq-sensitivity,click seq sensitivity,,content
measuringu.com,https://measuringu.com/top-top-two-bottom-net-box/,2024-06-09,top-top-two-bottom-net-box,top-top-two-bottom-net-box,top top two bottom net box,,content
measuringu.com,https://measuringu.com/federal-government-benchmark-2024/,2024-06-12,federal-government-benchmark-2024,federal-government-benchmark-2024,federal government benchmark 2024,2024,content
measuringu.com,https://measuringu.com/how-to-analyze-click-test-data-standalone/,2024-06-18,how-to-analyze-click-test-data-standalone,how-to-analyze-click-test-data-standalone,how to analyze click test data standalone,,content
measuringu.com,https://measuringu.com/are-opt-in-online-panels-too-inaccurate/,2024-06-24,are-opt-in-online-panels-too-inaccurate,are-opt-in-online-panels-too-inaccurate,are opt in online panels too inaccurate,,content
measuringu.com,https://measuringu.com/how-many-people-actually-recommend/,2024-07-09,how-many-people-actually-recommend,how-many-people-actually-recommend,how many people actually recommend,,content
measuringu.com,https://measuringu.com/first-click-times-on-websites-versus-images/,2024-07-23,first-click-times-on-websites-versus-images,first-click-times-on-websites-versus-images,first click times on websites versus images,,content
measuringu.com,https://measuringu.com/online-dating-benchmark-2024/,2024-07-17,online-dating-benchmark-2024,online-dating-benchmark-2024,online dating benchmark 2024,2024,content
measuringu.com,https://measuringu.com/effect-of-perceived-ease-of-use-and-usefulness-on-ux-metrics/,2024-07-31,effect-of-perceived-ease-of-use-and-usefulness-on-ux-metrics,effect-of-perceived-ease-of-use-and-usefulness-on-ux-metrics,effect of perceived ease of use and usefulness on ux metrics,,content
measuringu.com,https://measuringu.com/evolution-of-seq/,2024-08-06,evolution-of-seq,evolution-of-seq,evolution of seq,,content
measuringu.com,https://measuringu.com/how-to-score-and-interpret-the-ux-lite/,2024-08-14,how-to-score-and-interpret-the-ux-lite,how-to-score-and-interpret-the-ux-lite,how to score and interpret the ux lite,,content
measuringu.com,https://measuringu.com/is-the-ux-lite-predictive-of-future-behavior/,2024-08-20,is-the-ux-lite-predictive-of-future-behavior,is-the-ux-lite-predictive-of-future-behavior,is the ux lite predictive of future behavior,,content
measuringu.com,https://measuringu.com/how-to-use-the-tac/,2024-08-27,how-to-use-the-tac,how-to-use-the-tac,how to use the tac,,content
measuringu.com,https://measuringu.com/in-search-of-a-clutter-metric-for-websites/,2024-09-03,in-search-of-a-clutter-metric-for-websites,in-search-of-a-clutter-metric-for-websites,in search of a clutter metric for websites,,content
measuringu.com,https://measuringu.com/specific-sample-sizes-in-discovery-studies/,2024-09-24,specific-sample-sizes-in-discovery-studies,specific-sample-sizes-in-discovery-studies,specific sample sizes in discovery studies,,content
measuringu.com,https://measuringu.com/validating-the-basic-suprq-measurement-model/,2024-11-25,validating-the-basic-suprq-measurement-model,validating-the-basic-suprq-measurement-model,validating the basic suprq measurement model,,content
measuringu.com,https://measuringu.com/the-ux-of-social-media-in-2024/,2025-11-17,the-ux-of-social-media-in-2024,the-ux-of-social-media-in-2024,the ux of social media in 2024,2024,content
measuringu.com,https://measuringu.com/specific-sample-sizes-in-problem-discovery-studies/,2024-10-01,specific-sample-sizes-in-problem-discovery-studies,specific-sample-sizes-in-problem-discovery-studies,specific sample sizes in problem discovery studies,,content
measuringu.com,https://measuringu.com/should-you-use-the-mean-or-median-of-the-sus/,2024-10-08,should-you-use-the-mean-or-median-of-the-sus,should-you-use-the-mean-or-median-of-the-sus,should you use the mean or median of the sus,,content
measuringu.com,https://measuringu.com/exploratory-development-of-a-clutter-questionnaire-for-websites/,2024-10-21,exploratory-development-of-a-clutter-questionnaire-for-websites,exploratory-development-of-a-clutter-questionnaire-for-websites,exploratory development of a clutter questionnaire for websites,,content
measuringu.com,https://measuringu.com/does-the-nps-properly-measure-recommending-against-a-brand/,2024-11-04,does-the-nps-properly-measure-recommending-against-a-brand,does-the-nps-properly-measure-recommending-against-a-brand,does the nps properly measure recommending against a brand,,content
measuringu.com,https://measuringu.com/confirming-a-website-clutter-questionnaire/,2024-11-11,confirming-a-website-clutter-questionnaire,confirming-a-website-clutter-questionnaire,confirming a website clutter questionnaire,,content
measuringu.com,https://measuringu.com/salary-survey2024/,2024-11-20,salary-survey2024,salary-survey2024,salary survey2024,2024,content
measuringu.com,https://measuringu.com/relationship-between-likelihood-to-recommend-or-discourage/,2024-11-06,relationship-between-likelihood-to-recommend-or-discourage,relationship-between-likelihood-to-recommend-or-discourage,relationship between likelihood to recommend or discourage,,content
measuringu.com,https://measuringu.com/incorporating-clutter-in-the-suprq/,2025-01-20,incorporating-clutter-in-the-suprq,incorporating-clutter-in-the-suprq,incorporating clutter in the suprq,,content
measuringu.com,https://measuringu.com/do-ux-certifications-pay-off-2024/,2024-12-03,do-ux-certifications-pay-off-2024,do-ux-certifications-pay-off-2024,do ux certifications pay off 2024,2024,content
measuringu.com,https://measuringu.com/typical-no-show-rate-for-moderated-studies/,2024-12-30,typical-no-show-rate-for-moderated-studies,typical-no-show-rate-for-moderated-studies,typical no show rate for moderated studies,,content
measuringu.com,https://measuringu.com/three-ways-to-score-the-ux-of-products/,2025-01-14,three-ways-to-score-the-ux-of-products,three-ways-to-score-the-ux-of-products,three ways to score the ux of products,,content
measuringu.com,https://measuringu.com/trip-on-carpet/,2024-12-17,trip-on-carpet,trip-on-carpet,trip on carpet,,content
measuringu.com,https://measuringu.com/ux-2024/,2024-12-30,ux-2024,ux-2024,ux 2024,2024,noncontent
measuringu.com,https://measuringu.com/how-does-the-ux-job-market-look-for-2025/,2025-09-22,how-does-the-ux-job-market-look-for-2025,how-does-the-ux-job-market-look-for-2025,how does the ux job market look for 2025,2025,content
measuringu.com,https://measuringu.com/to-weight-or-not-to-weight/,2025-01-21,to-weight-or-not-to-weight,to-weight-or-not-to-weight,to weight or not to weight,,content
measuringu.com,https://measuringu.com/does-an-advanced-degree-pay-off/,2025-01-29,does-an-advanced-degree-pay-off,does-an-advanced-degree-pay-off,does an advanced degree pay off,,content
measuringu.com,https://measuringu.com/how-to-weight-means/,2025-02-04,how-to-weight-means,how-to-weight-means,how to weight means,,content
measuringu.com,https://measuringu.com/three-types-of-percentages/,2025-02-12,three-types-of-percentages,three-types-of-percentages,three types of percentages,,content
measuringu.com,https://measuringu.com/how-much-should-you-over-recruit/,2025-02-19,how-much-should-you-over-recruit,how-much-should-you-over-recruit,how much should you over recruit,,content
measuringu.com,https://measuringu.com/standardized-questionnaires-for-the-ux-of-mobile-apps/,2025-03-05,standardized-questionnaires-for-the-ux-of-mobile-apps,standardized-questionnaires-for-the-ux-of-mobile-apps,standardized questionnaires for the ux of mobile apps,,content
measuringu.com,https://measuringu.com/consumer-software-ux-2025/,2025-03-06,consumer-software-ux-2025,consumer-software-ux-2025,consumer software ux 2025,2025,content
measuringu.com,https://measuringu.com/types-of-100-point-scales/,2025-03-11,types-of-100-point-scales,types-of-100-point-scales,types of 100 point scales,,content
measuringu.com,https://measuringu.com/taxonomy-of-70-ux-metrics/,2025-03-25,taxonomy-of-70-ux-metrics,taxonomy-of-70-ux-metrics,taxonomy of 70 ux metrics,,content
measuringu.com,https://measuringu.com/business-software-ux-2025/,2025-03-19,business-software-ux-2025,business-software-ux-2025,business software ux 2025,2025,content
measuringu.com,https://measuringu.com/how-to-select-a-ux-metric/,2025-04-09,how-to-select-a-ux-metric,how-to-select-a-ux-metric,how to select a ux metric,,content
measuringu.com,https://measuringu.com/20-years-of-measuringu-part-1/,2025-05-27,20-years-of-measuringu-part-1,20-years-of-measuringu-part-1,20 years of measuringu part 1,,content
measuringu.com,https://measuringu.com/how-stable-is-the-suprqm-after-8-years/,2025-04-16,how-stable-is-the-suprqm-after-8-years,how-stable-is-the-suprqm-after-8-years,how stable is the suprqm after 8 years,,content
measuringu.com,https://measuringu.com/20-years-of-measuringu-part-2/,2025-09-17,20-years-of-measuringu-part-2,20-years-of-measuringu-part-2,20 years of measuringu part 2,,content
measuringu.com,https://measuringu.com/grading-scales-for-the-ux-lite/,2025-04-30,grading-scales-for-the-ux-lite,grading-scales-for-the-ux-lite,grading scales for the ux lite,,content
measuringu.com,https://measuringu.com/get-comfortable-with-four-ux-metrics/,2025-05-06,get-comfortable-with-four-ux-metrics,get-comfortable-with-four-ux-metrics,get comfortable with four ux metrics,,content
measuringu.com,https://measuringu.com/20-years-of-measuringu-part-3/,2025-05-27,20-years-of-measuringu-part-3,20-years-of-measuringu-part-3,20 years of measuringu part 3,,content
measuringu.com,https://measuringu.com/ratings-of-a-mobile-app-prototype-on-desktop-and-mobile-devices/,2025-05-14,ratings-of-a-mobile-app-prototype-on-desktop-and-mobile-devices,ratings-of-a-mobile-app-prototype-on-desktop-and-mobile-devices,ratings of a mobile app prototype on desktop and mobile devices,,content
measuringu.com,https://measuringu.com/brokerage-benchmark-2025/,2026-01-19,brokerage-benchmark-2025,brokerage-benchmark-2025,brokerage benchmark 2025,2025,content
measuringu.com,https://measuringu.com/inverse-square-relationship/,2025-06-04,inverse-square-relationship,inverse-square-relationship,inverse square relationship,,content
measuringu.com,https://measuringu.com/meeting-software-ux-2025/,2025-06-12,meeting-software-ux-2025,meeting-software-ux-2025,meeting software ux 2025,2025,content
measuringu.com,https://measuringu.com/schools-of-thought-on-ux-sample-sizes/,2025-06-10,schools-of-thought-on-ux-sample-sizes,schools-of-thought-on-ux-sample-sizes,schools of thought on ux sample sizes,,content
measuringu.com,https://measuringu.com/how-much-is-ai-used-in-ux/,2025-09-22,how-much-is-ai-used-in-ux,how-much-is-ai-used-in-ux,how much is ai used in ux,,content
measuringu.com,https://measuringu.com/might-not-be-a-magic-number-but-there-are-magic-ranges/,2025-07-09,might-not-be-a-magic-number-but-there-are-magic-ranges,might-not-be-a-magic-number-but-there-are-magic-ranges,might not be a magic number but there are magic ranges,,content
measuringu.com,https://measuringu.com/streamlining-the-suprq-m/,2025-07-15,streamlining-the-suprq-m,streamlining-the-suprq-m,streamlining the suprq m,,content
measuringu.com,https://measuringu.com/how-to-get-comfortable-with-quantitative-ux-research/,2025-07-23,how-to-get-comfortable-with-quantitative-ux-research,how-to-get-comfortable-with-quantitative-ux-research,how to get comfortable with quantitative ux research,,content
measuringu.com,https://measuringu.com/is-it-ok-to-edit-the-wording-of-standardized-ux-questions/,2025-07-29,is-it-ok-to-edit-the-wording-of-standardized-ux-questions,is-it-ok-to-edit-the-wording-of-standardized-ux-questions,is it ok to edit the wording of standardized ux questions,,content
measuringu.com,https://measuringu.com/how-to-weight-percentages/,2025-08-06,how-to-weight-percentages,how-to-weight-percentages,how to weight percentages,,content
measuringu.com,https://measuringu.com/pet-benchmark-2025/,2026-01-19,pet-benchmark-2025,pet-benchmark-2025,pet benchmark 2025,2025,content
measuringu.com,https://measuringu.com/ux-methods-2024/,2025-11-19,ux-methods-2024,ux-methods-2024,ux methods 2024,2024,content
measuringu.com,https://measuringu.com/verifying-the-stability-of-the-suprq-m/,2025-08-26,verifying-the-stability-of-the-suprq-m,verifying-the-stability-of-the-suprq-m,verifying the stability of the suprq m,,content
measuringu.com,https://measuringu.com/ai-based-chat-software-ux-2025/,2025-09-02,ai-based-chat-software-ux-2025,ai-based-chat-software-ux-2025,ai based chat software ux 2025,2025,content
measuringu.com,https://measuringu.com/how-to-score-and-interpret-the-five-item-supr-qm-v2/,2026-02-20,how-to-score-and-interpret-the-five-item-supr-qm-v2,how-to-score-and-interpret-the-five-item-supr-qm-v2,how to score and interpret the five item supr qm v2,,content
measuringu.com,https://measuringu.com/international-banking-benchmark-2025/,2026-01-19,international-banking-benchmark-2025,international-banking-benchmark-2025,international banking benchmark 2025,2025,content
measuringu.com,https://measuringu.com/ux-ux-jobsatisfaction-2024/,2025-09-24,ux-ux-jobsatisfaction-2024,ux-ux-jobsatisfaction-2024,ux ux jobsatisfaction 2024,2024,content
measuringu.com,https://measuringu.com/supr-qm-10-things/,2025-10-01,supr-qm-10-things,supr-qm-10-things,supr qm 10 things,,content
measuringu.com,https://measuringu.com/what-hiring-managers-want-and-what-ux-practitioners-do/,2025-10-07,what-hiring-managers-want-and-what-ux-practitioners-do,what-hiring-managers-want-and-what-ux-practitioners-do,what hiring managers want and what ux practitioners do,,content
measuringu.com,https://measuringu.com/ux-pay-transparency-2024/,2025-10-15,ux-pay-transparency-2024,ux-pay-transparency-2024,ux pay transparency 2024,2024,content
measuringu.com,https://measuringu.com/report-card-for-the-nps/,2025-12-02,report-card-for-the-nps,report-card-for-the-nps,report card for the nps,,content
measuringu.com,https://measuringu.com/scatterplot-jitter/,2025-10-28,scatterplot-jitter,scatterplot-jitter,scatterplot jitter,,content
measuringu.com,https://measuringu.com/what-makes-a-good-ux-research-moderator/,2025-11-05,what-makes-a-good-ux-research-moderator,what-makes-a-good-ux-research-moderator,what makes a good ux research moderator,,content
measuringu.com,https://measuringu.com/what-ux-metrics-has-measuringu-created/,2025-11-18,what-ux-metrics-has-measuringu-created,what-ux-metrics-has-measuringu-created,what ux metrics has measuringu created,,content
measuringu.com,https://measuringu.com/rake-weighting-how-to-weight-survey-data-with-multiple-variables/,2025-11-24,rake-weighting-how-to-weight-survey-data-with-multiple-variables,rake-weighting-how-to-weight-survey-data-with-multiple-variables,rake weighting how to weight survey data with multiple variables,,content
measuringu.com,https://measuringu.com/what-is-the-difference-between-ease-and-satisfaction/,2025-12-02,what-is-the-difference-between-ease-and-satisfaction,what-is-the-difference-between-ease-and-satisfaction,what is the difference between ease and satisfaction,,content
measuringu.com,https://measuringu.com/what-are-ux-deliverables/,2025-12-09,what-are-ux-deliverables,what-are-ux-deliverables,what are ux deliverables,,content
measuringu.com,https://measuringu.com/how-much-does-satisfaction-correlate-with-ease/,2025-12-16,how-much-does-satisfaction-correlate-with-ease,how-much-does-satisfaction-correlate-with-ease,how much does satisfaction correlate with ease,,content
measuringu.com,https://measuringu.com/ux-2025/,2025-12-31,ux-2025,ux-2025,ux 2025,2025,noncontent
measuringu.com,https://measuringu.com/how-the-seq-correlates-with-other-task-metrics/,2026-01-06,how-the-seq-correlates-with-other-task-metrics,how-the-seq-correlates-with-other-task-metrics,how the seq correlates with other task metrics,,content
measuringu.com,https://measuringu.com/ux-lite-sample-sizes-for-confidence-intervals/,2026-06-01,ux-lite-sample-sizes-for-confidence-intervals,ux-lite-sample-sizes-for-confidence-intervals,ux lite sample sizes for confidence intervals,,content
measuringu.com,https://measuringu.com/ux-lite-sample-sizes-for-comparison-to-a-benchmark/,2026-01-27,ux-lite-sample-sizes-for-comparison-to-a-benchmark,ux-lite-sample-sizes-for-comparison-to-a-benchmark,ux lite sample sizes for comparison to a benchmark,,content
measuringu.com,https://measuringu.com/ux-nps-benchmark-report-for-mass-merchant-websites-2026/,2026-01-21,ux-nps-benchmark-report-for-mass-merchant-websites-2026,ux-nps-benchmark-report-for-mass-merchant-websites-2026,ux nps benchmark report for mass merchant websites 2026,2026,content
measuringu.com,https://measuringu.com/ux-nps-benchmark-report-for-retail-clothing-websites-2026/,2026-02-05,ux-nps-benchmark-report-for-retail-clothing-websites-2026,ux-nps-benchmark-report-for-retail-clothing-websites-2026,ux nps benchmark report for retail clothing websites 2026,2026,content
measuringu.com,https://measuringu.com/sample-sizes-for-comparison-of-ux-lite-scores/,2026-02-11,sample-sizes-for-comparison-of-ux-lite-scores,sample-sizes-for-comparison-of-ux-lite-scores,sample sizes for comparison of ux lite scores,,content
measuringu.com,https://measuringu.com/an-introduction-to-effect-sizes/,2026-02-17,an-introduction-to-effect-sizes,an-introduction-to-effect-sizes,an introduction to effect sizes,,content
measuringu.com,https://measuringu.com/intro-to-bayesian-thinking-in-ux-research/,2026-03-17,intro-to-bayesian-thinking-in-ux-research,intro-to-bayesian-thinking-in-ux-research,intro to bayesian thinking in ux research,,content
measuringu.com,https://measuringu.com/means-vs-medians-for-rating-scales/,2026-03-03,means-vs-medians-for-rating-scales,means-vs-medians-for-rating-scales,means vs medians for rating scales,,content
measuringu.com,https://measuringu.com/bayes-law-in-ux-research-from-urns-to-users/,2026-03-17,bayes-law-in-ux-research-from-urns-to-users,bayes-law-in-ux-research-from-urns-to-users,bayes law in ux research from urns to users,,content
measuringu.com,https://measuringu.com/ai-as-uxr-assistant-user-and-analyst/,2026-03-17,ai-as-uxr-assistant-user-and-analyst,ai-as-uxr-assistant-user-and-analyst,ai as uxr assistant user and analyst,,content
measuringu.com,https://measuringu.com/how-to-use-banner-tables-to-present-survey-results/,2026-03-24,how-to-use-banner-tables-to-present-survey-results,how-to-use-banner-tables-to-present-survey-results,how to use banner tables to present survey results,,content
measuringu.com,https://measuringu.com/bayes-law-in-ux-research-the-power-and-perils-of-priors/,2026-03-31,bayes-law-in-ux-research-the-power-and-perils-of-priors,bayes-law-in-ux-research-the-power-and-perils-of-priors,bayes law in ux research the power and perils of priors,,content
measuringu.com,https://measuringu.com/credible-vs-confidence-intervals/,2026-04-08,credible-vs-confidence-intervals,credible-vs-confidence-intervals,credible vs confidence intervals,,content
measuringu.com,https://measuringu.com/review-of-experiments-with-synthetic-users/,2026-04-14,review-of-experiments-with-synthetic-users,review-of-experiments-with-synthetic-users,review of experiments with synthetic users,,content
measuringu.com,https://measuringu.com/can-ai-detect-usability-problems/,2026-05-01,can-ai-detect-usability-problems,can-ai-detect-usability-problems,can ai detect usability problems,,content
measuringu.com,https://measuringu.com/ai-usability-problem-analysis-of-a-video/,2026-05-06,ai-usability-problem-analysis-of-a-video,ai-usability-problem-analysis-of-a-video,ai usability problem analysis of a video,,content
measuringu.com,https://measuringu.com/ai-vs-human-usability-problem-analysis-of-a-video/,2026-05-06,ai-vs-human-usability-problem-analysis-of-a-video,ai-vs-human-usability-problem-analysis-of-a-video,ai vs human usability problem analysis of a video,,content
measuringu.com,https://measuringu.com/how-to-interpret-a-rating-scale-without-historical-data/,2026-05-12,how-to-interpret-a-rating-scale-without-historical-data,how-to-interpret-a-rating-scale-without-historical-data,how to interpret a rating scale without historical data,,content
measuringu.com,https://measuringu.com/how-many-years-does-it-take-to-become-a-senior-ux-researcher/,2026-05-19,how-many-years-does-it-take-to-become-a-senior-ux-researcher,how-many-years-does-it-take-to-become-a-senior-ux-researcher,how many years does it take to become a senior ux researcher,,content
measuringu.com,https://measuringu.com/does-ai-find-real-ui-problems-or-just-hallucinations/,2026-05-26,does-ai-find-real-ui-problems-or-just-hallucinations,does-ai-find-real-ui-problems-or-just-hallucinations,does ai find real ui problems or just hallucinations,,content
measuringu.com,https://measuringu.com/using-the-tac10-for-screening-and-data-cleaning/,2026-06-02,using-the-tac10-for-screening-and-data-cleaning,using-the-tac10-for-screening-and-data-cleaning,using the tac10 for screening and data cleaning,,content
measuringu.com,https://measuringu.com/do-statistics-really-require-30-participants/,2026-06-09,do-statistics-really-require-30-participants,do-statistics-really-require-30-participants,do statistics really require 30 participants,,content
measuringu.com,https://measuringu.com/should-a-phd-count-as-years-of-experience/,2026-06-17,should-a-phd-count-as-years-of-experience,should-a-phd-count-as-years-of-experience,should a phd count as years of experience,,content
measuringu.com,https://measuringu.com/what-are-the-different-types-of-synthetic-users/,2026-06-23,what-are-the-different-types-of-synthetic-users,what-are-the-different-types-of-synthetic-users,what are the different types of synthetic users,,content
measuringu.com,https://measuringu.com/ai-based-chat-software-ux-2026/,2026-07-08,ai-based-chat-software-ux-2026,ai-based-chat-software-ux-2026,ai based chat software ux 2026,2026,content
measuringu.com,https://measuringu.com/understanding-alpha-inflation/,2026-07-14,understanding-alpha-inflation,understanding-alpha-inflation,understanding alpha inflation,,content
measuringu.com,https://measuringu.com/ux-nps-benchmark-report-for-healthcare-websites-2026/,2026-07-23,ux-nps-benchmark-report-for-healthcare-websites-2026,ux-nps-benchmark-report-for-healthcare-websites-2026,ux nps benchmark report for healthcare websites 2026,2026,content
measuringu.com,https://measuringu.com/measuring-the-ux-of-ai/,2026-07-29,measuring-the-ux-of-ai,measuring-the-ux-of-ai,measuring the ux of ai,,content
measuringu.com,https://measuringu.com/can-we-trust-ai-to-moderate-ux-interviews/,2026-08-04,can-we-trust-ai-to-moderate-ux-interviews,can-we-trust-ai-to-moderate-ux-interviews,can we trust ai to moderate ux interviews,,content
measuringu.com,https://measuringu.com/does-ai-find-real-usability-problems-a-replication/,2026-08-11,does-ai-find-real-usability-problems-a-replication,does-ai-find-real-usability-problems-a-replication,does ai find real usability problems a replication,,content
measuringu.com,https://measuringu.com/streamlined-measurement-of-the-ux-of-ai/,2026-08-19,streamlined-measurement-of-the-ux-of-ai,streamlined-measurement-of-the-ux-of-ai,streamlined measurement of the ux of ai,,content
measuringu.com,https://measuringu.com/five-ways-to-use-rapport-when-moderating/,2026-08-25,five-ways-to-use-rapport-when-moderating,five-ways-to-use-rapport-when-moderating,five ways to use rapport when moderating,,content
measuringu.com,https://measuringu.com/nine-design-fixes-for-your-ux-research-reports/,2026-09-01,nine-design-fixes-for-your-ux-research-reports,nine-design-fixes-for-your-ux-research-reports,nine design fixes for your ux research reports,,content
measuringu.com,https://measuringu.com/effectiveness-of-ai-moderators-a-literature-review/,2026-09-09,effectiveness-of-ai-moderators-a-literature-review,effectiveness-of-ai-moderators-a-literature-review,effectiveness of ai moderators a literature review,,content
measuringu.com,https://measuringu.com/do-participants-say-less-to-ai-than-to-human-moderators/,2026-09-16,do-participants-say-less-to-ai-than-to-human-moderators,do-participants-say-less-to-ai-than-to-human-moderators,do participants say less to ai than to human moderators,,content
measuringu.com,https://measuringu.com/how-well-do-synthetic-users-predict-sus-scores/,2026-09-23,how-well-do-synthetic-users-predict-sus-scores,how-well-do-synthetic-users-predict-sus-scores,how well do synthetic users predict sus scores,,content
measuringu.com,https://measuringu.com/chatgpt-vs-humans-for-coding-open-ended-responses-three-years-later/,2026-10-01,chatgpt-vs-humans-for-coding-open-ended-responses-three-years-later,chatgpt-vs-humans-for-coding-open-ended-responses-three-years-later,chatgpt vs humans for coding open ended responses three years later,,content
measuringu.com,https://measuringu.com/using-ai-to-find-usability-problems-examining-task-failure/,2026-10-06,using-ai-to-find-usability-problems-examining-task-failure,using-ai-to-find-usability-problems-examining-task-failure,using ai to find usability problems examining task failure,,content
measuringu.com,https://measuringu.com/sample-page/,2020-11-06,sample-page,sample-page,sample page,,content
measuringu.com,https://measuringu.com/about/,2026-08-03,about,about,about,,noncontent
measuringu.com,https://measuringu.com/services/,2026-03-11,services,services,services,,content
measuringu.com,https://measuringu.com/contact/,2026-08-14,contact,contact,contact,,noncontent
measuringu.com,https://measuringu.com/projects/,2018-11-26,projects,projects,projects,,content
measuringu.com,https://measuringu.com/shop/,2020-11-11,shop,shop,shop,,noncontent
measuringu.com,https://measuringu.com/cart/,2021-04-20,cart,cart,cart,,noncontent
measuringu.com,https://measuringu.com/checkout/,2021-08-25,checkout,checkout,checkout,,noncontent
measuringu.com,https://measuringu.com/my-account/,2021-06-03,my-account,my-account,my account,,noncontent
measuringu.com,https://measuringu.com/blogs/,2021-06-23,blogs,blogs,blogs,,content
measuringu.com,https://measuringu.com/contact-2/,2020-11-13,contact-2,contact-2,contact 2,,content
measuringu.com,https://measuringu.com/products/,2023-09-12,products,products,products,,content
measuringu.com,https://measuringu.com/cart-2/,2020-11-13,cart-2,cart-2,cart 2,,content
measuringu.com,https://measuringu.com/my-account-2/,2020-11-13,my-account-2,my-account-2,my account 2,,content
measuringu.com,https://measuringu.com/login/,2020-11-13,login,login,login,,noncontent
measuringu.com,https://measuringu.com/thank-you/,2020-11-13,thank-you,thank-you,thank you,,noncontent
measuringu.com,https://measuringu.com/tags/,2020-12-11,tags,tags,tags,,noncontent
measuringu.com,https://measuringu.com/all-articles/,2020-11-13,all-articles,all-articles,all articles,,noncontent
measuringu.com,https://measuringu.com/calc/,2026-03-11,calc,calc,calc,,content
measuringu.com,https://measuringu.com/datepicker/,2020-11-13,datepicker,datepicker,datepicker,,content
measuringu.com,https://measuringu.com/test/,2022-10-19,test,test,test,,content
measuringu.com,https://measuringu.com/all-service/,2020-11-13,all-service,all-service,all service,,content
measuringu.com,https://measuringu.com/publications/,2026-03-11,publications,publications,publications,,content
measuringu.com,https://measuringu.com/participate/,2026-03-11,participate,participate,participate,,content
measuringu.com,https://measuringu.com/privacy/,2026-03-11,privacy,privacy,privacy,,noncontent
measuringu.com,https://measuringu.com/search/,2020-11-13,search,search,search,,noncontent
measuringu.com,https://measuringu.com/contact-confirmation/,2020-11-13,contact-confirmation,contact-confirmation,contact confirmation,,content
measuringu.com,https://measuringu.com/custom/,2020-11-13,custom,custom,custom,,content
measuringu.com,https://measuringu.com/jobs/,2026-03-11,jobs,jobs,jobs,,noncontent
measuringu.com,https://measuringu.com/custom-error-page-handler-and-404/,2021-03-11,custom-error-page-handler-and-404,custom-error-page-handler-and-404,custom error page handler and 404,,content
measuringu.com,https://measuringu.com/viewers/,2020-11-13,viewers,viewers,viewers,,content
measuringu.com,https://measuringu.com/locations/,2020-11-13,locations,locations,locations,,content
measuringu.com,https://measuringu.com/categories/,2020-11-13,categories,categories,categories,,noncontent
measuringu.com,https://measuringu.com/tags-2/,2020-11-13,tags-2,tags-2,tags 2,,content
measuringu.com,https://measuringu.com/my-bookings/,2020-11-13,my-bookings,my-bookings,my bookings,,content
measuringu.com,https://measuringu.com/registration-checkout/,2020-11-13,registration-checkout,registration-checkout,registration checkout,,content
measuringu.com,https://measuringu.com/transactions/,2020-11-13,transactions,transactions,transactions,,content
measuringu.com,https://measuringu.com/thank-you-2/,2017-02-21,thank-you-2,thank-you-2,thank you 2,,content
measuringu.com,https://measuringu.com/registration-cancelled/,2020-11-13,registration-cancelled,registration-cancelled,registration cancelled,,content
measuringu.com,https://measuringu.com/tickets-cart/,2017-02-21,tickets-cart,tickets-cart,tickets cart,,content
measuringu.com,https://measuringu.com/tickets-payment/,2020-11-13,tickets-payment,tickets-payment,tickets payment,,content
measuringu.com,https://measuringu.com/tickets-order-confirmation/,2020-11-13,tickets-order-confirmation,tickets-order-confirmation,tickets order confirmation,,content
measuringu.com,https://measuringu.com/tickets-order-details/,2020-11-13,tickets-order-details,tickets-order-details,tickets order details,,content
measuringu.com,https://measuringu.com/tickets-process-payment/,2020-11-13,tickets-process-payment,tickets-process-payment,tickets process payment,,content
measuringu.com,https://measuringu.com/tickets-ipn-payment/,2020-11-13,tickets-ipn-payment,tickets-ipn-payment,tickets ipn payment,,content
measuringu.com,https://measuringu.com/confirmation/,2020-11-13,confirmation,confirmation,confirmation,,content
measuringu.com,https://measuringu.com/ux-maturity-download/,2020-11-13,ux-maturity-download,ux-maturity-download,ux maturity download,,content
measuringu.com,https://measuringu.com/denverux2017/,2020-11-13,denverux2017,denverux2017,denverux2017,2017,noncontent
measuringu.com,https://measuringu.com/books/,2020-11-13,books,books,books,,content
measuringu.com,https://measuringu.com/8617-2/,2017-10-16,8617-2,8617-2,8617 2,,noncontent
measuringu.com,https://measuringu.com/itdmstudy/,2020-11-13,itdmstudy,itdmstudy,itdmstudy,,content
measuringu.com,https://measuringu.com/article-summaries-listing/,2020-11-13,article-summaries-listing,article-summaries-listing,article summaries listing,,content
measuringu.com,https://measuringu.com/benchmarkbook/,2020-11-13,benchmarkbook,benchmarkbook,benchmarkbook,,content
measuringu.com,https://measuringu.com/test-product-store/,2020-11-13,test-product-store,test-product-store,test product store,,content
measuringu.com,https://measuringu.com/product-thankyou/,2020-11-13,product-thankyou,product-thankyou,product thankyou,,content
measuringu.com,https://measuringu.com/mobilewebstudy/,2020-11-13,mobilewebstudy,mobilewebstudy,mobilewebstudy,,content
measuringu.com,https://measuringu.com/mobileappstudy/,2020-11-13,mobileappstudy,mobileappstudy,mobileappstudy,,content
measuringu.com,https://measuringu.com/desktop/,2021-06-29,desktop,desktop,desktop,,content
measuringu.com,https://measuringu.com/paypal-stream/,2020-11-13,paypal-stream,paypal-stream,paypal stream,,content
measuringu.com,https://measuringu.com/subscribe/,2023-05-16,subscribe,subscribe,subscribe,,noncontent
measuringu.com,https://measuringu.com/ford/,2020-11-13,ford,ford,ford,,content
measuringu.com,https://measuringu.com/cart-2/fbux/,2020-11-13,cart-2,fbux,fbux,,content
measuringu.com,https://measuringu.com/data-for-confidence-interval-exercises-3-5/,2020-11-13,data-for-confidence-interval-exercises-3-5,data-for-confidence-interval-exercises-3-5,data for confidence interval exercises 3 5,,content
measuringu.com,https://measuringu.com/bootcamp2020/,2021-09-13,bootcamp2020,bootcamp2020,bootcamp2020,2020,noncontent
measuringu.com,https://measuringu.com/events/,2022-05-16,events,events,events,,content
measuringu.com,https://measuringu.com/muiq-support/,2023-11-13,muiq-support,muiq-support,muiq support,,content
measuringu.com,https://measuringu.com/completion-redirect/,2021-06-07,completion-redirect,completion-redirect,completion redirect,,content
measuringu.com,https://measuringu.com/overall-quota-redirect/,2021-04-20,overall-quota-redirect,overall-quota-redirect,overall quota redirect,,content
measuringu.com,https://measuringu.com/screenout-redirect/,2021-04-20,screenout-redirect,screenout-redirect,screenout redirect,,content
measuringu.com,https://measuringu.com/google2021/,2021-09-07,google2021,google2021,google2021,2021,noncontent
measuringu.com,https://measuringu.com/muiq-updates/,2024-04-02,muiq-updates,muiq-updates,muiq updates,,content
measuringu.com,https://measuringu.com/muiq-recruitment-form/,2023-08-09,muiq-recruitment-form,muiq-recruitment-form,muiq recruitment form,,content
measuringu.com,https://measuringu.com/muiq-support-ticket-form/,2023-05-16,muiq-support-ticket-form,muiq-support-ticket-form,muiq support ticket form,,content
measuringu.com,https://measuringu.com/bootcamp2021/,2021-09-27,bootcamp2021,bootcamp2021,bootcamp2021,2021,noncontent
measuringu.com,https://measuringu.com/start-task-fail/,2021-09-20,start-task-fail,start-task-fail,start task fail,,content
measuringu.com,https://measuringu.com/user-access-platform/,2021-09-27,user-access-platform,user-access-platform,user access platform,,content
measuringu.com,https://measuringu.com/hbomax/,2022-02-02,hbomax,hbomax,hbomax,,content
measuringu.com,https://measuringu.com/springer/,2022-03-05,springer,springer,springer,,content
measuringu.com,https://measuringu.com/mu-recruitment-form/,2022-12-08,mu-recruitment-form,mu-recruitment-form,mu recruitment form,,content
measuringu.com,https://measuringu.com/muiq-privacy/,2024-04-09,muiq-privacy,muiq-privacy,muiq privacy,,content
measuringu.com,https://measuringu.com/cookie-policy/,2026-03-11,cookie-policy,cookie-policy,cookie policy,,noncontent
measuringu.com,https://measuringu.com/muiq/,2026-10-05,muiq,muiq,muiq,,content
measuringu.com,https://measuringu.com/attendee-registration-page/,2024-09-03,attendee-registration-page,attendee-registration-page,attendee registration page,,content
measuringu.com,https://measuringu.com/recruitment-form-status/,2025-03-25,recruitment-form-status,recruitment-form-status,recruitment form status,,content
measuringu.com,https://measuringu.com/an-overview-of-70-ux-metrics/,2025-12-02,an-overview-of-70-ux-metrics,an-overview-of-70-ux-metrics,an overview of 70 ux metrics,,content
measuringu.com,https://measuringu.com/thd_zip_code_instructions/,2025-08-19,thd_zip_code_instructions,thd_zip_code_instructions,thd zip code instructions,,content
measuringu.com,https://measuringu.com/walmart-zip-code-instructions/,2025-08-19,walmart-zip-code-instructions,walmart-zip-code-instructions,walmart zip code instructions,,content
measuringu.com,https://measuringu.com/lowes-zip-code-instructions/,2025-08-19,lowes-zip-code-instructions,lowes-zip-code-instructions,lowes zip code instructions,,content
measuringu.com,https://measuringu.com/home-depot-mweb-zip-code-instructions/,2025-08-20,home-depot-mweb-zip-code-instructions,home-depot-mweb-zip-code-instructions,home depot mweb zip code instructions,,content
measuringu.com,https://measuringu.com/lowes-mweb-zip-code-instructions/,2025-08-20,lowes-mweb-zip-code-instructions,lowes-mweb-zip-code-instructions,lowes mweb zip code instructions,,content
measuringu.com,https://measuringu.com/walmart-mweb-zip-code-instructions/,2025-08-20,walmart-mweb-zip-code-instructions,walmart-mweb-zip-code-instructions,walmart mweb zip code instructions,,content
measuringu.com,https://measuringu.com/amazon-mweb-zip-code-instructions/,2025-08-20,amazon-mweb-zip-code-instructions,amazon-mweb-zip-code-instructions,amazon mweb zip code instructions,,content
measuringu.com,https://measuringu.com/home-depot-app-zip-code-instructions/,2025-08-20,home-depot-app-zip-code-instructions,home-depot-app-zip-code-instructions,home depot app zip code instructions,,content
measuringu.com,https://measuringu.com/lowes-app-zip-code-instructions/,2025-08-20,lowes-app-zip-code-instructions,lowes-app-zip-code-instructions,lowes app zip code instructions,,content
measuringu.com,https://measuringu.com/walmart-app-zip-code-instructions/,2025-08-20,walmart-app-zip-code-instructions,walmart-app-zip-code-instructions,walmart app zip code instructions,,content
measuringu.com,https://measuringu.com/mu-uxr-task-data/,2025-10-04,mu-uxr-task-data,mu-uxr-task-data,mu uxr task data,,content
measuringu.com,https://measuringu.com/datenschutzerklarung/,2026-01-23,datenschutzerklarung,datenschutzerklarung,datenschutzerklarung,,content
measuringu.com,https://measuringu.com/questionimage/,2026-01-29,questionimage,questionimage,questionimage,,content
measuringu.com,https://measuringu.com/,2026-04-24,,,,,noncontent
measuringu.com,https://measuringu.com/request-a-demo/,2026-02-26,request-a-demo,request-a-demo,request a demo,,content
measuringu.com,https://measuringu.com/muiq-usability-studies/,2026-08-31,muiq-usability-studies,muiq-usability-studies,muiq usability studies,,content
measuringu.com,https://measuringu.com/screenout-redirect-de/,2026-04-28,screenout-redirect-de,screenout-redirect-de,screenout redirect de,,content
measuringu.com,https://measuringu.com/completion-de-post/,2026-06-03,completion-de-post,completion-de-post,completion de post,,content
measuringu.com,https://measuringu.com/completion-de-screener/,2026-05-11,completion-de-screener,completion-de-screener,completion de screener,,content
measuringu.com,https://measuringu.com/completion-de-pre/,2026-05-12,completion-de-pre,completion-de-pre,completion de pre,,content
measuringu.com,https://measuringu.com/muiq-information-architecture-testing/,2026-08-31,muiq-information-architecture-testing,muiq-information-architecture-testing,muiq information architecture testing,,content
measuringu.com,https://measuringu.com/completion-redirect-uxpa/,2026-06-19,completion-redirect-uxpa,completion-redirect-uxpa,completion redirect uxpa,,content
measuringu.com,https://measuringu.com/muiq-surveys-questionnaires/,2026-08-31,muiq-surveys-questionnaires,muiq-surveys-questionnaires,muiq surveys questionnaires,,content
measuringu.com,https://measuringu.com/muiq-moderated-studies/,2026-08-31,muiq-moderated-studies,muiq-moderated-studies,muiq moderated studies,,content
measuringu.com,https://measuringu.com/muiq-experimental-conditions/,2026-08-31,muiq-experimental-conditions,muiq-experimental-conditions,muiq experimental conditions,,content
measuringu.com,https://measuringu.com/muiq-results-analytics/,2026-08-31,muiq-results-analytics,muiq-results-analytics,muiq results analytics,,content
measuringu.com,https://measuringu.com/muiq-participant-recruitment/,2026-08-31,muiq-participant-recruitment,muiq-participant-recruitment,muiq participant recruitment,,content
measuringu.com,https://measuringu.com/muiq-support-training/,2026-08-31,muiq-support-training,muiq-support-training,muiq support training,,content
measuringu.com,https://measuringu.com/recruit-not-qualified/,2026-09-10,recruit-not-qualified,recruit-not-qualified,recruit not qualified,,content
measuringu.com,https://measuringu.com/wear-habits-study-2026-09/,2026-09-11,wear-habits-study-2026-09,wear-habits-study-2026-09,wear habits study 2026 09,2026,content
measuringu.com,https://measuringu.com/recruit-complete/,2026-09-11,recruit-complete,recruit-complete,recruit complete,,content
measuringu.com,https://measuringu.com/events/ux-boot-camp-in-denver/,2020-11-27,events,ux-boot-camp-in-denver,ux boot camp in denver,,content
measuringu.com,https://measuringu.com/events/ux-boot-camp-in-rome/,2020-11-27,events,ux-boot-camp-in-rome,ux boot camp in rome,,content
measuringu.com,https://measuringu.com/events/london-quantifying-ux/,2020-11-27,events,london-quantifying-ux,london quantifying ux,,content
measuringu.com,https://measuringu.com/events/create-a-ux-measurement-plan-event/,2020-11-27,events,create-a-ux-measurement-plan-event,create a ux measurement plan event,,content
measuringu.com,https://measuringu.com/events/chi-2017/,2020-11-27,events,chi-2017,chi 2017,2017,content
measuringu.com,https://measuringu.com/events/ux-bootcamp-2017/,2020-11-27,events,ux-bootcamp-2017,ux bootcamp 2017,2017,content
measuringu.com,https://measuringu.com/events/uxpa-2018/,2020-11-27,events,uxpa-2018,uxpa 2018,2018,content
measuringu.com,https://measuringu.com/events/ux-measurement-bootcamp-2018/,2020-11-27,events,ux-measurement-bootcamp-2018,ux measurement bootcamp 2018,2018,content
measuringu.com,https://measuringu.com/events/ux-strat-boulder/,2020-11-27,events,ux-strat-boulder,ux strat boulder,,content
measuringu.com,https://measuringu.com/events/benchmarking-the-user-experience/,2020-11-27,events,benchmarking-the-user-experience,benchmarking the user experience,,content
measuringu.com,https://measuringu.com/events/making-better-design-decisions-with-data/,2020-11-27,events,making-better-design-decisions-with-data,making better design decisions with data,,content
measuringu.com,https://measuringu.com/events/how-harmful-is-the-net-promoter-score-bay-area-event/,2020-11-27,events,how-harmful-is-the-net-promoter-score-bay-area-event,how harmful is the net promoter score bay area event,,content
measuringu.com,https://measuringu.com/events/ux-book-club-denver-jeff-sauro-benchmarking-the-user-experience/,2021-04-29,events,ux-book-club-denver-jeff-sauro-benchmarking-the-user-experience,ux book club denver jeff sauro benchmarking the user experience,,content
measuringu.com,https://measuringu.com/events/ux-measurement-bootcamp-2019/,2021-04-29,events,ux-measurement-bootcamp-2019,ux measurement bootcamp 2019,2019,content
measuringu.com,https://measuringu.com/events/ux-measurement-bootcamp-2020/,2021-04-29,events,ux-measurement-bootcamp-2020,ux measurement bootcamp 2020,2020,content
measuringu.com,https://measuringu.com/events/ux-webinar-the-essentials-of-ux-benchmarking-its-3-biggest-challenges/,2021-04-29,events,ux-webinar-the-essentials-of-ux-benchmarking-its-3-biggest-challenges,ux webinar the essentials of ux benchmarking its 3 biggest challenges,,content
measuringu.com,https://measuringu.com/events/ux-webinar-rating-scales-best-practices-the-conventional-wisdom-may-not-always-be-wise/,2021-04-29,events,ux-webinar-rating-scales-best-practices-the-conventional-wisdom-may-not-always-be-wise,ux webinar rating scales best practices the conventional wisdom may not always be wise,,content
measuringu.com,https://measuringu.com/events/ux-webinar-rating-scales-how-much-do-format-changes-affect-responses/,2021-04-29,events,ux-webinar-rating-scales-how-much-do-format-changes-affect-responses,ux webinar rating scales how much do format changes affect responses,,content
measuringu.com,https://measuringu.com/events/ux-measurement-bootcamp-2021/,2021-09-01,events,ux-measurement-bootcamp-2021,ux measurement bootcamp 2021,2021,content
measuringu.com,https://measuringu.com/events/ux-webinar-data-drivers-diatribes-part-1/,2021-05-19,events,ux-webinar-data-drivers-diatribes-part-1,ux webinar data drivers diatribes part 1,,content
measuringu.com,https://measuringu.com/events/ux-webinar-data-drivers-diatribes-part-2/,2021-06-09,events,ux-webinar-data-drivers-diatribes-part-2,ux webinar data drivers diatribes part 2,,content
measuringu.com,https://measuringu.com/events/ux-webinar-data-drivers-diatribes-part-3/,2021-07-12,events,ux-webinar-data-drivers-diatribes-part-3,ux webinar data drivers diatribes part 3,,content
measuringu.com,https://measuringu.com/events/uxpa2021/,2021-08-18,events,uxpa2021,uxpa2021,2021,noncontent
measuringu.com,https://measuringu.com/events/ux-lite-webinar/,2021-08-23,events,ux-lite-webinar,ux lite webinar,,content
measuringu.com,https://measuringu.com/events/ux-lite-webinar-part2/,2021-09-22,events,ux-lite-webinar-part2,ux lite webinar part2,,content
measuringu.com,https://measuringu.com/events/ux-measurement-bootcamp-2022/,2022-09-30,events,ux-measurement-bootcamp-2022,ux measurement bootcamp 2022,2022,content
measuringu.com,https://measuringu.com/events/overview-essential-ux-metrics/,2022-05-17,events,overview-essential-ux-metrics,overview essential ux metrics,,content
measuringu.com,https://measuringu.com/events/overview-essential-ux-methods/,2022-08-16,events,overview-essential-ux-methods,overview essential ux methods,,content
measuringu.com,https://measuringu.com/events/overview-muiq-platform/,2022-11-09,events,overview-muiq-platform,overview muiq platform,,content
measuringu.com,https://measuringu.com/events/click-testing-to-answer-uxrq/,2023-02-27,events,click-testing-to-answer-uxrq,click testing to answer uxrq,,content
measuringu.com,https://measuringu.com/events/ux-measurement-bootcamp-2023/,2023-09-13,events,ux-measurement-bootcamp-2023,ux measurement bootcamp 2023,2023,content
measuringu.com,https://measuringu.com/events/uxpa2023/,2023-05-31,events,uxpa2023,uxpa2023,2023,noncontent
measuringu.com,https://measuringu.com/events/overview-muiq-platform-2023/,2023-10-02,events,overview-muiq-platform-2023,overview muiq platform 2023,2023,content
measuringu.com,https://measuringu.com/events/surveying-the-ux-webinar/,2024-02-21,events,surveying-the-ux-webinar,surveying the ux webinar,,content
measuringu.com,https://measuringu.com/events/jeff-athens2024/,2024-05-01,events,jeff-athens2024,jeff athens2024,2024,content
measuringu.com,https://measuringu.com/events/uxpa2024-boston/,2024-04-30,events,uxpa2024-boston,uxpa2024 boston,2024,content
measuringu.com,https://measuringu.com/events/uxpa2024-international/,2024-06-19,events,uxpa2024-international,uxpa2024 international,2024,content
measuringu.com,https://measuringu.com/events/ux-measurement-bootcamp-2024/,2024-08-15,events,ux-measurement-bootcamp-2024,ux measurement bootcamp 2024,2024,content
measuringu.com,https://measuringu.com/events/webinar-20-years-of-measuringu/,2025-03-05,events,webinar-20-years-of-measuringu,webinar 20 years of measuringu,,content
measuringu.com,https://measuringu.com/events/meet-us-at-uxpa-boston-2025/,2025-04-21,events,meet-us-at-uxpa-boston-2025,meet us at uxpa boston 2025,2025,content
measuringu.com,https://measuringu.com/events/ux-measurement-bootcamp-2025/,2025-09-02,events,ux-measurement-bootcamp-2025,ux measurement bootcamp 2025,2025,content
measuringu.com,https://measuringu.com/events/getting-comfortable-with-quantitative-ux-research/,2025-05-06,events,getting-comfortable-with-quantitative-ux-research,getting comfortable with quantitative ux research,,content
measuringu.com,https://measuringu.com/events/quant-ux-con-2026-watch-party/,2026-10-06,events,quant-ux-con-2026-watch-party,quant ux con 2026 watch party,2026,content
measuringu.com,https://measuringu.com/clients/paypal/,2016-03-09,clients,paypal,paypal,,content
measuringu.com,https://measuringu.com/clients/walmart/,2016-03-09,clients,walmart,walmart,,content
measuringu.com,https://measuringu.com/clients/mcafee/,2016-03-09,clients,mcafee,mcafee,,content
measuringu.com,https://measuringu.com/clients/autodesk/,2016-03-09,clients,autodesk,autodesk,,content
measuringu.com,https://measuringu.com/clients/charter/,2016-09-20,clients,charter,charter,,content
measuringu.com,https://measuringu.com/clients/lifelock/,2016-09-20,clients,lifelock,lifelock,,content
measuringu.com,https://measuringu.com/clients/national-multiple-sclerosis-society/,2016-09-20,clients,national-multiple-sclerosis-society,national multiple sclerosis society,,content
measuringu.com,https://measuringu.com/clients/veritas/,2016-09-20,clients,veritas,veritas,,content
measuringu.com,https://measuringu.com/clients/adp/,2016-09-20,clients,adp,adp,,content
measuringu.com,https://measuringu.com/clients/ebay/,2016-09-20,clients,ebay,ebay,,content
measuringu.com,https://measuringu.com/clients/dropbox/,2016-09-20,clients,dropbox,dropbox,,content
measuringu.com,https://measuringu.com/clients/vail-resorts/,2016-09-20,clients,vail-resorts,vail resorts,,content
measuringu.com,https://measuringu.com/clients/synchrony/,2016-09-20,clients,synchrony,synchrony,,content
measuringu.com,https://measuringu.com/clients/kaspersky/,2016-09-20,clients,kaspersky,kaspersky,,content
measuringu.com,https://measuringu.com/clients/tripadvisor/,2016-09-20,clients,tripadvisor,tripadvisor,,content
measuringu.com,https://measuringu.com/clients/lenovo/,2016-09-20,clients,lenovo,lenovo,,content
measuringu.com,https://measuringu.com/clients/pearson/,2016-09-20,clients,pearson,pearson,,content
measuringu.com,https://measuringu.com/clients/sales-force/,2016-09-20,clients,sales-force,sales force,,content
measuringu.com,https://measuringu.com/clients/one-kings-lane/,2016-09-20,clients,one-kings-lane,one kings lane,,content
measuringu.com,https://measuringu.com/clients/stubhub/,2016-09-20,clients,stubhub,stubhub,,content
measuringu.com,https://measuringu.com/clients/google/,2016-09-20,clients,google,google,,content
measuringu.com,https://measuringu.com/testimonials/gavin-lew/,2020-12-02,testimonials,gavin-lew,gavin lew,,content
measuringu.com,https://measuringu.com/testimonials/sharon-kaiser/,2020-12-02,testimonials,sharon-kaiser,sharon kaiser,,content
measuringu.com,https://measuringu.com/testimonials/amber-derosa/,2020-12-02,testimonials,amber-derosa,amber derosa,,content
measuringu.com,https://measuringu.com/testimonials/gavin-lew-2/,2020-12-02,testimonials,gavin-lew-2,gavin lew 2,,content
measuringu.com,https://measuringu.com/testimonials/sharon-kaiser-2/,2020-12-02,testimonials,sharon-kaiser-2,sharon kaiser 2,,content
measuringu.com,https://measuringu.com/testimonials/amber-derosa-2/,2020-12-02,testimonials,amber-derosa-2,amber derosa 2,,content
measuringu.com,https://measuringu.com/testimonials/sharon-kaiser-3/,2020-12-02,testimonials,sharon-kaiser-3,sharon kaiser 3,,content
measuringu.com,https://measuringu.com/testimonials/tg/,2020-12-02,testimonials,tg,tg,,noncontent
measuringu.com,https://measuringu.com/testimonials/polly-bijur-ph-d-mph/,2020-12-02,testimonials,polly-bijur-ph-d-mph,polly bijur ph d mph,,content
measuringu.com,https://measuringu.com/testimonials/dr-ann-margaret-esnard/,2020-12-02,testimonials,dr-ann-margaret-esnard,dr ann margaret esnard,,content
measuringu.com,https://measuringu.com/testimonials/dr-jim-kimes/,2020-12-02,testimonials,dr-jim-kimes,dr jim kimes,,content
measuringu.com,https://measuringu.com/testimonials/dr-hassan-ramadan/,2020-12-02,testimonials,dr-hassan-ramadan,dr hassan ramadan,,content
measuringu.com,https://measuringu.com/testimonials/greggory-devore-m-d-facog-faium/,2020-12-02,testimonials,greggory-devore-m-d-facog-faium,greggory devore m d facog faium,,content
measuringu.com,https://measuringu.com/testimonials/erika-kindlund/,2020-12-02,testimonials,erika-kindlund,erika kindlund,,content
measuringu.com,https://measuringu.com/testimonials/guy-sangwine/,2020-12-02,testimonials,guy-sangwine,guy sangwine,,content
measuringu.com,https://measuringu.com/testimonials/gavin-lew-3/,2020-12-02,testimonials,gavin-lew-3,gavin lew 3,,content
measuringu.com,https://measuringu.com/testimonials/amber-derosa-3/,2020-12-02,testimonials,amber-derosa-3,amber derosa 3,,content
measuringu.com,https://measuringu.com/testimonials/philip-hodgson-ph-d/,2020-12-02,testimonials,philip-hodgson-ph-d,philip hodgson ph d,,content
measuringu.com,https://measuringu.com/testimonials/erika-kindlund-2/,2020-12-02,testimonials,erika-kindlund-2,erika kindlund 2,,content
measuringu.com,https://measuringu.com/testimonials/guy-sangwine-2/,2020-12-02,testimonials,guy-sangwine-2,guy sangwine 2,,content
measuringu.com,https://measuringu.com/testimonials/bert-shoemaker/,2020-12-02,testimonials,bert-shoemaker,bert shoemaker,,content
measuringu.com,https://measuringu.com/testimonials/dr-ann-margaret-esnard-2/,2020-12-02,testimonials,dr-ann-margaret-esnard-2,dr ann margaret esnard 2,,content
measuringu.com,https://measuringu.com/testimonials/dr-jim-kimes-2/,2020-12-02,testimonials,dr-jim-kimes-2,dr jim kimes 2,,content
measuringu.com,https://measuringu.com/testimonials/dr-hassan-ramadan-2/,2020-12-02,testimonials,dr-hassan-ramadan-2,dr hassan ramadan 2,,content
measuringu.com,https://measuringu.com/testimonials/john-brooke-phd/,2020-12-02,testimonials,john-brooke-phd,john brooke phd,,content
measuringu.com,https://measuringu.com/testimonials/randall-blair/,2020-12-02,testimonials,randall-blair,randall blair,,content
measuringu.com,https://measuringu.com/testimonials/amy-coffey/,2020-12-02,testimonials,amy-coffey,amy coffey,,content
measuringu.com,https://measuringu.com/testimonials/jurek-kirakowski-ph-d/,2020-12-02,testimonials,jurek-kirakowski-ph-d,jurek kirakowski ph d,,content
measuringu.com,https://measuringu.com/testimonials/john-brooke-phd-2/,2020-12-02,testimonials,john-brooke-phd-2,john brooke phd 2,,content
measuringu.com,https://measuringu.com/testimonials/amber-derosa-4/,2020-12-02,testimonials,amber-derosa-4,amber derosa 4,,content
measuringu.com,https://measuringu.com/testimonials/gavin-lew-4/,2020-12-02,testimonials,gavin-lew-4,gavin lew 4,,content
measuringu.com,https://measuringu.com/testimonials/philippe/,2020-12-02,testimonials,philippe,philippe,,content
measuringu.com,https://measuringu.com/testimonials/stephany-wilkes/,2020-12-02,testimonials,stephany-wilkes,stephany wilkes,,content
measuringu.com,https://measuringu.com/testimonials/stephany-wilkes-2/,2020-12-02,testimonials,stephany-wilkes-2,stephany wilkes 2,,content
measuringu.com,https://measuringu.com/testimonials/stephany-wilkes-3/,2020-12-02,testimonials,stephany-wilkes-3,stephany wilkes 3,,content
measuringu.com,https://measuringu.com/testimonials/stephany-wilkes-4/,2020-12-02,testimonials,stephany-wilkes-4,stephany wilkes 4,,content
measuringu.com,https://measuringu.com/calculators/problem_discovery/,2022-07-21,calculators,problem_discovery,problem discovery,,content
measuringu.com,https://measuringu.com/calculators/time_intervals/,2020-12-11,calculators,time_intervals,time intervals,,content
measuringu.com,https://measuringu.com/calculators/wald/,2020-12-11,calculators,wald,wald,,content
measuringu.com,https://measuringu.com/calculators/pcalcz/,2020-12-11,calculators,pcalcz,pcalcz,,content
measuringu.com,https://measuringu.com/calculators/zcalcp/,2020-12-11,calculators,zcalcp,zcalcp,,content
measuringu.com,https://measuringu.com/calculators/onep/,2020-12-11,calculators,onep,onep,,content
measuringu.com,https://measuringu.com/calculators/fisher/,2020-12-11,calculators,fisher,fisher,,content
measuringu.com,https://measuringu.com/calculators/ci-calc/,2020-12-11,calculators,ci-calc,ci calc,,content
measuringu.com,https://measuringu.com/calculators/ab-cal/,2020-12-11,calculators,ab-cal,ab cal,,content
measuringu.com,https://measuringu.com/calculators/2-sample-t-calc/,2021-12-15,calculators,2-sample-t-calc,2 sample t calc,,content
measuringu.com,https://measuringu.com/services/task-based-usability/,2021-01-25,services,task-based-usability,task based usability,,content
measuringu.com,https://measuringu.com/services/tree-testing/,2021-03-10,services,tree-testing,tree testing,,content
measuringu.com,https://measuringu.com/services/card-sorting/,2023-02-15,services,card-sorting,card sorting,,content
measuringu.com,https://measuringu.com/services/heuristic-evaluation/,2021-08-27,services,heuristic-evaluation,heuristic evaluation,,content
measuringu.com,https://measuringu.com/services/training-workshops/,2021-01-25,services,training-workshops,training workshops,,content
measuringu.com,https://measuringu.com/services/in-depth/,2021-03-11,services,in-depth,in depth,,content
measuringu.com,https://measuringu.com/services/persona-analysis/,2023-05-26,services,persona-analysis,persona analysis,,content
measuringu.com,https://measuringu.com/services/contextual-inquiry/,2021-01-25,services,contextual-inquiry,contextual inquiry,,content
measuringu.com,https://measuringu.com/services/advanced-statistical-analysis/,2023-09-19,services,advanced-statistical-analysis,advanced statistical analysis,,content
measuringu.com,https://measuringu.com/services/formative-usability/,2021-01-25,services,formative-usability,formative usability,,content
measuringu.com,https://measuringu.com/services/website-intercept/,2021-03-11,services,website-intercept,website intercept,,content
measuringu.com,https://measuringu.com/services/kano-modeling/,2021-01-25,services,kano-modeling,kano modeling,,content
measuringu.com,https://measuringu.com/services/standardized-measurement/,2021-03-11,services,standardized-measurement,standardized measurement,,content
measuringu.com,https://measuringu.com/services/conjoint-maxdiff/,2021-03-10,services,conjoint-maxdiff,conjoint maxdiff,,content
measuringu.com,https://measuringu.com/services/competitive-benchmark/,2021-03-10,services,competitive-benchmark,competitive benchmark,,content
measuringu.com,https://measuringu.com/services/unmoderated/,2026-04-08,services,unmoderated,unmoderated,,content
measuringu.com,https://measuringu.com/services/moderated/,2021-01-25,services,moderated,moderated,,content
measuringu.com,https://measuringu.com/services/mobile-testing/,2021-01-25,services,mobile-testing,mobile testing,,content
measuringu.com,https://measuringu.com/services/eye-tracking/,2022-04-19,services,eye-tracking,eye tracking,,content
measuringu.com,https://measuringu.com/services/top-tasks-analysis/,2021-01-25,services,top-tasks-analysis,top tasks analysis,,content
measuringu.com,https://measuringu.com/services/segmentation-analysis/,2021-03-11,services,segmentation-analysis,segmentation analysis,,content
measuringu.com,https://measuringu.com/services/survey-design-analysis/,2021-01-25,services,survey-design-analysis,survey design analysis,,content
measuringu.com,https://measuringu.com/services/ux-measurement-stategy-planning/,2021-03-11,services,ux-measurement-stategy-planning,ux measurement stategy planning,,content
measuringu.com,https://measuringu.com/services/survey/,2021-01-25,services,survey,survey,,content
measuringu.com,https://measuringu.com/services/pure-training/,2021-01-25,services,pure-training,pure training,,content
measuringu.com,https://measuringu.com/services/facial-coding/,2021-01-25,services,facial-coding,facial coding,,content
measuringu.com,https://measuringu.com/services/click-testing/,2023-04-19,services,click-testing,click testing,,content
measuringu.com,https://measuringu.com/services/uxr-labs/,2024-04-24,services,uxr-labs,uxr labs,,content
measuringu.com,https://measuringu.com/job/operations-coordinator-scheduling-vendor-coordination/,2026-09-26,job,operations-coordinator-scheduling-vendor-coordination,operations coordinator scheduling vendor coordination,,noncontent
measuringu.com,https://measuringu.com/book/a-practical-guide-to-measuring-usability/,2020-12-09,book,a-practical-guide-to-measuring-usability,a practical guide to measuring usability,,content
measuringu.com,https://measuringu.com/book/a-practical-guide-to-the-system-usability-scale/,2020-12-09,book,a-practical-guide-to-the-system-usability-scale,a practical guide to the system usability scale,,content
measuringu.com,https://measuringu.com/book/excel-r-companion-to-the-2nd-edition-of-quantifying-the-user-experience/,2020-12-09,book,excel-r-companion-to-the-2nd-edition-of-quantifying-the-user-experience,excel r companion to the 2nd edition of quantifying the user experience,,content
measuringu.com,https://measuringu.com/book/quantifying-the-user-experience-practical-statistics-for-user-research/,2020-12-09,book,quantifying-the-user-experience-practical-statistics-for-user-research,quantifying the user experience practical statistics for user research,,content
measuringu.com,https://measuringu.com/book/customer-analytics-for-dummies/,2020-12-09,book,customer-analytics-for-dummies,customer analytics for dummies,,content
measuringu.com,https://measuringu.com/book/benchmarking-the-user-experience/,2020-12-09,book,benchmarking-the-user-experience,benchmarking the user experience,,content
measuringu.com,https://measuringu.com/book/surveying-the-user-experience/,2024-01-23,book,surveying-the-user-experience,surveying the user experience,,content
measuringu.com,https://measuringu.com/article/a-pragmatic-services-for-scoring-product-usability/,2016-05-28,article,a-pragmatic-services-for-scoring-product-usability,a pragmatic services for scoring product usability,,content
measuringu.com,https://measuringu.com/article/a-comprehensive-measure-of-the-quality-of-the-website-user-experience/,2015-02-02,article,a-comprehensive-measure-of-the-quality-of-the-website-user-experience,a comprehensive measure of the quality of the website user experience,,content
measuringu.com,https://measuringu.com/article/the-relationship-between-problem-frequency-and-problem-severity-in-usability-evaluations/,2014-11-01,article,the-relationship-between-problem-frequency-and-problem-severity-in-usability-evaluations,the relationship between problem frequency and problem severity in usability evaluations,,content
measuringu.com,https://measuringu.com/article/a-single-item-measure-of-website-usability-comments-on-christophersen-and-konradt-2011/,2013-01-29,article,a-single-item-measure-of-website-usability-comments-on-christophersen-and-konradt-2011,a single item measure of website usability comments on christophersen and konradt 2011,2011,content
measuringu.com,https://measuringu.com/article/comments-on-lascu-and-clow-2008/,2013-02-20,article,comments-on-lascu-and-clow-2008,comments on lascu and clow 2008,2008,content
measuringu.com,https://measuringu.com/article/clothing-the-naked-emperor-the-unfulfilled-promise-of-the-science-of-usability/,2025-03-05,article,clothing-the-naked-emperor-the-unfulfilled-promise-of-the-science-of-usability,clothing the naked emperor the unfulfilled promise of the science of usability,,content
measuringu.com,https://measuringu.com/article/when-designing-usability-questionnaires-does-it-hurt-to-be-positive/,2011-05-29,article,when-designing-usability-questionnaires-does-it-hurt-to-be-positive,when designing usability questionnaires does it hurt to be positive,,content
measuringu.com,https://measuringu.com/article/rent-a-car-in-just-0-60-240-or-1217-seconds-comparative-usability-measurement-cue-8/,2010-11-29,article,rent-a-car-in-just-0-60-240-or-1217-seconds-comparative-usability-measurement-cue-8,rent a car in just 0 60 240 or 1217 seconds comparative usability measurement cue 8,,content
measuringu.com,https://measuringu.com/article/vibration-signaling-in-mobile-devices-for-emergency-alerting-a-study-with-deaf-evaluators/,2010-07-29,article,vibration-signaling-in-mobile-devices-for-emergency-alerting-a-study-with-deaf-evaluators,vibration signaling in mobile devices for emergency alerting a study with deaf evaluators,,content
measuringu.com,https://measuringu.com/article/average-task-times-in-usability-tests-what-to-report/,2010-05-29,article,average-task-times-in-usability-tests-what-to-report,average task times in usability tests what to report,,content
measuringu.com,https://measuringu.com/article/correlations-among-prototypical-usability-metrics-evidence-for-the-construct-of-usability/,2009-05-29,article,correlations-among-prototypical-usability-metrics-evidence-for-the-construct-of-usability,correlations among prototypical usability metrics evidence for the construct of usability,,content
measuringu.com,https://measuringu.com/article/comparison-of-three-one-question-post-task-usability-questionnaires/,2009-05-29,article,comparison-of-three-one-question-post-task-usability-questionnaires,comparison of three one question post task usability questionnaires,,content
measuringu.com,https://measuringu.com/article/the-factor-structure-of-the-system-usability-scale/,2009-07-29,article,the-factor-structure-of-the-system-usability-scale,the factor structure of the system usability scale,,content
measuringu.com,https://measuringu.com/article/composite-operators-for-keystroke-level-modeling/,2009-07-29,article,composite-operators-for-keystroke-level-modeling,composite operators for keystroke level modeling,,content
measuringu.com,https://measuringu.com/article/waits-measures-quantifying-usability/,2006-11-29,article,waits-measures-quantifying-usability,waits measures quantifying usability,,content
measuringu.com,https://measuringu.com/article/the-user-is-in-the-numbers/,2025-03-31,article,the-user-is-in-the-numbers,the user is in the numbers,,content
measuringu.com,https://measuringu.com/article/why-a-completion-rate-is-better-with-a-confidence-interval/,2025-03-31,article,why-a-completion-rate-is-better-with-a-confidence-interval,why a completion rate is better with a confidence interval,,content
measuringu.com,https://measuringu.com/article/when-100-really-isnt-100-improving-the-accuracy-of-small-sample-estimates-of-completion-rates/,2006-12-29,article,when-100-really-isnt-100-improving-the-accuracy-of-small-sample-estimates-of-completion-rates,when 100 really isnt 100 improving the accuracy of small sample estimates of completion rates,,content
measuringu.com,https://measuringu.com/article/estimating-completion-rates-from-small-samples-using-binomial-confidence-intervals-comparisons-and-recommendations/,2005-09-29,article,estimating-completion-rates-from-small-samples-using-binomial-confidence-intervals-comparisons-and-recommendations,estimating completion rates from small samples using binomial confidence intervals comparisons and recommendations,,content
measuringu.com,https://measuringu.com/article/making-sense-of-usability-metrics-usability-and-six-sigma/,2005-06-29,article,making-sense-of-usability-metrics-usability-and-six-sigma,making sense of usability metrics usability and six sigma,,content
measuringu.com,https://measuringu.com/article/using-a-single-usability-metric-sum-to-compare-the-usability-of-competing-products/,2005-07-29,article,using-a-single-usability-metric-sum-to-compare-the-usability-of-competing-products,using a single usability metric sum to compare the usability of competing products,,content
measuringu.com,https://measuringu.com/article/how-long-should-a-task-take-identifying-specification-limits-for-task-times-in-usability-tests/,2005-07-29,article,how-long-should-a-task-take-identifying-specification-limits-for-task-times-in-usability-tests,how long should a task take identifying specification limits for task times in usability tests,,content
measuringu.com,https://measuringu.com/article/a-method-to-standardize-usability-metrics-into-a-single-score/,2005-05-29,article,a-method-to-standardize-usability-metrics-into-a-single-score,a method to standardize usability metrics into a single score,,content
measuringu.com,https://measuringu.com/article/premium-usability-getting-the-discount-without-paying-the-price/,2004-11-29,article,premium-usability-getting-the-discount-without-paying-the-price,premium usability getting the discount without paying the price,,content
measuringu.com,https://measuringu.com/article/from-snake-oil-to-science-measuring-ux-maturity/,2017-07-03,article,from-snake-oil-to-science-measuring-ux-maturity,from snake oil to science measuring ux maturity,,content
measuringu.com,https://measuringu.com/article/sustisfied-little-known-system-usability-scale-facts/,2011-08-03,article,sustisfied-little-known-system-usability-scale-facts,sustisfied little known system usability scale facts,,content
measuringu.com,https://measuringu.com/article/sumi-sus-international-sale/,2011-10-14,article,sumi-sus-international-sale,sumi sus international sale,,content
measuringu.com,https://measuringu.com/article/suprqm/,2025-03-12,article,suprqm,suprqm,,content
measuringu.com,https://measuringu.com/article/sus-benchmarks/,2023-10-25,article,sus-benchmarks,sus benchmarks,,content
measuringu.com,https://measuringu.com/article/revisiting-factor-structure-sus/,2023-10-25,article,revisiting-factor-structure-sus,revisiting factor structure sus,,content
measuringu.com,https://measuringu.com/article/perceived-usability-and-modified-tam/,2024-03-15,article,perceived-usability-and-modified-tam,perceived usability and modified tam,,content
measuringu.com,https://measuringu.com/article/jus-top-10-articles-2005-2021/,2023-10-26,article,jus-top-10-articles-2005-2021,jus top 10 articles 2005 2021,2005,content
measuringu.com,https://measuringu.com/article/comparison-of-sata-items-with-yn-forced-choice-items/,2023-10-26,article,comparison-of-sata-items-with-yn-forced-choice-items,comparison of sata items with yn forced choice items,,content
measuringu.com,https://measuringu.com/article/usability-and-user-experience-design-and-evaluation/,2023-10-26,article,usability-and-user-experience-design-and-evaluation,usability and user experience design and evaluation,,content
measuringu.com,https://measuringu.com/article/effect-of-perceived-ease-of-use-and-usefulness-on-ux-and-behavioral-outcomes/,2023-10-26,article,effect-of-perceived-ease-of-use-and-usefulness-on-ux-and-behavioral-outcomes,effect of perceived ease of use and usefulness on ux and behavioral outcomes,,content
measuringu.com,https://measuringu.com/article/measuring-the-perceived-clutter-of-websites/,2024-06-03,article,measuring-the-perceived-clutter-of-websites,measuring the perceived clutter of websites,,content
measuringu.com,https://measuringu.com/article/streamlining-the-supr-qm-the-supr-qm-v2/,2025-03-12,article,streamlining-the-supr-qm-the-supr-qm-v2,streamlining the supr qm the supr qm v2,,content
measuringu.com,https://measuringu.com/reports/glassview/,2021-05-11,reports,glassview,glassview,,content
measuringu.com,https://measuringu.com/reports/glassview-archive/,2018-01-08,reports,glassview-archive,glassview archive,,content
measuringu.com,https://measuringu.com/article-summaries/the-usability-metric-for-user-experience/,2021-05-14,article-summaries,the-usability-metric-for-user-experience,the usability metric for user experience,,content
measuringu.com,https://measuringu.com/article-summaries/the-usability-metric-for-user-experience-2/,2021-05-14,article-summaries,the-usability-metric-for-user-experience-2,the usability metric for user experience 2,,content
measuringu.com,https://measuringu.com/article-summaries/advocacy-drives-growth/,2021-05-14,article-summaries,advocacy-drives-growth,advocacy drives growth,,content
measuringu.com,https://measuringu.com/article-summaries/the-value-of-different-customer-satisfaction-and-loyalty-metrics-in-predicting-business-performance/,2021-05-14,article-summaries,the-value-of-different-customer-satisfaction-and-loyalty-metrics-in-predicting-business-performance,the value of different customer satisfaction and loyalty metrics in predicting business performance,,content
measuringu.com,https://measuringu.com/article-summaries/questions-about-the-ultimate-question/,2021-05-14,article-summaries,questions-about-the-ultimate-question,questions about the ultimate question,,content
measuringu.com,https://measuringu.com/article-summaries/the-value-of-different-customer-satisfaction-and-loyalty-metrics-in-predicting-customer-retention-recommendation-and-share-of-wallet/,2021-05-14,article-summaries,the-value-of-different-customer-satisfaction-and-loyalty-metrics-in-predicting-customer-retention-recommendation-and-share-of-wallet,the value of different customer satisfaction and loyalty metrics in predicting customer retention recommendation and share of wallet,,content
measuringu.com,https://measuringu.com/article-summaries/a-longitudinal-examination-of-net-promoter-and-firm-revenue-growth/,2021-05-14,article-summaries,a-longitudinal-examination-of-net-promoter-and-firm-revenue-growth,a longitudinal examination of net promoter and firm revenue growth,,content
measuringu.com,https://measuringu.com/article-summaries/the-single-question-trap/,2021-05-14,article-summaries,the-single-question-trap,the single question trap,,content
measuringu.com,https://measuringu.com/article-summaries/net-promoter-score-fails-the-test/,2021-05-14,article-summaries,net-promoter-score-fails-the-test,net promoter score fails the test,,content
measuringu.com,https://measuringu.com/article-summaries/measuring-customer-satisfaction-and-loyalty-improving-the-net-promoter-score/,2021-05-14,article-summaries,measuring-customer-satisfaction-and-loyalty-improving-the-net-promoter-score,measuring customer satisfaction and loyalty improving the net promoter score,,content
measuringu.com,https://measuringu.com/article-summaries/the-nps-and-the-acsi-a-critique-and-an-alternative-metric/,2021-05-14,article-summaries,the-nps-and-the-acsi-a-critique-and-an-alternative-metric,the nps and the acsi a critique and an alternative metric,,content
measuringu.com,https://measuringu.com/article-summaries/satisfaction-as-a-predictor-of-future-performance-a-replication-2013/,2021-05-18,article-summaries,satisfaction-as-a-predictor-of-future-performance-a-replication-2013,satisfaction as a predictor of future performance a replication 2013,2013,content
measuringu.com,https://measuringu.com/article-summaries/nomological-validity-of-the-net-promoter-index-question/,2021-05-14,article-summaries,nomological-validity-of-the-net-promoter-index-question,nomological validity of the net promoter index question,,content
measuringu.com,https://measuringu.com/article-summaries/is-the-net-promoter-score-a-reliable-performance-measure/,2021-05-14,article-summaries,is-the-net-promoter-score-a-reliable-performance-measure,is the net promoter score a reliable performance measure,,content
measuringu.com,https://measuringu.com/article-summaries/the-predictive-ability-of-different-customer-feedback-metrics-for-retention/,2021-05-14,article-summaries,the-predictive-ability-of-different-customer-feedback-metrics-for-retention,the predictive ability of different customer feedback metrics for retention,,content
measuringu.com,https://measuringu.com/article-summaries/the-fallacy-of-the-net-promoter-score/,2021-05-14,article-summaries,the-fallacy-of-the-net-promoter-score,the fallacy of the net promoter score,,content
measuringu.com,https://measuringu.com/article-summaries/perceptions-are-relative-an-examination-of-the-relationship-between-relative-satisfaction-metrics-and-share-of-wallet/,2021-05-14,article-summaries,perceptions-are-relative-an-examination-of-the-relationship-between-relative-satisfaction-metrics-and-share-of-wallet,perceptions are relative an examination of the relationship between relative satisfaction metrics and share of wallet,,content
measuringu.com,https://measuringu.com/article-summaries/are-promoters-valuable-customers-an-application-of-the-net-promoter-scale-to-predict-future-customer-spend/,2021-05-14,article-summaries,are-promoters-valuable-customers-an-application-of-the-net-promoter-scale-to-predict-future-customer-spend,are promoters valuable customers an application of the net promoter scale to predict future customer spend,,content
measuringu.com,https://measuringu.com/article-summaries/net-promoter-score-growth-and-profitability-of-transportation-companies/,2021-05-14,article-summaries,net-promoter-score-growth-and-profitability-of-transportation-companies,net promoter score growth and profitability of transportation companies,,content
measuringu.com,https://measuringu.com/article-summaries/what-drives-customer-propensity-to-recommend-a-brand/,2021-05-14,article-summaries,what-drives-customer-propensity-to-recommend-a-brand,what drives customer propensity to recommend a brand,,content
measuringu.com,https://measuringu.com/article-summaries/the-effect-of-the-net-promoter-score-on-sales-a-study-of-a-retail-firm-using-customer-and-store-level-data/,2021-05-14,article-summaries,the-effect-of-the-net-promoter-score-on-sales-a-study-of-a-retail-firm-using-customer-and-store-level-data,the effect of the net promoter score on sales a study of a retail firm using customer and store level data,,content
measuringu.com,https://measuringu.com/product/ux-nps-social-media/,2021-08-10,product,ux-nps-social-media,ux nps social media,,content
measuringu.com,https://measuringu.com/product/ux-auto-2019-report/,2021-08-10,product,ux-auto-2019-report,ux auto 2019 report,2019,content
measuringu.com,https://measuringu.com/product/ux-dating-2019-report/,2021-08-10,product,ux-dating-2019-report,ux dating 2019 report,2019,content
measuringu.com,https://measuringu.com/product/job-websites-2019/,2021-08-10,product,job-websites-2019,job websites 2019,2019,content
measuringu.com,https://measuringu.com/product/outdoor-retail-benchmark-2019/,2021-08-10,product,outdoor-retail-benchmark-2019,outdoor retail benchmark 2019,2019,content
measuringu.com,https://measuringu.com/product/ux-pet-supplies-benchmark-2019/,2021-08-10,product,ux-pet-supplies-benchmark-2019,ux pet supplies benchmark 2019,2019,content
measuringu.com,https://measuringu.com/product/pssuq/,2024-01-25,product,pssuq,pssuq,,content
measuringu.com,https://measuringu.com/product/ux-benchmark-fitness/,2021-08-10,product,ux-benchmark-fitness,ux benchmark fitness,,content
measuringu.com,https://measuringu.com/product/consumer-software-2020/,2021-08-10,product,consumer-software-2020,consumer software 2020,2020,content
measuringu.com,https://measuringu.com/product/ux-benchmark-vacation-rentals/,2021-08-10,product,ux-benchmark-vacation-rentals,ux benchmark vacation rentals,,content
measuringu.com,https://measuringu.com/product/ux-benchmark-food-delivery-2021/,2021-08-10,product,ux-benchmark-food-delivery-2021,ux benchmark food delivery 2021,2021,content
measuringu.com,https://measuringu.com/product/statspak/,2021-08-10,product,statspak,statspak,,content
measuringu.com,https://measuringu.com/product/expandedstats/,2021-08-10,product,expandedstats,expandedstats,,content
measuringu.com,https://measuringu.com/product/cicomparison/,2021-08-10,product,cicomparison,cicomparison,,content
measuringu.com,https://measuringu.com/product/zcalcs/,2021-08-18,product,zcalcs,zcalcs,,content
measuringu.com,https://measuringu.com/product/quantitativereport/,2024-01-25,product,quantitativereport,quantitativereport,,content
measuringu.com,https://measuringu.com/product/tasktime/,2021-08-10,product,tasktime,tasktime,,content
measuringu.com,https://measuringu.com/product/problemimpact/,2021-08-10,product,problemimpact,problemimpact,,content
measuringu.com,https://measuringu.com/product/quantstarter/,2023-04-05,product,quantstarter,quantstarter,,content
measuringu.com,https://measuringu.com/product/zcrashcourse/,2021-08-10,product,zcrashcourse,zcrashcourse,,content
measuringu.com,https://measuringu.com/product/surveysamplesize/,2021-08-10,product,surveysamplesize,surveysamplesize,,content
measuringu.com,https://measuringu.com/product/zpak/,2023-11-06,product,zpak,zpak,,content
measuringu.com,https://measuringu.com/product/suspack/,2021-08-10,product,suspack,suspack,,content
measuringu.com,https://measuringu.com/product/suscalc/,2024-01-25,product,suscalc,suscalc,,content
measuringu.com,https://measuringu.com/product/susguide/,2024-01-25,product,susguide,susguide,,content
measuringu.com,https://measuringu.com/product/suprq/,2026-08-20,product,suprq,suprq,,content
measuringu.com,https://measuringu.com/product/excel-ux-book/,2024-01-25,product,excel-ux-book,excel ux book,,content
measuringu.com,https://measuringu.com/product/healthcarereport/,2021-08-10,product,healthcarereport,healthcarereport,,content
measuringu.com,https://measuringu.com/product/statsedu/,2021-08-10,product,statsedu,statsedu,,content
measuringu.com,https://measuringu.com/product/retailreport/,2021-08-10,product,retailreport,retailreport,,content
measuringu.com,https://measuringu.com/product/airlinereport/,2021-08-10,product,airlinereport,airlinereport,,content
measuringu.com,https://measuringu.com/product/2014softwarebenchmarks/,2021-08-10,product,2014softwarebenchmarks,2014softwarebenchmarks,2014,noncontent
measuringu.com,https://measuringu.com/product/npscalc/,2026-04-03,product,npscalc,npscalc,,content
measuringu.com,https://measuringu.com/product/quantedustarter/,2021-08-10,product,quantedustarter,quantedustarter,,content
measuringu.com,https://measuringu.com/product/ux-net-promoter-benchmarks-for-entertainment-websites/,2021-08-10,product,ux-net-promoter-benchmarks-for-entertainment-websites,ux net promoter benchmarks for entertainment websites,,content
measuringu.com,https://measuringu.com/product/ux-nps-retail-2016/,2021-08-10,product,ux-nps-retail-2016,ux nps retail 2016,2016,content
measuringu.com,https://measuringu.com/product/business-software-2017/,2021-08-10,product,business-software-2017,business software 2017,2017,content
measuringu.com,https://measuringu.com/product/consumer-software2017/,2021-08-10,product,consumer-software2017,consumer software2017,2017,content
measuringu.com,https://measuringu.com/product/ux-maturity-report-2017/,2021-08-10,product,ux-maturity-report-2017,ux maturity report 2017,2017,content
measuringu.com,https://measuringu.com/product/hotels-2017/,2022-06-15,product,hotels-2017,hotels 2017,2017,content
measuringu.com,https://measuringu.com/product/wireless-benchmarks/,2021-08-10,product,wireless-benchmarks,wireless benchmarks,,content
measuringu.com,https://measuringu.com/product/ux-nps-flowers/,2021-08-10,product,ux-nps-flowers,ux nps flowers,,content
measuringu.com,https://measuringu.com/product/ux-nps-news/,2021-08-10,product,ux-nps-news,ux nps news,,content
measuringu.com,https://measuringu.com/product/ux-nps-government/,2021-08-10,product,ux-nps-government,ux nps government,,content
measuringu.com,https://measuringu.com/product/ux-university-report/,2021-08-10,product,ux-university-report,ux university report,,content
measuringu.com,https://measuringu.com/product/benchmarking-the-user-experience/,2025-07-17,product,benchmarking-the-user-experience,benchmarking the user experience,,content
measuringu.com,https://measuringu.com/product/ux-nps-health-insurance/,2021-08-10,product,ux-nps-health-insurance,ux nps health insurance,,content
measuringu.com,https://measuringu.com/product/ux-nps-federal-government/,2021-08-10,product,ux-nps-federal-government,ux nps federal government,,content
measuringu.com,https://measuringu.com/product/banking-report/,2021-08-10,product,banking-report,banking report,,content
measuringu.com,https://measuringu.com/product/ux-nps-brokerage/,2021-08-10,product,ux-nps-brokerage,ux nps brokerage,,content
measuringu.com,https://measuringu.com/product/ux-nps-restaurant/,2021-08-10,product,ux-nps-restaurant,ux nps restaurant,,content
measuringu.com,https://measuringu.com/product/airline-ux-2019/,2021-08-10,product,airline-ux-2019,airline ux 2019,2019,content
measuringu.com,https://measuringu.com/product/business-software-2020/,2021-08-10,product,business-software-2020,business software 2020,2020,content
measuringu.com,https://measuringu.com/product/ux-benchmark-entertainment/,2021-08-10,product,ux-benchmark-entertainment,ux benchmark entertainment,,content
measuringu.com,https://measuringu.com/product/ux-benchmark-auto-insurance-2021-2/,2021-08-10,product,ux-benchmark-auto-insurance-2021-2,ux benchmark auto insurance 2021 2,2021,content
measuringu.com,https://measuringu.com/product/ux-benchmark-mass-merchant-2021/,2021-08-10,product,ux-benchmark-mass-merchant-2021,ux benchmark mass merchant 2021,2021,content
measuringu.com,https://measuringu.com/product/ux-lite-calc/,2026-04-03,product,ux-lite-calc,ux lite calc,,content
measuringu.com,https://measuringu.com/product/nps-short-course-part-3-wording-points-and-alternatives/,2024-07-21,product,nps-short-course-part-3-wording-points-and-alternatives,nps short course part 3 wording points and alternatives,,content
measuringu.com,https://measuringu.com/product/access-to-all-courses/,2023-09-19,product,access-to-all-courses,access to all courses,,content
measuringu.com,https://measuringu.com/product/nps-3-part-short-courses-data-drivers-and-diatribes/,2024-07-20,product,nps-3-part-short-courses-data-drivers-and-diatribes,nps 3 part short courses data drivers and diatribes,,content
measuringu.com,https://measuringu.com/product/nps-short-course-part-2-is-the-net-promoter-scoring-approach-necessary-and-reliable/,2024-07-19,product,nps-short-course-part-2-is-the-net-promoter-scoring-approach-necessary-and-reliable,nps short course part 2 is the net promoter scoring approach necessary and reliable,,content
measuringu.com,https://measuringu.com/product/nps-short-course-part-1-is-the-nps-a-valid-measure/,2024-07-15,product,nps-short-course-part-1-is-the-nps-a-valid-measure,nps short course part 1 is the nps a valid measure,,content
measuringu.com,https://measuringu.com/product/ux-lite-short-course-part-1-the-evolution-of-the-ux-lite-questionnaire/,2024-07-04,product,ux-lite-short-course-part-1-the-evolution-of-the-ux-lite-questionnaire,ux lite short course part 1 the evolution of the ux lite questionnaire,,content
measuringu.com,https://measuringu.com/product/ux-lite-short-course-part-2-the-evolution-of-the-ux-lite-questionnaire/,2024-07-07,product,ux-lite-short-course-part-2-the-evolution-of-the-ux-lite-questionnaire,ux lite short course part 2 the evolution of the ux lite questionnaire,,content
measuringu.com,https://measuringu.com/product/ux-lite-full-course-the-evolution-of-the-ux-lite-questionnaire/,2024-07-13,product,ux-lite-full-course-the-evolution-of-the-ux-lite-questionnaire,ux lite full course the evolution of the ux lite questionnaire,,content
measuringu.com,https://measuringu.com/product/ux-benchmark-seller-marketplace-2021/,2022-02-08,product,ux-benchmark-seller-marketplace-2021,ux benchmark seller marketplace 2021,2021,content
measuringu.com,https://measuringu.com/product/ux-benchmark-grocery-2022/,2022-03-29,product,ux-benchmark-grocery-2022,ux benchmark grocery 2022,2022,content
measuringu.com,https://measuringu.com/product/survey-design-and-analysis-for-ux-customer-research-course/,2024-04-01,product,survey-design-and-analysis-for-ux-customer-research-course,survey design and analysis for ux customer research course,,content
measuringu.com,https://measuringu.com/product/ux-benchmarking/,2024-04-01,product,ux-benchmarking,ux benchmarking,,content
measuringu.com,https://measuringu.com/product/practical-statistics-for-ux-and-customer-research-course/,2024-04-01,product,practical-statistics-for-ux-and-customer-research-course,practical statistics for ux and customer research course,,content
measuringu.com,https://measuringu.com/product/ux-benchmark-news-2022/,2022-05-10,product,ux-benchmark-news-2022,ux benchmark news 2022,2022,content
measuringu.com,https://measuringu.com/product/ux-benchmark-real-estate-2022/,2022-06-14,product,ux-benchmark-real-estate-2022,ux benchmark real estate 2022,2022,content
measuringu.com,https://measuringu.com/product/ux-benchmark-airlines-2022/,2022-07-25,product,ux-benchmark-airlines-2022,ux benchmark airlines 2022,2022,content
measuringu.com,https://measuringu.com/product/ux-benchmark-travel-2022/,2022-08-30,product,ux-benchmark-travel-2022,ux benchmark travel 2022,2022,content
measuringu.com,https://measuringu.com/product/business-software-2022/,2023-01-18,product,business-software-2022,business software 2022,2022,content
measuringu.com,https://measuringu.com/product/ux-benchmark-business-information-2022/,2022-09-27,product,ux-benchmark-business-information-2022,ux benchmark business information 2022,2022,content
measuringu.com,https://measuringu.com/product/consumer-software-2022/,2022-11-01,product,consumer-software-2022,consumer software 2022,2022,content
measuringu.com,https://measuringu.com/product/ux-benchmark-ticketing-2022/,2022-10-18,product,ux-benchmark-ticketing-2022,ux benchmark ticketing 2022,2022,content
measuringu.com,https://measuringu.com/product/meeting-software-2022/,2022-11-11,product,meeting-software-2022,meeting software 2022,2022,content
measuringu.com,https://measuringu.com/product/ux-benchmark-restaurant-reservation-2022/,2022-12-13,product,ux-benchmark-restaurant-reservation-2022,ux benchmark restaurant reservation 2022,2022,content
measuringu.com,https://measuringu.com/product/ux-nps-benchmark-report-for-clothing-retail-websites-2023/,2023-01-24,product,ux-nps-benchmark-report-for-clothing-retail-websites-2023,ux nps benchmark report for clothing retail websites 2023,2023,content
measuringu.com,https://measuringu.com/product/ux-nps-benchmark-report-for-wireless-service-provider-websites-2023/,2023-02-22,product,ux-nps-benchmark-report-for-wireless-service-provider-websites-2023,ux nps benchmark report for wireless service provider websites 2023,2023,content
measuringu.com,https://measuringu.com/product/ux-nps-benchmark-report-for-consumer-electronics-websites-2023/,2023-04-11,product,ux-nps-benchmark-report-for-consumer-electronics-websites-2023,ux nps benchmark report for consumer electronics websites 2023,2023,content
measuringu.com,https://measuringu.com/product/ux-nps-benchmark-report-for-office-supply-websites-2023/,2023-05-16,product,ux-nps-benchmark-report-for-office-supply-websites-2023,ux nps benchmark report for office supply websites 2023,2023,content
measuringu.com,https://measuringu.com/product/ux-nps-benchmark-report-for-home-improvement-websites-2023/,2023-08-16,product,ux-nps-benchmark-report-for-home-improvement-websites-2023,ux nps benchmark report for home improvement websites 2023,2023,content
measuringu.com,https://measuringu.com/product/ux-nps-benchmark-report-for-paint-websites-2023/,2023-09-26,product,ux-nps-benchmark-report-for-paint-websites-2023,ux nps benchmark report for paint websites 2023,2023,content
measuringu.com,https://measuringu.com/product/ux-nps-benchmark-report-for-theme-park-websites-2023/,2023-06-26,product,ux-nps-benchmark-report-for-theme-park-websites-2023,ux nps benchmark report for theme park websites 2023,2023,content
measuringu.com,https://measuringu.com/product/click-testing-short-course-using-click-testing-to-answer-ux-research-questions/,2023-08-25,product,click-testing-short-course-using-click-testing-to-answer-ux-research-questions,click testing short course using click testing to answer ux research questions,,content
measuringu.com,https://measuringu.com/product/short-course-essential-ux-methods/,2024-07-23,product,short-course-essential-ux-methods,short course essential ux methods,,content
measuringu.com,https://measuringu.com/product/ux-nps-benchmark-report-for-hotel-websites-2023/,2023-10-31,product,ux-nps-benchmark-report-for-hotel-websites-2023,ux nps benchmark report for hotel websites 2023,2023,content
measuringu.com,https://measuringu.com/product/surveying-the-user-experience/,2024-09-20,product,surveying-the-user-experience,surveying the user experience,,content
measuringu.com,https://measuringu.com/product/ux-nps-benchmark-report-for-home-furniture-websites-2023/,2024-02-13,product,ux-nps-benchmark-report-for-home-furniture-websites-2023,ux nps benchmark report for home furniture websites 2023,2023,content
measuringu.com,https://measuringu.com/product/ux-methods/,2024-02-21,product,ux-methods,ux methods,,content
measuringu.com,https://measuringu.com/product/ux-metrics/,2024-07-20,product,ux-metrics,ux metrics,,content
measuringu.com,https://measuringu.com/product/ux-nps-benchmark-report-for-banking-websites-2024/,2024-04-16,product,ux-nps-benchmark-report-for-banking-websites-2024,ux nps benchmark report for banking websites 2024,2024,content
measuringu.com,https://measuringu.com/product/ux-nps-benchmark-report-for-flower-delivery-websites-2024/,2024-05-08,product,ux-nps-benchmark-report-for-flower-delivery-websites-2024,ux nps benchmark report for flower delivery websites 2024,2024,content
measuringu.com,https://measuringu.com/product/ux-nps-benchmark-report-for-federal-government-websites-2024/,2024-06-12,product,ux-nps-benchmark-report-for-federal-government-websites-2024,ux nps benchmark report for federal government websites 2024,2024,content
measuringu.com,https://measuringu.com/product/ux-nps-benchmark-report-for-online-dating-services-2024/,2024-07-16,product,ux-nps-benchmark-report-for-online-dating-services-2024,ux nps benchmark report for online dating services 2024,2024,content
measuringu.com,https://measuringu.com/product/ux-nps-benchmark-report-for-social-media-2024/,2024-09-17,product,ux-nps-benchmark-report-for-social-media-2024,ux nps benchmark report for social media 2024,2024,content
measuringu.com,https://measuringu.com/product/recruitment/,2024-11-19,product,recruitment,recruitment,,content
measuringu.com,https://measuringu.com/product/supr-qm-2/,2024-12-10,product,supr-qm-2,supr qm 2,,content
measuringu.com,https://measuringu.com/product/net-promoter-ux-benchmark-report-for-consumer-software-2025/,2025-02-26,product,net-promoter-ux-benchmark-report-for-consumer-software-2025,net promoter ux benchmark report for consumer software 2025,2025,content
measuringu.com,https://measuringu.com/product/net-promoter-ux-benchmark-report-for-business-software-2025/,2025-03-19,product,net-promoter-ux-benchmark-report-for-business-software-2025,net promoter ux benchmark report for business software 2025,2025,content
measuringu.com,https://measuringu.com/product/recruitment4249/,2025-04-11,product,recruitment4249,recruitment4249,,noncontent
measuringu.com,https://measuringu.com/product/meeting-software-2025/,2025-06-09,product,meeting-software-2025,meeting software 2025,2025,content
measuringu.com,https://measuringu.com/product/ux-nps-benchmark-report-for-brokerage-websites-2025/,2025-05-21,product,ux-nps-benchmark-report-for-brokerage-websites-2025,ux nps benchmark report for brokerage websites 2025,2025,content
measuringu.com,https://measuringu.com/product/supr-qm-calculator-package/,2026-04-03,product,supr-qm-calculator-package,supr qm calculator package,,content
measuringu.com,https://measuringu.com/product/ux-nps-benchmark-report-for-pet-websites-2025/,2025-08-12,product,ux-nps-benchmark-report-for-pet-websites-2025,ux nps benchmark report for pet websites 2025,2025,content
measuringu.com,https://measuringu.com/product/ux-nps-benchmark-report-for-international-banking-websites-2025/,2025-09-16,product,ux-nps-benchmark-report-for-international-banking-websites-2025,ux nps benchmark report for international banking websites 2025,2025,content
measuringu.com,https://measuringu.com/product/recruitment-4310/,2025-10-14,product,recruitment-4310,recruitment 4310,,content
measuringu.com,https://measuringu.com/product/salesforce-custom-boot-camp-2025-2026/,2025-12-16,product,salesforce-custom-boot-camp-2025-2026,salesforce custom boot camp 2025 2026,2025,content
measuringu.com,https://measuringu.com/product/ux-nps-benchmark-report-for-mass-merchant-websites-2026/,2026-01-21,product,ux-nps-benchmark-report-for-mass-merchant-websites-2026,ux nps benchmark report for mass merchant websites 2026,2026,content
measuringu.com,https://measuringu.com/product/ux-nps-benchmark-report-for-clothing-websites-2026/,2026-02-05,product,ux-nps-benchmark-report-for-clothing-websites-2026,ux nps benchmark report for clothing websites 2026,2026,content
measuringu.com,https://measuringu.com/product/invoice-4639/,2026-06-01,product,invoice-4639,invoice 4639,,content
measuringu.com,https://measuringu.com/product/ux-benchmark-report-for-ai-based-chat-software-2026/,2026-07-07,product,ux-benchmark-report-for-ai-based-chat-software-2026,ux benchmark report for ai based chat software 2026,2026,content
measuringu.com,https://measuringu.com/product/ux-nps-benchmark-report-for-healthcare-websites-2026/,2026-07-21,product,ux-nps-benchmark-report-for-healthcare-websites-2026,ux nps benchmark report for healthcare websites 2026,2026,content
measuringu.com,https://measuringu.com/courses/survey-design-and-analysis-for-ux-customer-research/,2024-07-31,courses,survey-design-and-analysis-for-ux-customer-research,survey design and analysis for ux customer research,,content
measuringu.com,https://measuringu.com/courses/nps-short-course-part-2-is-the-net-promoter-scoring-approach-necessary-and-reliable/,2022-12-06,courses,nps-short-course-part-2-is-the-net-promoter-scoring-approach-necessary-and-reliable,nps short course part 2 is the net promoter scoring approach necessary and reliable,,content
measuringu.com,https://measuringu.com/courses/nps-short-course-part-3-wording-points-and-alternatives/,2022-12-06,courses,nps-short-course-part-3-wording-points-and-alternatives,nps short course part 3 wording points and alternatives,,content
measuringu.com,https://measuringu.com/courses/nps-short-course-part-1-is-the-nps-a-valid-measure/,2022-12-06,courses,nps-short-course-part-1-is-the-nps-a-valid-measure,nps short course part 1 is the nps a valid measure,,content
measuringu.com,https://measuringu.com/courses/nps-3-part-short-courses-data-drivers-and-diatribes/,2023-10-16,courses,nps-3-part-short-courses-data-drivers-and-diatribes,nps 3 part short courses data drivers and diatribes,,content
measuringu.com,https://measuringu.com/courses/ux-lite-short-course-part-1-the-evolution-of-the-ux-lite-questionnaire/,2022-12-06,courses,ux-lite-short-course-part-1-the-evolution-of-the-ux-lite-questionnaire,ux lite short course part 1 the evolution of the ux lite questionnaire,,content
measuringu.com,https://measuringu.com/courses/ux-lite-short-course-part-2-the-evolution-of-the-ux-lite-questionnaire/,2022-12-06,courses,ux-lite-short-course-part-2-the-evolution-of-the-ux-lite-questionnaire,ux lite short course part 2 the evolution of the ux lite questionnaire,,content
measuringu.com,https://measuringu.com/courses/ux-lite-2-part-short-courses-the-evolution-of-the-ux-lite-questionnaire/,2022-12-06,courses,ux-lite-2-part-short-courses-the-evolution-of-the-ux-lite-questionnaire,ux lite 2 part short courses the evolution of the ux lite questionnaire,,content
measuringu.com,https://measuringu.com/courses/practical-statistics-for-ux-and-customer-research/,2025-01-06,courses,practical-statistics-for-ux-and-customer-research,practical statistics for ux and customer research,,content
measuringu.com,https://measuringu.com/courses/ux-benchmarking/,2024-04-01,courses,ux-benchmarking,ux benchmarking,,content
measuringu.com,https://measuringu.com/courses/ux-metrics/,2024-02-21,courses,ux-metrics,ux metrics,,content
measuringu.com,https://measuringu.com/courses/ux-methods/,2023-09-19,courses,ux-methods,ux methods,,content
measuringu.com,https://measuringu.com/courses/short-course-essential-ux-methods/,2023-09-19,courses,short-course-essential-ux-methods,short course essential ux methods,,content
measuringu.com,https://measuringu.com/courses/click-testing-short-course-using-click-testing-to-answer-ux-research-questions/,2023-09-19,courses,click-testing-short-course-using-click-testing-to-answer-ux-research-questions,click testing short course using click testing to answer ux research questions,,content
measuringu.com,https://measuringu.com/lessons/when-a-survey-is-the-better-method/,2021-08-26,lessons,when-a-survey-is-the-better-method,when a survey is the better method,,content
measuringu.com,https://measuringu.com/lessons/surveys-complement-other-methods/,2021-08-26,lessons,surveys-complement-other-methods,surveys complement other methods,,content
measuringu.com,https://measuringu.com/courses/nps-short-course-part-3-wording-points-and-alternatives/lessons/watch-nps-short-course-part-3-wording-points-and-alternatives/,2021-10-21,courses,watch-nps-short-course-part-3-wording-points-and-alternatives,watch nps short course part 3 wording points and alternatives,,content
measuringu.com,https://measuringu.com/courses/nps-short-course-part-2-is-the-net-promoter-scoring-approach-necessary-and-reliable/lessons/watch-nps-short-course-part-2-is-the-net-promoter-scoring-approach-necessary-and-reliable/,2021-10-21,courses,watch-nps-short-course-part-2-is-the-net-promoter-scoring-approach-necessary-and-reliable,watch nps short course part 2 is the net promoter scoring approach necessary and reliable,,content
measuringu.com,https://measuringu.com/courses/nps-short-course-part-1-is-the-nps-a-valid-measure/lessons/watch-nps-short-course-part-1-is-the-nps-a-valid-measure/,2021-10-21,courses,watch-nps-short-course-part-1-is-the-nps-a-valid-measure,watch nps short course part 1 is the nps a valid measure,,content
measuringu.com,https://measuringu.com/courses/nps-short-course-part-1-is-the-nps-a-valid-measure/lessons/watch-ux-lite-short-course-part-1-the-evolution-of-the-ux-lite-questionnaire/,2021-12-20,courses,watch-ux-lite-short-course-part-1-the-evolution-of-the-ux-lite-questionnaire,watch ux lite short course part 1 the evolution of the ux lite questionnaire,,content
measuringu.com,https://measuringu.com/courses/nps-short-course-part-1-is-the-nps-a-valid-measure/lessons/watch-ux-lite-short-course-part-2-the-evolution-of-the-ux-lite-questionnaire/,2021-12-20,courses,watch-ux-lite-short-course-part-2-the-evolution-of-the-ux-lite-questionnaire,watch ux lite short course part 2 the evolution of the ux lite questionnaire,,content
measuringu.com,https://measuringu.com/courses/survey-design-and-analysis-for-ux-customer-research/lessons/introduction-to-survey-design/,2025-10-10,courses,introduction-to-survey-design,introduction to survey design,,content
measuringu.com,https://measuringu.com/courses/survey-design-and-analysis-for-ux-customer-research/lessons/biases-in-survey-design/,2022-01-21,courses,biases-in-survey-design,biases in survey design,,content
measuringu.com,https://measuringu.com/courses/survey-design-and-analysis-for-ux-customer-research/lessons/sample-planning/,2022-01-21,courses,sample-planning,sample planning,,content
measuringu.com,https://measuringu.com/courses/survey-design-and-analysis-for-ux-customer-research/lessons/anatomy-of-a-survey-question/,2022-01-21,courses,anatomy-of-a-survey-question,anatomy of a survey question,,content
measuringu.com,https://measuringu.com/courses/survey-design-and-analysis-for-ux-customer-research/lessons/how-to-write-a-survey-question/,2022-01-23,courses,how-to-write-a-survey-question,how to write a survey question,,content
measuringu.com,https://measuringu.com/courses/survey-design-and-analysis-for-ux-customer-research/lessons/why-people-misinterpret-survey-questions/,2022-01-24,courses,why-people-misinterpret-survey-questions,why people misinterpret survey questions,,content
measuringu.com,https://measuringu.com/courses/survey-design-and-analysis-for-ux-customer-research/lessons/words-to-watch-for/,2022-01-22,courses,words-to-watch-for,words to watch for,,content
measuringu.com,https://measuringu.com/courses/survey-design-and-analysis-for-ux-customer-research/lessons/how-to-make-survey-questions-clearer/,2022-01-22,courses,how-to-make-survey-questions-clearer,how to make survey questions clearer,,content
measuringu.com,https://measuringu.com/courses/survey-design-and-analysis-for-ux-customer-research/lessons/four-types-of-survey-questions/,2022-01-22,courses,four-types-of-survey-questions,four types of survey questions,,content
measuringu.com,https://measuringu.com/courses/survey-design-and-analysis-for-ux-customer-research/lessons/why-research-participants-forget/,2022-01-20,courses,why-research-participants-forget,why research participants forget,,content
measuringu.com,https://measuringu.com/courses/survey-design-and-analysis-for-ux-customer-research/lessons/how-to-improve-participant-recall/,2022-01-22,courses,how-to-improve-participant-recall,how to improve participant recall,,content
measuringu.com,https://measuringu.com/courses/survey-design-and-analysis-for-ux-customer-research/lessons/selecting-the-right-response-options/,2022-01-21,courses,selecting-the-right-response-options,selecting the right response options,,content
measuringu.com,https://measuringu.com/courses/survey-design-and-analysis-for-ux-customer-research/lessons/rating-scale-points-and-neutral-labels/,2022-01-22,courses,rating-scale-points-and-neutral-labels,rating scale points and neutral labels,,content
measuringu.com,https://measuringu.com/courses/survey-design-and-analysis-for-ux-customer-research/lessons/rating-scale-tone-labels-and-culture/,2022-01-22,courses,rating-scale-tone-labels-and-culture,rating scale tone labels and culture,,content
measuringu.com,https://measuringu.com/courses/survey-design-and-analysis-for-ux-customer-research/lessons/response-options-differences/,2022-01-23,courses,response-options-differences,response options differences,,content
measuringu.com,https://measuringu.com/courses/survey-design-and-analysis-for-ux-customer-research/lessons/rating-scale-formats/,2022-01-22,courses,rating-scale-formats,rating scale formats,,content
measuringu.com,https://measuringu.com/courses/survey-design-and-analysis-for-ux-customer-research/lessons/anova/,2022-03-08,courses,anova,anova,,content
measuringu.com,https://measuringu.com/courses/survey-design-and-analysis-for-ux-customer-research/lessons/multiple-regression/,2022-02-11,courses,multiple-regression,multiple regression,,content
measuringu.com,https://measuringu.com/courses/survey-design-and-analysis-for-ux-customer-research/lessons/analysis-of-variance-extended-example/,2022-07-05,courses,analysis-of-variance-extended-example,analysis of variance extended example,,content
measuringu.com,https://measuringu.com/courses/survey-design-and-analysis-for-ux-customer-research/lessons/factor-analysis/,2022-02-11,courses,factor-analysis,factor analysis,,content
measuringu.com,https://measuringu.com/courses/survey-design-and-analysis-for-ux-customer-research/lessons/cluster-analysis/,2022-02-11,courses,cluster-analysis,cluster analysis,,content
measuringu.com,https://measuringu.com/courses/survey-design-and-analysis-for-ux-customer-research/lessons/correlation-and-regression/,2022-02-05,courses,correlation-and-regression,correlation and regression,,content
measuringu.com,https://measuringu.com/courses/survey-design-and-analysis-for-ux-customer-research/lessons/cluster-analysis-extended-example/,2022-07-05,courses,cluster-analysis-extended-example,cluster analysis extended example,,content
measuringu.com,https://measuringu.com/courses/survey-design-and-analysis-for-ux-customer-research/lessons/factor-analysis-extended-example/,2022-07-05,courses,factor-analysis-extended-example,factor analysis extended example,,content
measuringu.com,https://measuringu.com/courses/survey-design-and-analysis-for-ux-customer-research/lessons/multiple-regression-and-kda-extended-spss-example/,2022-07-05,courses,multiple-regression-and-kda-extended-spss-example,multiple regression and kda extended spss example,,content
measuringu.com,https://measuringu.com/courses/survey-design-and-analysis-for-ux-customer-research/lessons/intro-to-data-types/,2022-09-12,courses,intro-to-data-types,intro to data types,,content
measuringu.com,https://measuringu.com/courses/survey-design-and-analysis-for-ux-customer-research/lessons/confidence-beads-demonstration/,2022-02-17,courses,confidence-beads-demonstration,confidence beads demonstration,,content
measuringu.com,https://measuringu.com/courses/survey-design-and-analysis-for-ux-customer-research/lessons/confidence-intervals-intro-and-rating-scales/,2022-02-17,courses,confidence-intervals-intro-and-rating-scales,confidence intervals intro and rating scales,,content
measuringu.com,https://measuringu.com/courses/survey-design-and-analysis-for-ux-customer-research/lessons/confidence-intervals-binary-and-time-data/,2022-02-17,courses,confidence-intervals-binary-and-time-data,confidence intervals binary and time data,,content
measuringu.com,https://measuringu.com/courses/survey-design-and-analysis-for-ux-customer-research/lessons/hypothesis-testing-beads-demonstration-copy/,2022-02-18,courses,hypothesis-testing-beads-demonstration-copy,hypothesis testing beads demonstration copy,,content
measuringu.com,https://measuringu.com/courses/survey-design-and-analysis-for-ux-customer-research/lessons/hypothesis-testing-intro/,2022-02-22,courses,hypothesis-testing-intro,hypothesis testing intro,,content
measuringu.com,https://measuringu.com/courses/survey-design-and-analysis-for-ux-customer-research/lessons/hypothesis-testing-conducting-tests/,2022-02-23,courses,hypothesis-testing-conducting-tests,hypothesis testing conducting tests,,content
measuringu.com,https://measuringu.com/courses/survey-design-and-analysis-for-ux-customer-research/lessons/sample-size-estimation-intro-and-problem-discovery/,2022-03-05,courses,sample-size-estimation-intro-and-problem-discovery,sample size estimation intro and problem discovery,,content
measuringu.com,https://measuringu.com/courses/survey-design-and-analysis-for-ux-customer-research/lessons/sample-size-estimation-precision-estimate/,2022-03-08,courses,sample-size-estimation-precision-estimate,sample size estimation precision estimate,,content
measuringu.com,https://measuringu.com/courses/survey-design-and-analysis-for-ux-customer-research/lessons/sample-size-estimation-comparisons/,2022-03-08,courses,sample-size-estimation-comparisons,sample size estimation comparisons,,content
measuringu.com,https://measuringu.com/courses/survey-design-and-analysis-for-ux-customer-research/lessons/benchmarking-part-1/,2024-09-16,courses,benchmarking-part-1,benchmarking part 1,,content
measuringu.com,https://measuringu.com/courses/survey-design-and-analysis-for-ux-customer-research/lessons/benchmarking-part-2/,2024-09-16,courses,benchmarking-part-2,benchmarking part 2,,content
measuringu.com,https://measuringu.com/courses/survey-design-and-analysis-for-ux-customer-research/lessons/essential-ux-metrics/,2022-09-08,courses,essential-ux-metrics,essential ux metrics,,content
measuringu.com,https://measuringu.com/courses/survey-design-and-analysis-for-ux-customer-research/lessons/essential-ux-methods/,2022-09-08,courses,essential-ux-methods,essential ux methods,,content
measuringu.com,https://measuringu.com/courses/survey-design-and-analysis-for-ux-customer-research/lessons/measurement-framework-to-improve-ux/,2022-10-15,courses,measurement-framework-to-improve-ux,measurement framework to improve ux,,content
measuringu.com,https://measuringu.com/courses/survey-design-and-analysis-for-ux-customer-research/lessons/observing-and-coding-usability-problems/,2024-09-26,courses,observing-and-coding-usability-problems,observing and coding usability problems,,content
measuringu.com,https://measuringu.com/courses/survey-design-and-analysis-for-ux-customer-research/lessons/measurement-framework-to-improve-ux-part2/,2023-06-18,courses,measurement-framework-to-improve-ux-part2,measurement framework to improve ux part2,,content
measuringu.com,https://measuringu.com/courses/nps-short-course-part-1-is-the-nps-a-valid-measure/lessons/watch-muiq-click-testing-short-course-using-click-testing-to-answer-ux-research-questions/,2023-04-10,courses,watch-muiq-click-testing-short-course-using-click-testing-to-answer-ux-research-questions,watch muiq click testing short course using click testing to answer ux research questions,,content
measuringu.com,https://measuringu.com/courses/survey-design-and-analysis-for-ux-customer-research/lessons/intro-to-methods-and-metrics/,2023-06-18,courses,intro-to-methods-and-metrics,intro to methods and metrics,,content
measuringu.com,https://measuringu.com/courses/survey-design-and-analysis-for-ux-customer-research/lessons/observing-and-coding-usability-problems-2018_bootcamp-video/,2023-06-20,courses,observing-and-coding-usability-problems-2018_bootcamp-video,observing and coding usability problems 2018 bootcamp video,2018,content
measuringu.com,https://measuringu.com/courses/survey-design-and-analysis-for-ux-customer-research/lessons/biases-in-survey-design/quizzes/survey-design-quiz-1b/,2022-03-01,courses,survey-design-quiz-1b,survey design quiz 1b,,content
measuringu.com,https://measuringu.com/courses/survey-design-and-analysis-for-ux-customer-research/lessons/sample-planning/quizzes/survey-design-quiz-2/,2022-03-01,courses,survey-design-quiz-2,survey design quiz 2,,content
measuringu.com,https://measuringu.com/courses/survey-design-and-analysis-for-ux-customer-research/lessons/anatomy-of-a-survey-question/quizzes/survey-design-quiz-3/,2022-03-01,courses,survey-design-quiz-3,survey design quiz 3,,content
measuringu.com,https://measuringu.com/courses/survey-design-and-analysis-for-ux-customer-research/lessons/how-to-write-a-survey-question/quizzes/survey-design-quiz-how-to-write-a-survey-question/,2022-03-01,courses,survey-design-quiz-how-to-write-a-survey-question,survey design quiz how to write a survey question,,content
measuringu.com,https://measuringu.com/courses/survey-design-and-analysis-for-ux-customer-research/lessons/why-people-misinterpret-survey-questions/quizzes/survey-design-quiz-why-people-misinterpret-survey-questions/,2022-03-01,courses,survey-design-quiz-why-people-misinterpret-survey-questions,survey design quiz why people misinterpret survey questions,,content
measuringu.com,https://measuringu.com/courses/survey-design-and-analysis-for-ux-customer-research/lessons/words-to-watch-for/quizzes/survey-design-quiz-words-to-watch-for-when-writing-survey-questions/,2022-03-01,courses,survey-design-quiz-words-to-watch-for-when-writing-survey-questions,survey design quiz words to watch for when writing survey questions,,content
measuringu.com,https://measuringu.com/courses/survey-design-and-analysis-for-ux-customer-research/lessons/how-to-make-survey-questions-clearer/quizzes/survey-design-quiz-how-to-make-survey-questions-clearer/,2022-03-01,courses,survey-design-quiz-how-to-make-survey-questions-clearer,survey design quiz how to make survey questions clearer,,content
measuringu.com,https://measuringu.com/courses/survey-design-and-analysis-for-ux-customer-research/lessons/four-types-of-survey-questions/quizzes/survey-design-quiz-four-types-of-survey-questions/,2022-03-01,courses,survey-design-quiz-four-types-of-survey-questions,survey design quiz four types of survey questions,,content
measuringu.com,https://measuringu.com/courses/survey-design-and-analysis-for-ux-customer-research/lessons/why-research-participants-forget/quizzes/survey-design-quiz-why-research-participants-forget/,2022-03-01,courses,survey-design-quiz-why-research-participants-forget,survey design quiz why research participants forget,,content
measuringu.com,https://measuringu.com/courses/survey-design-and-analysis-for-ux-customer-research/lessons/how-to-improve-participant-recall/quizzes/survey-design-quiz-how-to-improve-participant-recall/,2022-03-01,courses,survey-design-quiz-how-to-improve-participant-recall,survey design quiz how to improve participant recall,,content
measuringu.com,https://measuringu.com/courses/survey-design-and-analysis-for-ux-customer-research/lessons/selecting-the-right-response-options/quizzes/survey-design-quiz-selecting-the-right-response-options/,2022-03-01,courses,survey-design-quiz-selecting-the-right-response-options,survey design quiz selecting the right response options,,content
measuringu.com,https://measuringu.com/courses/survey-design-and-analysis-for-ux-customer-research/lessons/rating-scale-points-and-neutral-labels/quizzes/survey-design-quiz-rating-scale-points-and-neutral-labels/,2022-03-01,courses,survey-design-quiz-rating-scale-points-and-neutral-labels,survey design quiz rating scale points and neutral labels,,content
measuringu.com,https://measuringu.com/courses/survey-design-and-analysis-for-ux-customer-research/lessons/rating-scale-tone-labels-and-culture/quizzes/survey-design-rating-scale-tone-labels-and-culture/,2022-03-01,courses,survey-design-rating-scale-tone-labels-and-culture,survey design rating scale tone labels and culture,,content
measuringu.com,https://measuringu.com/courses/survey-design-and-analysis-for-ux-customer-research/lessons/response-options-differences/quizzes/survey-design-quiz-response-options-differences/,2022-03-01,courses,survey-design-quiz-response-options-differences,survey design quiz response options differences,,content
measuringu.com,https://measuringu.com/courses/survey-design-and-analysis-for-ux-customer-research/lessons/rating-scale-formats/quizzes/survey-design-quiz-rating-scale-formats/,2022-03-01,courses,survey-design-quiz-rating-scale-formats,survey design quiz rating scale formats,,content
measuringu.com,https://measuringu.com/courses/survey-design-and-analysis-for-ux-customer-research/lessons/introduction-to-survey-design/quizzes/survey-design-quiz-1a/,2022-03-01,courses,survey-design-quiz-1a,survey design quiz 1a,,content
measuringu.com,https://measuringu.com/courses/ux-benchmarking/lessons/benchmarking-part-1/quizzes/benchmarking-quiz-1/,2022-03-10,courses,benchmarking-quiz-1,benchmarking quiz 1,,content
measuringu.com,https://measuringu.com/courses/ux-benchmarking/lessons/benchmarking-part-2/quizzes/benchmarking-quiz-2/,2022-03-10,courses,benchmarking-quiz-2,benchmarking quiz 2,,content
measuringu.com,https://measuringu.com/courses/practical-statistics-for-ux-and-customer-research/lessons/confidence-intervals-intro-and-rating-scales/quizzes/confidence-intervals-quiz-1/,2022-03-01,courses,confidence-intervals-quiz-1,confidence intervals quiz 1,,content
measuringu.com,https://measuringu.com/courses/practical-statistics-for-ux-and-customer-research/lessons/confidence-intervals-binary-and-time-data/quizzes/confidence-interval-quiz-2/,2022-03-01,courses,confidence-interval-quiz-2,confidence interval quiz 2,,content
measuringu.com,https://measuringu.com/courses/practical-statistics-for-ux-and-customer-research/lessons/confidence-intervals-binary-and-time-data/quizzes/confidence-interval-exercise-1/,2022-03-01,courses,confidence-interval-exercise-1,confidence interval exercise 1,,content
measuringu.com,https://measuringu.com/courses/practical-statistics-for-ux-and-customer-research/lessons/confidence-intervals-binary-and-time-data/quizzes/confidence-interval-exercise-2/,2022-03-01,courses,confidence-interval-exercise-2,confidence interval exercise 2,,content
measuringu.com,https://measuringu.com/courses/practical-statistics-for-ux-and-customer-research/lessons/confidence-intervals-binary-and-time-data/quizzes/confidence-interval-exercise-3/,2022-03-01,courses,confidence-interval-exercise-3,confidence interval exercise 3,,content
measuringu.com,https://measuringu.com/courses/practical-statistics-for-ux-and-customer-research/lessons/confidence-intervals-binary-and-time-data/quizzes/confidence-interval-exercise-4/,2022-03-01,courses,confidence-interval-exercise-4,confidence interval exercise 4,,content
measuringu.com,https://measuringu.com/courses/practical-statistics-for-ux-and-customer-research/lessons/confidence-intervals-binary-and-time-data/quizzes/confidence-interval-exercise-5/,2022-03-01,courses,confidence-interval-exercise-5,confidence interval exercise 5,,content
measuringu.com,https://measuringu.com/courses/practical-statistics-for-ux-and-customer-research/lessons/hypothesis-testing-intro/quizzes/hypothesis-testing-quiz-1/,2022-03-01,courses,hypothesis-testing-quiz-1,hypothesis testing quiz 1,,content
measuringu.com,https://measuringu.com/courses/practical-statistics-for-ux-and-customer-research/lessons/hypothesis-testing-conducting-tests/quizzes/hypothesis-testing-quiz-2/,2022-03-01,courses,hypothesis-testing-quiz-2,hypothesis testing quiz 2,,content
measuringu.com,https://measuringu.com/courses/practical-statistics-for-ux-and-customer-research/lessons/hypothesis-testing-conducting-tests/quizzes/hypothesis-testing-exercise-1/,2022-04-09,courses,hypothesis-testing-exercise-1,hypothesis testing exercise 1,,content
measuringu.com,https://measuringu.com/courses/practical-statistics-for-ux-and-customer-research/lessons/hypothesis-testing-conducting-tests/quizzes/hypothesis-testing-exercise-2/,2022-04-10,courses,hypothesis-testing-exercise-2,hypothesis testing exercise 2,,content
measuringu.com,https://measuringu.com/courses/practical-statistics-for-ux-and-customer-research/lessons/hypothesis-testing-conducting-tests/quizzes/hypothesis-testing-exercise-3/,2022-04-10,courses,hypothesis-testing-exercise-3,hypothesis testing exercise 3,,content
measuringu.com,https://measuringu.com/courses/practical-statistics-for-ux-and-customer-research/lessons/hypothesis-testing-conducting-tests/quizzes/hypothesis-testing-exercise-4/,2022-04-10,courses,hypothesis-testing-exercise-4,hypothesis testing exercise 4,,content
measuringu.com,https://measuringu.com/courses/practical-statistics-for-ux-and-customer-research/lessons/sample-size-estimation-intro-and-problem-discovery/quizzes/sample-size-estimation-quiz-1/,2022-03-01,courses,sample-size-estimation-quiz-1,sample size estimation quiz 1,,content
measuringu.com,https://measuringu.com/courses/practical-statistics-for-ux-and-customer-research/lessons/sample-size-estimation-precision-estimate/quizzes/sample-size-estimation-quiz-2/,2022-03-01,courses,sample-size-estimation-quiz-2,sample size estimation quiz 2,,content
measuringu.com,https://measuringu.com/courses/practical-statistics-for-ux-and-customer-research/lessons/sample-size-estimation-intro-and-problem-discovery/quizzes/sample-size-estimation-exercise-1/,2022-03-01,courses,sample-size-estimation-exercise-1,sample size estimation exercise 1,,content
measuringu.com,https://measuringu.com/courses/practical-statistics-for-ux-and-customer-research/lessons/sample-size-estimation-comparisons/quizzes/sample-size-estimation-exercise-4/,2022-03-10,courses,sample-size-estimation-exercise-4,sample size estimation exercise 4,,content
measuringu.com,https://measuringu.com/courses/practical-statistics-for-ux-and-customer-research/lessons/sample-size-estimation-precision-estimate/quizzes/sample-size-estimation-exercise-2/,2022-03-10,courses,sample-size-estimation-exercise-2,sample size estimation exercise 2,,content
measuringu.com,https://measuringu.com/courses/practical-statistics-for-ux-and-customer-research/lessons/sample-size-estimation-comparisons/quizzes/sample-size-estimation-exercise-5/,2022-03-10,courses,sample-size-estimation-exercise-5,sample size estimation exercise 5,,content
measuringu.com,https://measuringu.com/courses/practical-statistics-for-ux-and-customer-research/lessons/sample-size-estimation-precision-estimate/quizzes/sample-size-estimation-exercise-3/,2022-03-10,courses,sample-size-estimation-exercise-3,sample size estimation exercise 3,,content
measuringu.com,https://measuringu.com/courses/practical-statistics-for-ux-and-customer-research/lessons/correlation-and-regression/quizzes/correlation-regression-quiz-1/,2022-03-01,courses,correlation-regression-quiz-1,correlation regression quiz 1,,content
measuringu.com,https://measuringu.com/courses/practical-statistics-for-ux-and-customer-research/lessons/correlation-and-regression/quizzes/correlation-and-regression-exercise-1/,2022-03-01,courses,correlation-and-regression-exercise-1,correlation and regression exercise 1,,content
measuringu.com,https://measuringu.com/courses/practical-statistics-for-ux-and-customer-research/lessons/multiple-regression/quizzes/multiple-regression-and-kda-quiz-1/,2022-03-01,courses,multiple-regression-and-kda-quiz-1,multiple regression and kda quiz 1,,content
measuringu.com,https://measuringu.com/courses/practical-statistics-for-ux-and-customer-research/lessons/anova/quizzes/analysis-of-variance-quiz-1/,2022-03-01,courses,analysis-of-variance-quiz-1,analysis of variance quiz 1,,content
measuringu.com,https://measuringu.com/courses/practical-statistics-for-ux-and-customer-research/lessons/factor-analysis/quizzes/factor-analysis-quiz-1/,2022-03-01,courses,factor-analysis-quiz-1,factor analysis quiz 1,,content
measuringu.com,https://measuringu.com/courses/practical-statistics-for-ux-and-customer-research/lessons/multiple-regression-and-kda-extended-spss-example/quizzes/multiple-regression-and-kda-extended-exercise-1/,2022-07-05,courses,multiple-regression-and-kda-extended-exercise-1,multiple regression and kda extended exercise 1,,content
measuringu.com,https://measuringu.com/courses/practical-statistics-for-ux-and-customer-research/lessons/cluster-analysis/quizzes/cluster-analysis-quiz-1/,2022-03-01,courses,cluster-analysis-quiz-1,cluster analysis quiz 1,,content
measuringu.com,https://measuringu.com/courses/practical-statistics-for-ux-and-customer-research/lessons/analysis-of-variance-extended-example/quizzes/anova-exercise-1/,2022-03-01,courses,anova-exercise-1,anova exercise 1,,content
measuringu.com,https://measuringu.com/courses/practical-statistics-for-ux-and-customer-research/lessons/analysis-of-variance-extended-example/quizzes/anova-exercise-2/,2022-03-01,courses,anova-exercise-2,anova exercise 2,,content
measuringu.com,https://measuringu.com/courses/practical-statistics-for-ux-and-customer-research/lessons/factor-analysis-extended-example/quizzes/factor-analysis-exercise-1/,2022-07-05,courses,factor-analysis-exercise-1,factor analysis exercise 1,,content
measuringu.com,https://measuringu.com/courses/practical-statistics-for-ux-and-customer-research/lessons/cluster-analysis-extended-example/quizzes/cluster-analysis-exercise-1/,2022-07-05,courses,cluster-analysis-exercise-1,cluster analysis exercise 1,,content
measuringu.com,https://measuringu.com/courses/practical-statistics-for-ux-and-customer-research/lessons/intro-to-data-types/quizzes/intro-to-data-types-quiz-1/,2022-09-10,courses,intro-to-data-types-quiz-1,intro to data types quiz 1,,content
measuringu.com,https://measuringu.com/courses/practical-statistics-for-ux-and-customer-research/lessons/hypothesis-testing-conducting-tests/quizzes/hypothesis-testing-exercise-5/,2022-04-11,courses,hypothesis-testing-exercise-5,hypothesis testing exercise 5,,content
measuringu.com,https://measuringu.com/courses/practical-statistics-for-ux-and-customer-research/lessons/hypothesis-testing-conducting-tests/quizzes/hypothesis-testing-exercise-6/,2022-04-21,courses,hypothesis-testing-exercise-6,hypothesis testing exercise 6,,content
measuringu.com,https://measuringu.com/courses/practical-statistics-for-ux-and-customer-research/lessons/sample-size-estimation-comparisons/quizzes/sample-size-estimation-quiz-3/,2022-02-28,courses,sample-size-estimation-quiz-3,sample size estimation quiz 3,,content
measuringu.com,https://measuringu.com/quizzes/bootcamp-final-exam/,2023-11-06,quizzes,bootcamp-final-exam,bootcamp final exam,,content
measuringu.com,https://measuringu.com/courses/ux-methods/lessons/essential-ux-methods/quizzes/essential-ux-methods-quiz/,2022-09-08,courses,essential-ux-methods-quiz,essential ux methods quiz,,content
measuringu.com,https://measuringu.com/courses/ux-metrics/lessons/essential-ux-metrics/quizzes/34714/,2022-09-10,courses,34714,34714,,noncontent
measuringu.com,https://measuringu.com/courses/ux-methods/lessons/measurement-framework-to-improve-ux/quizzes/framework-quiz-1/,2022-09-11,courses,framework-quiz-1,framework quiz 1,,content
measuringu.com,https://measuringu.com/courses/ux-methods/lessons/measurement-framework-to-improve-ux-part2/quizzes/framework-quiz-2/,2022-09-11,courses,framework-quiz-2,framework quiz 2,,content
measuringu.com,https://measuringu.com/courses/ux-methods/lessons/observing-and-coding-usability-problems/quizzes/usabprob-quiz-1/,2022-09-12,courses,usabprob-quiz-1,usabprob quiz 1,,content
measuringu.com,https://measuringu.com/courses/ux-methods/lessons/observing-and-coding-usability-problems/quizzes/exercise-finding-and-rating-usability-problems/,2025-05-26,courses,exercise-finding-and-rating-usability-problems,exercise finding and rating usability problems,,content
measuringu.com,https://measuringu.com/certificates/course-cert/,2023-10-30,certificates,course-cert,course cert,,content
measuringu.com,https://measuringu.com/groups/springer-training/,2022-03-28,groups,springer-training,springer training,,content
measuringu.com,https://measuringu.com/groups/mu-employees/,2025-12-29,groups,mu-employees,mu employees,,content
measuringu.com,https://measuringu.com/groups/cisco-group/,2024-05-31,groups,cisco-group,cisco group,,content
measuringu.com,https://measuringu.com/groups/linkedin/,2024-05-31,groups,linkedin,linkedin,,content
measuringu.com,https://measuringu.com/groups/ux-measurement-bootcamp-2022/,2022-10-19,groups,ux-measurement-bootcamp-2022,ux measurement bootcamp 2022,2022,content
measuringu.com,https://measuringu.com/groups/ux-measurement-bootcamp-2023/,2024-08-27,groups,ux-measurement-bootcamp-2023,ux measurement bootcamp 2023,2023,content
measuringu.com,https://measuringu.com/groups/mark-mcgivern/,2024-06-05,groups,mark-mcgivern,mark mcgivern,,content
measuringu.com,https://measuringu.com/groups/ux-measurement-bootcamp-2024/,2024-10-09,groups,ux-measurement-bootcamp-2024,ux measurement bootcamp 2024,2024,content
measuringu.com,https://measuringu.com/groups/2025-ux-measurement-boot-camp/,2025-12-11,groups,2025-ux-measurement-boot-camp,2025 ux measurement boot camp,2025,content
measuringu.com,https://measuringu.com/groups/salesforce-custom-boot-camp-2025-2026/,2026-02-03,groups,salesforce-custom-boot-camp-2025-2026,salesforce custom boot camp 2025 2026,2025,content
measuringu.com,https://measuringu.com/elementor-hf/site-footer/,2026-09-02,elementor-hf,site-footer,site footer,,content
measuringu.com,https://measuringu.com/elementor-hf/site-footer-copy/,2026-09-02,elementor-hf,site-footer-copy,site footer copy,,content
measuringu.com,https://measuringu.com/elementor-hf/support-footer/,2022-07-21,elementor-hf,support-footer,support footer,,content
measuringu.com,https://measuringu.com/elementor-hf/lms-courses-footer/,2024-09-06,elementor-hf,lms-courses-footer,lms courses footer,,content
measuringu.com,https://measuringu.com/astra-advanced-hook/footer-scripts/,2021-01-26,astra-advanced-hook,footer-scripts,footer scripts,,content
measuringu.com,https://measuringu.com/astra-advanced-hook/learndash-menu-header/,2024-09-06,astra-advanced-hook,learndash-menu-header,learndash menu header,,content
measuringu.com,https://measuringu.com/category/uncategorized/,,category,uncategorized,uncategorized,,noncontent
measuringu.com,https://measuringu.com/category/usability-metrics/,,category,usability-metrics,usability metrics,,noncontent
measuringu.com,https://measuringu.com/category/sus/,,category,sus,sus,,noncontent
measuringu.com,https://measuringu.com/category/usability/,,category,usability,usability,,noncontent
measuringu.com,https://measuringu.com/category/rating-scale/,,category,rating-scale,rating scale,,noncontent
measuringu.com,https://measuringu.com/category/satisfaction/,,category,satisfaction,satisfaction,,noncontent
measuringu.com,https://measuringu.com/category/usability-problems/,,category,usability-problems,usability problems,,noncontent
measuringu.com,https://measuringu.com/category/formative/,,category,formative,formative,,noncontent
measuringu.com,https://measuringu.com/category/summative/,,category,summative,summative,,noncontent
measuringu.com,https://measuringu.com/category/statistics/,,category,statistics,statistics,,noncontent
measuringu.com,https://measuringu.com/category/task-time/,,category,task-time,task time,,noncontent
measuringu.com,https://measuringu.com/category/usability-testing/,,category,usability-testing,usability testing,,noncontent
measuringu.com,https://measuringu.com/category/sample-size/,,category,sample-size,sample size,,noncontent
measuringu.com,https://measuringu.com/category/remote-usability-testing/,,category,remote-usability-testing,remote usability testing,,noncontent
measuringu.com,https://measuringu.com/category/ux/,,category,ux,ux,,noncontent
measuringu.com,https://measuringu.com/category/heuristic-evaluation/,,category,heuristic-evaluation,heuristic evaluation,,noncontent
measuringu.com,https://measuringu.com/category/survey/,,category,survey,survey,,noncontent
measuringu.com,https://measuringu.com/category/marketing/,,category,marketing,marketing,,noncontent
measuringu.com,https://measuringu.com/category/methods/,,category,methods,methods,,noncontent
measuringu.com,https://measuringu.com/category/customer-experience/,,category,customer-experience,customer experience,,noncontent
measuringu.com,https://measuringu.com/category/net-promoter-score/,,category,net-promoter-score,net promoter score,,noncontent
measuringu.com,https://measuringu.com/category/benchmarking/,,category,benchmarking,benchmarking,,noncontent
measuringu.com,https://measuringu.com/category/task-completion/,,category,task-completion,task completion,,noncontent
measuringu.com,https://measuringu.com/category/navigation/,,category,navigation,navigation,,noncontent
measuringu.com,https://measuringu.com/category/user-research/,,category,user-research,user research,,noncontent
measuringu.com,https://measuringu.com/category/cognitive-walkthrough/,,category,cognitive-walkthrough,cognitive walkthrough,,noncontent
measuringu.com,https://measuringu.com/category/questionnaires/,,category,questionnaires,questionnaires,,noncontent
measuringu.com,https://measuringu.com/category/supr-q/,,category,supr-q,supr q,,noncontent
measuringu.com,https://measuringu.com/category/market-research/,,category,market-research,market research,,noncontent
measuringu.com,https://measuringu.com/category/confidence-intervals/,,category,confidence-intervals,confidence intervals,,noncontent
measuringu.com,https://measuringu.com/category/card-sorting/,,category,card-sorting,card sorting,,noncontent
measuringu.com,https://measuringu.com/category/a-b-testing/,,category,a-b-testing,a b testing,,noncontent
measuringu.com,https://measuringu.com/category/mobile-usability-testing/,,category,mobile-usability-testing,mobile usability testing,,noncontent
measuringu.com,https://measuringu.com/category/sum/,,category,sum,sum,,noncontent
measuringu.com,https://measuringu.com/category/confidence/,,category,confidence,confidence,,noncontent
measuringu.com,https://measuringu.com/category/tree-testing/,,category,tree-testing,tree testing,,noncontent
measuringu.com,https://measuringu.com/category/lean-ux/,,category,lean-ux,lean ux,,noncontent
measuringu.com,https://measuringu.com/category/personas/,,category,personas,personas,,noncontent
measuringu.com,https://measuringu.com/category/findability/,,category,findability,findability,,noncontent
measuringu.com,https://measuringu.com/category/six-sigma/,,category,six-sigma,six sigma,,noncontent
measuringu.com,https://measuringu.com/category/information-architecture/,,category,information-architecture,information architecture,,noncontent
measuringu.com,https://measuringu.com/category/visualizing-data/,,category,visualizing-data,visualizing data,,noncontent
measuringu.com,https://measuringu.com/category/qualitative/,,category,qualitative,qualitative,,noncontent
measuringu.com,https://measuringu.com/category/roi/,,category,roi,roi,,noncontent
measuringu.com,https://measuringu.com/category/analytics/,,category,analytics,analytics,,noncontent
measuringu.com,https://measuringu.com/category/loyalty/,,category,loyalty,loyalty,,noncontent
measuringu.com,https://measuringu.com/category/correlation/,,category,correlation,correlation,,noncontent
measuringu.com,https://measuringu.com/category/reliability/,,category,reliability,reliability,,noncontent
measuringu.com,https://measuringu.com/category/expert-review/,,category,expert-review,expert review,,noncontent
measuringu.com,https://measuringu.com/category/regression-analysis/,,category,regression-analysis,regression analysis,,noncontent
measuringu.com,https://measuringu.com/category/conjoint-analysis/,,category,conjoint-analysis,conjoint analysis,,noncontent
measuringu.com,https://measuringu.com/category/popular-post/,,category,popular-post,popular post,,noncontent
measuringu.com,https://measuringu.com/category/contextual-inquiry/,,category,contextual-inquiry,contextual inquiry,,noncontent
measuringu.com,https://measuringu.com/category/problem-severity/,,category,problem-severity,problem severity,,noncontent
measuringu.com,https://measuringu.com/category/key-driver/,,category,key-driver,key driver,,noncontent
measuringu.com,https://measuringu.com/category/eye-tracking/,,category,eye-tracking,eye tracking,,noncontent
measuringu.com,https://measuringu.com/category/facilitation/,,category,facilitation,facilitation,,noncontent
measuringu.com,https://measuringu.com/category/measurement-plan/,,category,measurement-plan,measurement plan,,noncontent
measuringu.com,https://measuringu.com/category/measurement/,,category,measurement,measurement,,noncontent
measuringu.com,https://measuringu.com/category/ux-maturity/,,category,ux-maturity,ux maturity,,noncontent
measuringu.com,https://measuringu.com/category/prototype/,,category,prototype,prototype,,noncontent
measuringu.com,https://measuringu.com/category/certification/,,category,certification,certification,,noncontent
measuringu.com,https://measuringu.com/category/metrics/,,category,metrics,metrics,,noncontent
measuringu.com,https://measuringu.com/category/umux-lite/,,category,umux-lite,umux lite,,noncontent
measuringu.com,https://measuringu.com/category/moderating/,,category,moderating,moderating,,noncontent
measuringu.com,https://measuringu.com/category/unmoderated-research/,,category,unmoderated-research,unmoderated research,,noncontent
measuringu.com,https://measuringu.com/category/validity/,,category,validity,validity,,noncontent
measuringu.com,https://measuringu.com/category/branding/,,category,branding,branding,,noncontent
measuringu.com,https://measuringu.com/category/user-experience/,,category,user-experience,user experience,,noncontent
measuringu.com,https://measuringu.com/category/seq/,,category,seq,seq,,noncontent
measuringu.com,https://measuringu.com/category/pure/,,category,pure,pure,,noncontent
measuringu.com,https://measuringu.com/category/research/,,category,research,research,,noncontent
measuringu.com,https://measuringu.com/categories/sample-size-calculators/,,categories,sample-size-calculators,sample size calculators,,noncontent
measuringu.com,https://measuringu.com/categories/graph-calculators/,,categories,graph-calculators,graph calculators,,noncontent
measuringu.com,https://measuringu.com/categories/confidence-calculators/,,categories,confidence-calculators,confidence calculators,,noncontent
measuringu.com,https://measuringu.com/categories/z-score-calculators/,,categories,z-score-calculators,z score calculators,,noncontent
measuringu.com,https://measuringu.com/categories/comparison-calculators/,,categories,comparison-calculators,comparison calculators,,noncontent
measuringu.com,https://measuringu.com/product-category/other/,,product-category,other,other,,noncontent
measuringu.com,https://measuringu.com/product-category/calculators/,,product-category,calculators,calculators,,content
measuringu.com,https://measuringu.com/product-category/all/,,product-category,all,all,,noncontent
measuringu.com,https://measuringu.com/product-category/books/,,product-category,books,books,,content
measuringu.com,https://measuringu.com/product-category/packages/,,product-category,packages,packages,,content
measuringu.com,https://measuringu.com/product-category/benchmark-reports/,,product-category,benchmark-reports,benchmark reports,,content
measuringu.com,https://measuringu.com/product-category/licenses/,,product-category,licenses,licenses,,content
measuringu.com,https://measuringu.com/product-category/uncategorized/,,product-category,uncategorized,uncategorized,,content
measuringu.com,https://measuringu.com/product-category/courses/,,product-category,courses,courses,,content
measuringu.com,https://measuringu.com/license-type/individual-license/,,license-type,individual-license,individual license,,content
measuringu.com,https://measuringu.com/license-type/site-license/,,license-type,site-license,site license,,content
measuringu.com,https://measuringu.com/license-type/educational-license/,,license-type,educational-license,educational license,,content
measuringu.com,https://measuringu.com/license-type/1-year-individual-license/,,license-type,1-year-individual-license,1 year individual license,,content
measuringu.com,https://measuringu.com/license-type/1-year-site-license/,,license-type,1-year-site-license,1 year site license,,content
measuringu.com,https://measuringu.com/course-category/short-course/,,course-category,short-course,short course,,content
measuringu.com,https://measuringu.com/course-category/survey-design-and-analysis/,,course-category,survey-design-and-analysis,survey design and analysis,,content
