domain,url,lastmod,first_segment,slug,slug_tokens,year,content
mountaingoatsoftware.com,https://www.mountaingoatsoftware.com/,,,,,,noncontent
mountaingoatsoftware.com,https://www.mountaingoatsoftware.com/about,,about,about,about,,noncontent
mountaingoatsoftware.com,https://www.mountaingoatsoftware.com/about/mike-cohn,,about,mike-cohn,mike cohn,,content
mountaingoatsoftware.com,https://www.mountaingoatsoftware.com/agile/2-times-to-play-planning-poker-and-1-time-not-to,,agile,2-times-to-play-planning-poker-and-1-time-not-to,2 times to play planning poker and 1 time not to,,content
mountaingoatsoftware.com,https://www.mountaingoatsoftware.com/agile/3-roles-that-need-to-be-involved-in-agile-estimating-with-planning-poker,,agile,3-roles-that-need-to-be-involved-in-agile-estimating-with-planning-poker,3 roles that need to be involved in agile estimating with planning poker,,content
mountaingoatsoftware.com,https://www.mountaingoatsoftware.com/agile/3-ways-to-ensure-agile-training-works-to-transform-your-teams,,agile,3-ways-to-ensure-agile-training-works-to-transform-your-teams,3 ways to ensure agile training works to transform your teams,,content
mountaingoatsoftware.com,https://www.mountaingoatsoftware.com/agile/3-ways-to-help-agile-teams-plan-despite-uncertainty,,agile,3-ways-to-help-agile-teams-plan-despite-uncertainty,3 ways to help agile teams plan despite uncertainty,,content
mountaingoatsoftware.com,https://www.mountaingoatsoftware.com/agile/4-reasons-to-include-developers-in-story-writing,,agile,4-reasons-to-include-developers-in-story-writing,4 reasons to include developers in story writing,,content
mountaingoatsoftware.com,https://www.mountaingoatsoftware.com/agile/4-reasons-why-agile-teams-underestimate-product-size,,agile,4-reasons-why-agile-teams-underestimate-product-size,4 reasons why agile teams underestimate product size,,content
mountaingoatsoftware.com,https://www.mountaingoatsoftware.com/agile/5-key-factors-for-effective-product-backlog-prioritization,,agile,5-key-factors-for-effective-product-backlog-prioritization,5 key factors for effective product backlog prioritization,,content
mountaingoatsoftware.com,https://www.mountaingoatsoftware.com/agile/5-reasons-product-owners-should-let-teams-work-out-of-order,,agile,5-reasons-product-owners-should-let-teams-work-out-of-order,5 reasons product owners should let teams work out of order,,content
mountaingoatsoftware.com,https://www.mountaingoatsoftware.com/agile/7-advantages-of-scrum-plus-1-hidden-disadvantage,,agile,7-advantages-of-scrum-plus-1-hidden-disadvantage,7 advantages of scrum plus 1 hidden disadvantage,,content
mountaingoatsoftware.com,https://www.mountaingoatsoftware.com/agile/7-questions-to-determine-if-being-a-scrum-master-is-right-for-you,,agile,7-questions-to-determine-if-being-a-scrum-master-is-right-for-you,7 questions to determine if being a scrum master is right for you,,content
mountaingoatsoftware.com,https://www.mountaingoatsoftware.com/agile/7-ways-to-get-and-improve-fast-feedback,,agile,7-ways-to-get-and-improve-fast-feedback,7 ways to get and improve fast feedback,,content
mountaingoatsoftware.com,https://www.mountaingoatsoftware.com/agile/8-reasons-scrum-is-hard-to-learn-but-worth-it,,agile,8-reasons-scrum-is-hard-to-learn-but-worth-it,8 reasons scrum is hard to learn but worth it,,content
mountaingoatsoftware.com,https://www.mountaingoatsoftware.com/agile/25-questions-that-will-help-you-know-your-teammates-better,,agile,25-questions-that-will-help-you-know-your-teammates-better,25 questions that will help you know your teammates better,,content
mountaingoatsoftware.com,https://www.mountaingoatsoftware.com/agile/a-sample-format-for-a-spreadsheet-based-product-backlog,,agile,a-sample-format-for-a-spreadsheet-based-product-backlog,a sample format for a spreadsheet based product backlog,,content
mountaingoatsoftware.com,https://www.mountaingoatsoftware.com/agile/a-simple-way-to-run-a-sprint-retrospective,,agile,a-simple-way-to-run-a-sprint-retrospective,a simple way to run a sprint retrospective,,content
mountaingoatsoftware.com,https://www.mountaingoatsoftware.com/agile/adding-decorated-user-roles-to-your-user-stories,,agile,adding-decorated-user-roles-to-your-user-stories,adding decorated user roles to your user stories,,content
mountaingoatsoftware.com,https://www.mountaingoatsoftware.com/agile/advantages-of-user-stories-for-requirements,,agile,advantages-of-user-stories-for-requirements,advantages of user stories for requirements,,content
mountaingoatsoftware.com,https://www.mountaingoatsoftware.com/agile/advice-for-interviewing-scrummasters,,agile,advice-for-interviewing-scrummasters,advice for interviewing scrummasters,,content
mountaingoatsoftware.com,https://www.mountaingoatsoftware.com/agile/advice-on-conducting-agile-project-kickoff-meetings,,agile,advice-on-conducting-agile-project-kickoff-meetings,advice on conducting agile project kickoff meetings,,content
mountaingoatsoftware.com,https://www.mountaingoatsoftware.com/agile/advice-on-how-to-split-reporting-user-stories,,agile,advice-on-how-to-split-reporting-user-stories,advice on how to split reporting user stories,,content
mountaingoatsoftware.com,https://www.mountaingoatsoftware.com/agile/agile-collaboration-what-it-is-how-it-feels-and-why-it-matters,,agile,agile-collaboration-what-it-is-how-it-feels-and-why-it-matters,agile collaboration what it is how it feels and why it matters,,content
mountaingoatsoftware.com,https://www.mountaingoatsoftware.com/agile/agile-decision-making-agile-plans,,agile,agile-decision-making-agile-plans,agile decision making agile plans,,content
mountaingoatsoftware.com,https://www.mountaingoatsoftware.com/agile/agile-design-intentional-yet-emergent,,agile,agile-design-intentional-yet-emergent,agile design intentional yet emergent,,content
mountaingoatsoftware.com,https://www.mountaingoatsoftware.com/agile/agile-in-the-age-of-hyperspecialization,,agile,agile-in-the-age-of-hyperspecialization,agile in the age of hyperspecialization,,content
mountaingoatsoftware.com,https://www.mountaingoatsoftware.com/agile/agile-leadership,,agile,agile-leadership,agile leadership,,content
mountaingoatsoftware.com,https://www.mountaingoatsoftware.com/agile/agile-leadership/ask-better-planning-questions,,agile,ask-better-planning-questions,ask better planning questions,,content
mountaingoatsoftware.com,https://www.mountaingoatsoftware.com/agile/agile-leadership/create-clarity-without-removing-ownership,,agile,create-clarity-without-removing-ownership,create clarity without removing ownership,,content
mountaingoatsoftware.com,https://www.mountaingoatsoftware.com/agile/agile-leadership/dont-compare-team-velocities,,agile,dont-compare-team-velocities,dont compare team velocities,,content
mountaingoatsoftware.com,https://www.mountaingoatsoftware.com/agile/agile-leadership/finish-everything-every-sprint,,agile,finish-everything-every-sprint,finish everything every sprint,,content
mountaingoatsoftware.com,https://www.mountaingoatsoftware.com/agile/agile-leadership/lead-each-team-the-way-they-need,,agile,lead-each-team-the-way-they-need,lead each team the way they need,,content
mountaingoatsoftware.com,https://www.mountaingoatsoftware.com/agile/agile-leadership/support-self-managing-teams,,agile,support-self-managing-teams,support self managing teams,,content
mountaingoatsoftware.com,https://www.mountaingoatsoftware.com/agile/agile-leadership/when-should-agile-leaders-step-in,,agile,when-should-agile-leaders-step-in,when should agile leaders step in,,content
mountaingoatsoftware.com,https://www.mountaingoatsoftware.com/agile/agile-multitasking-escape-the-busyness-trap-to-get-more-done,,agile,agile-multitasking-escape-the-busyness-trap-to-get-more-done,agile multitasking escape the busyness trap to get more done,,content
mountaingoatsoftware.com,https://www.mountaingoatsoftware.com/agile/agile-needs-to-be-both-iterative-and-incremental,,agile,agile-needs-to-be-both-iterative-and-incremental,agile needs to be both iterative and incremental,,content
mountaingoatsoftware.com,https://www.mountaingoatsoftware.com/agile/agile-planning-and-forecasting,,agile,agile-planning-and-forecasting,agile planning and forecasting,,content
mountaingoatsoftware.com,https://www.mountaingoatsoftware.com/agile/agile-planning-and-forecasting/communicating-forecasts,,agile,communicating-forecasts,communicating forecasts,,content
mountaingoatsoftware.com,https://www.mountaingoatsoftware.com/agile/agile-planning-and-forecasting/components-of-an-agile-forecast,,agile,components-of-an-agile-forecast,components of an agile forecast,,content
mountaingoatsoftware.com,https://www.mountaingoatsoftware.com/agile/agile-planning-and-forecasting/estimating-unknown-work,,agile,estimating-unknown-work,estimating unknown work,,content
mountaingoatsoftware.com,https://www.mountaingoatsoftware.com/agile/agile-planning-and-forecasting/fixed-date-planning,,agile,fixed-date-planning,fixed date planning,,content
mountaingoatsoftware.com,https://www.mountaingoatsoftware.com/agile/agile-planning-and-forecasting/fixed-scope-planning,,agile,fixed-scope-planning,fixed scope planning,,content
mountaingoatsoftware.com,https://www.mountaingoatsoftware.com/agile/agile-planning-and-forecasting/forecasting-without-velocity-data,,agile,forecasting-without-velocity-data,forecasting without velocity data,,content
mountaingoatsoftware.com,https://www.mountaingoatsoftware.com/agile/agile-planning-and-forecasting/velocity-range,,agile,velocity-range,velocity range,,content
mountaingoatsoftware.com,https://www.mountaingoatsoftware.com/agile/agile-teams-and-collaboration,,agile,agile-teams-and-collaboration,agile teams and collaboration,,content
mountaingoatsoftware.com,https://www.mountaingoatsoftware.com/agile/agile-teams-and-collaboration/agile-collaboration,,agile,agile-collaboration,agile collaboration,,content
mountaingoatsoftware.com,https://www.mountaingoatsoftware.com/agile/agile-teams-and-collaboration/agile-team-structure,,agile,agile-team-structure,agile team structure,,content
mountaingoatsoftware.com,https://www.mountaingoatsoftware.com/agile/agile-teams-and-collaboration/cross-functional-agile-teams,,agile,cross-functional-agile-teams,cross functional agile teams,,content
mountaingoatsoftware.com,https://www.mountaingoatsoftware.com/agile/agile-teams-and-collaboration/distributed-agile-teams,,agile,distributed-agile-teams,distributed agile teams,,content
mountaingoatsoftware.com,https://www.mountaingoatsoftware.com/agile/agile-teams-and-collaboration/effective-agile-teams,,agile,effective-agile-teams,effective agile teams,,content
mountaingoatsoftware.com,https://www.mountaingoatsoftware.com/agile/agile-teams-and-collaboration/self-managing-agile-teams,,agile,self-managing-agile-teams,self managing agile teams,,content
mountaingoatsoftware.com,https://www.mountaingoatsoftware.com/agile/agile-teams-and-collaboration/shared-ownership,,agile,shared-ownership,shared ownership,,content
mountaingoatsoftware.com,https://www.mountaingoatsoftware.com/agile/agile-teams-and-risk-management,,agile,agile-teams-and-risk-management,agile teams and risk management,,content
mountaingoatsoftware.com,https://www.mountaingoatsoftware.com/agile/agile-teamwork,,agile,agile-teamwork,agile teamwork,,content
mountaingoatsoftware.com,https://www.mountaingoatsoftware.com/agile/ai-can-write-backlog-items-it-cant-create-shared-understanding,,agile,ai-can-write-backlog-items-it-cant-create-shared-understanding,ai can write backlog items it cant create shared understanding,,content
mountaingoatsoftware.com,https://www.mountaingoatsoftware.com/agile/ai-changes-what-makes-a-product-backlog-valuable,,agile,ai-changes-what-makes-a-product-backlog-valuable,ai changes what makes a product backlog valuable,,content
mountaingoatsoftware.com,https://www.mountaingoatsoftware.com/agile/ai-doesnt-eliminate-agile-teams-it-increases-the-need-for-great-ones,,agile,ai-doesnt-eliminate-agile-teams-it-increases-the-need-for-great-ones,ai doesnt eliminate agile teams it increases the need for great ones,,content
mountaingoatsoftware.com,https://www.mountaingoatsoftware.com/agile/an-agenda-for-the-sprint-review,,agile,an-agenda-for-the-sprint-review,an agenda for the sprint review,,content
mountaingoatsoftware.com,https://www.mountaingoatsoftware.com/agile/an-agile-team-name-generator,,agile,an-agile-team-name-generator,an agile team name generator,,content
mountaingoatsoftware.com,https://www.mountaingoatsoftware.com/agile/an-agile-team-shouldnt-finish-everything-every-iteration,,agile,an-agile-team-shouldnt-finish-everything-every-iteration,an agile team shouldnt finish everything every iteration,,content
mountaingoatsoftware.com,https://www.mountaingoatsoftware.com/agile/an-iterative-waterfall-isnt-agile,,agile,an-iterative-waterfall-isnt-agile,an iterative waterfall isnt agile,,content
mountaingoatsoftware.com,https://www.mountaingoatsoftware.com/agile/answers-to-questions-about-agile-leaders,,agile,answers-to-questions-about-agile-leaders,answers to questions about agile leaders,,content
mountaingoatsoftware.com,https://www.mountaingoatsoftware.com/agile/are-64-of-features-really-rarely-or-never-used,,agile,are-64-of-features-really-rarely-or-never-used,are 64 of features really rarely or never used,,content
mountaingoatsoftware.com,https://www.mountaingoatsoftware.com/agile/are-estimates-ever-helpful-to-developers,,agile,are-estimates-ever-helpful-to-developers,are estimates ever helpful to developers,,content
mountaingoatsoftware.com,https://www.mountaingoatsoftware.com/agile/are-fixed-price-projects-agile,,agile,are-fixed-price-projects-agile,are fixed price projects agile,,content
mountaingoatsoftware.com,https://www.mountaingoatsoftware.com/agile/are-vanity-metrics-really-all-that-bad,,agile,are-vanity-metrics-really-all-that-bad,are vanity metrics really all that bad,,content
mountaingoatsoftware.com,https://www.mountaingoatsoftware.com/agile/are-we-really-bad-at-estimating,,agile,are-we-really-bad-at-estimating,are we really bad at estimating,,content
mountaingoatsoftware.com,https://www.mountaingoatsoftware.com/agile/are-you-really-doing-scrum-a-practical-scrum-litmus-test,,agile,are-you-really-doing-scrum-a-practical-scrum-litmus-test,are you really doing scrum a practical scrum litmus test,,content
mountaingoatsoftware.com,https://www.mountaingoatsoftware.com/agile/automatically-triangulating-estimates-in-planning-poker,,agile,automatically-triangulating-estimates-in-planning-poker,automatically triangulating estimates in planning poker,,content
mountaingoatsoftware.com,https://www.mountaingoatsoftware.com/agile/be-here-now,,agile,be-here-now,be here now,,noncontent
mountaingoatsoftware.com,https://www.mountaingoatsoftware.com/agile/boost-creativity-by-embracing-scrum-framework-constraints,,agile,boost-creativity-by-embracing-scrum-framework-constraints,boost creativity by embracing scrum framework constraints,,content
mountaingoatsoftware.com,https://www.mountaingoatsoftware.com/agile/bugs-on-the-product-backlog,,agile,bugs-on-the-product-backlog,bugs on the product backlog,,content
mountaingoatsoftware.com,https://www.mountaingoatsoftware.com/agile/build-trust-between-teams-with-ambassadors,,agile,build-trust-between-teams-with-ambassadors,build trust between teams with ambassadors,,content
mountaingoatsoftware.com,https://www.mountaingoatsoftware.com/agile/building-a-product-users-want-from-idea-to-backlog-with-the-vision-board,,agile,building-a-product-users-want-from-idea-to-backlog-with-the-vision-board,building a product users want from idea to backlog with the vision board,,content
mountaingoatsoftware.com,https://www.mountaingoatsoftware.com/agile/can-a-product-owner-dictate-the-architecture,,agile,can-a-product-owner-dictate-the-architecture,can a product owner dictate the architecture,,content
mountaingoatsoftware.com,https://www.mountaingoatsoftware.com/agile/can-a-team-vote-someone-off-the-team,,agile,can-a-team-vote-someone-off-the-team,can a team vote someone off the team,,content
mountaingoatsoftware.com,https://www.mountaingoatsoftware.com/agile/can-a-traditional-srs-be-converted-into-user-stories,,agile,can-a-traditional-srs-be-converted-into-user-stories,can a traditional srs be converted into user stories,,content
mountaingoatsoftware.com,https://www.mountaingoatsoftware.com/agile/can-there-be-too-much-transparency,,agile,can-there-be-too-much-transparency,can there be too much transparency,,content
mountaingoatsoftware.com,https://www.mountaingoatsoftware.com/agile/capacity-driven-sprint-planning,,agile,capacity-driven-sprint-planning,capacity driven sprint planning,,content
mountaingoatsoftware.com,https://www.mountaingoatsoftware.com/agile/choose-backlog-items-that-serve-two-purposes,,agile,choose-backlog-items-that-serve-two-purposes,choose backlog items that serve two purposes,,content
mountaingoatsoftware.com,https://www.mountaingoatsoftware.com/agile/clarifying-the-relationship-between-definition-of-done-and-conditions-of-sa,,agile,clarifying-the-relationship-between-definition-of-done-and-conditions-of-sa,clarifying the relationship between definition of done and conditions of sa,,content
mountaingoatsoftware.com,https://www.mountaingoatsoftware.com/agile/cross-functional-doesnt-mean-everyone-can-do-everything,,agile,cross-functional-doesnt-mean-everyone-can-do-everything,cross functional doesnt mean everyone can do everything,,content
mountaingoatsoftware.com,https://www.mountaingoatsoftware.com/agile/cultivate-communities-of-practice,,agile,cultivate-communities-of-practice,cultivate communities of practice,,content
mountaingoatsoftware.com,https://www.mountaingoatsoftware.com/agile/daily-scrum-not-just-for-scrummasters,,agile,daily-scrum-not-just-for-scrummasters,daily scrum not just for scrummasters,,content
mountaingoatsoftware.com,https://www.mountaingoatsoftware.com/agile/daily-scrums-not-working-try-this,,agile,daily-scrums-not-working-try-this,daily scrums not working try this,,content
mountaingoatsoftware.com,https://www.mountaingoatsoftware.com/agile/deciding-what-kind-of-projects-are-most-suited-for-agile,,agile,deciding-what-kind-of-projects-are-most-suited-for-agile,deciding what kind of projects are most suited for agile,,content
mountaingoatsoftware.com,https://www.mountaingoatsoftware.com/agile/defect-management-by-policy-a-fast-easy-approach-to-prioritizing-bug-fixes,,agile,defect-management-by-policy-a-fast-easy-approach-to-prioritizing-bug-fixes,defect management by policy a fast easy approach to prioritizing bug fixes,,content
mountaingoatsoftware.com,https://www.mountaingoatsoftware.com/agile/differences-between-scrum-and-extreme-programming,,agile,differences-between-scrum-and-extreme-programming,differences between scrum and extreme programming,,content
mountaingoatsoftware.com,https://www.mountaingoatsoftware.com/agile/distributed-teams-build-trust-through-early-progress,,agile,distributed-teams-build-trust-through-early-progress,distributed teams build trust through early progress,,content
mountaingoatsoftware.com,https://www.mountaingoatsoftware.com/agile/do-scrum-teams-meet-too-much,,agile,do-scrum-teams-meet-too-much,do scrum teams meet too much,,content
mountaingoatsoftware.com,https://www.mountaingoatsoftware.com/agile/does-a-scrum-team-need-a-retrospective-every-sprint,,agile,does-a-scrum-team-need-a-retrospective-every-sprint,does a scrum team need a retrospective every sprint,,content
mountaingoatsoftware.com,https://www.mountaingoatsoftware.com/agile/does-the-scrum-master-role-ever-go-away,,agile,does-the-scrum-master-role-ever-go-away,does the scrum master role ever go away,,content
mountaingoatsoftware.com,https://www.mountaingoatsoftware.com/agile/dont-average-during-planning-poker,,agile,dont-average-during-planning-poker,dont average during planning poker,,content
mountaingoatsoftware.com,https://www.mountaingoatsoftware.com/agile/dont-blindly-follow,,agile,dont-blindly-follow,dont blindly follow,,content
mountaingoatsoftware.com,https://www.mountaingoatsoftware.com/agile/dont-defer-a-meeting-because-one-person-cant-attend,,agile,dont-defer-a-meeting-because-one-person-cant-attend,dont defer a meeting because one person cant attend,,content
mountaingoatsoftware.com,https://www.mountaingoatsoftware.com/agile/dont-equate-story-points-to-hours,,agile,dont-equate-story-points-to-hours,dont equate story points to hours,,content
mountaingoatsoftware.com,https://www.mountaingoatsoftware.com/agile/dont-estimate-the-sprint-backlog-using-task-points,,agile,dont-estimate-the-sprint-backlog-using-task-points,dont estimate the sprint backlog using task points,,content
mountaingoatsoftware.com,https://www.mountaingoatsoftware.com/agile/dont-take-partial-credit-for-semi-finished-stories,,agile,dont-take-partial-credit-for-semi-finished-stories,dont take partial credit for semi finished stories,,content
mountaingoatsoftware.com,https://www.mountaingoatsoftware.com/agile/establishing-a-common-baseline-for-story-points,,agile,establishing-a-common-baseline-for-story-points,establishing a common baseline for story points,,content
mountaingoatsoftware.com,https://www.mountaingoatsoftware.com/agile/estimates-on-split-stories-do-not-need-to-equal-the-original,,agile,estimates-on-split-stories-do-not-need-to-equal-the-original,estimates on split stories do not need to equal the original,,content
mountaingoatsoftware.com,https://www.mountaingoatsoftware.com/agile/estimating-and-planning-are-necessary-for-maximizing-delivered-value,,agile,estimating-and-planning-are-necessary-for-maximizing-delivered-value,estimating and planning are necessary for maximizing delivered value,,content
mountaingoatsoftware.com,https://www.mountaingoatsoftware.com/agile/estimating-and-planning-in-agile-why-they-still-matter-in-2026,,agile,estimating-and-planning-in-agile-why-they-still-matter-in-2026,estimating and planning in agile why they still matter in 2026,2026,content
mountaingoatsoftware.com,https://www.mountaingoatsoftware.com/agile/estimating-with-tee-shirt-sizes,,agile,estimating-with-tee-shirt-sizes,estimating with tee shirt sizes,,content
mountaingoatsoftware.com,https://www.mountaingoatsoftware.com/agile/five-lessons-im-thankful-i-learned-in-my-agile-career,,agile,five-lessons-im-thankful-i-learned-in-my-agile-career,five lessons im thankful i learned in my agile career,,content
mountaingoatsoftware.com,https://www.mountaingoatsoftware.com/agile/five-pillars-of-a-successful-agile-transformation,,agile,five-pillars-of-a-successful-agile-transformation,five pillars of a successful agile transformation,,content
mountaingoatsoftware.com,https://www.mountaingoatsoftware.com/agile/five-reasons-why-batman-would-be-a-great-scrum-master,,agile,five-reasons-why-batman-would-be-a-great-scrum-master,five reasons why batman would be a great scrum master,,content
mountaingoatsoftware.com,https://www.mountaingoatsoftware.com/agile/five-scary-things-about-adopting-agile,,agile,five-scary-things-about-adopting-agile,five scary things about adopting agile,,content
mountaingoatsoftware.com,https://www.mountaingoatsoftware.com/agile/five-simple-but-powerful-ways-to-split-user-stories,,agile,five-simple-but-powerful-ways-to-split-user-stories,five simple but powerful ways to split user stories,,content
mountaingoatsoftware.com,https://www.mountaingoatsoftware.com/agile/five-story-splitting-mistakes-and-how-to-stop-making-them,,agile,five-story-splitting-mistakes-and-how-to-stop-making-them,five story splitting mistakes and how to stop making them,,content
mountaingoatsoftware.com,https://www.mountaingoatsoftware.com/agile/focusing-where-we-can-have-the-most-impact,,agile,focusing-where-we-can-have-the-most-impact,focusing where we can have the most impact,,content
mountaingoatsoftware.com,https://www.mountaingoatsoftware.com/agile/for-better-agile-planning-be-collaborative,,agile,for-better-agile-planning-be-collaborative,for better agile planning be collaborative,,content
mountaingoatsoftware.com,https://www.mountaingoatsoftware.com/agile/four-attributes-of-the-ideal-pilot-project,,agile,four-attributes-of-the-ideal-pilot-project,four attributes of the ideal pilot project,,content
mountaingoatsoftware.com,https://www.mountaingoatsoftware.com/agile/four-questions-to-fix-low-attendance-at-your-sprint-reviews,,agile,four-questions-to-fix-low-attendance-at-your-sprint-reviews,four questions to fix low attendance at your sprint reviews,,content
mountaingoatsoftware.com,https://www.mountaingoatsoftware.com/agile/four-quick-ways-to-gain-or-assess-team-consensus,,agile,four-quick-ways-to-gain-or-assess-team-consensus,four quick ways to gain or assess team consensus,,content
mountaingoatsoftware.com,https://www.mountaingoatsoftware.com/agile/four-reasons-agile-teams-estimate-product-backlog-items,,agile,four-reasons-agile-teams-estimate-product-backlog-items,four reasons agile teams estimate product backlog items,,content
mountaingoatsoftware.com,https://www.mountaingoatsoftware.com/agile/four-steps-to-keep-your-product-backlog-small-and-manageable,,agile,four-steps-to-keep-your-product-backlog-small-and-manageable,four steps to keep your product backlog small and manageable,,content
mountaingoatsoftware.com,https://www.mountaingoatsoftware.com/agile/four-things-to-do-before-the-scrum-master-goes-on-vacation,,agile,four-things-to-do-before-the-scrum-master-goes-on-vacation,four things to do before the scrum master goes on vacation,,content
mountaingoatsoftware.com,https://www.mountaingoatsoftware.com/agile/four-types-of-resistors-when-adopting-agile,,agile,four-types-of-resistors-when-adopting-agile,four types of resistors when adopting agile,,content
mountaingoatsoftware.com,https://www.mountaingoatsoftware.com/agile/from-project-manager-to-scrum-master-3-tips-for-making-the-transition,,agile,from-project-manager-to-scrum-master-3-tips-for-making-the-transition,from project manager to scrum master 3 tips for making the transition,,content
mountaingoatsoftware.com,https://www.mountaingoatsoftware.com/agile/handling-requirements-architects-outside-team,,agile,handling-requirements-architects-outside-team,handling requirements architects outside team,,content
mountaingoatsoftware.com,https://www.mountaingoatsoftware.com/agile/handling-work-left-at-the-end-of-a-sprint,,agile,handling-work-left-at-the-end-of-a-sprint,handling work left at the end of a sprint,,content
mountaingoatsoftware.com,https://www.mountaingoatsoftware.com/agile/how-can-we-get-the-best-estimates-of-story-size,,agile,how-can-we-get-the-best-estimates-of-story-size,how can we get the best estimates of story size,,content
mountaingoatsoftware.com,https://www.mountaingoatsoftware.com/agile/how-do-you-get-from-here-to-agile-iterate,,agile,how-do-you-get-from-here-to-agile-iterate,how do you get from here to agile iterate,,content
mountaingoatsoftware.com,https://www.mountaingoatsoftware.com/agile/how-full-to-fill-a-sprint,,agile,how-full-to-fill-a-sprint,how full to fill a sprint,,content
mountaingoatsoftware.com,https://www.mountaingoatsoftware.com/agile/how-implementation-intentions-help-my-sprints,,agile,how-implementation-intentions-help-my-sprints,how implementation intentions help my sprints,,content
mountaingoatsoftware.com,https://www.mountaingoatsoftware.com/agile/how-much-can-you-really-tinker-with-scrum,,agile,how-much-can-you-really-tinker-with-scrum,how much can you really tinker with scrum,,content
mountaingoatsoftware.com,https://www.mountaingoatsoftware.com/agile/how-product-owners-can-evaluate-refactoring-work,,agile,how-product-owners-can-evaluate-refactoring-work,how product owners can evaluate refactoring work,,content
mountaingoatsoftware.com,https://www.mountaingoatsoftware.com/agile/how-programmers-and-testers-and-others-should-collaborate-on-user-stories,,agile,how-programmers-and-testers-and-others-should-collaborate-on-user-stories,how programmers and testers and others should collaborate on user stories,,content
mountaingoatsoftware.com,https://www.mountaingoatsoftware.com/agile/how-to-be-sure-youve-thought-of-everything,,agile,how-to-be-sure-youve-thought-of-everything,how to be sure youve thought of everything,,content
mountaingoatsoftware.com,https://www.mountaingoatsoftware.com/agile/how-to-coach-your-team-to-run-a-daily-scrum-meeting-when-you-cannot-attend,,agile,how-to-coach-your-team-to-run-a-daily-scrum-meeting-when-you-cannot-attend,how to coach your team to run a daily scrum meeting when you cannot attend,,content
mountaingoatsoftware.com,https://www.mountaingoatsoftware.com/agile/how-to-create-self-sufficient-scrum-teams,,agile,how-to-create-self-sufficient-scrum-teams,how to create self sufficient scrum teams,,content
mountaingoatsoftware.com,https://www.mountaingoatsoftware.com/agile/how-to-engage-help-busy-product-owners,,agile,how-to-engage-help-busy-product-owners,how to engage help busy product owners,,content
mountaingoatsoftware.com,https://www.mountaingoatsoftware.com/agile/how-to-ensure-youre-working-on-the-most-important-items-each-iteration,,agile,how-to-ensure-youre-working-on-the-most-important-items-each-iteration,how to ensure youre working on the most important items each iteration,,content
mountaingoatsoftware.com,https://www.mountaingoatsoftware.com/agile/how-to-estimate-story-points-with-multiple-teams,,agile,how-to-estimate-story-points-with-multiple-teams,how to estimate story points with multiple teams,,content
mountaingoatsoftware.com,https://www.mountaingoatsoftware.com/agile/how-to-get-teams-aligned-on-what-it-means-to-be-agile,,agile,how-to-get-teams-aligned-on-what-it-means-to-be-agile,how to get teams aligned on what it means to be agile,,content
mountaingoatsoftware.com,https://www.mountaingoatsoftware.com/agile/how-to-overcome-resistance-to-change,,agile,how-to-overcome-resistance-to-change,how to overcome resistance to change,,content
mountaingoatsoftware.com,https://www.mountaingoatsoftware.com/agile/how-to-prevent-estimate-inflation,,agile,how-to-prevent-estimate-inflation,how to prevent estimate inflation,,content
mountaingoatsoftware.com,https://www.mountaingoatsoftware.com/agile/how-to-reward-agile-teams,,agile,how-to-reward-agile-teams,how to reward agile teams,,content
mountaingoatsoftware.com,https://www.mountaingoatsoftware.com/agile/how-to-stop-struggling-with-sprint-planning,,agile,how-to-stop-struggling-with-sprint-planning,how to stop struggling with sprint planning,,content
mountaingoatsoftware.com,https://www.mountaingoatsoftware.com/agile/how-to-work-with-complex-user-stories-that-cannot-be-split,,agile,how-to-work-with-complex-user-stories-that-cannot-be-split,how to work with complex user stories that cannot be split,,content
mountaingoatsoftware.com,https://www.mountaingoatsoftware.com/agile/improving-on-traditional-release-burndown-charts,,agile,improving-on-traditional-release-burndown-charts,improving on traditional release burndown charts,,content
mountaingoatsoftware.com,https://www.mountaingoatsoftware.com/agile/incentives-and-deterrents-for-starting-daily-scrums-on-time,,agile,incentives-and-deterrents-for-starting-daily-scrums-on-time,incentives and deterrents for starting daily scrums on time,,content
mountaingoatsoftware.com,https://www.mountaingoatsoftware.com/agile/incorporating-governance-or-oversight-into-an-agile-project,,agile,incorporating-governance-or-oversight-into-an-agile-project,incorporating governance or oversight into an agile project,,content
mountaingoatsoftware.com,https://www.mountaingoatsoftware.com/agile/incorporating-ui-design-in-scrum-sprints,,agile,incorporating-ui-design-in-scrum-sprints,incorporating ui design in scrum sprints,,content
mountaingoatsoftware.com,https://www.mountaingoatsoftware.com/agile/is-it-a-good-idea-to-establish-a-common-baseline-for-story-points,,agile,is-it-a-good-idea-to-establish-a-common-baseline-for-story-points,is it a good idea to establish a common baseline for story points,,content
mountaingoatsoftware.com,https://www.mountaingoatsoftware.com/agile/is-it-dangerous-to-calculate-the-cost-per-point,,agile,is-it-dangerous-to-calculate-the-cost-per-point,is it dangerous to calculate the cost per point,,content
mountaingoatsoftware.com,https://www.mountaingoatsoftware.com/agile/is-the-distinction-between-outcomes-and-output-overdone,,agile,is-the-distinction-between-outcomes-and-output-overdone,is the distinction between outcomes and output overdone,,content
mountaingoatsoftware.com,https://www.mountaingoatsoftware.com/agile/its-not-what-you-do-its-what-you-do-next,,agile,its-not-what-you-do-its-what-you-do-next,its not what you do its what you do next,,content
mountaingoatsoftware.com,https://www.mountaingoatsoftware.com/agile/job-stories-offer-a-viable-alternative-to-user-stories,,agile,job-stories-offer-a-viable-alternative-to-user-stories,job stories offer a viable alternative to user stories,,content
mountaingoatsoftware.com,https://www.mountaingoatsoftware.com/agile/know-exactly-what-velocity-means-to-your-scrum-team,,agile,know-exactly-what-velocity-means-to-your-scrum-team,know exactly what velocity means to your scrum team,,content
mountaingoatsoftware.com,https://www.mountaingoatsoftware.com/agile/leading-agile-initiatives,,agile,leading-agile-initiatives,leading agile initiatives,,content
mountaingoatsoftware.com,https://www.mountaingoatsoftware.com/agile/leading-agile-initiatives-how-leaders-help-agile-change-succeed,,agile,leading-agile-initiatives-how-leaders-help-agile-change-succeed,leading agile initiatives how leaders help agile change succeed,,content
mountaingoatsoftware.com,https://www.mountaingoatsoftware.com/agile/leading-agile-initiatives/better-agile-framework,,agile,better-agile-framework,better agile framework,,content
mountaingoatsoftware.com,https://www.mountaingoatsoftware.com/agile/leading-agile-initiatives/how-to-help-agile-succeed,,agile,how-to-help-agile-succeed,how to help agile succeed,,content
mountaingoatsoftware.com,https://www.mountaingoatsoftware.com/agile/leading-agile-initiatives/we-tried-agile-and-it-didnt-work,,agile,we-tried-agile-and-it-didnt-work,we tried agile and it didnt work,,content
mountaingoatsoftware.com,https://www.mountaingoatsoftware.com/agile/leave-work-unassigned-and-see-who-steps-forward,,agile,leave-work-unassigned-and-see-who-steps-forward,leave work unassigned and see who steps forward,,content
mountaingoatsoftware.com,https://www.mountaingoatsoftware.com/agile/lessons-from-barbie-for-when-a-project-absolutely-must-succeed,,agile,lessons-from-barbie-for-when-a-project-absolutely-must-succeed,lessons from barbie for when a project absolutely must succeed,,content
mountaingoatsoftware.com,https://www.mountaingoatsoftware.com/agile/make-the-product-backlog-deep,,agile,make-the-product-backlog-deep,make the product backlog deep,,content
mountaingoatsoftware.com,https://www.mountaingoatsoftware.com/agile/managing-risk-on-agile-projects-with-the-risk-burndown-chart,,agile,managing-risk-on-agile-projects-with-the-risk-burndown-chart,managing risk on agile projects with the risk burndown chart,,content
mountaingoatsoftware.com,https://www.mountaingoatsoftware.com/agile/managing-sprint-interruptions-by-tracking-buffer-use,,agile,managing-sprint-interruptions-by-tracking-buffer-use,managing sprint interruptions by tracking buffer use,,content
mountaingoatsoftware.com,https://www.mountaingoatsoftware.com/agile/miscommunicating-with-the-written-word,,agile,miscommunicating-with-the-written-word,miscommunicating with the written word,,content
mountaingoatsoftware.com,https://www.mountaingoatsoftware.com/agile/multiple-levels-of-done,,agile,multiple-levels-of-done,multiple levels of done,,content
mountaingoatsoftware.com,https://www.mountaingoatsoftware.com/agile/musings-on-modern-agile-is-scrum-dead,,agile,musings-on-modern-agile-is-scrum-dead,musings on modern agile is scrum dead,,content
mountaingoatsoftware.com,https://www.mountaingoatsoftware.com/agile/my-favorite-hard-questions-to-ask-when-making-a-decision,,agile,my-favorite-hard-questions-to-ask-when-making-a-decision,my favorite hard questions to ask when making a decision,,content
mountaingoatsoftware.com,https://www.mountaingoatsoftware.com/agile/my-favorites-for-team-movie-day,,agile,my-favorites-for-team-movie-day,my favorites for team movie day,,content
mountaingoatsoftware.com,https://www.mountaingoatsoftware.com/agile/needs-wants-and-wishes-on-your-product-backlog,,agile,needs-wants-and-wishes-on-your-product-backlog,needs wants and wishes on your product backlog,,content
mountaingoatsoftware.com,https://www.mountaingoatsoftware.com/agile/new-to-agile-or-scrum,,agile,new-to-agile-or-scrum,new to agile or scrum,,content
mountaingoatsoftware.com,https://www.mountaingoatsoftware.com/agile/new-to-agile-or-scrum/agile-misconceptions,,agile,agile-misconceptions,agile misconceptions,,content
mountaingoatsoftware.com,https://www.mountaingoatsoftware.com/agile/new-to-agile-or-scrum/agile-vs-scrum,,agile,agile-vs-scrum,agile vs scrum,,content
mountaingoatsoftware.com,https://www.mountaingoatsoftware.com/agile/new-to-agile-or-scrum/agile-vs-waterfall,,agile,agile-vs-waterfall,agile vs waterfall,,content
mountaingoatsoftware.com,https://www.mountaingoatsoftware.com/agile/new-to-agile-or-scrum/iterative-and-incremental,,agile,iterative-and-incremental,iterative and incremental,,content
mountaingoatsoftware.com,https://www.mountaingoatsoftware.com/agile/new-to-agile-or-scrum/when-to-use-agile,,agile,when-to-use-agile,when to use agile,,content
mountaingoatsoftware.com,https://www.mountaingoatsoftware.com/agile/nine-questions-scrum-masters-and-product-owners-should-be-asking,,agile,nine-questions-scrum-masters-and-product-owners-should-be-asking,nine questions scrum masters and product owners should be asking,,content
mountaingoatsoftware.com,https://www.mountaingoatsoftware.com/agile/nine-questions-to-assess-team-structure,,agile,nine-questions-to-assess-team-structure,nine questions to assess team structure,,content
mountaingoatsoftware.com,https://www.mountaingoatsoftware.com/agile/non-functional-requirements-as-user-stories,,agile,non-functional-requirements-as-user-stories,non functional requirements as user stories,,content
mountaingoatsoftware.com,https://www.mountaingoatsoftware.com/agile/not-everything-needs-to-be-a-user-story-using-fdd-features,,agile,not-everything-needs-to-be-a-user-story-using-fdd-features,not everything needs to be a user story using fdd features,,content
mountaingoatsoftware.com,https://www.mountaingoatsoftware.com/agile/only-show-finished-work-during-a-sprint-review-maybe,,agile,only-show-finished-work-during-a-sprint-review-maybe,only show finished work during a sprint review maybe,,content
mountaingoatsoftware.com,https://www.mountaingoatsoftware.com/agile/organizations-that-work-on-fewer-projects-at-a-time-get-more-done,,agile,organizations-that-work-on-fewer-projects-at-a-time-get-more-done,organizations that work on fewer projects at a time get more done,,content
mountaingoatsoftware.com,https://www.mountaingoatsoftware.com/agile/overcoming-four-common-objections-to-the-daily-scrum,,agile,overcoming-four-common-objections-to-the-daily-scrum,overcoming four common objections to the daily scrum,,content
mountaingoatsoftware.com,https://www.mountaingoatsoftware.com/agile/overcoming-four-common-problems-with-retrospectives,,agile,overcoming-four-common-problems-with-retrospectives,overcoming four common problems with retrospectives,,content
mountaingoatsoftware.com,https://www.mountaingoatsoftware.com/agile/placing-rules-on-self-organizing-teams,,agile,placing-rules-on-self-organizing-teams,placing rules on self organizing teams,,content
mountaingoatsoftware.com,https://www.mountaingoatsoftware.com/agile/plan-visualizer-tool-agile-forecasting-for-accurate-plans,,agile,plan-visualizer-tool-agile-forecasting-for-accurate-plans,plan visualizer tool agile forecasting for accurate plans,,content
mountaingoatsoftware.com,https://www.mountaingoatsoftware.com/agile/points-are-about-relative-effort-not-ranking,,agile,points-are-about-relative-effort-not-ranking,points are about relative effort not ranking,,content
mountaingoatsoftware.com,https://www.mountaingoatsoftware.com/agile/predicting-velocity-when-teams-change-frequently,,agile,predicting-velocity-when-teams-change-frequently,predicting velocity when teams change frequently,,content
mountaingoatsoftware.com,https://www.mountaingoatsoftware.com/agile/product-backlog,,agile,product-backlog,product backlog,,content
mountaingoatsoftware.com,https://www.mountaingoatsoftware.com/agile/product-backlog-refinement-grooming,,agile,product-backlog-refinement-grooming,product backlog refinement grooming,,content
mountaingoatsoftware.com,https://www.mountaingoatsoftware.com/agile/product-backlog/how-to-prioritize-a-product-backlog,,agile,how-to-prioritize-a-product-backlog,how to prioritize a product backlog,,content
mountaingoatsoftware.com,https://www.mountaingoatsoftware.com/agile/product-backlog/product-backlog-health,,agile,product-backlog-health,product backlog health,,content
mountaingoatsoftware.com,https://www.mountaingoatsoftware.com/agile/product-backlog/refinement,,agile,refinement,refinement,,content
mountaingoatsoftware.com,https://www.mountaingoatsoftware.com/agile/product-backlog/what-belongs-in-a-product-backlog,,agile,what-belongs-in-a-product-backlog,what belongs in a product backlog,,content
mountaingoatsoftware.com,https://www.mountaingoatsoftware.com/agile/product-ownership,,agile,product-ownership,product ownership,,content
mountaingoatsoftware.com,https://www.mountaingoatsoftware.com/agile/product-ownership/availability-and-team-collaboration,,agile,availability-and-team-collaboration,availability and team collaboration,,content
mountaingoatsoftware.com,https://www.mountaingoatsoftware.com/agile/product-ownership/skills-and-characteristics,,agile,skills-and-characteristics,skills and characteristics,,content
mountaingoatsoftware.com,https://www.mountaingoatsoftware.com/agile/product-ownership/stakeholder-leadership,,agile,stakeholder-leadership,stakeholder leadership,,content
mountaingoatsoftware.com,https://www.mountaingoatsoftware.com/agile/product-ownership/vision-and-product-goals,,agile,vision-and-product-goals,vision and product goals,,content
mountaingoatsoftware.com,https://www.mountaingoatsoftware.com/agile/protecting-the-team-cuts-both-ways,,agile,protecting-the-team-cuts-both-ways,protecting the team cuts both ways,,content
mountaingoatsoftware.com,https://www.mountaingoatsoftware.com/agile/proven-benefits-agile-training-costs,,agile,proven-benefits-agile-training-costs,proven benefits agile training costs,,content
mountaingoatsoftware.com,https://www.mountaingoatsoftware.com/agile/providing-feedback-to-team-members,,agile,providing-feedback-to-team-members,providing feedback to team members,,content
mountaingoatsoftware.com,https://www.mountaingoatsoftware.com/agile/put-a-tough-decision-in-its-place,,agile,put-a-tough-decision-in-its-place,put a tough decision in its place,,content
mountaingoatsoftware.com,https://www.mountaingoatsoftware.com/agile/ray-bradbury-on-the-benefits-of-short-releases,,agile,ray-bradbury-on-the-benefits-of-short-releases,ray bradbury on the benefits of short releases,,content
mountaingoatsoftware.com,https://www.mountaingoatsoftware.com/agile/rely-on-specialists-but-sparingly,,agile,rely-on-specialists-but-sparingly,rely on specialists but sparingly,,content
mountaingoatsoftware.com,https://www.mountaingoatsoftware.com/agile/removing-team-members,,agile,removing-team-members,removing team members,,content
mountaingoatsoftware.com,https://www.mountaingoatsoftware.com/agile/rethink-the-refinement-session-less-time-better-outcomes,,agile,rethink-the-refinement-session-less-time-better-outcomes,rethink the refinement session less time better outcomes,,content
mountaingoatsoftware.com,https://www.mountaingoatsoftware.com/agile/retrospecting-with-a-quiet-team,,agile,retrospecting-with-a-quiet-team,retrospecting with a quiet team,,content
mountaingoatsoftware.com,https://www.mountaingoatsoftware.com/agile/scrum,,agile,scrum,scrum,,content
mountaingoatsoftware.com,https://www.mountaingoatsoftware.com/agile/scrum-remote-teams-success-five-ways-to-have-all-three,,agile,scrum-remote-teams-success-five-ways-to-have-all-three,scrum remote teams success five ways to have all three,,content
mountaingoatsoftware.com,https://www.mountaingoatsoftware.com/agile/scrum/artifacts,,agile,artifacts,artifacts,,content
mountaingoatsoftware.com,https://www.mountaingoatsoftware.com/agile/scrum/artifacts/definition-of-done,,agile,definition-of-done,definition of done,,content
mountaingoatsoftware.com,https://www.mountaingoatsoftware.com/agile/scrum/artifacts/increment,,agile,increment,increment,,content
mountaingoatsoftware.com,https://www.mountaingoatsoftware.com/agile/scrum/artifacts/product-backlog,,agile,product-backlog,product backlog,,content
mountaingoatsoftware.com,https://www.mountaingoatsoftware.com/agile/scrum/artifacts/scrum-boards,,agile,scrum-boards,scrum boards,,content
mountaingoatsoftware.com,https://www.mountaingoatsoftware.com/agile/scrum/artifacts/sprint-backlog,,agile,sprint-backlog,sprint backlog,,content
mountaingoatsoftware.com,https://www.mountaingoatsoftware.com/agile/scrum/meetings,,agile,meetings,meetings,,content
mountaingoatsoftware.com,https://www.mountaingoatsoftware.com/agile/scrum/meetings/daily-scrum,,agile,daily-scrum,daily scrum,,content
mountaingoatsoftware.com,https://www.mountaingoatsoftware.com/agile/scrum/meetings/sprint-planning-meeting,,agile,sprint-planning-meeting,sprint planning meeting,,content
mountaingoatsoftware.com,https://www.mountaingoatsoftware.com/agile/scrum/meetings/sprint-retrospective,,agile,sprint-retrospective,sprint retrospective,,content
mountaingoatsoftware.com,https://www.mountaingoatsoftware.com/agile/scrum/meetings/sprint-review,,agile,sprint-review,sprint review,,content
mountaingoatsoftware.com,https://www.mountaingoatsoftware.com/agile/scrum/roles,,agile,roles,roles,,content
mountaingoatsoftware.com,https://www.mountaingoatsoftware.com/agile/scrum/roles/developers,,agile,developers,developers,,noncontent
mountaingoatsoftware.com,https://www.mountaingoatsoftware.com/agile/scrum/roles/product-owner,,agile,product-owner,product owner,,content
mountaingoatsoftware.com,https://www.mountaingoatsoftware.com/agile/scrum/roles/scrum-master,,agile,scrum-master,scrum master,,content
mountaingoatsoftware.com,https://www.mountaingoatsoftware.com/agile/scrummaster,,agile,scrummaster,scrummaster,,content
mountaingoatsoftware.com,https://www.mountaingoatsoftware.com/agile/scrummasters-should-not-also-be-product-owners,,agile,scrummasters-should-not-also-be-product-owners,scrummasters should not also be product owners,,content
mountaingoatsoftware.com,https://www.mountaingoatsoftware.com/agile/seeing-how-well-a-teams-story-points-align-from-one-to-eight,,agile,seeing-how-well-a-teams-story-points-align-from-one-to-eight,seeing how well a teams story points align from one to eight,,content
mountaingoatsoftware.com,https://www.mountaingoatsoftware.com/agile/selecting-the-right-user-role,,agile,selecting-the-right-user-role,selecting the right user role,,content
mountaingoatsoftware.com,https://www.mountaingoatsoftware.com/agile/self-organizing-teams-are-not-put-together-randomly,,agile,self-organizing-teams-are-not-put-together-randomly,self organizing teams are not put together randomly,,content
mountaingoatsoftware.com,https://www.mountaingoatsoftware.com/agile/separate-estimating-from-committing,,agile,separate-estimating-from-committing,separate estimating from committing,,content
mountaingoatsoftware.com,https://www.mountaingoatsoftware.com/agile/seven-tips-for-running-a-virtual-daily-scrum,,agile,seven-tips-for-running-a-virtual-daily-scrum,seven tips for running a virtual daily scrum,,content
mountaingoatsoftware.com,https://www.mountaingoatsoftware.com/agile/seven-tips-on-how-to-get-your-first-scrum-master-job,,agile,seven-tips-on-how-to-get-your-first-scrum-master-job,seven tips on how to get your first scrum master job,,content
mountaingoatsoftware.com,https://www.mountaingoatsoftware.com/agile/short-answers-to-your-big-questions-about-scrum-masters,,agile,short-answers-to-your-big-questions-about-scrum-masters,short answers to your big questions about scrum masters,,content
mountaingoatsoftware.com,https://www.mountaingoatsoftware.com/agile/short-answers-to-your-big-questions-about-user-stories,,agile,short-answers-to-your-big-questions-about-user-stories,short answers to your big questions about user stories,,content
mountaingoatsoftware.com,https://www.mountaingoatsoftware.com/agile/should-a-team-assign-work-during-sprint-planning,,agile,should-a-team-assign-work-during-sprint-planning,should a team assign work during sprint planning,,content
mountaingoatsoftware.com,https://www.mountaingoatsoftware.com/agile/should-a-team-swarm-on-to-one-backlog-item-at-a-time,,agile,should-a-team-swarm-on-to-one-backlog-item-at-a-time,should a team swarm on to one backlog item at a time,,content
mountaingoatsoftware.com,https://www.mountaingoatsoftware.com/agile/should-companies-measure-productivity-in-story-points-ideal-days,,agile,should-companies-measure-productivity-in-story-points-ideal-days,should companies measure productivity in story points ideal days,,content
mountaingoatsoftware.com,https://www.mountaingoatsoftware.com/agile/should-scrum-teams-include-a-stretch-goal-in-their-sprints,,agile,should-scrum-teams-include-a-stretch-goal-in-their-sprints,should scrum teams include a stretch goal in their sprints,,content
mountaingoatsoftware.com,https://www.mountaingoatsoftware.com/agile/should-story-points-be-assigned-to-a-bug-fixing-story,,agile,should-story-points-be-assigned-to-a-bug-fixing-story,should story points be assigned to a bug fixing story,,content
mountaingoatsoftware.com,https://www.mountaingoatsoftware.com/agile/should-the-daily-standup-be-person-by-person-or-story-by-story,,agile,should-the-daily-standup-be-person-by-person-or-story-by-story,should the daily standup be person by person or story by story,,content
mountaingoatsoftware.com,https://www.mountaingoatsoftware.com/agile/should-you-become-a-product-owner,,agile,should-you-become-a-product-owner,should you become a product owner,,content
mountaingoatsoftware.com,https://www.mountaingoatsoftware.com/agile/should-you-re-estimate-unfinished-stories,,agile,should-you-re-estimate-unfinished-stories,should you re estimate unfinished stories,,content
mountaingoatsoftware.com,https://www.mountaingoatsoftware.com/agile/should-you-share-details-from-the-retrospective,,agile,should-you-share-details-from-the-retrospective,should you share details from the retrospective,,content
mountaingoatsoftware.com,https://www.mountaingoatsoftware.com/agile/should-you-use-zero-point-estimates-on-your-product-backlog,,agile,should-you-use-zero-point-estimates-on-your-product-backlog,should you use zero point estimates on your product backlog,,content
mountaingoatsoftware.com,https://www.mountaingoatsoftware.com/agile/should-your-team-adopt-no-meeting-weeks,,agile,should-your-team-adopt-no-meeting-weeks,should your team adopt no meeting weeks,,content
mountaingoatsoftware.com,https://www.mountaingoatsoftware.com/agile/simulating-a-project-by-resampling-velocity,,agile,simulating-a-project-by-resampling-velocity,simulating a project by resampling velocity,,content
mountaingoatsoftware.com,https://www.mountaingoatsoftware.com/agile/six-agile-product-development-myths-busted,,agile,six-agile-product-development-myths-busted,six agile product development myths busted,,content
mountaingoatsoftware.com,https://www.mountaingoatsoftware.com/agile/six-attributes-of-a-great-scrummaster,,agile,six-attributes-of-a-great-scrummaster,six attributes of a great scrummaster,,content
mountaingoatsoftware.com,https://www.mountaingoatsoftware.com/agile/six-guidelines-for-saying-no-to-a-stakeholder,,agile,six-guidelines-for-saying-no-to-a-stakeholder,six guidelines for saying no to a stakeholder,,content
mountaingoatsoftware.com,https://www.mountaingoatsoftware.com/agile/six-things-your-team-wants-from-you-as-their-product-owner,,agile,six-things-your-team-wants-from-you-as-their-product-owner,six things your team wants from you as their product owner,,content
mountaingoatsoftware.com,https://www.mountaingoatsoftware.com/agile/six-things-your-team-wants-from-you-as-their-scrum-master,,agile,six-things-your-team-wants-from-you-as-their-scrum-master,six things your team wants from you as their scrum master,,content
mountaingoatsoftware.com,https://www.mountaingoatsoftware.com/agile/sliding-toward-success,,agile,sliding-toward-success,sliding toward success,,content
mountaingoatsoftware.com,https://www.mountaingoatsoftware.com/agile/sprint-review-more-than-just-a-demo,,agile,sprint-review-more-than-just-a-demo,sprint review more than just a demo,,content
mountaingoatsoftware.com,https://www.mountaingoatsoftware.com/agile/start-scrum-by-the-book-dont-finish-there,,agile,start-scrum-by-the-book-dont-finish-there,start scrum by the book dont finish there,,content
mountaingoatsoftware.com,https://www.mountaingoatsoftware.com/agile/stories-epics-and-themes,,agile,stories-epics-and-themes,stories epics and themes,,content
mountaingoatsoftware.com,https://www.mountaingoatsoftware.com/agile/story-critic-skill-better-backlog-items,,agile,story-critic-skill-better-backlog-items,story critic skill better backlog items,,content
mountaingoatsoftware.com,https://www.mountaingoatsoftware.com/agile/story-point-estimates-are-best-thought-of-as-ranges,,agile,story-point-estimates-are-best-thought-of-as-ranges,story point estimates are best thought of as ranges,,content
mountaingoatsoftware.com,https://www.mountaingoatsoftware.com/agile/story-points,,agile,story-points,story points,,content
mountaingoatsoftware.com,https://www.mountaingoatsoftware.com/agile/story-points-estimate-effort-not-complexity,,agile,story-points-estimate-effort-not-complexity,story points estimate effort not complexity,,content
mountaingoatsoftware.com,https://www.mountaingoatsoftware.com/agile/story-points/affinity-estimation,,agile,affinity-estimation,affinity estimation,,content
mountaingoatsoftware.com,https://www.mountaingoatsoftware.com/agile/story-points/common-story-point-problems,,agile,common-story-point-problems,common story point problems,,content
mountaingoatsoftware.com,https://www.mountaingoatsoftware.com/agile/story-points/getting-better-story-point-estimates,,agile,getting-better-story-point-estimates,getting better story point estimates,,content
mountaingoatsoftware.com,https://www.mountaingoatsoftware.com/agile/story-points/introducing-story-points-to-a-team,,agile,introducing-story-points-to-a-team,introducing story points to a team,,content
mountaingoatsoftware.com,https://www.mountaingoatsoftware.com/agile/story-points/planning-poker,,agile,planning-poker,planning poker,,content
mountaingoatsoftware.com,https://www.mountaingoatsoftware.com/agile/story-points/story-point-baselines,,agile,story-point-baselines,story point baselines,,content
mountaingoatsoftware.com,https://www.mountaingoatsoftware.com/agile/story-points/story-point-scales,,agile,story-point-scales,story point scales,,content
mountaingoatsoftware.com,https://www.mountaingoatsoftware.com/agile/summarizing-the-results-of-a-sprint,,agile,summarizing-the-results-of-a-sprint,summarizing the results of a sprint,,content
mountaingoatsoftware.com,https://www.mountaingoatsoftware.com/agile/teams-dont-need-to-think-of-everything-during-sprint-planning,,agile,teams-dont-need-to-think-of-everything-during-sprint-planning,teams dont need to think of everything during sprint planning,,content
mountaingoatsoftware.com,https://www.mountaingoatsoftware.com/agile/teams-should-go-so-fast-they-almost-spin-out-of-control,,agile,teams-should-go-so-fast-they-almost-spin-out-of-control,teams should go so fast they almost spin out of control,,content
mountaingoatsoftware.com,https://www.mountaingoatsoftware.com/agile/ten-sentences-with-all-the-scrum-master-advice-youll-ever-need,,agile,ten-sentences-with-all-the-scrum-master-advice-youll-ever-need,ten sentences with all the scrum master advice youll ever need,,content
mountaingoatsoftware.com,https://www.mountaingoatsoftware.com/agile/ten-things-the-beatles-taught-me-about-being-agile,,agile,ten-things-the-beatles-taught-me-about-being-agile,ten things the beatles taught me about being agile,,content
mountaingoatsoftware.com,https://www.mountaingoatsoftware.com/agile/ten-tips-for-more-effective-daily-scrums,,agile,ten-tips-for-more-effective-daily-scrums,ten tips for more effective daily scrums,,content
mountaingoatsoftware.com,https://www.mountaingoatsoftware.com/agile/the-2-things-you-need-to-do-in-daily-scrums-to-end-complaints,,agile,the-2-things-you-need-to-do-in-daily-scrums-to-end-complaints,the 2 things you need to do in daily scrums to end complaints,,content
mountaingoatsoftware.com,https://www.mountaingoatsoftware.com/agile/the-benefits-of-feature-teams,,agile,the-benefits-of-feature-teams,the benefits of feature teams,,content
mountaingoatsoftware.com,https://www.mountaingoatsoftware.com/agile/the-best-way-to-establish-a-baseline-when-playing-planning-poker,,agile,the-best-way-to-establish-a-baseline-when-playing-planning-poker,the best way to establish a baseline when playing planning poker,,content
mountaingoatsoftware.com,https://www.mountaingoatsoftware.com/agile/the-career-path-of-a-scrum-master,,agile,the-career-path-of-a-scrum-master,the career path of a scrum master,,content
mountaingoatsoftware.com,https://www.mountaingoatsoftware.com/agile/the-chief-product-owner-on-large-agile-projects,,agile,the-chief-product-owner-on-large-agile-projects,the chief product owner on large agile projects,,content
mountaingoatsoftware.com,https://www.mountaingoatsoftware.com/agile/the-chivalrous-team-member,,agile,the-chivalrous-team-member,the chivalrous team member,,content
mountaingoatsoftware.com,https://www.mountaingoatsoftware.com/agile/the-cost-of-change-curve-is-outdated,,agile,the-cost-of-change-curve-is-outdated,the cost of change curve is outdated,,content
mountaingoatsoftware.com,https://www.mountaingoatsoftware.com/agile/the-critical-path-on-agile-projects,,agile,the-critical-path-on-agile-projects,the critical path on agile projects,,content
mountaingoatsoftware.com,https://www.mountaingoatsoftware.com/agile/the-dangers-of-a-definition-of-ready,,agile,the-dangers-of-a-definition-of-ready,the dangers of a definition of ready,,content
mountaingoatsoftware.com,https://www.mountaingoatsoftware.com/agile/the-difference-between-a-story-and-a-task,,agile,the-difference-between-a-story-and-a-task,the difference between a story and a task,,content
mountaingoatsoftware.com,https://www.mountaingoatsoftware.com/agile/the-five-possible-estimates-and-which-one-your-team-should-use,,agile,the-five-possible-estimates-and-which-one-your-team-should-use,the five possible estimates and which one your team should use,,content
mountaingoatsoftware.com,https://www.mountaingoatsoftware.com/agile/the-forgotten-layer-of-the-test-automation-pyramid,,agile,the-forgotten-layer-of-the-test-automation-pyramid,the forgotten layer of the test automation pyramid,,content
mountaingoatsoftware.com,https://www.mountaingoatsoftware.com/agile/the-goal-of-sprint-planning,,agile,the-goal-of-sprint-planning,the goal of sprint planning,,content
mountaingoatsoftware.com,https://www.mountaingoatsoftware.com/agile/the-importance-of-overlapping-work-in-agile,,agile,the-importance-of-overlapping-work-in-agile,the importance of overlapping work in agile,,content
mountaingoatsoftware.com,https://www.mountaingoatsoftware.com/agile/the-just-right-size-for-agile-teams,,agile,the-just-right-size-for-agile-teams,the just right size for agile teams,,content
mountaingoatsoftware.com,https://www.mountaingoatsoftware.com/agile/the-main-benefit-of-story-points,,agile,the-main-benefit-of-story-points,the main benefit of story points,,content
mountaingoatsoftware.com,https://www.mountaingoatsoftware.com/agile/the-problems-with-estimating-business-value,,agile,the-problems-with-estimating-business-value,the problems with estimating business value,,content
mountaingoatsoftware.com,https://www.mountaingoatsoftware.com/agile/the-product-owners-second-team,,agile,the-product-owners-second-team,the product owners second team,,content
mountaingoatsoftware.com,https://www.mountaingoatsoftware.com/agile/the-role-of-leaders-on-a-self-organizing-team,,agile,the-role-of-leaders-on-a-self-organizing-team,the role of leaders on a self organizing team,,content
mountaingoatsoftware.com,https://www.mountaingoatsoftware.com/agile/the-sprint-goal-what-it-is-and-how-it-can-help,,agile,the-sprint-goal-what-it-is-and-how-it-can-help,the sprint goal what it is and how it can help,,content
mountaingoatsoftware.com,https://www.mountaingoatsoftware.com/agile/the-sprint-review-as-a-sign-off-meeting,,agile,the-sprint-review-as-a-sign-off-meeting,the sprint review as a sign off meeting,,content
mountaingoatsoftware.com,https://www.mountaingoatsoftware.com/agile/the-surprising-cost-of-bad-estimates,,agile,the-surprising-cost-of-bad-estimates,the surprising cost of bad estimates,,content
mountaingoatsoftware.com,https://www.mountaingoatsoftware.com/agile/the-three-types-of-requirements,,agile,the-three-types-of-requirements,the three types of requirements,,content
mountaingoatsoftware.com,https://www.mountaingoatsoftware.com/agile/the-two-ways-to-add-detail-to-user-stories,,agile,the-two-ways-to-add-detail-to-user-stories,the two ways to add detail to user stories,,content
mountaingoatsoftware.com,https://www.mountaingoatsoftware.com/agile/three-approaches-to-estimating-impact-of-holidays-and-time-off-on-velocity,,agile,three-approaches-to-estimating-impact-of-holidays-and-time-off-on-velocity,three approaches to estimating impact of holidays and time off on velocity,,content
mountaingoatsoftware.com,https://www.mountaingoatsoftware.com/agile/three-mistakes-scrum-masters-make-and-how-to-correct-them,,agile,three-mistakes-scrum-masters-make-and-how-to-correct-them,three mistakes scrum masters make and how to correct them,,content
mountaingoatsoftware.com,https://www.mountaingoatsoftware.com/agile/three-questions-to-ask-when-being-micromanaged,,agile,three-questions-to-ask-when-being-micromanaged,three questions to ask when being micromanaged,,content
mountaingoatsoftware.com,https://www.mountaingoatsoftware.com/agile/three-questions-to-determine-if-an-organization-is-agile,,agile,three-questions-to-determine-if-an-organization-is-agile,three questions to determine if an organization is agile,,content
mountaingoatsoftware.com,https://www.mountaingoatsoftware.com/agile/three-rights-of-effective-scrum-masters,,agile,three-rights-of-effective-scrum-masters,three rights of effective scrum masters,,content
mountaingoatsoftware.com,https://www.mountaingoatsoftware.com/agile/three-strategies-for-fitting-refactoring-into-your-sprints,,agile,three-strategies-for-fitting-refactoring-into-your-sprints,three strategies for fitting refactoring into your sprints,,content
mountaingoatsoftware.com,https://www.mountaingoatsoftware.com/agile/time-pressure-improves-productivity-qualityup-to-a-point,,agile,time-pressure-improves-productivity-qualityup-to-a-point,time pressure improves productivity qualityup to a point,,content
mountaingoatsoftware.com,https://www.mountaingoatsoftware.com/agile/to-re-estimate-or-not-that-is-the-question,,agile,to-re-estimate-or-not-that-is-the-question,to re estimate or not that is the question,,content
mountaingoatsoftware.com,https://www.mountaingoatsoftware.com/agile/top-5-changes-in-the-2020-version-of-the-scrum-guide,,agile,top-5-changes-in-the-2020-version-of-the-scrum-guide,top 5 changes in the 2020 version of the scrum guide,2020,content
mountaingoatsoftware.com,https://www.mountaingoatsoftware.com/agile/top-7-ways-to-get-stakeholders-to-attend-sprint-reviews,,agile,top-7-ways-to-get-stakeholders-to-attend-sprint-reviews,top 7 ways to get stakeholders to attend sprint reviews,,content
mountaingoatsoftware.com,https://www.mountaingoatsoftware.com/agile/troubleshooting-daily-scrums,,agile,troubleshooting-daily-scrums,troubleshooting daily scrums,,content
mountaingoatsoftware.com,https://www.mountaingoatsoftware.com/agile/two-examples-of-splitting-epics,,agile,two-examples-of-splitting-epics,two examples of splitting epics,,content
mountaingoatsoftware.com,https://www.mountaingoatsoftware.com/agile/two-types-of-authority-leaders-must-give-to-self-organizing-teams,,agile,two-types-of-authority-leaders-must-give-to-self-organizing-teams,two types of authority leaders must give to self organizing teams,,content
mountaingoatsoftware.com,https://www.mountaingoatsoftware.com/agile/unfinished-work-every-sprint-three-ways-to-break-the-habit,,agile,unfinished-work-every-sprint-three-ways-to-break-the-habit,unfinished work every sprint three ways to break the habit,,content
mountaingoatsoftware.com,https://www.mountaingoatsoftware.com/agile/use-a-pre-mortem-to-identify-project-risks-before-they-occur,,agile,use-a-pre-mortem-to-identify-project-risks-before-they-occur,use a pre mortem to identify project risks before they occur,,content
mountaingoatsoftware.com,https://www.mountaingoatsoftware.com/agile/user-stories,,agile,user-stories,user stories,,content
mountaingoatsoftware.com,https://www.mountaingoatsoftware.com/agile/user-stories/acceptance-criteria,,agile,acceptance-criteria,acceptance criteria,,content
mountaingoatsoftware.com,https://www.mountaingoatsoftware.com/agile/user-stories/adding-detail-to-user-stories,,agile,adding-detail-to-user-stories,adding detail to user stories,,content
mountaingoatsoftware.com,https://www.mountaingoatsoftware.com/agile/user-stories/good-user-stories,,agile,good-user-stories,good user stories,,content
mountaingoatsoftware.com,https://www.mountaingoatsoftware.com/agile/user-stories/not-everything-needs-to-be-a-user-story,,agile,not-everything-needs-to-be-a-user-story,not everything needs to be a user story,,content
mountaingoatsoftware.com,https://www.mountaingoatsoftware.com/agile/user-stories/story-mapping,,agile,story-mapping,story mapping,,content
mountaingoatsoftware.com,https://www.mountaingoatsoftware.com/agile/user-stories/story-splitting,,agile,story-splitting,story splitting,,content
mountaingoatsoftware.com,https://www.mountaingoatsoftware.com/agile/user-stories/story-writing-workshops,,agile,story-writing-workshops,story writing workshops,,content
mountaingoatsoftware.com,https://www.mountaingoatsoftware.com/agile/user-stories/writing-user-stories,,agile,writing-user-stories,writing user stories,,content
mountaingoatsoftware.com,https://www.mountaingoatsoftware.com/agile/user-story-ai-prompt-pack,,agile,user-story-ai-prompt-pack,user story ai prompt pack,,content
mountaingoatsoftware.com,https://www.mountaingoatsoftware.com/agile/user-story-mapping-how-to-create-story-maps,,agile,user-story-mapping-how-to-create-story-maps,user story mapping how to create story maps,,content
mountaingoatsoftware.com,https://www.mountaingoatsoftware.com/agile/using-a-one-handed-clock-to-convey-project-goals,,agile,using-a-one-handed-clock-to-convey-project-goals,using a one handed clock to convey project goals,,content
mountaingoatsoftware.com,https://www.mountaingoatsoftware.com/agile/using-vertical-slicing-and-estimation-to-make-business-decisions-at-adobe,,agile,using-vertical-slicing-and-estimation-to-make-business-decisions-at-adobe,using vertical slicing and estimation to make business decisions at adobe,,content
mountaingoatsoftware.com,https://www.mountaingoatsoftware.com/agile/velocity-driven-sprint-planning,,agile,velocity-driven-sprint-planning,velocity driven sprint planning,,content
mountaingoatsoftware.com,https://www.mountaingoatsoftware.com/agile/we-tried-agile-and-it-didnt-work,,agile,we-tried-agile-and-it-didnt-work,we tried agile and it didnt work,,content
mountaingoatsoftware.com,https://www.mountaingoatsoftware.com/agile/what-are-agile-spikes,,agile,what-are-agile-spikes,what are agile spikes,,content
mountaingoatsoftware.com,https://www.mountaingoatsoftware.com/agile/what-are-story-points,,agile,what-are-story-points,what are story points,,content
mountaingoatsoftware.com,https://www.mountaingoatsoftware.com/agile/what-does-a-product-owner-do-when-why,,agile,what-does-a-product-owner-do-when-why,what does a product owner do when why,,content
mountaingoatsoftware.com,https://www.mountaingoatsoftware.com/agile/what-does-scrum-mean-by-cross-functional-teams,,agile,what-does-scrum-mean-by-cross-functional-teams,what does scrum mean by cross functional teams,,content
mountaingoatsoftware.com,https://www.mountaingoatsoftware.com/agile/what-happens-when-during-a-sprint,,agile,what-happens-when-during-a-sprint,what happens when during a sprint,,content
mountaingoatsoftware.com,https://www.mountaingoatsoftware.com/agile/what-is-a-high-performing-agile-team,,agile,what-is-a-high-performing-agile-team,what is a high performing agile team,,content
mountaingoatsoftware.com,https://www.mountaingoatsoftware.com/agile/what-is-a-product,,agile,what-is-a-product,what is a product,,content
mountaingoatsoftware.com,https://www.mountaingoatsoftware.com/agile/what-is-quality,,agile,what-is-quality,what is quality,,content
mountaingoatsoftware.com,https://www.mountaingoatsoftware.com/agile/what-leaders-do-that-keep-scrum-teams-working-like-individuals,,agile,what-leaders-do-that-keep-scrum-teams-working-like-individuals,what leaders do that keep scrum teams working like individuals,,content
mountaingoatsoftware.com,https://www.mountaingoatsoftware.com/agile/what-level-of-detail-should-be-captured-in-a-user-story,,agile,what-level-of-detail-should-be-captured-in-a-user-story,what level of detail should be captured in a user story,,content
mountaingoatsoftware.com,https://www.mountaingoatsoftware.com/agile/what-product-owners-do-7-product-owner-mistakes-to-avoid,,agile,what-product-owners-do-7-product-owner-mistakes-to-avoid,what product owners do 7 product owner mistakes to avoid,,content
mountaingoatsoftware.com,https://www.mountaingoatsoftware.com/agile/whats-holding-you-back,,agile,whats-holding-you-back,whats holding you back,,content
mountaingoatsoftware.com,https://www.mountaingoatsoftware.com/agile/when-do-agile-teams-make-time-for-innovation,,agile,when-do-agile-teams-make-time-for-innovation,when do agile teams make time for innovation,,content
mountaingoatsoftware.com,https://www.mountaingoatsoftware.com/agile/when-kanban-is-the-better-choice,,agile,when-kanban-is-the-better-choice,when kanban is the better choice,,content
mountaingoatsoftware.com,https://www.mountaingoatsoftware.com/agile/when-planning-should-become-a-shared-problem,,agile,when-planning-should-become-a-shared-problem,when planning should become a shared problem,,content
mountaingoatsoftware.com,https://www.mountaingoatsoftware.com/agile/when-should-we-estimate-the-product-backlog,,agile,when-should-we-estimate-the-product-backlog,when should we estimate the product backlog,,content
mountaingoatsoftware.com,https://www.mountaingoatsoftware.com/agile/when-you-miss-the-point-of-sprint-planning-meetings,,agile,when-you-miss-the-point-of-sprint-planning-meetings,when you miss the point of sprint planning meetings,,content
mountaingoatsoftware.com,https://www.mountaingoatsoftware.com/agile/who-can-add-items-to-the-product-backlog,,agile,who-can-add-items-to-the-product-backlog,who can add items to the product backlog,,content
mountaingoatsoftware.com,https://www.mountaingoatsoftware.com/agile/why-a-sustainable-pace-is-so-important-to-agile-teams,,agile,why-a-sustainable-pace-is-so-important-to-agile-teams,why a sustainable pace is so important to agile teams,,content
mountaingoatsoftware.com,https://www.mountaingoatsoftware.com/agile/why-agile-teams-should-estimate-at-two-different-levels,,agile,why-agile-teams-should-estimate-at-two-different-levels,why agile teams should estimate at two different levels,,content
mountaingoatsoftware.com,https://www.mountaingoatsoftware.com/agile/why-i-dont-emphasize-sprint-goals,,agile,why-i-dont-emphasize-sprint-goals,why i dont emphasize sprint goals,,content
mountaingoatsoftware.com,https://www.mountaingoatsoftware.com/agile/why-i-dont-use-story-points-for-sprint-planning,,agile,why-i-dont-use-story-points-for-sprint-planning,why i dont use story points for sprint planning,,content
mountaingoatsoftware.com,https://www.mountaingoatsoftware.com/agile/why-i-prefer-capacity-driven-sprint-planning,,agile,why-i-prefer-capacity-driven-sprint-planning,why i prefer capacity driven sprint planning,,content
mountaingoatsoftware.com,https://www.mountaingoatsoftware.com/agile/why-scrum-isnt-working,,agile,why-scrum-isnt-working,why scrum isnt working,,content
mountaingoatsoftware.com,https://www.mountaingoatsoftware.com/agile/why-smart-teams-overcommit,,agile,why-smart-teams-overcommit,why smart teams overcommit,,content
mountaingoatsoftware.com,https://www.mountaingoatsoftware.com/agile/why-soft-skills-outlast-technical-skills-on-product-development-teams,,agile,why-soft-skills-outlast-technical-skills-on-product-development-teams,why soft skills outlast technical skills on product development teams,,content
mountaingoatsoftware.com,https://www.mountaingoatsoftware.com/agile/why-teams-matter-more-than-ever-for-innovation,,agile,why-teams-matter-more-than-ever-for-innovation,why teams matter more than ever for innovation,,content
mountaingoatsoftware.com,https://www.mountaingoatsoftware.com/agile/why-the-fibonacci-sequence-works-well-for-estimating,,agile,why-the-fibonacci-sequence-works-well-for-estimating,why the fibonacci sequence works well for estimating,,content
mountaingoatsoftware.com,https://www.mountaingoatsoftware.com/agile/why-the-three-part-user-story-template-works-so-well,,agile,why-the-three-part-user-story-template-works-so-well,why the three part user story template works so well,,content
mountaingoatsoftware.com,https://www.mountaingoatsoftware.com/agile/why-the-whole-team-should-participate-when-estimating,,agile,why-the-whole-team-should-participate-when-estimating,why the whole team should participate when estimating,,content
mountaingoatsoftware.com,https://www.mountaingoatsoftware.com/agile/why-you-should-consider-stopping-sprint-reviews,,agile,why-you-should-consider-stopping-sprint-reviews,why you should consider stopping sprint reviews,,content
mountaingoatsoftware.com,https://www.mountaingoatsoftware.com/agile/why-your-product-backlog-should-look-like-an-iceberg,,agile,why-your-product-backlog-should-look-like-an-iceberg,why your product backlog should look like an iceberg,,content
mountaingoatsoftware.com,https://www.mountaingoatsoftware.com/agile/why-your-scrum-team-still-works-like-individuals,,agile,why-your-scrum-team-still-works-like-individuals,why your scrum team still works like individuals,,content
mountaingoatsoftware.com,https://www.mountaingoatsoftware.com/agile/working-on-an-agile-team-9-lessons-from-the-princess-bride,,agile,working-on-an-agile-team-9-lessons-from-the-princess-bride,working on an agile team 9 lessons from the princess bride,,content
mountaingoatsoftware.com,https://www.mountaingoatsoftware.com/agile/writing-the-product-backlog-just-in-time-and-just-enough,,agile,writing-the-product-backlog-just-in-time-and-just-enough,writing the product backlog just in time and just enough,,content
mountaingoatsoftware.com,https://www.mountaingoatsoftware.com/agile/writing-user-stories-for-back-end-systems,,agile,writing-user-stories-for-back-end-systems,writing user stories for back end systems,,content
mountaingoatsoftware.com,https://www.mountaingoatsoftware.com/agile/your-team-wont-think-of-everything-in-sprint-planning-meetings-and-thats-ok,,agile,your-team-wont-think-of-everything-in-sprint-planning-meetings-and-thats-ok,your team wont think of everything in sprint planning meetings and thats ok,,content
mountaingoatsoftware.com,https://www.mountaingoatsoftware.com/blog,,blog,blog,blog,,noncontent
mountaingoatsoftware.com,https://www.mountaingoatsoftware.com/blog/page/2,,blog,2,2,,noncontent
mountaingoatsoftware.com,https://www.mountaingoatsoftware.com/blog/page/3,,blog,3,3,,noncontent
mountaingoatsoftware.com,https://www.mountaingoatsoftware.com/blog/page/4,,blog,4,4,,noncontent
mountaingoatsoftware.com,https://www.mountaingoatsoftware.com/blog/page/5,,blog,5,5,,noncontent
mountaingoatsoftware.com,https://www.mountaingoatsoftware.com/blog/page/6,,blog,6,6,,noncontent
mountaingoatsoftware.com,https://www.mountaingoatsoftware.com/blog/page/7,,blog,7,7,,noncontent
mountaingoatsoftware.com,https://www.mountaingoatsoftware.com/blog/page/8,,blog,8,8,,noncontent
mountaingoatsoftware.com,https://www.mountaingoatsoftware.com/blog/page/9,,blog,9,9,,noncontent
mountaingoatsoftware.com,https://www.mountaingoatsoftware.com/blog/page/10,,blog,10,10,,noncontent
mountaingoatsoftware.com,https://www.mountaingoatsoftware.com/blog/page/11,,blog,11,11,,noncontent
mountaingoatsoftware.com,https://www.mountaingoatsoftware.com/blog/page/12,,blog,12,12,,noncontent
mountaingoatsoftware.com,https://www.mountaingoatsoftware.com/blog/page/13,,blog,13,13,,noncontent
mountaingoatsoftware.com,https://www.mountaingoatsoftware.com/blog/page/14,,blog,14,14,,noncontent
mountaingoatsoftware.com,https://www.mountaingoatsoftware.com/blog/page/15,,blog,15,15,,noncontent
mountaingoatsoftware.com,https://www.mountaingoatsoftware.com/blog/page/16,,blog,16,16,,noncontent
mountaingoatsoftware.com,https://www.mountaingoatsoftware.com/blog/page/17,,blog,17,17,,noncontent
mountaingoatsoftware.com,https://www.mountaingoatsoftware.com/blog/page/18,,blog,18,18,,noncontent
mountaingoatsoftware.com,https://www.mountaingoatsoftware.com/blog/page/19,,blog,19,19,,noncontent
mountaingoatsoftware.com,https://www.mountaingoatsoftware.com/blog/page/20,,blog,20,20,,noncontent
mountaingoatsoftware.com,https://www.mountaingoatsoftware.com/blog/page/21,,blog,21,21,,noncontent
mountaingoatsoftware.com,https://www.mountaingoatsoftware.com/blog/page/22,,blog,22,22,,noncontent
mountaingoatsoftware.com,https://www.mountaingoatsoftware.com/blog/page/23,,blog,23,23,,noncontent
mountaingoatsoftware.com,https://www.mountaingoatsoftware.com/blog/page/24,,blog,24,24,,noncontent
mountaingoatsoftware.com,https://www.mountaingoatsoftware.com/bookacall,,bookacall,bookacall,bookacall,,content
mountaingoatsoftware.com,https://www.mountaingoatsoftware.com/books,,books,books,books,,content
mountaingoatsoftware.com,https://www.mountaingoatsoftware.com/books/agile-estimating-and-planning,,books,agile-estimating-and-planning,agile estimating and planning,,content
mountaingoatsoftware.com,https://www.mountaingoatsoftware.com/books/succeeding-with-agile-software-development-using-scrum,,books,succeeding-with-agile-software-development-using-scrum,succeeding with agile software development using scrum,,content
mountaingoatsoftware.com,https://www.mountaingoatsoftware.com/books/user-stories-applied,,books,user-stories-applied,user stories applied,,content
mountaingoatsoftware.com,https://www.mountaingoatsoftware.com/contact,,contact,contact,contact,,noncontent
mountaingoatsoftware.com,https://www.mountaingoatsoftware.com/podcasts/agile-mentors,,podcasts,agile-mentors,agile mentors,,content
mountaingoatsoftware.com,https://www.mountaingoatsoftware.com/podcasts/agile-mentors/1-scrum-vs-agile-keys-to-success-with-mike-cohn,,podcasts,1-scrum-vs-agile-keys-to-success-with-mike-cohn,1 scrum vs agile keys to success with mike cohn,,content
mountaingoatsoftware.com,https://www.mountaingoatsoftware.com/podcasts/agile-mentors/2-succeeding-in-the-scrum-master-role-with-mike-cohn,,podcasts,2-succeeding-in-the-scrum-master-role-with-mike-cohn,2 succeeding in the scrum master role with mike cohn,,content
mountaingoatsoftware.com,https://www.mountaingoatsoftware.com/podcasts/agile-mentors/3-what-makes-a-great-product-owner-with-lance-dacy,,podcasts,3-what-makes-a-great-product-owner-with-lance-dacy,3 what makes a great product owner with lance dacy,,content
mountaingoatsoftware.com,https://www.mountaingoatsoftware.com/podcasts/agile-mentors/4-the-developer-role-in-scrum-with-sherman-gomberg,,podcasts,4-the-developer-role-in-scrum-with-sherman-gomberg,4 the developer role in scrum with sherman gomberg,,content
mountaingoatsoftware.com,https://www.mountaingoatsoftware.com/podcasts/agile-mentors/5-scott-dunn-shares-everything-you-need-to-run-sprint-planning,,podcasts,5-scott-dunn-shares-everything-you-need-to-run-sprint-planning,5 scott dunn shares everything you need to run sprint planning,,content
mountaingoatsoftware.com,https://www.mountaingoatsoftware.com/podcasts/agile-mentors/6-how-to-make-the-daily-scrum-more-effective-with-julie-chickering,,podcasts,6-how-to-make-the-daily-scrum-more-effective-with-julie-chickering,6 how to make the daily scrum more effective with julie chickering,,content
mountaingoatsoftware.com,https://www.mountaingoatsoftware.com/podcasts/agile-mentors/7-the-sprint-review-is-not-a-demo-with-julie-chickering,,podcasts,7-the-sprint-review-is-not-a-demo-with-julie-chickering,7 the sprint review is not a demo with julie chickering,,content
mountaingoatsoftware.com,https://www.mountaingoatsoftware.com/podcasts/agile-mentors/8-sprint-retrospectives-with-scott-dunn,,podcasts,8-sprint-retrospectives-with-scott-dunn,8 sprint retrospectives with scott dunn,,content
mountaingoatsoftware.com,https://www.mountaingoatsoftware.com/podcasts/agile-mentors/9-scrum-artifacts-with-kert-peterson,,podcasts,9-scrum-artifacts-with-kert-peterson,9 scrum artifacts with kert peterson,,content
mountaingoatsoftware.com,https://www.mountaingoatsoftware.com/podcasts/agile-mentors/10-why-user-stories-are-the-best-way-to-capture-requirements-with-mike-cohn,,podcasts,10-why-user-stories-are-the-best-way-to-capture-requirements-with-mike-cohn,10 why user stories are the best way to capture requirements with mike cohn,,content
mountaingoatsoftware.com,https://www.mountaingoatsoftware.com/podcasts/agile-mentors/11-estimating-in-agile-with-mike-cohn,,podcasts,11-estimating-in-agile-with-mike-cohn,11 estimating in agile with mike cohn,,content
mountaingoatsoftware.com,https://www.mountaingoatsoftware.com/podcasts/agile-mentors/12-kanban-with-kert-peterson,,podcasts,12-kanban-with-kert-peterson,12 kanban with kert peterson,,content
mountaingoatsoftware.com,https://www.mountaingoatsoftware.com/podcasts/agile-mentors/13-what-does-cross-functional-really-mean,,podcasts,13-what-does-cross-functional-really-mean,13 what does cross functional really mean,,content
mountaingoatsoftware.com,https://www.mountaingoatsoftware.com/podcasts/agile-mentors/14-what-does-it-mean-to-be-product-centric-with-scott-dunn,,podcasts,14-what-does-it-mean-to-be-product-centric-with-scott-dunn,14 what does it mean to be product centric with scott dunn,,content
mountaingoatsoftware.com,https://www.mountaingoatsoftware.com/podcasts/agile-mentors/15-answering-questions-from-quora-with-brian-milner,,podcasts,15-answering-questions-from-quora-with-brian-milner,15 answering questions from quora with brian milner,,content
mountaingoatsoftware.com,https://www.mountaingoatsoftware.com/podcasts/agile-mentors/16-the-hidden-secret-ingredient,,podcasts,16-the-hidden-secret-ingredient,16 the hidden secret ingredient,,content
mountaingoatsoftware.com,https://www.mountaingoatsoftware.com/podcasts/agile-mentors/18-coaching-in-an-agile-world,,podcasts,18-coaching-in-an-agile-world,18 coaching in an agile world,,content
mountaingoatsoftware.com,https://www.mountaingoatsoftware.com/podcasts/agile-mentors/19-how-does-project-management-work-in-agile-with-julie-chickering,,podcasts,19-how-does-project-management-work-in-agile-with-julie-chickering,19 how does project management work in agile with julie chickering,,content
mountaingoatsoftware.com,https://www.mountaingoatsoftware.com/podcasts/agile-mentors/20-best-of-coaching-calls-with-mike-cohn,,podcasts,20-best-of-coaching-calls-with-mike-cohn,20 best of coaching calls with mike cohn,,content
mountaingoatsoftware.com,https://www.mountaingoatsoftware.com/podcasts/agile-mentors/21-agile-marketing-teams-with-stacey-ackerman,,podcasts,21-agile-marketing-teams-with-stacey-ackerman,21 agile marketing teams with stacey ackerman,,content
mountaingoatsoftware.com,https://www.mountaingoatsoftware.com/podcasts/agile-mentors/22-how-to-create-helpful-product-roadmaps-with-roman-pichler,,podcasts,22-how-to-create-helpful-product-roadmaps-with-roman-pichler,22 how to create helpful product roadmaps with roman pichler,,content
mountaingoatsoftware.com,https://www.mountaingoatsoftware.com/podcasts/agile-mentors/23-how-agile-works-in-education-with-john-miller,,podcasts,23-how-agile-works-in-education-with-john-miller,23 how agile works in education with john miller,,content
mountaingoatsoftware.com,https://www.mountaingoatsoftware.com/podcasts/agile-mentors/24-how-agile-organizations-respond-to-challenging-economic-times-with-scott-dunn,,podcasts,24-how-agile-organizations-respond-to-challenging-economic-times-with-scott-dunn,24 how agile organizations respond to challenging economic times with scott dunn,,content
mountaingoatsoftware.com,https://www.mountaingoatsoftware.com/podcasts/agile-mentors/25-scaling-with-henrik-kniberg,,podcasts,25-scaling-with-henrik-kniberg,25 scaling with henrik kniberg,,content
mountaingoatsoftware.com,https://www.mountaingoatsoftware.com/podcasts/agile-mentors/26-how-getting-to-small-helps-teams-get-things-done-with-lance-dacy,,podcasts,26-how-getting-to-small-helps-teams-get-things-done-with-lance-dacy,26 how getting to small helps teams get things done with lance dacy,,content
mountaingoatsoftware.com,https://www.mountaingoatsoftware.com/podcasts/agile-mentors/27-leading-without-blame-with-tricia-broderick,,podcasts,27-leading-without-blame-with-tricia-broderick,27 leading without blame with tricia broderick,,content
mountaingoatsoftware.com,https://www.mountaingoatsoftware.com/podcasts/agile-mentors/28-the-most-valuable-books-for-leadership-learning-and-sharing-with-julie-chickering,,podcasts,28-the-most-valuable-books-for-leadership-learning-and-sharing-with-julie-chickering,28 the most valuable books for leadership learning and sharing with julie chickering,,content
mountaingoatsoftware.com,https://www.mountaingoatsoftware.com/podcasts/agile-mentors/29-influencing-up-with-scott-dunn,,podcasts,29-influencing-up-with-scott-dunn,29 influencing up with scott dunn,,content
mountaingoatsoftware.com,https://www.mountaingoatsoftware.com/podcasts/agile-mentors/30-how-to-get-the-best-out-of-the-new-year-with-lance-dacy,,podcasts,30-how-to-get-the-best-out-of-the-new-year-with-lance-dacy,30 how to get the best out of the new year with lance dacy,,content
mountaingoatsoftware.com,https://www.mountaingoatsoftware.com/podcasts/agile-mentors/31-starting-strong-tips-for-successfully-starting-with-a-new-organization-with-julie-chickering,,podcasts,31-starting-strong-tips-for-successfully-starting-with-a-new-organization-with-julie-chickering,31 starting strong tips for successfully starting with a new organization with julie chickering,,content
mountaingoatsoftware.com,https://www.mountaingoatsoftware.com/podcasts/agile-mentors/32-scrum-in-high-school-sports-with-cort-sharp,,podcasts,32-scrum-in-high-school-sports-with-cort-sharp,32 scrum in high school sports with cort sharp,,content
mountaingoatsoftware.com,https://www.mountaingoatsoftware.com/podcasts/agile-mentors/33-mob-programming-with-woody-zuill,,podcasts,33-mob-programming-with-woody-zuill,33 mob programming with woody zuill,,content
mountaingoatsoftware.com,https://www.mountaingoatsoftware.com/podcasts/agile-mentors/35-metrics-with-lance-dacy,,podcasts,35-metrics-with-lance-dacy,35 metrics with lance dacy,,content
mountaingoatsoftware.com,https://www.mountaingoatsoftware.com/podcasts/agile-mentors/36-working-with-humans-with-dallas-jackson,,podcasts,36-working-with-humans-with-dallas-jackson,36 working with humans with dallas jackson,,content
mountaingoatsoftware.com,https://www.mountaingoatsoftware.com/podcasts/agile-mentors/38-using-agile-for-social-and-societal-transformation-with-kubair-shirazee,,podcasts,38-using-agile-for-social-and-societal-transformation-with-kubair-shirazee,38 using agile for social and societal transformation with kubair shirazee,,content
mountaingoatsoftware.com,https://www.mountaingoatsoftware.com/podcasts/agile-mentors/39-the-art-of-writing-user-stories-with-mike-cohn,,podcasts,39-the-art-of-writing-user-stories-with-mike-cohn,39 the art of writing user stories with mike cohn,,content
mountaingoatsoftware.com,https://www.mountaingoatsoftware.com/podcasts/agile-mentors/40-is-it-time-to-go-out-on-your-own-tips-and-insights-with-chris-li,,podcasts,40-is-it-time-to-go-out-on-your-own-tips-and-insights-with-chris-li,40 is it time to go out on your own tips and insights with chris li,,content
mountaingoatsoftware.com,https://www.mountaingoatsoftware.com/podcasts/agile-mentors/41-cultural-transformation-in-organizations-with-karim-harbott,,podcasts,41-cultural-transformation-in-organizations-with-karim-harbott,41 cultural transformation in organizations with karim harbott,,content
mountaingoatsoftware.com,https://www.mountaingoatsoftware.com/podcasts/agile-mentors/42-the-importance-of-self-mastery-with-bob-galen,,podcasts,42-the-importance-of-self-mastery-with-bob-galen,42 the importance of self mastery with bob galen,,content
mountaingoatsoftware.com,https://www.mountaingoatsoftware.com/podcasts/agile-mentors/43-cultivating-agile-team-culture-in-a-virtual-world-with-richard-cheng,,podcasts,43-cultivating-agile-team-culture-in-a-virtual-world-with-richard-cheng,43 cultivating agile team culture in a virtual world with richard cheng,,content
mountaingoatsoftware.com,https://www.mountaingoatsoftware.com/podcasts/agile-mentors/44-transformations-take-people-with-anu-smalley,,podcasts,44-transformations-take-people-with-anu-smalley,44 transformations take people with anu smalley,,content
mountaingoatsoftware.com,https://www.mountaingoatsoftware.com/podcasts/agile-mentors/45-overcoming-the-challenges-of-agile-in-regulatory-environments-with-scott-dunn,,podcasts,45-overcoming-the-challenges-of-agile-in-regulatory-environments-with-scott-dunn,45 overcoming the challenges of agile in regulatory environments with scott dunn,,content
mountaingoatsoftware.com,https://www.mountaingoatsoftware.com/podcasts/agile-mentors/46-how-to-assess-company-culture-before-accepting-a-job-offer-with-christina-ambers,,podcasts,46-how-to-assess-company-culture-before-accepting-a-job-offer-with-christina-ambers,46 how to assess company culture before accepting a job offer with christina ambers,,content
mountaingoatsoftware.com,https://www.mountaingoatsoftware.com/podcasts/agile-mentors/47-exploring-lean-thinking-in-agile-development-with-bob-payne,,podcasts,47-exploring-lean-thinking-in-agile-development-with-bob-payne,47 exploring lean thinking in agile development with bob payne,,content
mountaingoatsoftware.com,https://www.mountaingoatsoftware.com/podcasts/agile-mentors/48-holistic-agile-testing-with-lisa-crispin-and-janet-gregory,,podcasts,48-holistic-agile-testing-with-lisa-crispin-and-janet-gregory,48 holistic agile testing with lisa crispin and janet gregory,,content
mountaingoatsoftware.com,https://www.mountaingoatsoftware.com/podcasts/agile-mentors/49-celebrating-one-year-a-look-back-at-50-episodes-of-the-agile-mentor-podcast,,podcasts,49-celebrating-one-year-a-look-back-at-50-episodes-of-the-agile-mentor-podcast,49 celebrating one year a look back at 50 episodes of the agile mentor podcast,,content
mountaingoatsoftware.com,https://www.mountaingoatsoftware.com/podcasts/agile-mentors/50-choosing-your-path-exploring-the-roles-of-scrum-master-and-product-owner-with-lance-dacy,,podcasts,50-choosing-your-path-exploring-the-roles-of-scrum-master-and-product-owner-with-lance-dacy,50 choosing your path exploring the roles of scrum master and product owner with lance dacy,,content
mountaingoatsoftware.com,https://www.mountaingoatsoftware.com/podcasts/agile-mentors/51-the-secrets-of-team-safety-with-julie-chickering,,podcasts,51-the-secrets-of-team-safety-with-julie-chickering,51 the secrets of team safety with julie chickering,,content
mountaingoatsoftware.com,https://www.mountaingoatsoftware.com/podcasts/agile-mentors/52-the-birth-of-agile-how-17-adventurous-techies-changed-the-world-with-jim-highsmith,,podcasts,52-the-birth-of-agile-how-17-adventurous-techies-changed-the-world-with-jim-highsmith,52 the birth of agile how 17 adventurous techies changed the world with jim highsmith,,content
mountaingoatsoftware.com,https://www.mountaingoatsoftware.com/podcasts/agile-mentors/53-agile-coaching-debunking-myths-and-unlocking-excellence-with-lucy-okeefe,,podcasts,53-agile-coaching-debunking-myths-and-unlocking-excellence-with-lucy-okeefe,53 agile coaching debunking myths and unlocking excellence with lucy okeefe,,content
mountaingoatsoftware.com,https://www.mountaingoatsoftware.com/podcasts/agile-mentors/54-unlocking-agiles-power-in-the-world-of-data-science-with-lance-dacy,,podcasts,54-unlocking-agiles-power-in-the-world-of-data-science-with-lance-dacy,54 unlocking agiles power in the world of data science with lance dacy,,content
mountaingoatsoftware.com,https://www.mountaingoatsoftware.com/podcasts/agile-mentors/55-what-is-a-sustainable-pace,,podcasts,55-what-is-a-sustainable-pace,55 what is a sustainable pace,,content
mountaingoatsoftware.com,https://www.mountaingoatsoftware.com/podcasts/agile-mentors/56-the-power-of-experimentation,,podcasts,56-the-power-of-experimentation,56 the power of experimentation,,content
mountaingoatsoftware.com,https://www.mountaingoatsoftware.com/podcasts/agile-mentors/57-saying-no-without-losing-your-job,,podcasts,57-saying-no-without-losing-your-job,57 saying no without losing your job,,content
mountaingoatsoftware.com,https://www.mountaingoatsoftware.com/podcasts/agile-mentors/58-help-my-retrospectives-are-boring,,podcasts,58-help-my-retrospectives-are-boring,58 help my retrospectives are boring,,content
mountaingoatsoftware.com,https://www.mountaingoatsoftware.com/podcasts/agile-mentors/59-revising-the-scrum-guide-with-don-mcgreal,,podcasts,59-revising-the-scrum-guide-with-don-mcgreal,59 revising the scrum guide with don mcgreal,,content
mountaingoatsoftware.com,https://www.mountaingoatsoftware.com/podcasts/agile-mentors/60-breaking-the-agile-deja-vu-tackling-recurring-anti-patterns-with-reese-schmit,,podcasts,60-breaking-the-agile-deja-vu-tackling-recurring-anti-patterns-with-reese-schmit,60 breaking the agile deja vu tackling recurring anti patterns with reese schmit,,content
mountaingoatsoftware.com,https://www.mountaingoatsoftware.com/podcasts/agile-mentors/61-the-complex-factors-in-the-office-vs-remote-debate-with-scott-dunn,,podcasts,61-the-complex-factors-in-the-office-vs-remote-debate-with-scott-dunn,61 the complex factors in the office vs remote debate with scott dunn,,content
mountaingoatsoftware.com,https://www.mountaingoatsoftware.com/podcasts/agile-mentors/62-effective-sprint-goals-with-maarten-dalmijn,,podcasts,62-effective-sprint-goals-with-maarten-dalmijn,62 effective sprint goals with maarten dalmijn,,content
mountaingoatsoftware.com,https://www.mountaingoatsoftware.com/podcasts/agile-mentors/63-the-interplay-between-data-science-and-agile-with-lance-dacy,,podcasts,63-the-interplay-between-data-science-and-agile-with-lance-dacy,63 the interplay between data science and agile with lance dacy,,content
mountaingoatsoftware.com,https://www.mountaingoatsoftware.com/podcasts/agile-mentors/64-how-agile-methodologies-are-reshaping-legal-practices-with-john-grant,,podcasts,64-how-agile-methodologies-are-reshaping-legal-practices-with-john-grant,64 how agile methodologies are reshaping legal practices with john grant,,content
mountaingoatsoftware.com,https://www.mountaingoatsoftware.com/podcasts/agile-mentors/65-unlocking-lean-portfolio-management-with-randy-hale,,podcasts,65-unlocking-lean-portfolio-management-with-randy-hale,65 unlocking lean portfolio management with randy hale,,content
mountaingoatsoftware.com,https://www.mountaingoatsoftware.com/podcasts/agile-mentors/66-successful-strategies-for-navigating-team-conflicts,,podcasts,66-successful-strategies-for-navigating-team-conflicts,66 successful strategies for navigating team conflicts,,content
mountaingoatsoftware.com,https://www.mountaingoatsoftware.com/podcasts/agile-mentors/67-the-role-personality-plays-in-team-dynamics-with-dr-ryne-sherman,,podcasts,67-the-role-personality-plays-in-team-dynamics-with-dr-ryne-sherman,67 the role personality plays in team dynamics with dr ryne sherman,,content
mountaingoatsoftware.com,https://www.mountaingoatsoftware.com/podcasts/agile-mentors/68-the-pros-and-cons-and-real-world-applications-of-safe-with-mike-hall,,podcasts,68-the-pros-and-cons-and-real-world-applications-of-safe-with-mike-hall,68 the pros and cons and real world applications of safe with mike hall,,content
mountaingoatsoftware.com,https://www.mountaingoatsoftware.com/podcasts/agile-mentors/69-should-scrum-masters-be-technical-with-allison-pollard,,podcasts,69-should-scrum-masters-be-technical-with-allison-pollard,69 should scrum masters be technical with allison pollard,,content
mountaingoatsoftware.com,https://www.mountaingoatsoftware.com/podcasts/agile-mentors/70-the-role-of-a-leader-in-agile-with-mike-cohn,,podcasts,70-the-role-of-a-leader-in-agile-with-mike-cohn,70 the role of a leader in agile with mike cohn,,content
mountaingoatsoftware.com,https://www.mountaingoatsoftware.com/podcasts/agile-mentors/71-the-world-of-devops-with-carlos-nunez,,podcasts,71-the-world-of-devops-with-carlos-nunez,71 the world of devops with carlos nunez,,content
mountaingoatsoftware.com,https://www.mountaingoatsoftware.com/podcasts/agile-mentors/72-the-parallels-between-roller-skating-and-workplace-challenges-with-melissa-boggs,,podcasts,72-the-parallels-between-roller-skating-and-workplace-challenges-with-melissa-boggs,72 the parallels between roller skating and workplace challenges with melissa boggs,,content
mountaingoatsoftware.com,https://www.mountaingoatsoftware.com/podcasts/agile-mentors/73-the-four-common-fears-that-hinder-agility-with-ryan-gottfredson,,podcasts,73-the-four-common-fears-that-hinder-agility-with-ryan-gottfredson,73 the four common fears that hinder agility with ryan gottfredson,,content
mountaingoatsoftware.com,https://www.mountaingoatsoftware.com/podcasts/agile-mentors/74-unlocking-the-power-of-neurohacking-with-ted-wallace,,podcasts,74-unlocking-the-power-of-neurohacking-with-ted-wallace,74 unlocking the power of neurohacking with ted wallace,,content
mountaingoatsoftware.com,https://www.mountaingoatsoftware.com/podcasts/agile-mentors/75-a-special-thanksgiving-message-from-brian-milner,,podcasts,75-a-special-thanksgiving-message-from-brian-milner,75 a special thanksgiving message from brian milner,,content
mountaingoatsoftware.com,https://www.mountaingoatsoftware.com/podcasts/agile-mentors/76-navigating-neurodiversity-for-high-performing-teams-with-susan-fitzell,,podcasts,76-navigating-neurodiversity-for-high-performing-teams-with-susan-fitzell,76 navigating neurodiversity for high performing teams with susan fitzell,,content
mountaingoatsoftware.com,https://www.mountaingoatsoftware.com/podcasts/agile-mentors/77-navigating-the-challenges-of-becoming-a-certified-scrum-trainer-with-lucy-okeefe,,podcasts,77-navigating-the-challenges-of-becoming-a-certified-scrum-trainer-with-lucy-okeefe,77 navigating the challenges of becoming a certified scrum trainer with lucy okeefe,,content
mountaingoatsoftware.com,https://www.mountaingoatsoftware.com/podcasts/agile-mentors/78-a-year-in-review-the-best-moments-and-insights-of-2023,,podcasts,78-a-year-in-review-the-best-moments-and-insights-of-2023,78 a year in review the best moments and insights of 2023,2023,content
mountaingoatsoftware.com,https://www.mountaingoatsoftware.com/podcasts/agile-mentors/79-navigating-agile-trends-and-challenges-in-2024-with-lance-dacy,,podcasts,79-navigating-agile-trends-and-challenges-in-2024-with-lance-dacy,79 navigating agile trends and challenges in 2024 with lance dacy,2024,content
mountaingoatsoftware.com,https://www.mountaingoatsoftware.com/podcasts/agile-mentors/80-from-struggling-to-success-reviving-agile-teams-with-mike-cohn,,podcasts,80-from-struggling-to-success-reviving-agile-teams-with-mike-cohn,80 from struggling to success reviving agile teams with mike cohn,,content
mountaingoatsoftware.com,https://www.mountaingoatsoftware.com/podcasts/agile-mentors/81-unleashing-the-power-of-visual-storytelling-in-product-ownership-with-stuart-young,,podcasts,81-unleashing-the-power-of-visual-storytelling-in-product-ownership-with-stuart-young,81 unleashing the power of visual storytelling in product ownership with stuart young,,content
mountaingoatsoftware.com,https://www.mountaingoatsoftware.com/podcasts/agile-mentors/82-the-intersection-of-ai-and-agile-with-emilia-breton,,podcasts,82-the-intersection-of-ai-and-agile-with-emilia-breton,82 the intersection of ai and agile with emilia breton,,content
mountaingoatsoftware.com,https://www.mountaingoatsoftware.com/podcasts/agile-mentors/83-navigating-the-challenges-of-small-agile-teams-with-scott-dunn,,podcasts,83-navigating-the-challenges-of-small-agile-teams-with-scott-dunn,83 navigating the challenges of small agile teams with scott dunn,,content
mountaingoatsoftware.com,https://www.mountaingoatsoftware.com/podcasts/agile-mentors/84-listener-questions-with-brian-milner,,podcasts,84-listener-questions-with-brian-milner,84 listener questions with brian milner,,content
mountaingoatsoftware.com,https://www.mountaingoatsoftware.com/podcasts/agile-mentors/85-effectively-managing-dependencies-with-ken-rubin,,podcasts,85-effectively-managing-dependencies-with-ken-rubin,85 effectively managing dependencies with ken rubin,,content
mountaingoatsoftware.com,https://www.mountaingoatsoftware.com/podcasts/agile-mentors/86-revisiting-user-stories-with-mike-cohn,,podcasts,86-revisiting-user-stories-with-mike-cohn,86 revisiting user stories with mike cohn,,content
mountaingoatsoftware.com,https://www.mountaingoatsoftware.com/podcasts/agile-mentors/87-testing-beyond-assumptions-with-david-bland,,podcasts,87-testing-beyond-assumptions-with-david-bland,87 testing beyond assumptions with david bland,,content
mountaingoatsoftware.com,https://www.mountaingoatsoftware.com/podcasts/agile-mentors/88-slicing-work-for-agile-success-with-anton-skornyakov,,podcasts,88-slicing-work-for-agile-success-with-anton-skornyakov,88 slicing work for agile success with anton skornyakov,,content
mountaingoatsoftware.com,https://www.mountaingoatsoftware.com/podcasts/agile-mentors/89-transformational-one-on-ones-with-avipaul-bhandari,,podcasts,89-transformational-one-on-ones-with-avipaul-bhandari,89 transformational one on ones with avipaul bhandari,,content
mountaingoatsoftware.com,https://www.mountaingoatsoftware.com/podcasts/agile-mentors/90-mastering-agile-coaching-with-cherie-silas,,podcasts,90-mastering-agile-coaching-with-cherie-silas,90 mastering agile coaching with cherie silas,,content
mountaingoatsoftware.com,https://www.mountaingoatsoftware.com/podcasts/agile-mentors/91-revolutionizing-hr-with-pia-maria-thoren,,podcasts,91-revolutionizing-hr-with-pia-maria-thoren,91 revolutionizing hr with pia maria thoren,,content
mountaingoatsoftware.com,https://www.mountaingoatsoftware.com/podcasts/agile-mentors/92-navigating-scrum-anti-patterns-with-stefan-wolpers,,podcasts,92-navigating-scrum-anti-patterns-with-stefan-wolpers,92 navigating scrum anti patterns with stefan wolpers,,content
mountaingoatsoftware.com,https://www.mountaingoatsoftware.com/podcasts/agile-mentors/93-the-rise-of-human-skills-and-agile-acumen-with-evan-leybourn,,podcasts,93-the-rise-of-human-skills-and-agile-acumen-with-evan-leybourn,93 the rise of human skills and agile acumen with evan leybourn,,content
mountaingoatsoftware.com,https://www.mountaingoatsoftware.com/podcasts/agile-mentors/94-connecting-teams-and-leadership-with-anthony-coppedge,,podcasts,94-connecting-teams-and-leadership-with-anthony-coppedge,94 connecting teams and leadership with anthony coppedge,,content
mountaingoatsoftware.com,https://www.mountaingoatsoftware.com/podcasts/agile-mentors/95-navigating-change-with-precision-with-steve-martin,,podcasts,95-navigating-change-with-precision-with-steve-martin,95 navigating change with precision with steve martin,,content
mountaingoatsoftware.com,https://www.mountaingoatsoftware.com/podcasts/agile-mentors/96-mastering-asynchronous-work-with-sumeet-moghe,,podcasts,96-mastering-asynchronous-work-with-sumeet-moghe,96 mastering asynchronous work with sumeet moghe,,content
mountaingoatsoftware.com,https://www.mountaingoatsoftware.com/podcasts/agile-mentors/97-exploring-liquid-agility-with-arlen-bankston,,podcasts,97-exploring-liquid-agility-with-arlen-bankston,97 exploring liquid agility with arlen bankston,,content
mountaingoatsoftware.com,https://www.mountaingoatsoftware.com/podcasts/agile-mentors/98-coaching-the-coaches-with-vinnie-gill,,podcasts,98-coaching-the-coaches-with-vinnie-gill,98 coaching the coaches with vinnie gill,,content
mountaingoatsoftware.com,https://www.mountaingoatsoftware.com/podcasts/agile-mentors/99-ai-agile-learning-with-hunter-hillegas,,podcasts,99-ai-agile-learning-with-hunter-hillegas,99 ai agile learning with hunter hillegas,,content
mountaingoatsoftware.com,https://www.mountaingoatsoftware.com/podcasts/agile-mentors/100-navigating-the-future-of-agile-and-scrum-with-lance-dacy-scott-dunn,,podcasts,100-navigating-the-future-of-agile-and-scrum-with-lance-dacy-scott-dunn,100 navigating the future of agile and scrum with lance dacy scott dunn,,content
mountaingoatsoftware.com,https://www.mountaingoatsoftware.com/podcasts/agile-mentors/101-fostering-sustainable-change-with-leor-herzfeld,,podcasts,101-fostering-sustainable-change-with-leor-herzfeld,101 fostering sustainable change with leor herzfeld,,content
mountaingoatsoftware.com,https://www.mountaingoatsoftware.com/podcasts/agile-mentors/102-communicating-agile-transformations-with-mccaul-baggett,,podcasts,102-communicating-agile-transformations-with-mccaul-baggett,102 communicating agile transformations with mccaul baggett,,content
mountaingoatsoftware.com,https://www.mountaingoatsoftware.com/podcasts/agile-mentors/103-developer-relations-and-sqlmesh-with-marisa-smith,,podcasts,103-developer-relations-and-sqlmesh-with-marisa-smith,103 developer relations and sqlmesh with marisa smith,,content
mountaingoatsoftware.com,https://www.mountaingoatsoftware.com/podcasts/agile-mentors/104-mastering-product-ownership-with-mike-cohn,,podcasts,104-mastering-product-ownership-with-mike-cohn,104 mastering product ownership with mike cohn,,content
mountaingoatsoftware.com,https://www.mountaingoatsoftware.com/podcasts/agile-mentors/105-scrum-conferences-neurodiversity-with-brian-milner,,podcasts,105-scrum-conferences-neurodiversity-with-brian-milner,105 scrum conferences neurodiversity with brian milner,,content
mountaingoatsoftware.com,https://www.mountaingoatsoftware.com/podcasts/agile-mentors/106-innovating-through-economic-downturns-with-john-barratt,,podcasts,106-innovating-through-economic-downturns-with-john-barratt,106 innovating through economic downturns with john barratt,,content
mountaingoatsoftware.com,https://www.mountaingoatsoftware.com/podcasts/agile-mentors/107-transforming-organizational-mindsets-with-bernie-maloney,,podcasts,107-transforming-organizational-mindsets-with-bernie-maloney,107 transforming organizational mindsets with bernie maloney,,content
mountaingoatsoftware.com,https://www.mountaingoatsoftware.com/podcasts/agile-mentors/108-adaptive-organizations-with-ken-rickard,,podcasts,108-adaptive-organizations-with-ken-rickard,108 adaptive organizations with ken rickard,,content
mountaingoatsoftware.com,https://www.mountaingoatsoftware.com/podcasts/agile-mentors/109-leadership-and-culture-in-devops-with-claire-clark,,podcasts,109-leadership-and-culture-in-devops-with-claire-clark,109 leadership and culture in devops with claire clark,,content
mountaingoatsoftware.com,https://www.mountaingoatsoftware.com/podcasts/agile-mentors/110-overcoming-organizational-dysfunctions-with-lucy-okeefe,,podcasts,110-overcoming-organizational-dysfunctions-with-lucy-okeefe,110 overcoming organizational dysfunctions with lucy okeefe,,content
mountaingoatsoftware.com,https://www.mountaingoatsoftware.com/podcasts/agile-mentors/111-adapting-to-the-future-of-work-with-heather-mcgowan,,podcasts,111-adapting-to-the-future-of-work-with-heather-mcgowan,111 adapting to the future of work with heather mcgowan,,content
mountaingoatsoftware.com,https://www.mountaingoatsoftware.com/podcasts/agile-mentors/112-exploring-collaboration-styles-with-jessica-guistolise,,podcasts,112-exploring-collaboration-styles-with-jessica-guistolise,112 exploring collaboration styles with jessica guistolise,,content
mountaingoatsoftware.com,https://www.mountaingoatsoftware.com/podcasts/agile-mentors/113-influence-without-authority-with-christopher-dibella,,podcasts,113-influence-without-authority-with-christopher-dibella,113 influence without authority with christopher dibella,,content
mountaingoatsoftware.com,https://www.mountaingoatsoftware.com/podcasts/agile-mentors/114-is-agile-dead-with-scott-dunn,,podcasts,114-is-agile-dead-with-scott-dunn,114 is agile dead with scott dunn,,content
mountaingoatsoftware.com,https://www.mountaingoatsoftware.com/podcasts/agile-mentors/115-aligning-leadership-for-success-with-dr-tess-thompson,,podcasts,115-aligning-leadership-for-success-with-dr-tess-thompson,115 aligning leadership for success with dr tess thompson,,content
mountaingoatsoftware.com,https://www.mountaingoatsoftware.com/podcasts/agile-mentors/116-turning-weird-user-actions-into-big-wins-with-gojko-adzic,,podcasts,116-turning-weird-user-actions-into-big-wins-with-gojko-adzic,116 turning weird user actions into big wins with gojko adzic,,content
mountaingoatsoftware.com,https://www.mountaingoatsoftware.com/podcasts/agile-mentors/117-how-ai-and-automation-are-redefining-success-for-developers-with-lance-dacy,,podcasts,117-how-ai-and-automation-are-redefining-success-for-developers-with-lance-dacy,117 how ai and automation are redefining success for developers with lance dacy,,content
mountaingoatsoftware.com,https://www.mountaingoatsoftware.com/podcasts/agile-mentors/118-the-secrets-to-agile-success-with-mike-cohn,,podcasts,118-the-secrets-to-agile-success-with-mike-cohn,118 the secrets to agile success with mike cohn,,content
mountaingoatsoftware.com,https://www.mountaingoatsoftware.com/podcasts/agile-mentors/119-conferences-connections-and-community-with-chris-murman,,podcasts,119-conferences-connections-and-community-with-chris-murman,119 conferences connections and community with chris murman,,content
mountaingoatsoftware.com,https://www.mountaingoatsoftware.com/podcasts/agile-mentors/120-agile-in-gaming-with-clinton-keith,,podcasts,120-agile-in-gaming-with-clinton-keith,120 agile in gaming with clinton keith,,content
mountaingoatsoftware.com,https://www.mountaingoatsoftware.com/podcasts/agile-mentors/121-busting-the-biggest-myths-about-agile-tools-with-steve-spearman,,podcasts,121-busting-the-biggest-myths-about-agile-tools-with-steve-spearman,121 busting the biggest myths about agile tools with steve spearman,,content
mountaingoatsoftware.com,https://www.mountaingoatsoftware.com/podcasts/agile-mentors/122-empowering-diversity-with-nosa-oyegun-louria-lindauer,,podcasts,122-empowering-diversity-with-nosa-oyegun-louria-lindauer,122 empowering diversity with nosa oyegun louria lindauer,,content
mountaingoatsoftware.com,https://www.mountaingoatsoftware.com/podcasts/agile-mentors/123-unlocking-team-intelligence-with-linda-rising,,podcasts,123-unlocking-team-intelligence-with-linda-rising,123 unlocking team intelligence with linda rising,,content
mountaingoatsoftware.com,https://www.mountaingoatsoftware.com/podcasts/agile-mentors/124-how-to-avoid-common-product-team-pitfalls-with-david-pereira,,podcasts,124-how-to-avoid-common-product-team-pitfalls-with-david-pereira,124 how to avoid common product team pitfalls with david pereira,,content
mountaingoatsoftware.com,https://www.mountaingoatsoftware.com/podcasts/agile-mentors/125-embracing-gratitude-in-challenging-times-with-brian-milner,,podcasts,125-embracing-gratitude-in-challenging-times-with-brian-milner,125 embracing gratitude in challenging times with brian milner,,content
mountaingoatsoftware.com,https://www.mountaingoatsoftware.com/podcasts/agile-mentors/126-mastering-the-scrum-master-role-with-gary-k-evans,,podcasts,126-mastering-the-scrum-master-role-with-gary-k-evans,126 mastering the scrum master role with gary k evans,,content
mountaingoatsoftware.com,https://www.mountaingoatsoftware.com/podcasts/agile-mentors/127-agile-strategies-for-job-market-uncertainty-with-mark-kilby,,podcasts,127-agile-strategies-for-job-market-uncertainty-with-mark-kilby,127 agile strategies for job market uncertainty with mark kilby,,content
mountaingoatsoftware.com,https://www.mountaingoatsoftware.com/podcasts/agile-mentors/128-top-lessons-from-2024s-most-inspiring-episodes-with-brian-miner,,podcasts,128-top-lessons-from-2024s-most-inspiring-episodes-with-brian-miner,128 top lessons from 2024s most inspiring episodes with brian miner,2024,content
mountaingoatsoftware.com,https://www.mountaingoatsoftware.com/podcasts/agile-mentors/129-2025-the-year-agile-meets-ai-and-hyper-personalization-with-lance-dacy,,podcasts,129-2025-the-year-agile-meets-ai-and-hyper-personalization-with-lance-dacy,129 2025 the year agile meets ai and hyper personalization with lance dacy,2025,content
mountaingoatsoftware.com,https://www.mountaingoatsoftware.com/podcasts/agile-mentors/130-be-the-change-how-to-drive-impact-without-authority-with-april-k-mills,,podcasts,130-be-the-change-how-to-drive-impact-without-authority-with-april-k-mills,130 be the change how to drive impact without authority with april k mills,,content
mountaingoatsoftware.com,https://www.mountaingoatsoftware.com/podcasts/agile-mentors/131-lessons-from-modern-agile-with-joshua-kerievsky,,podcasts,131-lessons-from-modern-agile-with-joshua-kerievsky,131 lessons from modern agile with joshua kerievsky,,content
mountaingoatsoftware.com,https://www.mountaingoatsoftware.com/podcasts/agile-mentors/132-can-nice-guys-finish-first-with-scott-dunn,,podcasts,132-can-nice-guys-finish-first-with-scott-dunn,132 can nice guys finish first with scott dunn,,content
mountaingoatsoftware.com,https://www.mountaingoatsoftware.com/podcasts/agile-mentors/133-trending-agile-scrum-masters-ai-and-the-future-of-agile,,podcasts,133-trending-agile-scrum-masters-ai-and-the-future-of-agile,133 trending agile scrum masters ai and the future of agile,,content
mountaingoatsoftware.com,https://www.mountaingoatsoftware.com/podcasts/agile-mentors/134-how-leaders-can-reduce-burnout-and-boost-performance-with-marcus-lagre,,podcasts,134-how-leaders-can-reduce-burnout-and-boost-performance-with-marcus-lagre,134 how leaders can reduce burnout and boost performance with marcus lagre,,content
mountaingoatsoftware.com,https://www.mountaingoatsoftware.com/podcasts/agile-mentors/135-leading-without-authority-with-pete-behrens,,podcasts,135-leading-without-authority-with-pete-behrens,135 leading without authority with pete behrens,,content
mountaingoatsoftware.com,https://www.mountaingoatsoftware.com/podcasts/agile-mentors/136-the-future-of-agile-coaching-with-andreas-schliep,,podcasts,136-the-future-of-agile-coaching-with-andreas-schliep,136 the future of agile coaching with andreas schliep,,content
mountaingoatsoftware.com,https://www.mountaingoatsoftware.com/podcasts/agile-mentors/137-stop-wasting-time-with-guests-kate-megaw,,podcasts,137-stop-wasting-time-with-guests-kate-megaw,137 stop wasting time with guests kate megaw,,content
mountaingoatsoftware.com,https://www.mountaingoatsoftware.com/podcasts/agile-mentors/138-the-bad-meeting-hangover-with-julie-chickering,,podcasts,138-the-bad-meeting-hangover-with-julie-chickering,138 the bad meeting hangover with julie chickering,,content
mountaingoatsoftware.com,https://www.mountaingoatsoftware.com/podcasts/agile-mentors/139-the-retrospective-reset-with-cort-sharp,,podcasts,139-the-retrospective-reset-with-cort-sharp,139 the retrospective reset with cort sharp,,content
mountaingoatsoftware.com,https://www.mountaingoatsoftware.com/podcasts/agile-mentors/140-the-power-of-emotional-delight-in-product-design-with-dr-nesrine-changuel,,podcasts,140-the-power-of-emotional-delight-in-product-design-with-dr-nesrine-changuel,140 the power of emotional delight in product design with dr nesrine changuel,,content
mountaingoatsoftware.com,https://www.mountaingoatsoftware.com/podcasts/agile-mentors/141-cooking-up-a-killer-retrospective-with-brian-milner,,podcasts,141-cooking-up-a-killer-retrospective-with-brian-milner,141 cooking up a killer retrospective with brian milner,,content
mountaingoatsoftware.com,https://www.mountaingoatsoftware.com/podcasts/agile-mentors/142-communication-patterns-keeping-your-team-stuck-with-marsha-acker,,podcasts,142-communication-patterns-keeping-your-team-stuck-with-marsha-acker,142 communication patterns keeping your team stuck with marsha acker,,content
mountaingoatsoftware.com,https://www.mountaingoatsoftware.com/podcasts/agile-mentors/143-what-still-makes-teams-work-and-win-with-jim-york,,podcasts,143-what-still-makes-teams-work-and-win-with-jim-york,143 what still makes teams work and win with jim york,,content
mountaingoatsoftware.com,https://www.mountaingoatsoftware.com/podcasts/agile-mentors/144-how-modern-agile-teams-predict-the-unpredictable-with-lance-dacy-b,,podcasts,144-how-modern-agile-teams-predict-the-unpredictable-with-lance-dacy-b,144 how modern agile teams predict the unpredictable with lance dacy b,,content
mountaingoatsoftware.com,https://www.mountaingoatsoftware.com/podcasts/agile-mentors/145-how-to-lead-without-burning-out-or-burning-bridges-with-ginger-boyll,,podcasts,145-how-to-lead-without-burning-out-or-burning-bridges-with-ginger-boyll,145 how to lead without burning out or burning bridges with ginger boyll,,content
mountaingoatsoftware.com,https://www.mountaingoatsoftware.com/podcasts/agile-mentors/146-agile-leadership-that-actually-works-with-brendan-wovchko,,podcasts,146-agile-leadership-that-actually-works-with-brendan-wovchko,146 agile leadership that actually works with brendan wovchko,,content
mountaingoatsoftware.com,https://www.mountaingoatsoftware.com/podcasts/agile-mentors/147-the-power-of-quiet-influence-with-casey-sinnema,,podcasts,147-the-power-of-quiet-influence-with-casey-sinnema,147 the power of quiet influence with casey sinnema,,content
mountaingoatsoftware.com,https://www.mountaingoatsoftware.com/podcasts/agile-mentors/148-what-it-really-takes-to-lead-change-that-sticks-with-sherri-robbins,,podcasts,148-what-it-really-takes-to-lead-change-that-sticks-with-sherri-robbins,148 what it really takes to lead change that sticks with sherri robbins,,content
mountaingoatsoftware.com,https://www.mountaingoatsoftware.com/podcasts/agile-mentors/149-how-agile-action-drives-strategy-with-boris-gloger,,podcasts,149-how-agile-action-drives-strategy-with-boris-gloger,149 how agile action drives strategy with boris gloger,,content
mountaingoatsoftware.com,https://www.mountaingoatsoftware.com/podcasts/agile-mentors/150-what-1-billion-scrum-classes-taught-us-about-team-culture-and-captain-america-with-cort-sharp-laura-kendrick,,podcasts,150-what-1-billion-scrum-classes-taught-us-about-team-culture-and-captain-america-with-cort-sharp-laura-kendrick,150 what 1 billion scrum classes taught us about team culture and captain america with cort sharp laura kendrick,,content
mountaingoatsoftware.com,https://www.mountaingoatsoftware.com/podcasts/agile-mentors/151-what-ai-is-really-delivering-and-what-its-not-with-evan-leybourn-christopher-morales,,podcasts,151-what-ai-is-really-delivering-and-what-its-not-with-evan-leybourn-christopher-morales,151 what ai is really delivering and what its not with evan leybourn christopher morales,,content
mountaingoatsoftware.com,https://www.mountaingoatsoftware.com/podcasts/agile-mentors/152-the-five-pillars-of-real-agile-improvement-with-mike-cohn,,podcasts,152-the-five-pillars-of-real-agile-improvement-with-mike-cohn,152 the five pillars of real agile improvement with mike cohn,,content
mountaingoatsoftware.com,https://www.mountaingoatsoftware.com/podcasts/agile-mentors/153-getting-real-buy-in-for-agile-transformation-with-scott-dunn,,podcasts,153-getting-real-buy-in-for-agile-transformation-with-scott-dunn,153 getting real buy in for agile transformation with scott dunn,,content
mountaingoatsoftware.com,https://www.mountaingoatsoftware.com/podcasts/agile-mentors/154-the-underpowered-po-with-barnaby-golden,,podcasts,154-the-underpowered-po-with-barnaby-golden,154 the underpowered po with barnaby golden,,content
mountaingoatsoftware.com,https://www.mountaingoatsoftware.com/podcasts/agile-mentors/155-preparing-for-interviews-the-agile-way-with-tali-shlafer,,podcasts,155-preparing-for-interviews-the-agile-way-with-tali-shlafer,155 preparing for interviews the agile way with tali shlafer,,content
mountaingoatsoftware.com,https://www.mountaingoatsoftware.com/podcasts/agile-mentors/156-making-product-ownership-work-in-shared-services-with-kert-peterson,,podcasts,156-making-product-ownership-work-in-shared-services-with-kert-peterson,156 making product ownership work in shared services with kert peterson,,content
mountaingoatsoftware.com,https://www.mountaingoatsoftware.com/podcasts/agile-mentors/157-what-teams-are-struggling-with-right-now-with-cort-sharp,,podcasts,157-what-teams-are-struggling-with-right-now-with-cort-sharp,157 what teams are struggling with right now with cort sharp,,content
mountaingoatsoftware.com,https://www.mountaingoatsoftware.com/podcasts/agile-mentors/158-should-you-skip-the-sprint-retrospective-with-mike-cohn,,podcasts,158-should-you-skip-the-sprint-retrospective-with-mike-cohn,158 should you skip the sprint retrospective with mike cohn,,content
mountaingoatsoftware.com,https://www.mountaingoatsoftware.com/podcasts/agile-mentors/159-is-scrum-really-too-many-meetings-with-lance-dacy,,podcasts,159-is-scrum-really-too-many-meetings-with-lance-dacy,159 is scrum really too many meetings with lance dacy,,content
mountaingoatsoftware.com,https://www.mountaingoatsoftware.com/podcasts/agile-mentors/160-the-real-work-of-a-scrum-master-with-brian-campbell,,podcasts,160-the-real-work-of-a-scrum-master-with-brian-campbell,160 the real work of a scrum master with brian campbell,,content
mountaingoatsoftware.com,https://www.mountaingoatsoftware.com/podcasts/agile-mentors/161-test-driven-development-in-the-age-of-ai-with-clare-sudbery,,podcasts,161-test-driven-development-in-the-age-of-ai-with-clare-sudbery,161 test driven development in the age of ai with clare sudbery,,content
mountaingoatsoftware.com,https://www.mountaingoatsoftware.com/podcasts/agile-mentors/162-focus-flow-cold-coffee-and-the-adhd-developer-with-paige-watson,,podcasts,162-focus-flow-cold-coffee-and-the-adhd-developer-with-paige-watson,162 focus flow cold coffee and the adhd developer with paige watson,,content
mountaingoatsoftware.com,https://www.mountaingoatsoftware.com/podcasts/agile-mentors/163-should-we-go-back-to-the-office-it-depends-with-lance-dacy,,podcasts,163-should-we-go-back-to-the-office-it-depends-with-lance-dacy,163 should we go back to the office it depends with lance dacy,,content
mountaingoatsoftware.com,https://www.mountaingoatsoftware.com/podcasts/agile-mentors/164-why-innovation-efforts-fall-flat-with-tendayi-viki,,podcasts,164-why-innovation-efforts-fall-flat-with-tendayi-viki,164 why innovation efforts fall flat with tendayi viki,,content
mountaingoatsoftware.com,https://www.mountaingoatsoftware.com/podcasts/agile-mentors/165-can-your-product-process-keep-up-with-ai-with-cort-sharp,,podcasts,165-can-your-product-process-keep-up-with-ai-with-cort-sharp,165 can your product process keep up with ai with cort sharp,,content
mountaingoatsoftware.com,https://www.mountaingoatsoftware.com/podcasts/agile-mentors/166-ai-isnt-coming-for-your-job-but-it-is-joining-your-team-with-dr-michael-housman,,podcasts,166-ai-isnt-coming-for-your-job-but-it-is-joining-your-team-with-dr-michael-housman,166 ai isnt coming for your job but it is joining your team with dr michael housman,,content
mountaingoatsoftware.com,https://www.mountaingoatsoftware.com/podcasts/agile-mentors/167-running-better-remote-meetings-with-evan-unger,,podcasts,167-running-better-remote-meetings-with-evan-unger,167 running better remote meetings with evan unger,,content
mountaingoatsoftware.com,https://www.mountaingoatsoftware.com/podcasts/agile-mentors/168-gratitude-growth-and-the-power-to-evolve-with-brian-milner,,podcasts,168-gratitude-growth-and-the-power-to-evolve-with-brian-milner,168 gratitude growth and the power to evolve with brian milner,,content
mountaingoatsoftware.com,https://www.mountaingoatsoftware.com/podcasts/agile-mentors/169-building-practical-ai-for-agile-teams-with-hunter-hillegas,,podcasts,169-building-practical-ai-for-agile-teams-with-hunter-hillegas,169 building practical ai for agile teams with hunter hillegas,,content
mountaingoatsoftware.com,https://www.mountaingoatsoftware.com/podcasts/agile-mentors/170-leadership-lessons-from-the-marine-corps-with-tanner-wortham,,podcasts,170-leadership-lessons-from-the-marine-corps-with-tanner-wortham,170 leadership lessons from the marine corps with tanner wortham,,content
mountaingoatsoftware.com,https://www.mountaingoatsoftware.com/podcasts/agile-mentors/171-why-agile-teams-succeedor-dont-with-colin-fisher,,podcasts,171-why-agile-teams-succeedor-dont-with-colin-fisher,171 why agile teams succeedor dont with colin fisher,,content
mountaingoatsoftware.com,https://www.mountaingoatsoftware.com/podcasts/agile-mentors/172-the-five-pillars-of-agile-transformation-with-mike-cohn,,podcasts,172-the-five-pillars-of-agile-transformation-with-mike-cohn,172 the five pillars of agile transformation with mike cohn,,content
mountaingoatsoftware.com,https://www.mountaingoatsoftware.com/podcasts/agile-mentors/173-hiring-for-agile-roles-that-actually-work-with-cort-sharp,,podcasts,173-hiring-for-agile-roles-that-actually-work-with-cort-sharp,173 hiring for agile roles that actually work with cort sharp,,content
mountaingoatsoftware.com,https://www.mountaingoatsoftware.com/podcasts/agile-mentors/174-why-estimating-still-matters-with-mike-cohn,,podcasts,174-why-estimating-still-matters-with-mike-cohn,174 why estimating still matters with mike cohn,,content
mountaingoatsoftware.com,https://www.mountaingoatsoftware.com/podcasts/agile-mentors/175-when-ai-makes-agile-teams-worse-with-hunter-hillegas,,podcasts,175-when-ai-makes-agile-teams-worse-with-hunter-hillegas,175 when ai makes agile teams worse with hunter hillegas,,content
mountaingoatsoftware.com,https://www.mountaingoatsoftware.com/podcasts/agile-mentors/176-why-most-product-organizations-struggle-with-jason-knight,,podcasts,176-why-most-product-organizations-struggle-with-jason-knight,176 why most product organizations struggle with jason knight,,content
mountaingoatsoftware.com,https://www.mountaingoatsoftware.com/podcasts/agile-mentors/177-the-5-habits-of-high-learning-teams-with-lance-dacy,,podcasts,177-the-5-habits-of-high-learning-teams-with-lance-dacy,177 the 5 habits of high learning teams with lance dacy,,content
mountaingoatsoftware.com,https://www.mountaingoatsoftware.com/podcasts/agile-mentors/178-how-ai-is-actually-changing-software-teams-with-hunter-hillegas,,podcasts,178-how-ai-is-actually-changing-software-teams-with-hunter-hillegas,178 how ai is actually changing software teams with hunter hillegas,,content
mountaingoatsoftware.com,https://www.mountaingoatsoftware.com/podcasts/agile-mentors/179-leadership-decisions-that-quietly-derail-agile-with-mike-cohn,,podcasts,179-leadership-decisions-that-quietly-derail-agile-with-mike-cohn,179 leadership decisions that quietly derail agile with mike cohn,,content
mountaingoatsoftware.com,https://www.mountaingoatsoftware.com/podcasts/agile-mentors/180-why-velocity-is-the-wrong-metric-for-leadership-with-scott-dunn,,podcasts,180-why-velocity-is-the-wrong-metric-for-leadership-with-scott-dunn,180 why velocity is the wrong metric for leadership with scott dunn,,content
mountaingoatsoftware.com,https://www.mountaingoatsoftware.com/podcasts/agile-mentors/181-how-to-start-agile-without-overengineering-it-with-cort-sharp,,podcasts,181-how-to-start-agile-without-overengineering-it-with-cort-sharp,181 how to start agile without overengineering it with cort sharp,,content
mountaingoatsoftware.com,https://www.mountaingoatsoftware.com/podcasts/agile-mentors/182-never-stop-experimenting-with-stavros-stavru,,podcasts,182-never-stop-experimenting-with-stavros-stavru,182 never stop experimenting with stavros stavru,,content
mountaingoatsoftware.com,https://www.mountaingoatsoftware.com/podcasts/agile-mentors/183-how-ai-is-reshaping-product-ownership-with-lance-dacy,,podcasts,183-how-ai-is-reshaping-product-ownership-with-lance-dacy,183 how ai is reshaping product ownership with lance dacy,,content
mountaingoatsoftware.com,https://www.mountaingoatsoftware.com/podcasts/agile-mentors/184-scrum-in-high-stakes-environments-with-john-holmes,,podcasts,184-scrum-in-high-stakes-environments-with-john-holmes,184 scrum in high stakes environments with john holmes,,content
mountaingoatsoftware.com,https://www.mountaingoatsoftware.com/podcasts/agile-mentors/185-the-real-roi-of-agile-with-scott-dunn,,podcasts,185-the-real-roi-of-agile-with-scott-dunn,185 the real roi of agile with scott dunn,,content
mountaingoatsoftware.com,https://www.mountaingoatsoftware.com/podcasts/agile-mentors/186-why-teams-stop-caring-about-retrospectives-with-cort-sharp,,podcasts,186-why-teams-stop-caring-about-retrospectives-with-cort-sharp,186 why teams stop caring about retrospectives with cort sharp,,content
mountaingoatsoftware.com,https://www.mountaingoatsoftware.com/podcasts/agile-mentors/187-a-quick-summer-update-and-a-look-at-whats-ahead-with-brian-milner,,podcasts,187-a-quick-summer-update-and-a-look-at-whats-ahead-with-brian-milner,187 a quick summer update and a look at whats ahead with brian milner,,content
mountaingoatsoftware.com,https://www.mountaingoatsoftware.com/podcasts/agile-mentors/agile-mentors-podcast-trailer,,podcasts,agile-mentors-podcast-trailer,agile mentors podcast trailer,,content
mountaingoatsoftware.com,https://www.mountaingoatsoftware.com/podcasts/agile-mentors/getting-there-from-here-agile-transformations,,podcasts,getting-there-from-here-agile-transformations,getting there from here agile transformations,,content
mountaingoatsoftware.com,https://www.mountaingoatsoftware.com/podcasts/agile-mentors/im-trained-now-what,,podcasts,im-trained-now-what,im trained now what,,content
mountaingoatsoftware.com,https://www.mountaingoatsoftware.com/podcasts/agile-mentors/page/2,,podcasts,2,2,,noncontent
mountaingoatsoftware.com,https://www.mountaingoatsoftware.com/podcasts/agile-mentors/page/3,,podcasts,3,3,,noncontent
mountaingoatsoftware.com,https://www.mountaingoatsoftware.com/podcasts/agile-mentors/page/4,,podcasts,4,4,,noncontent
mountaingoatsoftware.com,https://www.mountaingoatsoftware.com/podcasts/agile-mentors/page/5,,podcasts,5,5,,noncontent
mountaingoatsoftware.com,https://www.mountaingoatsoftware.com/podcasts/agile-mentors/page/6,,podcasts,6,6,,noncontent
mountaingoatsoftware.com,https://www.mountaingoatsoftware.com/podcasts/agile-mentors/page/7,,podcasts,7,7,,noncontent
mountaingoatsoftware.com,https://www.mountaingoatsoftware.com/podcasts/agile-mentors/page/8,,podcasts,8,8,,noncontent
mountaingoatsoftware.com,https://www.mountaingoatsoftware.com/podcasts/agile-mentors/pressing-pause-a-summer-break-and-whats-coming-next,,podcasts,pressing-pause-a-summer-break-and-whats-coming-next,pressing pause a summer break and whats coming next,,content
mountaingoatsoftware.com,https://www.mountaingoatsoftware.com/podcasts/agile-mentors/servant-leadership-not-spineless-leadership-with-brad-swanson,,podcasts,servant-leadership-not-spineless-leadership-with-brad-swanson,servant leadership not spineless leadership with brad swanson,,content
mountaingoatsoftware.com,https://www.mountaingoatsoftware.com/podcasts/agile-mentors/special-episode-scrum-gathering-denver-2022,,podcasts,special-episode-scrum-gathering-denver-2022,special episode scrum gathering denver 2022,2022,content
mountaingoatsoftware.com,https://www.mountaingoatsoftware.com/presentations,,presentations,presentations,presentations,,content
mountaingoatsoftware.com,https://www.mountaingoatsoftware.com/presentations/how-to-estimate-with-story-points,,presentations,how-to-estimate-with-story-points,how to estimate with story points,,content
mountaingoatsoftware.com,https://www.mountaingoatsoftware.com/presentations/reusable-scrum-presentation,,presentations,reusable-scrum-presentation,reusable scrum presentation,,content
mountaingoatsoftware.com,https://www.mountaingoatsoftware.com/privacy-statement,,privacy-statement,privacy-statement,privacy statement,,content
mountaingoatsoftware.com,https://www.mountaingoatsoftware.com/results,,results,results,results,,content
mountaingoatsoftware.com,https://www.mountaingoatsoftware.com/results/client-stories,,results,client-stories,client stories,,content
mountaingoatsoftware.com,https://www.mountaingoatsoftware.com/results/testimonials,,results,testimonials,testimonials,,content
mountaingoatsoftware.com,https://www.mountaingoatsoftware.com/results/what-changes-in-90-days,,results,what-changes-in-90-days,what changes in 90 days,,content
mountaingoatsoftware.com,https://www.mountaingoatsoftware.com/services,,services,services,services,,content
mountaingoatsoftware.com,https://www.mountaingoatsoftware.com/services/accurate-agile-planning,,services,accurate-agile-planning,accurate agile planning,,content
mountaingoatsoftware.com,https://www.mountaingoatsoftware.com/services/advanced-certified-scrum-product-owner,,services,advanced-certified-scrum-product-owner,advanced certified scrum product owner,,content
mountaingoatsoftware.com,https://www.mountaingoatsoftware.com/services/advanced-certified-scrummaster,,services,advanced-certified-scrummaster,advanced certified scrummaster,,content
mountaingoatsoftware.com,https://www.mountaingoatsoftware.com/services/agile-coaching,,services,agile-coaching,agile coaching,,content
mountaingoatsoftware.com,https://www.mountaingoatsoftware.com/services/agile-for-leaders,,services,agile-for-leaders,agile for leaders,,content
mountaingoatsoftware.com,https://www.mountaingoatsoftware.com/services/backlog-refinement-workshop,,services,backlog-refinement-workshop,backlog refinement workshop,,content
mountaingoatsoftware.com,https://www.mountaingoatsoftware.com/services/backlog-story-improvement,,services,backlog-story-improvement,backlog story improvement,,content
mountaingoatsoftware.com,https://www.mountaingoatsoftware.com/services/certified-scrum-product-owner,,services,certified-scrum-product-owner,certified scrum product owner,,content
mountaingoatsoftware.com,https://www.mountaingoatsoftware.com/services/certified-scrummaster,,services,certified-scrummaster,certified scrummaster,,content
mountaingoatsoftware.com,https://www.mountaingoatsoftware.com/services/compare-workshops,,services,compare-workshops,compare workshops,,content
mountaingoatsoftware.com,https://www.mountaingoatsoftware.com/services/estimating-planning,,services,estimating-planning,estimating planning,,content
mountaingoatsoftware.com,https://www.mountaingoatsoftware.com/services/introduction-to-agile,,services,introduction-to-agile,introduction to agile,,content
mountaingoatsoftware.com,https://www.mountaingoatsoftware.com/services/leadership-alignment,,services,leadership-alignment,leadership alignment,,content
mountaingoatsoftware.com,https://www.mountaingoatsoftware.com/services/mastering-user-stories,,services,mastering-user-stories,mastering user stories,,content
mountaingoatsoftware.com,https://www.mountaingoatsoftware.com/services/product-owner,,services,product-owner,product owner,,content
mountaingoatsoftware.com,https://www.mountaingoatsoftware.com/services/roi-calculator,,services,roi-calculator,roi calculator,,content
mountaingoatsoftware.com,https://www.mountaingoatsoftware.com/services/scrum-master,,services,scrum-master,scrum master,,content
mountaingoatsoftware.com,https://www.mountaingoatsoftware.com/services/scrum-team-improvement,,services,scrum-team-improvement,scrum team improvement,,content
mountaingoatsoftware.com,https://www.mountaingoatsoftware.com/services/story-writing-workshop,,services,story-writing-workshop,story writing workshop,,content
mountaingoatsoftware.com,https://www.mountaingoatsoftware.com/services/team-improvement-sprints,,services,team-improvement-sprints,team improvement sprints,,content
mountaingoatsoftware.com,https://www.mountaingoatsoftware.com/services/team-reset,,services,team-reset,team reset,,content
mountaingoatsoftware.com,https://www.mountaingoatsoftware.com/services/working-on-a-scrum-team,,services,working-on-a-scrum-team,working on a scrum team,,content
mountaingoatsoftware.com,https://www.mountaingoatsoftware.com/services/workshops,,services,workshops,workshops,,content
mountaingoatsoftware.com,https://www.mountaingoatsoftware.com/studio,,studio,studio,studio,,content
mountaingoatsoftware.com,https://www.mountaingoatsoftware.com/terms-of-use,,terms-of-use,terms-of-use,terms of use,,noncontent
mountaingoatsoftware.com,https://www.mountaingoatsoftware.com/tools,,tools,tools,tools,,content
mountaingoatsoftware.com,https://www.mountaingoatsoftware.com/tools/agile-coaching,,tools,agile-coaching,agile coaching,,content
mountaingoatsoftware.com,https://www.mountaingoatsoftware.com/tools/plan-visualizer,,tools,plan-visualizer,plan visualizer,,content
mountaingoatsoftware.com,https://www.mountaingoatsoftware.com/tools/project-success-sliders,,tools,project-success-sliders,project success sliders,,content
mountaingoatsoftware.com,https://www.mountaingoatsoftware.com/tools/relative-weighting,,tools,relative-weighting,relative weighting,,content
mountaingoatsoftware.com,https://www.mountaingoatsoftware.com/tools/story-critic,,tools,story-critic,story critic,,content
mountaingoatsoftware.com,https://www.mountaingoatsoftware.com/tools/theme-scoring,,tools,theme-scoring,theme scoring,,content
mountaingoatsoftware.com,https://www.mountaingoatsoftware.com/tools/theme-screening,,tools,theme-screening,theme screening,,content
mountaingoatsoftware.com,https://www.mountaingoatsoftware.com/tools/velocity-range-calculator,,tools,velocity-range-calculator,velocity range calculator,,content
mountaingoatsoftware.com,https://www.mountaingoatsoftware.com/videos,,videos,videos,videos,,content
mountaingoatsoftware.com,https://www.mountaingoatsoftware.com/videos/page/2,,videos,2,2,,noncontent
mountaingoatsoftware.com,https://www.mountaingoatsoftware.com/videos/page/3,,videos,3,3,,noncontent
mountaingoatsoftware.com,https://www.mountaingoatsoftware.com/videos/page/4,,videos,4,4,,noncontent
mountaingoatsoftware.com,https://www.mountaingoatsoftware.com/videos/page/5,,videos,5,5,,noncontent
mountaingoatsoftware.com,https://www.mountaingoatsoftware.com/videos/page/6,,videos,6,6,,noncontent
mountaingoatsoftware.com,https://www.mountaingoatsoftware.com/videos/page/7,,videos,7,7,,noncontent
mountaingoatsoftware.com,https://www.mountaingoatsoftware.com/videos/page/8,,videos,8,8,,noncontent
mountaingoatsoftware.com,https://www.mountaingoatsoftware.com/videos/page/9,,videos,9,9,,noncontent
mountaingoatsoftware.com,https://www.mountaingoatsoftware.com/videos/page/10,,videos,10,10,,noncontent
mountaingoatsoftware.com,https://www.mountaingoatsoftware.com/videos/page/11,,videos,11,11,,noncontent
mountaingoatsoftware.com,https://www.mountaingoatsoftware.com/videos/page/12,,videos,12,12,,noncontent
mountaingoatsoftware.com,https://www.mountaingoatsoftware.com/videos/page/13,,videos,13,13,,noncontent
mountaingoatsoftware.com,https://www.mountaingoatsoftware.com/webinars,,webinars,webinars,webinars,,content
mountaingoatsoftware.com,https://www.mountaingoatsoftware.com/weekly-tips,,weekly-tips,weekly-tips,weekly tips,,content
mountaingoatsoftware.com,https://www.mountaingoatsoftware.com/who-we-help,,who-we-help,who-we-help,who we help,,content
