domain,url,lastmod,first_segment,slug,slug_tokens,year,content
mural.co,https://www.mural.co,2026-10-07,,,,,noncontent
mural.co,https://www.mural.co/pricing,2026-09-15,pricing,pricing,pricing,,noncontent
mural.co,https://www.mural.co/about-us,2026-08-06,about-us,about-us,about us,,noncontent
mural.co,https://www.mural.co/accessibility,2026-04-27,accessibility,accessibility,accessibility,,noncontent
mural.co,https://www.mural.co/apps,2026-07-09,apps,apps,apps,,content
mural.co,https://www.mural.co/careers,2026-05-21,careers,careers,careers,,noncontent
mural.co,https://www.mural.co/case-studies,2026-08-31,case-studies,case-studies,case studies,,content
mural.co,https://www.mural.co/contact-us,2026-03-10,contact-us,contact-us,contact us,,noncontent
mural.co,https://www.mural.co/contact-us/sales,2026-04-28,contact-us,sales,sales,,content
mural.co,https://www.mural.co/enterprise,2026-09-30,enterprise,enterprise,enterprise,,content
mural.co,https://www.mural.co/features,2026-02-06,features,features,features,,content
mural.co,https://www.mural.co/features/superpowers,2025-10-09,features,superpowers,superpowers,,content
mural.co,https://www.mural.co/integrations,2026-09-16,integrations,integrations,integrations,,content
mural.co,https://www.mural.co/newsroom,2026-08-31,newsroom,newsroom,newsroom,,content
mural.co,https://www.mural.co/partners/microsoft,2025-10-09,partners,microsoft,microsoft,,content
mural.co,https://www.mural.co/partners/microsoft/teams,2025-10-09,partners,teams,teams,,content
mural.co,https://www.mural.co/partners/microsoft/surface-hub,2025-10-09,partners,surface-hub,surface hub,,content
mural.co,https://www.mural.co/resources,2026-08-31,resources,resources,resources,,content
mural.co,https://www.mural.co/templates,2026-08-31,templates,templates,templates,,content
mural.co,https://www.mural.co/api,2026-06-23,api,api,api,,content
mural.co,https://www.mural.co/use-cases,2026-08-31,use-cases,use-cases,use cases,,content
mural.co,https://www.mural.co/solutions,2026-04-27,solutions,solutions,solutions,,content
mural.co,https://www.mural.co/blog,2026-09-15,blog,blog,blog,,noncontent
mural.co,https://www.mural.co/why-mural,2025-10-16,why-mural,why-mural,why mural,,content
mural.co,https://www.mural.co/topics,2025-10-15,topics,topics,topics,,content
mural.co,https://www.mural.co/brand-assets,2026-07-30,brand-assets,brand-assets,brand assets,,content
mural.co,https://www.mural.co/trust-and-security,2026-09-30,trust-and-security,trust-and-security,trust and security,,content
mural.co,https://www.mural.co/utility/testing/legal-hub-design,2025-02-12,utility,legal-hub-design,legal hub design,,content
mural.co,https://www.mural.co/search,2025-10-09,search,search,search,,noncontent
mural.co,https://www.mural.co/utility/testing/product-rebuild,2026-07-21,utility,product-rebuild,product rebuild,,content
mural.co,https://www.mural.co/mural-ai,2026-10-06,mural-ai,mural-ai,mural ai,,content
mural.co,https://www.mural.co/utility/testing/template-embed,2026-04-27,utility,template-embed,template embed,,content
mural.co,https://www.mural.co/product,2026-04-13,product,product,product,,content
mural.co,https://www.mural.co/mural-system,2025-10-09,mural-system,mural-system,mural system,,content
mural.co,https://www.mural.co/teamwork-assessment,2025-10-09,teamwork-assessment,teamwork-assessment,teamwork assessment,,content
mural.co,https://www.mural.co/professional-services,2025-10-09,professional-services,professional-services,professional services,,content
mural.co,https://www.mural.co/sitemap,2026-05-21,sitemap,sitemap,sitemap,,noncontent
mural.co,https://www.mural.co/utility/testing/homepage-canvas-animation,2026-09-30,utility,homepage-canvas-animation,homepage canvas animation,,content
mural.co,https://www.mural.co/utility/testing/rolodex-icp,2025-02-12,utility,rolodex-icp,rolodex icp,,content
mural.co,https://www.mural.co/utility/testing/use-case-discovery-call,2025-02-12,utility,use-case-discovery-call,use case discovery call,,content
mural.co,https://www.mural.co/team/sales,2026-08-03,team,sales,sales,,content
mural.co,https://www.mural.co/team/consultants,2026-01-15,team,consultants,consultants,,content
mural.co,https://www.mural.co/team/marketing,2026-07-21,team,marketing,marketing,,content
mural.co,https://www.mural.co/team/research-and-development,2026-04-27,team,research-and-development,research and development,,content
mural.co,https://www.mural.co/utility/styleguide/navigation,2025-10-16,utility,navigation,navigation,,content
mural.co,https://www.mural.co/team/project-management,2025-10-09,team,project-management,project management,,content
mural.co,https://www.mural.co/team/design-ux,2025-10-09,team,design-ux,design ux,,content
mural.co,https://www.mural.co/utility/testing/icp-product-copy,2025-03-05,utility,icp-product-copy,icp product copy,,content
mural.co,https://www.mural.co/sales/quarterly-business-review,2026-05-18,sales,quarterly-business-review,quarterly business review,,content
mural.co,https://www.mural.co/ai/safety-and-regulations,2025-10-16,ai,safety-and-regulations,safety and regulations,,content
mural.co,https://www.mural.co/utility/testing/rich-text-faq,2025-09-15,utility,rich-text-faq,rich text faq,,content
mural.co,https://www.mural.co/utility/testing/form-validate-test,2025-03-28,utility,form-validate-test,form validate test,,content
mural.co,https://www.mural.co/utility/testing/splash-replacement,2025-04-03,utility,splash-replacement,splash replacement,,content
mural.co,https://www.mural.co/resources/events,2026-09-28,resources,events,events,,content
mural.co,https://www.mural.co/resources/webinars,2026-09-01,resources,webinars,webinars,,content
mural.co,https://www.mural.co/contact-us/support,2026-04-28,contact-us,support,support,,noncontent
mural.co,https://www.mural.co/utility/testing/learn-lesson-page,2026-03-20,utility,learn-lesson-page,learn lesson page,,content
mural.co,https://www.mural.co/utility/testing/learning-template,2026-05-05,utility,learning-template,learning template,,content
mural.co,https://www.mural.co/mural-accelerate,2026-09-02,mural-accelerate,mural-accelerate,mural accelerate,,content
mural.co,https://www.mural.co/ai/mcp,2026-10-01,ai,mcp,mcp,,content
mural.co,https://www.mural.co/luma,2026-08-26,luma,luma,luma,,content
mural.co,https://www.mural.co/compare,2026-10-01,compare,compare,compare,,content
mural.co,https://www.mural.co/legal,2026-09-25,legal,legal,legal,,noncontent
mural.co,https://www.mural.co/topics/all-posts,2025-07-30,topics,all-posts,all posts,,noncontent
mural.co,https://www.mural.co/topics/ceo-updates,2025-07-28,topics,ceo-updates,ceo updates,,content
mural.co,https://www.mural.co/topics/collaborative-intelligence,2025-07-28,topics,collaborative-intelligence,collaborative intelligence,,content
mural.co,https://www.mural.co/topics/culture,2025-07-24,topics,culture,culture,,content
mural.co,https://www.mural.co/topics/customer-stories,2025-02-12,topics,customer-stories,customer stories,,content
mural.co,https://www.mural.co/topics/design-thinking,2025-02-12,topics,design-thinking,design thinking,,content
mural.co,https://www.mural.co/topics/digital-collaboration,2025-02-12,topics,digital-collaboration,digital collaboration,,content
mural.co,https://www.mural.co/topics/events,2025-02-12,topics,events,events,,content
mural.co,https://www.mural.co/topics/facilitation,2025-02-12,topics,facilitation,facilitation,,content
mural.co,https://www.mural.co/topics/imagination-work,2025-07-30,topics,imagination-work,imagination work,,content
mural.co,https://www.mural.co/topics/product,2025-02-12,topics,product,product,,content
mural.co,https://www.mural.co/topics/remote-work,2025-07-24,topics,remote-work,remote work,,content
mural.co,https://www.mural.co/topics/soa,2025-06-12,topics,soa,soa,,content
mural.co,https://www.mural.co/topics/templates,2025-02-12,topics,templates,templates,,content
mural.co,https://www.mural.co/topics/visual-thinking,2025-02-12,topics,visual-thinking,visual thinking,,content
mural.co,https://www.mural.co/topics/webinar,2025-02-12,topics,webinar,webinar,,content
mural.co,https://www.mural.co/topics/workshop,2025-07-24,topics,workshop,workshop,,content
mural.co,https://www.mural.co/blog/12-resources-to-bring-brainstorming-online,2025-06-18,blog,12-resources-to-bring-brainstorming-online,12 resources to bring brainstorming online,,content
mural.co,https://www.mural.co/blog/2016-remote-collaboration-survey-results,2025-07-24,blog,2016-remote-collaboration-survey-results,2016 remote collaboration survey results,2016,content
mural.co,https://www.mural.co/blog/2017-remote-collaboration-survey-results-0,2025-07-30,blog,2017-remote-collaboration-survey-results-0,2017 remote collaboration survey results 0,2017,content
mural.co,https://www.mural.co/blog/2020-mural-virtual-offsite,2025-02-12,blog,2020-mural-virtual-offsite,2020 mural virtual offsite,2020,content
mural.co,https://www.mural.co/blog/3-tips-for-imagination,2025-02-12,blog,3-tips-for-imagination,3 tips for imagination,,content
mural.co,https://www.mural.co/blog/4-logistical-problems-when-scaling-design-cultures,2025-02-12,blog,4-logistical-problems-when-scaling-design-cultures,4 logistical problems when scaling design cultures,,content
mural.co,https://www.mural.co/blog/4-strategies-for-agile-success,2025-02-12,blog,4-strategies-for-agile-success,4 strategies for agile success,,content
mural.co,https://www.mural.co/blog/5-challenges-of-managing-virtual-teams-and-how-to-overcome-them,2025-06-18,blog,5-challenges-of-managing-virtual-teams-and-how-to-overcome-them,5 challenges of managing virtual teams and how to overcome them,,content
mural.co,https://www.mural.co/blog/5-easy-steps-to-introduce-new-collaborators-to-mural,2025-02-12,blog,5-easy-steps-to-introduce-new-collaborators-to-mural,5 easy steps to introduce new collaborators to mural,,content
mural.co,https://www.mural.co/blog/5-essential-skills-get-started-mural,2025-06-04,blog,5-essential-skills-get-started-mural,5 essential skills get started mural,,content
mural.co,https://www.mural.co/blog/5-everyday-uses-of-mural,2025-06-02,blog,5-everyday-uses-of-mural,5 everyday uses of mural,,content
mural.co,https://www.mural.co/blog/5-everyday-uses-of-mural-webinar-recap,2025-02-12,blog,5-everyday-uses-of-mural-webinar-recap,5 everyday uses of mural webinar recap,,content
mural.co,https://www.mural.co/blog/5-steps-to-creating-a-kick-off-event-that-wows,2025-07-28,blog,5-steps-to-creating-a-kick-off-event-that-wows,5 steps to creating a kick off event that wows,,content
mural.co,https://www.mural.co/blog/5-tips-onboarding-new-collaborators-mural,2025-02-12,blog,5-tips-onboarding-new-collaborators-mural,5 tips onboarding new collaborators mural,,content
mural.co,https://www.mural.co/blog/6-keys-to-collaboration,2025-07-30,blog,6-keys-to-collaboration,6 keys to collaboration,,content
mural.co,https://www.mural.co/blog/6-templates-for-remote-work,2025-07-30,blog,6-templates-for-remote-work,6 templates for remote work,,content
mural.co,https://www.mural.co/blog/6-tips-for-facilitating-remote-collaboration-sessions-with-mural-ly,2025-06-18,blog,6-tips-for-facilitating-remote-collaboration-sessions-with-mural-ly,6 tips for facilitating remote collaboration sessions with mural ly,,content
mural.co,https://www.mural.co/blog/6-tips-for-storyboarding-your-entire-presentation-in-under-10-minutes,2025-02-12,blog,6-tips-for-storyboarding-your-entire-presentation-in-under-10-minutes,6 tips for storyboarding your entire presentation in under 10 minutes,,content
mural.co,https://www.mural.co/blog/6-ways-onboard-new-collaborators,2025-06-12,blog,6-ways-onboard-new-collaborators,6 ways onboard new collaborators,,content
mural.co,https://www.mural.co/blog/8-new-features-for-facilitation-superheroes,2025-06-16,blog,8-new-features-for-facilitation-superheroes,8 new features for facilitation superheroes,,content
mural.co,https://www.mural.co/blog/80-20-async-split-for-agile,2025-03-07,blog,80-20-async-split-for-agile,80 20 async split for agile,,content
mural.co,https://www.mural.co/blog/9-problems-with-meetings,2025-07-30,blog,9-problems-with-meetings,9 problems with meetings,,content
mural.co,https://www.mural.co/blog/9-scrum-board-examples,2025-07-28,blog,9-scrum-board-examples,9 scrum board examples,,content
mural.co,https://www.mural.co/blog/a-consultants-guide-to-collaborating-with-hybrid-teams-template,2025-02-12,blog,a-consultants-guide-to-collaborating-with-hybrid-teams-template,a consultants guide to collaborating with hybrid teams template,,content
mural.co,https://www.mural.co/blog/academic-year-2022,2025-07-30,blog,academic-year-2022,academic year 2022,2022,content
mural.co,https://www.mural.co/blog/account-planning-tools-strategies-and-solutions-for-growth,2025-12-09,blog,account-planning-tools-strategies-and-solutions-for-growth,account planning tools strategies and solutions for growth,,content
mural.co,https://www.mural.co/blog/action-items,2025-02-12,blog,action-items,action items,,content
mural.co,https://www.mural.co/blog/affinity-diagram,2025-04-04,blog,affinity-diagram,affinity diagram,,content
mural.co,https://www.mural.co/blog/agile-culture-in-design-strategy,2025-07-30,blog,agile-culture-in-design-strategy,agile culture in design strategy,,content
mural.co,https://www.mural.co/blog/agile-development-lifecycle,2025-07-30,blog,agile-development-lifecycle,agile development lifecycle,,content
mural.co,https://www.mural.co/blog/agile-documentation,2025-02-12,blog,agile-documentation,agile documentation,,content
mural.co,https://www.mural.co/blog/agile-dt,2025-06-18,blog,agile-dt,agile dt,,content
mural.co,https://www.mural.co/blog/agile-marketing,2025-09-08,blog,agile-marketing,agile marketing,,content
mural.co,https://www.mural.co/blog/agile-project-management,2025-05-29,blog,agile-project-management,agile project management,,content
mural.co,https://www.mural.co/blog/agile-project-management-tools,2026-01-27,blog,agile-project-management-tools,agile project management tools,,content
mural.co,https://www.mural.co/blog/agile-project-management-vs-scrum,2025-07-28,blog,agile-project-management-vs-scrum,agile project management vs scrum,,content
mural.co,https://www.mural.co/blog/agile-vs-waterfall,2025-06-09,blog,agile-vs-waterfall,agile vs waterfall,,content
mural.co,https://www.mural.co/blog/ai-agents-team-workflows,2026-08-31,blog,ai-agents-team-workflows,ai agents team workflows,,content
mural.co,https://www.mural.co/blog/ai-capability-building,2026-09-14,blog,ai-capability-building,ai capability building,,content
mural.co,https://www.mural.co/blog/ai-implementation-the-4-responsible-questions-every-business-should-ask,2025-05-08,blog,ai-implementation-the-4-responsible-questions-every-business-should-ask,ai implementation the 4 responsible questions every business should ask,,content
mural.co,https://www.mural.co/blog/ai-in-project-management,2025-06-06,blog,ai-in-project-management,ai in project management,,content
mural.co,https://www.mural.co/blog/ai-individual-output-to-shared-outcomes,2026-05-22,blog,ai-individual-output-to-shared-outcomes,ai individual output to shared outcomes,,content
mural.co,https://www.mural.co/blog/ai-mind-mapping-for-rd-teams,2025-09-05,blog,ai-mind-mapping-for-rd-teams,ai mind mapping for rd teams,,content
mural.co,https://www.mural.co/blog/ai-mind-mapping-for-sales-success,2026-02-20,blog,ai-mind-mapping-for-sales-success,ai mind mapping for sales success,,content
mural.co,https://www.mural.co/blog/ai-orchestration-leadership-challenge,2026-07-20,blog,ai-orchestration-leadership-challenge,ai orchestration leadership challenge,,content
mural.co,https://www.mural.co/blog/ai-powered-stakeholder-mapping-for-rd,2025-09-02,blog,ai-powered-stakeholder-mapping-for-rd,ai powered stakeholder mapping for rd,,content
mural.co,https://www.mural.co/blog/ai-powered-stakeholder-mapping-for-sales,2025-08-19,blog,ai-powered-stakeholder-mapping-for-sales,ai powered stakeholder mapping for sales,,content
mural.co,https://www.mural.co/blog/ai-sticky-note-clustering,2026-02-13,blog,ai-sticky-note-clustering,ai sticky note clustering,,content
mural.co,https://www.mural.co/blog/ai-visual-collaboration-mcp,2026-07-21,blog,ai-visual-collaboration-mcp,ai visual collaboration mcp,,content
mural.co,https://www.mural.co/blog/ai-visual-product-research,2026-04-01,blog,ai-visual-product-research,ai visual product research,,content
mural.co,https://www.mural.co/blog/align-and-engage-distributed-product-teams,2025-02-12,blog,align-and-engage-distributed-product-teams,align and engage distributed product teams,,content
mural.co,https://www.mural.co/blog/align-goals-for-gtm-speed,2025-10-18,blog,align-goals-for-gtm-speed,align goals for gtm speed,,content
mural.co,https://www.mural.co/blog/align-marketing-campaigns-with-business-strategy-using-mural,2025-09-05,blog,align-marketing-campaigns-with-business-strategy-using-mural,align marketing campaigns with business strategy using mural,,content
mural.co,https://www.mural.co/blog/ama-with-webinar-recap,2025-02-12,blog,ama-with-webinar-recap,ama with webinar recap,,content
mural.co,https://www.mural.co/blog/announcing-mural-ai,2025-06-02,blog,announcing-mural-ai,announcing mural ai,,content
mural.co,https://www.mural.co/blog/announcing-the-mural-app-for-oculus-quest-2,2025-02-12,blog,announcing-the-mural-app-for-oculus-quest-2,announcing the mural app for oculus quest 2,,content
mural.co,https://www.mural.co/blog/art-of-facilitation,2025-06-04,blog,art-of-facilitation,art of facilitation,,content
mural.co,https://www.mural.co/blog/art-product-development,2025-06-09,blog,art-product-development,art product development,,content
mural.co,https://www.mural.co/blog/async-collaboration-solve-meeting-problem,2025-07-30,blog,async-collaboration-solve-meeting-problem,async collaboration solve meeting problem,,content
mural.co,https://www.mural.co/blog/async-first-culture,2025-03-07,blog,async-first-culture,async first culture,,content
mural.co,https://www.mural.co/blog/async-work-webinar-recap,2025-02-12,blog,async-work-webinar-recap,async work webinar recap,,content
mural.co,https://www.mural.co/blog/asynchronous-brainstorming,2025-06-09,blog,asynchronous-brainstorming,asynchronous brainstorming,,content
mural.co,https://www.mural.co/blog/asynchronous-meetings,2025-02-12,blog,asynchronous-meetings,asynchronous meetings,,content
mural.co,https://www.mural.co/blog/atlassian-remote-work,2025-07-30,blog,atlassian-remote-work,atlassian remote work,,content
mural.co,https://www.mural.co/blog/atlassian-smart-links-for-mural,2026-01-21,blog,atlassian-smart-links-for-mural,atlassian smart links for mural,,content
mural.co,https://www.mural.co/blog/atlassian-template-gallery,2025-06-10,blog,atlassian-template-gallery,atlassian template gallery,,content
mural.co,https://www.mural.co/blog/august-2023-latest-releases,2025-02-12,blog,august-2023-latest-releases,august 2023 latest releases,2023,content
mural.co,https://www.mural.co/blog/b2b-sales-training,2025-04-30,blog,b2b-sales-training,b2b sales training,,content
mural.co,https://www.mural.co/blog/back-to-school-recap,2025-02-12,blog,back-to-school-recap,back to school recap,,content
mural.co,https://www.mural.co/blog/best-enterprise-collaboration-tools,2026-08-24,blog,best-enterprise-collaboration-tools,best enterprise collaboration tools,,content
mural.co,https://www.mural.co/blog/best-mind-mapping-tools,2026-08-14,blog,best-mind-mapping-tools,best mind mapping tools,,content
mural.co,https://www.mural.co/blog/best-online-collaboration-tools,2026-09-28,blog,best-online-collaboration-tools,best online collaboration tools,,content
mural.co,https://www.mural.co/blog/best-practices-and-use-cases-with-mural,2025-07-28,blog,best-practices-and-use-cases-with-mural,best practices and use cases with mural,,content
mural.co,https://www.mural.co/blog/best-remote-collaboration-software,2025-02-12,blog,best-remote-collaboration-software,best remote collaboration software,,content
mural.co,https://www.mural.co/blog/best-visual-note-taking-strategies,2025-02-12,blog,best-visual-note-taking-strategies,best visual note taking strategies,,content
mural.co,https://www.mural.co/blog/blog-ai-readiness-assessment,2026-09-14,blog,blog-ai-readiness-assessment,blog ai readiness assessment,,content
mural.co,https://www.mural.co/blog/blog-talking-methods-teresa-torres,2025-07-08,blog,blog-talking-methods-teresa-torres,blog talking methods teresa torres,,content
mural.co,https://www.mural.co/blog/board-meeting-tips,2025-06-10,blog,board-meeting-tips,board meeting tips,,content
mural.co,https://www.mural.co/blog/boost-client-engagement,2025-07-08,blog,boost-client-engagement,boost client engagement,,content
mural.co,https://www.mural.co/blog/boost-empathy-quickly-with-proto-personas,2025-02-12,blog,boost-empathy-quickly-with-proto-personas,boost empathy quickly with proto personas,,content
mural.co,https://www.mural.co/blog/boost-sales-teams-performance-with-mural-ai,2026-05-13,blog,boost-sales-teams-performance-with-mural-ai,boost sales teams performance with mural ai,,content
mural.co,https://www.mural.co/blog/brain-netting,2025-06-10,blog,brain-netting,brain netting,,content
mural.co,https://www.mural.co/blog/brainstorming,2026-08-12,blog,brainstorming,brainstorming,,content
mural.co,https://www.mural.co/blog/brainstorming-questions,2025-06-10,blog,brainstorming-questions,brainstorming questions,,content
mural.co,https://www.mural.co/blog/brainstorming-rules,2025-02-12,blog,brainstorming-rules,brainstorming rules,,content
mural.co,https://www.mural.co/blog/brainstorming-techniques,2025-12-19,blog,brainstorming-techniques,brainstorming techniques,,content
mural.co,https://www.mural.co/blog/brainwriting,2025-02-12,blog,brainwriting,brainwriting,,content
mural.co,https://www.mural.co/blog/brand-communication,2025-02-25,blog,brand-communication,brand communication,,content
mural.co,https://www.mural.co/blog/brand-voice,2025-02-20,blog,brand-voice,brand voice,,content
mural.co,https://www.mural.co/blog/break-down-silos,2025-02-12,blog,break-down-silos,break down silos,,content
mural.co,https://www.mural.co/blog/bridge-the-gap-mural-agile,2025-02-12,blog,bridge-the-gap-mural-agile,bridge the gap mural agile,,content
mural.co,https://www.mural.co/blog/brie-anne,2025-02-12,blog,brie-anne,brie anne,,content
mural.co,https://www.mural.co/blog/build-company-culture,2025-02-12,blog,build-company-culture,build company culture,,content
mural.co,https://www.mural.co/blog/build-rapport,2025-02-12,blog,build-rapport,build rapport,,content
mural.co,https://www.mural.co/blog/build-team-trust,2025-02-12,blog,build-team-trust,build team trust,,content
mural.co,https://www.mural.co/blog/building-an-inclusive-community-without-barriers,2025-07-30,blog,building-an-inclusive-community-without-barriers,building an inclusive community without barriers,,content
mural.co,https://www.mural.co/blog/building-process-flows-that-scale,2025-02-12,blog,building-process-flows-that-scale,building process flows that scale,,content
mural.co,https://www.mural.co/blog/building-stakeholder-engagement,2026-09-14,blog,building-stakeholder-engagement,building stakeholder engagement,,content
mural.co,https://www.mural.co/blog/business-process-mapping,2025-05-02,blog,business-process-mapping,business process mapping,,content
mural.co,https://www.mural.co/blog/business-process-modeling-and-analysis,2025-02-12,blog,business-process-modeling-and-analysis,business process modeling and analysis,,content
mural.co,https://www.mural.co/blog/bye-bye-spreadsheet-hello-mural-ly,2025-02-12,blog,bye-bye-spreadsheet-hello-mural-ly,bye bye spreadsheet hello mural ly,,content
mural.co,https://www.mural.co/blog/can-hybrid-work-webinar-recap,2025-06-16,blog,can-hybrid-work-webinar-recap,can hybrid work webinar recap,,content
mural.co,https://www.mural.co/blog/chief-of-staff-parachuting-in-webinar-recap,2025-02-12,blog,chief-of-staff-parachuting-in-webinar-recap,chief of staff parachuting in webinar recap,,content
mural.co,https://www.mural.co/blog/chiefs-of-staff-facilitative-leadership,2025-06-10,blog,chiefs-of-staff-facilitative-leadership,chiefs of staff facilitative leadership,,content
mural.co,https://www.mural.co/blog/choose-touchscreen,2025-06-06,blog,choose-touchscreen,choose touchscreen,,content
mural.co,https://www.mural.co/blog/chris-herd-hq-webinar-recap,2025-06-10,blog,chris-herd-hq-webinar-recap,chris herd hq webinar recap,,content
mural.co,https://www.mural.co/blog/classroom-connections-webinar-recap,2025-02-12,blog,classroom-connections-webinar-recap,classroom connections webinar recap,,content
mural.co,https://www.mural.co/blog/classroom-icebreakers,2025-06-10,blog,classroom-icebreakers,classroom icebreakers,,content
mural.co,https://www.mural.co/blog/classroom-retrospectives,2025-08-21,blog,classroom-retrospectives,classroom retrospectives,,content
mural.co,https://www.mural.co/blog/client-engagement-webinar-recap,2025-06-10,blog,client-engagement-webinar-recap,client engagement webinar recap,,content
mural.co,https://www.mural.co/blog/client-kickoff-meeting-guide,2025-07-30,blog,client-kickoff-meeting-guide,client kickoff meeting guide,,content
mural.co,https://www.mural.co/blog/client-needs,2025-07-08,blog,client-needs,client needs,,content
mural.co,https://www.mural.co/blog/co-creation,2025-02-12,blog,co-creation,co creation,,content
mural.co,https://www.mural.co/blog/co-design-method,2025-02-12,blog,co-design-method,co design method,,content
mural.co,https://www.mural.co/blog/collaboration-design-webinar-recap,2025-02-12,blog,collaboration-design-webinar-recap,collaboration design webinar recap,,content
mural.co,https://www.mural.co/blog/collaboration-glossary,2025-07-30,blog,collaboration-glossary,collaboration glossary,,content
mural.co,https://www.mural.co/blog/collaboration-skills,2025-06-06,blog,collaboration-skills,collaboration skills,,content
mural.co,https://www.mural.co/blog/collaboration-stack,2025-09-08,blog,collaboration-stack,collaboration stack,,content
mural.co,https://www.mural.co/blog/collaboration-strategies-for-sales-pipeline,2025-06-16,blog,collaboration-strategies-for-sales-pipeline,collaboration strategies for sales pipeline,,content
mural.co,https://www.mural.co/blog/collaboration-tool-migration,2026-09-21,blog,collaboration-tool-migration,collaboration tool migration,,content
mural.co,https://www.mural.co/blog/collaboration-tools-consultants,2025-07-08,blog,collaboration-tools-consultants,collaboration tools consultants,,content
mural.co,https://www.mural.co/blog/collaborative-design,2025-02-12,blog,collaborative-design,collaborative design,,content
mural.co,https://www.mural.co/blog/collaborative-hypothesis-testing-tools,2025-09-30,blog,collaborative-hypothesis-testing-tools,collaborative hypothesis testing tools,,content
mural.co,https://www.mural.co/blog/collaborative-intelligence-vs-collective-intelligence,2025-06-10,blog,collaborative-intelligence-vs-collective-intelligence,collaborative intelligence vs collective intelligence,,content
mural.co,https://www.mural.co/blog/collaborative-leadership,2025-02-12,blog,collaborative-leadership,collaborative leadership,,content
mural.co,https://www.mural.co/blog/collaborative-learning-medical-schools,2026-10-01,blog,collaborative-learning-medical-schools,collaborative learning medical schools,,content
mural.co,https://www.mural.co/blog/collaborative-pipeline-review-using-mural,2025-03-25,blog,collaborative-pipeline-review-using-mural,collaborative pipeline review using mural,,content
mural.co,https://www.mural.co/blog/collaborative-project-management,2025-02-12,blog,collaborative-project-management,collaborative project management,,content
mural.co,https://www.mural.co/blog/collaborative-prototyping,2025-07-30,blog,collaborative-prototyping,collaborative prototyping,,content
mural.co,https://www.mural.co/blog/community-review-june-4,2025-07-30,blog,community-review-june-4,community review june 4,,content
mural.co,https://www.mural.co/blog/community-review-may-14th,2025-02-12,blog,community-review-may-14th,community review may 14th,,content
mural.co,https://www.mural.co/blog/company-retreat-online,2025-06-10,blog,company-retreat-online,company retreat online,,content
mural.co,https://www.mural.co/blog/components-of-great-marketing-strategy,2025-07-18,blog,components-of-great-marketing-strategy,components of great marketing strategy,,content
mural.co,https://www.mural.co/blog/conduct-a-strategic-analysis,2025-06-04,blog,conduct-a-strategic-analysis,conduct a strategic analysis,,content
mural.co,https://www.mural.co/blog/connect-for-impact-mural-for-nonprofits-webinar-recap,2025-06-10,blog,connect-for-impact-mural-for-nonprofits-webinar-recap,connect for impact mural for nonprofits webinar recap,,content
mural.co,https://www.mural.co/blog/consensus-building,2025-06-02,blog,consensus-building,consensus building,,content
mural.co,https://www.mural.co/blog/constructive-feedback,2025-07-28,blog,constructive-feedback,constructive feedback,,content
mural.co,https://www.mural.co/blog/consultant-client-engagement-toolbox,2025-07-30,blog,consultant-client-engagement-toolbox,consultant client engagement toolbox,,content
mural.co,https://www.mural.co/blog/content-creation-strategy,2025-09-25,blog,content-creation-strategy,content creation strategy,,content
mural.co,https://www.mural.co/blog/context-diagrams,2025-07-30,blog,context-diagrams,context diagrams,,content
mural.co,https://www.mural.co/blog/continuous-product-design,2025-02-12,blog,continuous-product-design,continuous product design,,content
mural.co,https://www.mural.co/blog/create-visual-presentation-guide,2025-07-08,blog,create-visual-presentation-guide,create visual presentation guide,,content
mural.co,https://www.mural.co/blog/creating-team-activity-templates-in-mural,2025-06-10,blog,creating-team-activity-templates-in-mural,creating team activity templates in mural,,content
mural.co,https://www.mural.co/blog/creating-user-personas,2025-08-21,blog,creating-user-personas,creating user personas,,content
mural.co,https://www.mural.co/blog/creative-collaboration,2025-02-12,blog,creative-collaboration,creative collaboration,,content
mural.co,https://www.mural.co/blog/creativity-product-design-development,2025-06-10,blog,creativity-product-design-development,creativity product design development,,content
mural.co,https://www.mural.co/blog/cross-functional-alignment,2025-06-06,blog,cross-functional-alignment,cross functional alignment,,content
mural.co,https://www.mural.co/blog/cross-functional-collaboration,2026-01-27,blog,cross-functional-collaboration,cross functional collaboration,,content
mural.co,https://www.mural.co/blog/cross-functional-collaboration-frameworks,2026-09-28,blog,cross-functional-collaboration-frameworks,cross functional collaboration frameworks,,content
mural.co,https://www.mural.co/blog/crowdsourcing-rd-innovation-visual-collaboration,2025-10-15,blog,crowdsourcing-rd-innovation-visual-collaboration,crowdsourcing rd innovation visual collaboration,,content
mural.co,https://www.mural.co/blog/culture-of-collaboration,2025-06-04,blog,culture-of-collaboration,culture of collaboration,,content
mural.co,https://www.mural.co/blog/customer-centric-account-planning,2025-08-26,blog,customer-centric-account-planning,customer centric account planning,,content
mural.co,https://www.mural.co/blog/customer-journey-map,2025-06-02,blog,customer-journey-map,customer journey map,,content
mural.co,https://www.mural.co/blog/daci-decision-making-framework-managing-accountability,2025-02-12,blog,daci-decision-making-framework-managing-accountability,daci decision making framework managing accountability,,content
mural.co,https://www.mural.co/blog/data-driven-qbr-presentations,2025-03-17,blog,data-driven-qbr-presentations,data driven qbr presentations,,content
mural.co,https://www.mural.co/blog/demo-recap-ideas-into-market-ready-campaigns,2025-10-16,blog,demo-recap-ideas-into-market-ready-campaigns,demo recap ideas into market ready campaigns,,content
mural.co,https://www.mural.co/blog/demo-sales,2025-04-14,blog,demo-sales,demo sales,,content
mural.co,https://www.mural.co/blog/dependency-mapping,2026-06-05,blog,dependency-mapping,dependency mapping,,content
mural.co,https://www.mural.co/blog/design-across-borders,2025-02-12,blog,design-across-borders,design across borders,,content
mural.co,https://www.mural.co/blog/design-for-america-leadership-studio-event-recap,2025-06-10,blog,design-for-america-leadership-studio-event-recap,design for america leadership studio event recap,,content
mural.co,https://www.mural.co/blog/design-for-delight-by-intuit,2025-02-12,blog,design-for-delight-by-intuit,design for delight by intuit,,content
mural.co,https://www.mural.co/blog/design-sprint,2025-06-02,blog,design-sprint,design sprint,,content
mural.co,https://www.mural.co/blog/design-sprint-webinar,2025-07-30,blog,design-sprint-webinar,design sprint webinar,,content
mural.co,https://www.mural.co/blog/design-thinking,2026-02-05,blog,design-thinking,design thinking,,content
mural.co,https://www.mural.co/blog/design-thinking-ai-evolution,2026-05-22,blog,design-thinking-ai-evolution,design thinking ai evolution,,content
mural.co,https://www.mural.co/blog/design-thinking-challenges,2025-06-02,blog,design-thinking-challenges,design thinking challenges,,content
mural.co,https://www.mural.co/blog/design-thinking-define,2025-02-12,blog,design-thinking-define,design thinking define,,content
mural.co,https://www.mural.co/blog/design-thinking-empathize,2025-06-06,blog,design-thinking-empathize,design thinking empathize,,content
mural.co,https://www.mural.co/blog/design-thinking-ideation,2025-07-28,blog,design-thinking-ideation,design thinking ideation,,content
mural.co,https://www.mural.co/blog/design-thinking-prototype,2025-06-02,blog,design-thinking-prototype,design thinking prototype,,content
mural.co,https://www.mural.co/blog/design-thinking-sales-webinar,2025-07-30,blog,design-thinking-sales-webinar,design thinking sales webinar,,content
mural.co,https://www.mural.co/blog/design-thinking-shortcuts,2025-06-10,blog,design-thinking-shortcuts,design thinking shortcuts,,content
mural.co,https://www.mural.co/blog/design-thinking-testing,2025-02-12,blog,design-thinking-testing,design thinking testing,,content
mural.co,https://www.mural.co/blog/design-thinking-vs-human-centered-design,2026-02-11,blog,design-thinking-vs-human-centered-design,design thinking vs human centered design,,content
mural.co,https://www.mural.co/blog/design-virtual-immersive-experiences,2025-02-12,blog,design-virtual-immersive-experiences,design virtual immersive experiences,,content
mural.co,https://www.mural.co/blog/designing-at-scale-ibm-designcamps-and-mural,2025-06-10,blog,designing-at-scale-ibm-designcamps-and-mural,designing at scale ibm designcamps and mural,,content
mural.co,https://www.mural.co/blog/develop-personas-for-your-sales-strategy,2025-07-08,blog,develop-personas-for-your-sales-strategy,develop personas for your sales strategy,,content
mural.co,https://www.mural.co/blog/devops-collaboration,2025-08-21,blog,devops-collaboration,devops collaboration,,content
mural.co,https://www.mural.co/blog/differentiating-your-sales-pitch,2025-03-12,blog,differentiating-your-sales-pitch,differentiating your sales pitch,,content
mural.co,https://www.mural.co/blog/digital-adoption-finding-alignment,2025-04-22,blog,digital-adoption-finding-alignment,digital adoption finding alignment,,content
mural.co,https://www.mural.co/blog/digital-collaboration,2025-03-07,blog,digital-collaboration,digital collaboration,,content
mural.co,https://www.mural.co/blog/digital-learning-day-webinar-recap,2025-02-12,blog,digital-learning-day-webinar-recap,digital learning day webinar recap,,content
mural.co,https://www.mural.co/blog/digital-transformation-trends,2025-02-12,blog,digital-transformation-trends,digital transformation trends,,content
mural.co,https://www.mural.co/blog/digital-vision-board,2025-02-12,blog,digital-vision-board,digital vision board,,content
mural.co,https://www.mural.co/blog/digitally-defined-workplace,2025-06-10,blog,digitally-defined-workplace,digitally defined workplace,,content
mural.co,https://www.mural.co/blog/disconnection-at-work,2025-06-02,blog,disconnection-at-work,disconnection at work,,content
mural.co,https://www.mural.co/blog/discovery-session,2025-07-08,blog,discovery-session,discovery session,,content
mural.co,https://www.mural.co/blog/divergent-convergent-thinking,2025-02-12,blog,divergent-convergent-thinking,divergent convergent thinking,,content
mural.co,https://www.mural.co/blog/do-you-suffer-from-workshop-amnesia,2026-09-14,blog,do-you-suffer-from-workshop-amnesia,do you suffer from workshop amnesia,,content
mural.co,https://www.mural.co/blog/drive-client-success-with-mural-ai,2026-09-21,blog,drive-client-success-with-mural-ai,drive client success with mural ai,,content
mural.co,https://www.mural.co/blog/drive-impact-for-clients,2025-06-11,blog,drive-impact-for-clients,drive impact for clients,,content
mural.co,https://www.mural.co/blog/driving-global-impact-remotely,2025-02-12,blog,driving-global-impact-remotely,driving global impact remotely,,content
mural.co,https://www.mural.co/blog/driving-local-impact-remotely,2025-02-12,blog,driving-local-impact-remotely,driving local impact remotely,,content
mural.co,https://www.mural.co/blog/easily-put-together-a-business-plan-with-mural,2025-02-12,blog,easily-put-together-a-business-plan-with-mural,easily put together a business plan with mural,,content
mural.co,https://www.mural.co/blog/ecosystem-account-plan,2025-09-30,blog,ecosystem-account-plan,ecosystem account plan,,content
mural.co,https://www.mural.co/blog/education-guide-to-murals-recently-released-features,2025-07-21,blog,education-guide-to-murals-recently-released-features,education guide to murals recently released features,,content
mural.co,https://www.mural.co/blog/effective-asynchronous-communication,2025-05-29,blog,effective-asynchronous-communication,effective asynchronous communication,,content
mural.co,https://www.mural.co/blog/effective-key-account-plan-formats-and-strategies,2025-06-16,blog,effective-key-account-plan-formats-and-strategies,effective key account plan formats and strategies,,content
mural.co,https://www.mural.co/blog/effective-meeting-notes,2025-05-29,blog,effective-meeting-notes,effective meeting notes,,content
mural.co,https://www.mural.co/blog/effective-meeting-tips,2025-06-04,blog,effective-meeting-tips,effective meeting tips,,content
mural.co,https://www.mural.co/blog/efficient-agile-meetings,2025-07-30,blog,efficient-agile-meetings,efficient agile meetings,,content
mural.co,https://www.mural.co/blog/elevate-engagement-and-deliver-solutions-tags,2025-02-12,blog,elevate-engagement-and-deliver-solutions-tags,elevate engagement and deliver solutions tags,,content
mural.co,https://www.mural.co/blog/embracing-a-digital-first-mindset,2025-07-30,blog,embracing-a-digital-first-mindset,embracing a digital first mindset,,content
mural.co,https://www.mural.co/blog/empathy-mapping,2025-06-11,blog,empathy-mapping,empathy mapping,,content
mural.co,https://www.mural.co/blog/empower-introverts-in-meetings,2025-06-02,blog,empower-introverts-in-meetings,empower introverts in meetings,,content
mural.co,https://www.mural.co/blog/empowering-sales-teams-close-deals-faster,2026-03-13,blog,empowering-sales-teams-close-deals-faster,empowering sales teams close deals faster,,content
mural.co,https://www.mural.co/blog/end-of-year-retrospective,2025-12-19,blog,end-of-year-retrospective,end of year retrospective,,content
mural.co,https://www.mural.co/blog/enhancing-marketing-workflows-with-mural-ai,2025-10-15,blog,enhancing-marketing-workflows-with-mural-ai,enhancing marketing workflows with mural ai,,content
mural.co,https://www.mural.co/blog/enterprise-ai-adoption-roadmap,2026-09-14,blog,enterprise-ai-adoption-roadmap,enterprise ai adoption roadmap,,content
mural.co,https://www.mural.co/blog/enterprise-ai-collaboration,2026-09-21,blog,enterprise-ai-collaboration,enterprise ai collaboration,,content
mural.co,https://www.mural.co/blog/enterprise-collaboration-platform-adoption,2026-09-21,blog,enterprise-collaboration-platform-adoption,enterprise collaboration platform adoption,,content
mural.co,https://www.mural.co/blog/enterprise-sales-deck,2025-04-24,blog,enterprise-sales-deck,enterprise sales deck,,content
mural.co,https://www.mural.co/blog/europe-us-gtm-team-collaboration,2025-07-15,blog,europe-us-gtm-team-collaboration,europe us gtm team collaboration,,content
mural.co,https://www.mural.co/blog/experience-design,2025-06-16,blog,experience-design,experience design,,content
mural.co,https://www.mural.co/blog/facilitating-ongoing-program-feedback,2025-02-12,blog,facilitating-ongoing-program-feedback,facilitating ongoing program feedback,,content
mural.co,https://www.mural.co/blog/facilitating-remote-sessions-in-mural,2025-06-11,blog,facilitating-remote-sessions-in-mural,facilitating remote sessions in mural,,content
mural.co,https://www.mural.co/blog/facilitative-leadership-webinar-recap,2025-02-12,blog,facilitative-leadership-webinar-recap,facilitative leadership webinar recap,,content
mural.co,https://www.mural.co/blog/faster-templates-for-sales-teams,2026-01-13,blog,faster-templates-for-sales-teams,faster templates for sales teams,,content
mural.co,https://www.mural.co/blog/features-templates-for-consultants,2025-06-06,blog,features-templates-for-consultants,features templates for consultants,,content
mural.co,https://www.mural.co/blog/features-templates-sales-customer-success,2025-06-11,blog,features-templates-sales-customer-success,features templates sales customer success,,content
mural.co,https://www.mural.co/blog/find-your-way-faster-map-experiences-online,2025-02-12,blog,find-your-way-faster-map-experiences-online,find your way faster map experiences online,,content
mural.co,https://www.mural.co/blog/finding-the-missing-link-in-the-enterprise-collaboration-toolkit,2025-02-12,blog,finding-the-missing-link-in-the-enterprise-collaboration-toolkit,finding the missing link in the enterprise collaboration toolkit,,content
mural.co,https://www.mural.co/blog/five-agile-scrum-board-best-practices,2025-07-30,blog,five-agile-scrum-board-best-practices,five agile scrum board best practices,,content
mural.co,https://www.mural.co/blog/flowchart-builder-guide,2025-02-12,blog,flowchart-builder-guide,flowchart builder guide,,content
mural.co,https://www.mural.co/blog/flowcharts,2025-09-08,blog,flowcharts,flowcharts,,content
mural.co,https://www.mural.co/blog/forrester-wave-journey-mapping-platforms,2025-07-30,blog,forrester-wave-journey-mapping-platforms,forrester wave journey mapping platforms,,content
mural.co,https://www.mural.co/blog/foster-team-engagement,2025-07-28,blog,foster-team-engagement,foster team engagement,,content
mural.co,https://www.mural.co/blog/foster-virtual-team-connections,2025-07-30,blog,foster-virtual-team-connections,foster virtual team connections,,content
mural.co,https://www.mural.co/blog/future-of-work-multimodal,2025-07-30,blog,future-of-work-multimodal,future of work multimodal,,content
mural.co,https://www.mural.co/blog/future-work-ai-alignment-collaboration,2025-07-18,blog,future-work-ai-alignment-collaboration,future work ai alignment collaboration,,content
mural.co,https://www.mural.co/blog/get-buy-in-for-ideas,2025-02-12,blog,get-buy-in-for-ideas,get buy in for ideas,,content
mural.co,https://www.mural.co/blog/get-started-with-mural,2025-07-30,blog,get-started-with-mural,get started with mural,,content
mural.co,https://www.mural.co/blog/get-to-the-core-of-your-strategy-quicker-with-the-strategy-blueprint,2025-06-11,blog,get-to-the-core-of-your-strategy-quicker-with-the-strategy-blueprint,get to the core of your strategy quicker with the strategy blueprint,,content
mural.co,https://www.mural.co/blog/getting-started-with-remote-collaboration,2025-06-11,blog,getting-started-with-remote-collaboration,getting started with remote collaboration,,content
mural.co,https://www.mural.co/blog/global-design-sprint,2025-08-04,blog,global-design-sprint,global design sprint,,content
mural.co,https://www.mural.co/blog/go-to-market-strategy-insights,2025-08-21,blog,go-to-market-strategy-insights,go to market strategy insights,,content
mural.co,https://www.mural.co/blog/go-to-school-on-virtual-learning,2025-02-12,blog,go-to-school-on-virtual-learning,go to school on virtual learning,,content
mural.co,https://www.mural.co/blog/going-hybrid-webinar-recap,2025-02-12,blog,going-hybrid-webinar-recap,going hybrid webinar recap,,content
mural.co,https://www.mural.co/blog/great-leadership-starts-with-you,2025-02-12,blog,great-leadership-starts-with-you,great leadership starts with you,,content
mural.co,https://www.mural.co/blog/group-brainstorming,2025-07-28,blog,group-brainstorming,group brainstorming,,content
mural.co,https://www.mural.co/blog/group-communication,2025-02-12,blog,group-communication,group communication,,content
mural.co,https://www.mural.co/blog/group-decision-making,2025-06-02,blog,group-decision-making,group decision making,,content
mural.co,https://www.mural.co/blog/growing-a-team-of-visual-collaborators,2025-02-12,blog,growing-a-team-of-visual-collaborators,growing a team of visual collaborators,,content
mural.co,https://www.mural.co/blog/growth-funding-series-a,2025-09-08,blog,growth-funding-series-a,growth funding series a,,content
mural.co,https://www.mural.co/blog/gtm-alignment-gap-research-study,2026-10-07,blog,gtm-alignment-gap-research-study,gtm alignment gap research study,,content
mural.co,https://www.mural.co/blog/gtm-motion-product-adoption-lift,2026-02-02,blog,gtm-motion-product-adoption-lift,gtm motion product adoption lift,,content
mural.co,https://www.mural.co/blog/gtm-team-learning-styles,2025-07-01,blog,gtm-team-learning-styles,gtm team learning styles,,content
mural.co,https://www.mural.co/blog/guides,2025-02-12,blog,guides,guides,,content
mural.co,https://www.mural.co/blog/hello-world,2025-02-12,blog,hello-world,hello world,,content
mural.co,https://www.mural.co/blog/holiday-icebreakers,2025-02-12,blog,holiday-icebreakers,holiday icebreakers,,content
mural.co,https://www.mural.co/blog/how-executives-at-thoughtworks-plan-and-prioritize-while-remote,2025-07-30,blog,how-executives-at-thoughtworks-plan-and-prioritize-while-remote,how executives at thoughtworks plan and prioritize while remote,,content
mural.co,https://www.mural.co/blog/how-mural-product-leaders-use-creativity-and-collaboration-when-planning-with-a-remote-team,2025-02-12,blog,how-mural-product-leaders-use-creativity-and-collaboration-when-planning-with-a-remote-team,how mural product leaders use creativity and collaboration when planning with a remote team,,content
mural.co,https://www.mural.co/blog/how-to-achieve-product-market-fit-in-six-steps,2025-02-12,blog,how-to-achieve-product-market-fit-in-six-steps,how to achieve product market fit in six steps,,content
mural.co,https://www.mural.co/blog/how-to-align-sales-training-with-sales-enablement-goals,2025-08-21,blog,how-to-align-sales-training-with-sales-enablement-goals,how to align sales training with sales enablement goals,,content
mural.co,https://www.mural.co/blog/how-to-build-a-functional-organizational-structure,2025-06-06,blog,how-to-build-a-functional-organizational-structure,how to build a functional organizational structure,,content
mural.co,https://www.mural.co/blog/how-to-build-a-presentation-outline-with-examples,2025-02-12,blog,how-to-build-a-presentation-outline-with-examples,how to build a presentation outline with examples,,content
mural.co,https://www.mural.co/blog/how-to-create-a-project-scope-document,2025-02-12,blog,how-to-create-a-project-scope-document,how to create a project scope document,,content
mural.co,https://www.mural.co/blog/how-to-create-an-agile-project-plan,2025-06-06,blog,how-to-create-an-agile-project-plan,how to create an agile project plan,,content
mural.co,https://www.mural.co/blog/how-to-create-engaging-presentations,2025-06-16,blog,how-to-create-engaging-presentations,how to create engaging presentations,,content
mural.co,https://www.mural.co/blog/how-to-create-meeting-agendas,2025-06-02,blog,how-to-create-meeting-agendas,how to create meeting agendas,,content
mural.co,https://www.mural.co/blog/how-to-document-a-process,2025-07-28,blog,how-to-document-a-process,how to document a process,,content
mural.co,https://www.mural.co/blog/how-to-facilitate-a-creative-mind-mapping-session-in-mural,2025-02-12,blog,how-to-facilitate-a-creative-mind-mapping-session-in-mural,how to facilitate a creative mind mapping session in mural,,content
mural.co,https://www.mural.co/blog/how-to-get-stakeholder-buy-in-for-critical-projects,2025-06-13,blog,how-to-get-stakeholder-buy-in-for-critical-projects,how to get stakeholder buy in for critical projects,,content
mural.co,https://www.mural.co/blog/how-to-leverage-visual-collaboration-in-the-classroom,2025-06-06,blog,how-to-leverage-visual-collaboration-in-the-classroom,how to leverage visual collaboration in the classroom,,content
mural.co,https://www.mural.co/blog/how-to-look-before-you-leap-a-guide-to-mapping-assumptions-for-product-development-teams,2025-08-04,blog,how-to-look-before-you-leap-a-guide-to-mapping-assumptions-for-product-development-teams,how to look before you leap a guide to mapping assumptions for product development teams,,content
mural.co,https://www.mural.co/blog/how-to-make-sales-presentations-more-engaging,2026-01-30,blog,how-to-make-sales-presentations-more-engaging,how to make sales presentations more engaging,,content
mural.co,https://www.mural.co/blog/how-to-plan-a-book-using-design-thinking,2025-02-12,blog,how-to-plan-a-book-using-design-thinking,how to plan a book using design thinking,,content
mural.co,https://www.mural.co/blog/how-to-plan-a-workshop,2025-02-12,blog,how-to-plan-a-workshop,how to plan a workshop,,content
mural.co,https://www.mural.co/blog/how-to-run-a-design-studio-remotely-with-mural,2025-02-12,blog,how-to-run-a-design-studio-remotely-with-mural,how to run a design studio remotely with mural,,content
mural.co,https://www.mural.co/blog/how-to-run-post-mortems,2025-06-09,blog,how-to-run-post-mortems,how to run post mortems,,content
mural.co,https://www.mural.co/blog/how-to-take-remote-work-from-sudden-to-sustainable,2025-02-12,blog,how-to-take-remote-work-from-sudden-to-sustainable,how to take remote work from sudden to sustainable,,content
mural.co,https://www.mural.co/blog/how-usaa-leverages-async-collaboration,2025-08-04,blog,how-usaa-leverages-async-collaboration,how usaa leverages async collaboration,,content
mural.co,https://www.mural.co/blog/human-centered-design,2026-02-10,blog,human-centered-design,human centered design,,content
mural.co,https://www.mural.co/blog/human-centered-design-examples,2025-02-12,blog,human-centered-design-examples,human centered design examples,,content
mural.co,https://www.mural.co/blog/hybrid-meetings,2025-05-29,blog,hybrid-meetings,hybrid meetings,,content
mural.co,https://www.mural.co/blog/hybrid-the-new-common-sense,2025-06-06,blog,hybrid-the-new-common-sense,hybrid the new common sense,,content
mural.co,https://www.mural.co/blog/hybrid-vs-remote,2025-02-12,blog,hybrid-vs-remote,hybrid vs remote,,content
mural.co,https://www.mural.co/blog/hybrid-work,2025-06-02,blog,hybrid-work,hybrid work,,content
mural.co,https://www.mural.co/blog/hybrid-work-culture,2025-02-12,blog,hybrid-work-culture,hybrid work culture,,content
mural.co,https://www.mural.co/blog/icebreaker-questions,2025-02-12,blog,icebreaker-questions,icebreaker questions,,content
mural.co,https://www.mural.co/blog/identify-problems,2025-02-12,blog,identify-problems,identify problems,,content
mural.co,https://www.mural.co/blog/identify-user-pain-points,2025-02-12,blog,identify-user-pain-points,identify user pain points,,content
mural.co,https://www.mural.co/blog/immersive-storytelling,2025-08-04,blog,immersive-storytelling,immersive storytelling,,content
mural.co,https://www.mural.co/blog/improve-client-communication,2025-07-08,blog,improve-client-communication,improve client communication,,content
mural.co,https://www.mural.co/blog/improve-company-culture,2025-02-12,blog,improve-company-culture,improve company culture,,content
mural.co,https://www.mural.co/blog/improve-meeting-collaboration,2025-07-30,blog,improve-meeting-collaboration,improve meeting collaboration,,content
mural.co,https://www.mural.co/blog/improve-onboarding,2025-07-30,blog,improve-onboarding,improve onboarding,,content
mural.co,https://www.mural.co/blog/improve-teamwork,2025-06-25,blog,improve-teamwork,improve teamwork,,content
mural.co,https://www.mural.co/blog/in-person-meetings,2025-02-12,blog,in-person-meetings,in person meetings,,content
mural.co,https://www.mural.co/blog/innovation-leadership,2025-02-12,blog,innovation-leadership,innovation leadership,,content
mural.co,https://www.mural.co/blog/insight-partners-and-mural,2025-06-11,blog,insight-partners-and-mural,insight partners and mural,,content
mural.co,https://www.mural.co/blog/insights-into-teamwork-effectiveness,2025-02-12,blog,insights-into-teamwork-effectiveness,insights into teamwork effectiveness,,content
mural.co,https://www.mural.co/blog/intro-assumptions-mapping,2025-07-28,blog,intro-assumptions-mapping,intro assumptions mapping,,content
mural.co,https://www.mural.co/blog/introducing-collaborative-diagramming-and-mapping-made-easy,2025-02-12,blog,introducing-collaborative-diagramming-and-mapping-made-easy,introducing collaborative diagramming and mapping made easy,,content
mural.co,https://www.mural.co/blog/introducing-data-residency,2025-06-11,blog,introducing-data-residency,introducing data residency,,content
mural.co,https://www.mural.co/blog/introducing-mural-community-learning,2025-07-30,blog,introducing-mural-community-learning,introducing mural community learning,,content
mural.co,https://www.mural.co/blog/january-2024-latest-releases,2025-06-06,blog,january-2024-latest-releases,january 2024 latest releases,2024,content
mural.co,https://www.mural.co/blog/january-2025-latest-releases,2025-04-09,blog,january-2025-latest-releases,january 2025 latest releases,2025,content
mural.co,https://www.mural.co/blog/jason-yip-interview,2025-02-12,blog,jason-yip-interview,jason yip interview,,content
mural.co,https://www.mural.co/blog/jira-azure-devops-sync,2025-10-06,blog,jira-azure-devops-sync,jira azure devops sync,,content
mural.co,https://www.mural.co/blog/jira-scrum-board,2025-02-12,blog,jira-scrum-board,jira scrum board,,content
mural.co,https://www.mural.co/blog/jobs-to-be-done-livestream-recap,2025-02-12,blog,jobs-to-be-done-livestream-recap,jobs to be done livestream recap,,content
mural.co,https://www.mural.co/blog/june-2024-latest-releases,2025-02-12,blog,june-2024-latest-releases,june 2024 latest releases,2024,content
mural.co,https://www.mural.co/blog/keeping-up-with-collaboration,2025-02-12,blog,keeping-up-with-collaboration,keeping up with collaboration,,content
mural.co,https://www.mural.co/blog/know-your-scales-in-mural,2025-02-12,blog,know-your-scales-in-mural,know your scales in mural,,content
mural.co,https://www.mural.co/blog/knowledge-sharing,2025-02-12,blog,knowledge-sharing,knowledge sharing,,content
mural.co,https://www.mural.co/blog/kpis-for-gtm-teams,2025-11-17,blog,kpis-for-gtm-teams,kpis for gtm teams,,content
mural.co,https://www.mural.co/blog/leigh-margaret-stull-open-letter,2026-07-20,blog,leigh-margaret-stull-open-letter,leigh margaret stull open letter,,content
mural.co,https://www.mural.co/blog/less-prep-more-productivity-recap,2025-02-12,blog,less-prep-more-productivity-recap,less prep more productivity recap,,content
mural.co,https://www.mural.co/blog/lessons-learned-from-a-year-of-virtual-class-collaboration,2025-02-12,blog,lessons-learned-from-a-year-of-virtual-class-collaboration,lessons learned from a year of virtual class collaboration,,content
mural.co,https://www.mural.co/blog/luma-methods-mural,2026-06-05,blog,luma-methods-mural,luma methods mural,,content
mural.co,https://www.mural.co/blog/luma-mural-making-work-better-together,2025-06-04,blog,luma-mural-making-work-better-together,luma mural making work better together,,content
mural.co,https://www.mural.co/blog/make-sales-presentations-more-interactive,2025-03-24,blog,make-sales-presentations-more-interactive,make sales presentations more interactive,,content
mural.co,https://www.mural.co/blog/making-hybrid-work,2025-07-30,blog,making-hybrid-work,making hybrid work,,content
mural.co,https://www.mural.co/blog/manage-competing-priorities,2025-07-10,blog,manage-competing-priorities,manage competing priorities,,content
mural.co,https://www.mural.co/blog/manage-stakeholder-expectations,2025-12-15,blog,manage-stakeholder-expectations,manage stakeholder expectations,,content
mural.co,https://www.mural.co/blog/managing-distributed-teams,2025-02-12,blog,managing-distributed-teams,managing distributed teams,,content
mural.co,https://www.mural.co/blog/managing-remote-research,2025-08-26,blog,managing-remote-research,managing remote research,,content
mural.co,https://www.mural.co/blog/mapping-user-experiences,2025-07-10,blog,mapping-user-experiences,mapping user experiences,,content
mural.co,https://www.mural.co/blog/marching-backwards-into-the-future-with-backcasting-interview-with-ephraim-bhatoo,2025-07-10,blog,marching-backwards-into-the-future-with-backcasting-interview-with-ephraim-bhatoo,marching backwards into the future with backcasting interview with ephraim bhatoo,,content
mural.co,https://www.mural.co/blog/maricopa-county-mural,2025-07-10,blog,maricopa-county-mural,maricopa county mural,,content
mural.co,https://www.mural.co/blog/market-penetration-strategy,2025-08-20,blog,market-penetration-strategy,market penetration strategy,,content
mural.co,https://www.mural.co/blog/marketing-frameworks,2025-07-18,blog,marketing-frameworks,marketing frameworks,,content
mural.co,https://www.mural.co/blog/marketing-team-offsite,2025-02-12,blog,marketing-team-offsite,marketing team offsite,,content
mural.co,https://www.mural.co/blog/mastering-integrated-marketing-campaigns,2025-09-02,blog,mastering-integrated-marketing-campaigns,mastering integrated marketing campaigns,,content
mural.co,https://www.mural.co/blog/may-2023-ui-upgrades-insights,2025-02-12,blog,may-2023-ui-upgrades-insights,may 2023 ui upgrades insights,2023,content
mural.co,https://www.mural.co/blog/may-2023-upgraded-user-interface,2025-02-12,blog,may-2023-upgraded-user-interface,may 2023 upgraded user interface,2023,content
mural.co,https://www.mural.co/blog/may-mural-member-month-2022,2025-02-12,blog,may-mural-member-month-2022,may mural member month 2022,2022,content
mural.co,https://www.mural.co/blog/meaningful-levels-of-facilitation,2025-02-12,blog,meaningful-levels-of-facilitation,meaningful levels of facilitation,,content
mural.co,https://www.mural.co/blog/measure-productivity,2025-02-12,blog,measure-productivity,measure productivity,,content
mural.co,https://www.mural.co/blog/meddic-sales-methodology,2025-02-12,blog,meddic-sales-methodology,meddic sales methodology,,content
mural.co,https://www.mural.co/blog/meet-the-new-mural,2025-07-10,blog,meet-the-new-mural,meet the new mural,,content
mural.co,https://www.mural.co/blog/meeting-cadence,2025-08-04,blog,meeting-cadence,meeting cadence,,content
mural.co,https://www.mural.co/blog/meeting-engagement,2025-02-12,blog,meeting-engagement,meeting engagement,,content
mural.co,https://www.mural.co/blog/meeting-facilitation,2025-02-12,blog,meeting-facilitation,meeting facilitation,,content
mural.co,https://www.mural.co/blog/meeting-goals,2025-02-12,blog,meeting-goals,meeting goals,,content
mural.co,https://www.mural.co/blog/meeting-ground-rules,2025-02-12,blog,meeting-ground-rules,meeting ground rules,,content
mural.co,https://www.mural.co/blog/meeting-guide,2025-07-30,blog,meeting-guide,meeting guide,,content
mural.co,https://www.mural.co/blog/meeting-intelligence,2026-08-12,blog,meeting-intelligence,meeting intelligence,,content
mural.co,https://www.mural.co/blog/meeting-participation,2025-07-10,blog,meeting-participation,meeting participation,,content
mural.co,https://www.mural.co/blog/meeting-prep-checklist,2025-07-30,blog,meeting-prep-checklist,meeting prep checklist,,content
mural.co,https://www.mural.co/blog/meeting-reflections,2025-02-12,blog,meeting-reflections,meeting reflections,,content
mural.co,https://www.mural.co/blog/meeting-rx-webinar-recap,2025-02-12,blog,meeting-rx-webinar-recap,meeting rx webinar recap,,content
mural.co,https://www.mural.co/blog/meeting-topic-templates,2025-07-10,blog,meeting-topic-templates,meeting topic templates,,content
mural.co,https://www.mural.co/blog/meetings-shouldnt-be-monologues,2025-02-12,blog,meetings-shouldnt-be-monologues,meetings shouldnt be monologues,,content
mural.co,https://www.mural.co/blog/meta-think-kit-using-design-thinking-to-make-meetings-work-for-everyone,2025-02-12,blog,meta-think-kit-using-design-thinking-to-make-meetings-work-for-everyone,meta think kit using design thinking to make meetings work for everyone,,content
mural.co,https://www.mural.co/blog/mind-mapping,2025-12-09,blog,mind-mapping,mind mapping,,content
mural.co,https://www.mural.co/blog/mini-methods,2025-02-12,blog,mini-methods,mini methods,,content
mural.co,https://www.mural.co/blog/moodboard-for-our-brand-website,2025-02-12,blog,moodboard-for-our-brand-website,moodboard for our brand website,,content
mural.co,https://www.mural.co/blog/more-minds-at-work,2025-02-12,blog,more-minds-at-work,more minds at work,,content
mural.co,https://www.mural.co/blog/moving-towards-digital-consulting,2025-07-10,blog,moving-towards-digital-consulting,moving towards digital consulting,,content
mural.co,https://www.mural.co/blog/multiplayer-ai-for-teams,2026-07-20,blog,multiplayer-ai-for-teams,multiplayer ai for teams,,content
mural.co,https://www.mural.co/blog/mural-advanced-identity-management,2025-07-11,blog,mural-advanced-identity-management,mural advanced identity management,,content
mural.co,https://www.mural.co/blog/mural-ai,2025-07-30,blog,mural-ai,mural ai,,content
mural.co,https://www.mural.co/blog/mural-and-microsoft-365,2025-07-11,blog,mural-and-microsoft-365,mural and microsoft 365,,content
mural.co,https://www.mural.co/blog/mural-app-for-microsoft-teams,2025-07-30,blog,mural-app-for-microsoft-teams,mural app for microsoft teams,,content
mural.co,https://www.mural.co/blog/mural-free,2026-06-05,blog,mural-free,mural free,,content
mural.co,https://www.mural.co/blog/mural-integrations,2026-10-01,blog,mural-integrations,mural integrations,,content
mural.co,https://www.mural.co/blog/mural-links-design-thinking-and-agile,2025-09-08,blog,mural-links-design-thinking-and-agile,mural links design thinking and agile,,content
mural.co,https://www.mural.co/blog/mural-llm-design-bringing-imagination-to-life-from-the-ground-up,2025-02-12,blog,mural-llm-design-bringing-imagination-to-life-from-the-ground-up,mural llm design bringing imagination to life from the ground up,,content
mural.co,https://www.mural.co/blog/mural-masterclass-facilitating-remote-workshops,2025-02-12,blog,mural-masterclass-facilitating-remote-workshops,mural masterclass facilitating remote workshops,,content
mural.co,https://www.mural.co/blog/mural-moment-recaps,2025-08-04,blog,mural-moment-recaps,mural moment recaps,,content
mural.co,https://www.mural.co/blog/nevada-lane-remote-facilitation,2025-07-28,blog,nevada-lane-remote-facilitation,nevada lane remote facilitation,,content
mural.co,https://www.mural.co/blog/never-miss-the-people-who-could-make-your-campaign-go-viral,2025-08-15,blog,never-miss-the-people-who-could-make-your-campaign-go-viral,never miss the people who could make your campaign go viral,,content
mural.co,https://www.mural.co/blog/new-curriculum-redesign,2025-06-09,blog,new-curriculum-redesign,new curriculum redesign,,content
mural.co,https://www.mural.co/blog/new-features-april-2022,2025-08-04,blog,new-features-april-2022,new features april 2022,2022,content
mural.co,https://www.mural.co/blog/new-features-january-2022,2025-06-02,blog,new-features-january-2022,new features january 2022,2022,content
mural.co,https://www.mural.co/blog/new-features-june-2022,2025-06-16,blog,new-features-june-2022,new features june 2022,2022,content
mural.co,https://www.mural.co/blog/new-features-march-2022,2026-06-24,blog,new-features-march-2022,new features march 2022,2022,content
mural.co,https://www.mural.co/blog/new-features-may-2022,2025-02-12,blog,new-features-may-2022,new features may 2022,2022,content
mural.co,https://www.mural.co/blog/new-product-development-process,2025-05-01,blog,new-product-development-process,new product development process,,content
mural.co,https://www.mural.co/blog/new-to-mural-templates,2025-06-06,blog,new-to-mural-templates,new to mural templates,,content
mural.co,https://www.mural.co/blog/new-year-templates,2025-06-11,blog,new-year-templates,new year templates,,content
mural.co,https://www.mural.co/blog/next-generation-changemakers,2025-02-12,blog,next-generation-changemakers,next generation changemakers,,content
mural.co,https://www.mural.co/blog/no-more-silos,2025-02-12,blog,no-more-silos,no more silos,,content
mural.co,https://www.mural.co/blog/nominal-group-technique,2025-04-22,blog,nominal-group-technique,nominal group technique,,content
mural.co,https://www.mural.co/blog/nonprofit-community-update-2021,2025-07-01,blog,nonprofit-community-update-2021,nonprofit community update 2021,2021,content
mural.co,https://www.mural.co/blog/november-2024-latest-releases,2025-10-15,blog,november-2024-latest-releases,november 2024 latest releases,2024,content
mural.co,https://www.mural.co/blog/objection-handling,2025-04-14,blog,objection-handling,objection handling,,content
mural.co,https://www.mural.co/blog/october-2024-latest-releases,2026-06-05,blog,october-2024-latest-releases,october 2024 latest releases,2024,content
mural.co,https://www.mural.co/blog/okr-planning,2025-05-29,blog,okr-planning,okr planning,,content
mural.co,https://www.mural.co/blog/okr-vs-kpi,2025-10-17,blog,okr-vs-kpi,okr vs kpi,,content
mural.co,https://www.mural.co/blog/one-on-one-meeting-guide,2025-06-04,blog,one-on-one-meeting-guide,one on one meeting guide,,content
mural.co,https://www.mural.co/blog/online-warm-ups-energizers,2025-07-24,blog,online-warm-ups-energizers,online warm ups energizers,,content
mural.co,https://www.mural.co/blog/open-innovation-business-growth,2025-09-02,blog,open-innovation-business-growth,open innovation business growth,,content
mural.co,https://www.mural.co/blog/opportunity-identification-account-planning,2026-01-13,blog,opportunity-identification-account-planning,opportunity identification account planning,,content
mural.co,https://www.mural.co/blog/optimize-rd-workflows,2026-03-13,blog,optimize-rd-workflows,optimize rd workflows,,content
mural.co,https://www.mural.co/blog/optum,2025-03-07,blog,optum,optum,,content
mural.co,https://www.mural.co/blog/organizational-alignment-rd-teams,2026-04-01,blog,organizational-alignment-rd-teams,organizational alignment rd teams,,content
mural.co,https://www.mural.co/blog/organize-research-unlock-insights,2026-03-12,blog,organize-research-unlock-insights,organize research unlock insights,,content
mural.co,https://www.mural.co/blog/phases-of-project-management,2025-03-07,blog,phases-of-project-management,phases of project management,,content
mural.co,https://www.mural.co/blog/pi-planning,2025-07-28,blog,pi-planning,pi planning,,content
mural.co,https://www.mural.co/blog/pi-planning-webinar-recap,2025-06-16,blog,pi-planning-webinar-recap,pi planning webinar recap,,content
mural.co,https://www.mural.co/blog/pipeline-management-boost-sales-efficiency,2025-05-07,blog,pipeline-management-boost-sales-efficiency,pipeline management boost sales efficiency,,content
mural.co,https://www.mural.co/blog/pipeline-review-mistakes-and-how-to-avoid-them,2025-06-02,blog,pipeline-review-mistakes-and-how-to-avoid-them,pipeline review mistakes and how to avoid them,,content
mural.co,https://www.mural.co/blog/planning,2026-03-12,blog,planning,planning,,content
mural.co,https://www.mural.co/blog/powering-innovation,2025-02-12,blog,powering-innovation,powering innovation,,content
mural.co,https://www.mural.co/blog/predicting-revenue-essential-sales-pipeline-metrics,2025-05-13,blog,predicting-revenue-essential-sales-pipeline-metrics,predicting revenue essential sales pipeline metrics,,content
mural.co,https://www.mural.co/blog/presentation-mode-for-sales,2026-02-20,blog,presentation-mode-for-sales,presentation mode for sales,,content
mural.co,https://www.mural.co/blog/prevent-groupthink,2025-02-12,blog,prevent-groupthink,prevent groupthink,,content
mural.co,https://www.mural.co/blog/prework,2025-02-12,blog,prework,prework,,content
mural.co,https://www.mural.co/blog/problem-framing,2025-05-29,blog,problem-framing,problem framing,,content
mural.co,https://www.mural.co/blog/problem-statements,2025-02-12,blog,problem-statements,problem statements,,content
mural.co,https://www.mural.co/blog/process-documentation,2025-02-12,blog,process-documentation,process documentation,,content
mural.co,https://www.mural.co/blog/process-improvement,2025-07-30,blog,process-improvement,process improvement,,content
mural.co,https://www.mural.co/blog/product-kpis,2025-12-09,blog,product-kpis,product kpis,,content
mural.co,https://www.mural.co/blog/product-planning-strategic-roadmap,2025-07-28,blog,product-planning-strategic-roadmap,product planning strategic roadmap,,content
mural.co,https://www.mural.co/blog/product-release-notes,2026-10-01,blog,product-release-notes,product release notes,,content
mural.co,https://www.mural.co/blog/product-release-notes-2025,2026-05-06,blog,product-release-notes-2025,product release notes 2025,2025,content
mural.co,https://www.mural.co/blog/product-roadmap,2026-04-01,blog,product-roadmap,product roadmap,,content
mural.co,https://www.mural.co/blog/product-teams-apathy-engagement,2026-10-07,blog,product-teams-apathy-engagement,product teams apathy engagement,,content
mural.co,https://www.mural.co/blog/product-vision,2025-12-09,blog,product-vision,product vision,,content
mural.co,https://www.mural.co/blog/productivity-student-webinar,2025-06-11,blog,productivity-student-webinar,productivity student webinar,,content
mural.co,https://www.mural.co/blog/project-kickoff-meeting,2025-02-12,blog,project-kickoff-meeting,project kickoff meeting,,content
mural.co,https://www.mural.co/blog/project-management-integrations,2026-02-06,blog,project-management-integrations,project management integrations,,content
mural.co,https://www.mural.co/blog/project-presentation-guide,2025-07-08,blog,project-presentation-guide,project presentation guide,,content
mural.co,https://www.mural.co/blog/psychological-safety-for-imagination-work,2025-02-12,blog,psychological-safety-for-imagination-work,psychological safety for imagination work,,content
mural.co,https://www.mural.co/blog/qbr-guide-for-account-managers,2025-07-10,blog,qbr-guide-for-account-managers,qbr guide for account managers,,content
mural.co,https://www.mural.co/blog/qbr-guide-for-sales-managers,2025-03-25,blog,qbr-guide-for-sales-managers,qbr guide for sales managers,,content
mural.co,https://www.mural.co/blog/quarterly-business-reviews,2025-07-08,blog,quarterly-business-reviews,quarterly business reviews,,content
mural.co,https://www.mural.co/blog/ramp-up-your-visual-literacy,2025-02-12,blog,ramp-up-your-visual-literacy,ramp up your visual literacy,,content
mural.co,https://www.mural.co/blog/rapid-ideation,2025-06-04,blog,rapid-ideation,rapid ideation,,content
mural.co,https://www.mural.co/blog/rapid-online-mapping-and-design-workshop,2025-08-04,blog,rapid-online-mapping-and-design-workshop,rapid online mapping and design workshop,,content
mural.co,https://www.mural.co/blog/real-time-rd-collaboration,2026-03-13,blog,real-time-rd-collaboration,real time rd collaboration,,content
mural.co,https://www.mural.co/blog/reformat-the-sprint,2025-07-30,blog,reformat-the-sprint,reformat the sprint,,content
mural.co,https://www.mural.co/blog/reimagine-meetings,2025-02-12,blog,reimagine-meetings,reimagine meetings,,content
mural.co,https://www.mural.co/blog/remarkable-marketing,2025-06-18,blog,remarkable-marketing,remarkable marketing,,content
mural.co,https://www.mural.co/blog/remote-1-on-1-meetings,2025-02-12,blog,remote-1-on-1-meetings,remote 1 on 1 meetings,,content
mural.co,https://www.mural.co/blog/remote-collaboration,2025-02-12,blog,remote-collaboration,remote collaboration,,content
mural.co,https://www.mural.co/blog/remote-collaboration-that-works,2025-06-17,blog,remote-collaboration-that-works,remote collaboration that works,,content
mural.co,https://www.mural.co/blog/remote-collaboration-working-together-no-matter-the-distance,2025-06-11,blog,remote-collaboration-working-together-no-matter-the-distance,remote collaboration working together no matter the distance,,content
mural.co,https://www.mural.co/blog/remote-communication,2025-06-04,blog,remote-communication,remote communication,,content
mural.co,https://www.mural.co/blog/remote-design-at-ibm,2025-08-04,blog,remote-design-at-ibm,remote design at ibm,,content
mural.co,https://www.mural.co/blog/remote-design-collaboration-survey-results-part-1,2025-02-12,blog,remote-design-collaboration-survey-results-part-1,remote design collaboration survey results part 1,,content
mural.co,https://www.mural.co/blog/remote-design-collaboration-survey-results-part-2,2025-06-18,blog,remote-design-collaboration-survey-results-part-2,remote design collaboration survey results part 2,,content
mural.co,https://www.mural.co/blog/remote-design-sprints-webinar-recap,2025-06-17,blog,remote-design-sprints-webinar-recap,remote design sprints webinar recap,,content
mural.co,https://www.mural.co/blog/remote-ideation-techniques,2025-02-12,blog,remote-ideation-techniques,remote ideation techniques,,content
mural.co,https://www.mural.co/blog/remote-meetings,2025-08-04,blog,remote-meetings,remote meetings,,content
mural.co,https://www.mural.co/blog/remote-sales-training,2025-03-13,blog,remote-sales-training,remote sales training,,content
mural.co,https://www.mural.co/blog/remote-visual-collaboration-webinar-recap,2025-02-12,blog,remote-visual-collaboration-webinar-recap,remote visual collaboration webinar recap,,content
mural.co,https://www.mural.co/blog/remote-vs-in-person,2025-06-18,blog,remote-vs-in-person,remote vs in person,,content
mural.co,https://www.mural.co/blog/remote-work-resilience,2025-06-18,blog,remote-work-resilience,remote work resilience,,content
mural.co,https://www.mural.co/blog/remote-workshop,2025-06-18,blog,remote-workshop,remote workshop,,content
mural.co,https://www.mural.co/blog/responsible-ai,2025-09-29,blog,responsible-ai,responsible ai,,content
mural.co,https://www.mural.co/blog/rethinking-brand-building-workshops-for-the-future,2025-02-12,blog,rethinking-brand-building-workshops-for-the-future,rethinking brand building workshops for the future,,content
mural.co,https://www.mural.co/blog/reverse-brainstorming,2025-03-07,blog,reverse-brainstorming,reverse brainstorming,,content
mural.co,https://www.mural.co/blog/rising-to-the-challenge,2025-11-24,blog,rising-to-the-challenge,rising to the challenge,,content
mural.co,https://www.mural.co/blog/rituals-for-working-from-home,2025-08-04,blog,rituals-for-working-from-home,rituals for working from home,,content
mural.co,https://www.mural.co/blog/roi-calculator-2022,2025-02-12,blog,roi-calculator-2022,roi calculator 2022,2022,content
mural.co,https://www.mural.co/blog/roi-of-teamwork,2025-06-17,blog,roi-of-teamwork,roi of teamwork,,content
mural.co,https://www.mural.co/blog/roi-remote-dt,2025-06-18,blog,roi-remote-dt,roi remote dt,,content
mural.co,https://www.mural.co/blog/role-based-collections-rd,2025-11-17,blog,role-based-collections-rd,role based collections rd,,content
mural.co,https://www.mural.co/blog/rolestorming,2025-06-04,blog,rolestorming,rolestorming,,content
mural.co,https://www.mural.co/blog/round-robin,2025-02-12,blog,round-robin,round robin,,content
mural.co,https://www.mural.co/blog/run-a-brainstorming-session,2026-08-12,blog,run-a-brainstorming-session,run a brainstorming session,,content
mural.co,https://www.mural.co/blog/run-a-strategic-planning-session,2025-06-11,blog,run-a-strategic-planning-session,run a strategic planning session,,content
mural.co,https://www.mural.co/blog/running-a-microsoft-remote-workshop,2025-07-28,blog,running-a-microsoft-remote-workshop,running a microsoft remote workshop,,content
mural.co,https://www.mural.co/blog/running-a-sales-qbr-everything-you-need-to-know,2025-07-08,blog,running-a-sales-qbr-everything-you-need-to-know,running a sales qbr everything you need to know,,content
mural.co,https://www.mural.co/blog/running-an-effective-account-review,2025-08-19,blog,running-an-effective-account-review,running an effective account review,,content
mural.co,https://www.mural.co/blog/running-remote-design-sprints,2025-02-12,blog,running-remote-design-sprints,running remote design sprints,,content
mural.co,https://www.mural.co/blog/sales-enablement,2025-03-20,blog,sales-enablement,sales enablement,,content
mural.co,https://www.mural.co/blog/sales-enablement-boosting-team-productivity,2025-06-23,blog,sales-enablement-boosting-team-productivity,sales enablement boosting team productivity,,content
mural.co,https://www.mural.co/blog/sales-onboarding,2025-03-13,blog,sales-onboarding,sales onboarding,,content
mural.co,https://www.mural.co/blog/sales-process-mapping,2025-07-10,blog,sales-process-mapping,sales process mapping,,content
mural.co,https://www.mural.co/blog/sales-qbr-video-demo,2025-03-26,blog,sales-qbr-video-demo,sales qbr video demo,,content
mural.co,https://www.mural.co/blog/sales-team-training-ideas-and-ready-to-use-templates,2025-06-16,blog,sales-team-training-ideas-and-ready-to-use-templates,sales team training ideas and ready to use templates,,content
mural.co,https://www.mural.co/blog/sap-innovation-toolkit,2025-03-07,blog,sap-innovation-toolkit,sap innovation toolkit,,content
mural.co,https://www.mural.co/blog/sap-rise-of-generative-ai,2025-02-12,blog,sap-rise-of-generative-ai,sap rise of generative ai,,content
mural.co,https://www.mural.co/blog/scaling-design-capability-with-experiencepoint,2025-06-18,blog,scaling-design-capability-with-experiencepoint,scaling design capability with experiencepoint,,content
mural.co,https://www.mural.co/blog/scaling-sales-training-visual-collaboration,2025-07-01,blog,scaling-sales-training-visual-collaboration,scaling sales training visual collaboration,,content
mural.co,https://www.mural.co/blog/scrum-product-backlog,2025-07-30,blog,scrum-product-backlog,scrum product backlog,,content
mural.co,https://www.mural.co/blog/scrum-project-management,2025-02-12,blog,scrum-project-management,scrum project management,,content
mural.co,https://www.mural.co/blog/scrum-task-board,2025-06-06,blog,scrum-task-board,scrum task board,,content
mural.co,https://www.mural.co/blog/scrum-vs-kanban-board,2025-07-28,blog,scrum-vs-kanban-board,scrum vs kanban board,,content
mural.co,https://www.mural.co/blog/seasons-meetings-tips-for-throwing-a-remote-office-holiday-party,2025-06-18,blog,seasons-meetings-tips-for-throwing-a-remote-office-holiday-party,seasons meetings tips for throwing a remote office holiday party,,content
mural.co,https://www.mural.co/blog/security-compliance-microsoft-mural,2025-02-12,blog,security-compliance-microsoft-mural,security compliance microsoft mural,,content
mural.co,https://www.mural.co/blog/see-work-differently,2025-06-18,blog,see-work-differently,see work differently,,content
mural.co,https://www.mural.co/blog/september-2023-latest-releases,2025-02-12,blog,september-2023-latest-releases,september 2023 latest releases,2023,content
mural.co,https://www.mural.co/blog/series-b,2025-07-21,blog,series-b,series b,,content
mural.co,https://www.mural.co/blog/should-you-have-a-meeting-infographic,2025-07-30,blog,should-you-have-a-meeting-infographic,should you have a meeting infographic,,content
mural.co,https://www.mural.co/blog/showing-up-to-act,2025-06-18,blog,showing-up-to-act,showing up to act,,content
mural.co,https://www.mural.co/blog/simple-drawings,2025-02-12,blog,simple-drawings,simple drawings,,content
mural.co,https://www.mural.co/blog/small-group-ice-breakers,2025-06-04,blog,small-group-ice-breakers,small group ice breakers,,content
mural.co,https://www.mural.co/blog/software-architecture-diagram,2025-05-26,blog,software-architecture-diagram,software architecture diagram,,content
mural.co,https://www.mural.co/blog/solution-sprint-go-to-market-teams,2025-12-15,blog,solution-sprint-go-to-market-teams,solution sprint go to market teams,,content
mural.co,https://www.mural.co/blog/solve-meeting-problems,2025-07-30,blog,solve-meeting-problems,solve meeting problems,,content
mural.co,https://www.mural.co/blog/solving-teamwork,2025-06-02,blog,solving-teamwork,solving teamwork,,content
mural.co,https://www.mural.co/blog/spaghetti-mapping,2025-06-17,blog,spaghetti-mapping,spaghetti mapping,,content
mural.co,https://www.mural.co/blog/sprint-goal,2025-02-12,blog,sprint-goal,sprint goal,,content
mural.co,https://www.mural.co/blog/sprint-planning,2025-02-12,blog,sprint-planning,sprint planning,,content
mural.co,https://www.mural.co/blog/sprint-retrospective,2025-05-29,blog,sprint-retrospective,sprint retrospective,,content
mural.co,https://www.mural.co/blog/sprint-review-process,2025-02-12,blog,sprint-review-process,sprint review process,,content
mural.co,https://www.mural.co/blog/stakeholder-engagement-plan,2025-12-15,blog,stakeholder-engagement-plan,stakeholder engagement plan,,content
mural.co,https://www.mural.co/blog/stakeholder-feedback,2026-01-07,blog,stakeholder-feedback,stakeholder feedback,,content
mural.co,https://www.mural.co/blog/stakeholder-mapping,2025-09-15,blog,stakeholder-mapping,stakeholder mapping,,content
mural.co,https://www.mural.co/blog/stakeholder-mapping-to-close-deals,2025-09-18,blog,stakeholder-mapping-to-close-deals,stakeholder mapping to close deals,,content
mural.co,https://www.mural.co/blog/stakeholder-trust,2025-02-12,blog,stakeholder-trust,stakeholder trust,,content
mural.co,https://www.mural.co/blog/stand-ups-reimagined,2025-02-12,blog,stand-ups-reimagined,stand ups reimagined,,content
mural.co,https://www.mural.co/blog/starbursting,2025-06-11,blog,starbursting,starbursting,,content
mural.co,https://www.mural.co/blog/stefanie-interview,2025-02-12,blog,stefanie-interview,stefanie interview,,content
mural.co,https://www.mural.co/blog/stepladder-technique,2025-07-30,blog,stepladder-technique,stepladder technique,,content
mural.co,https://www.mural.co/blog/steps-to-creating-a-clearer-mutual-action-plan,2025-03-18,blog,steps-to-creating-a-clearer-mutual-action-plan,steps to creating a clearer mutual action plan,,content
mural.co,https://www.mural.co/blog/storytelling-marketing,2025-05-23,blog,storytelling-marketing,storytelling marketing,,content
mural.co,https://www.mural.co/blog/strategic-planning-activities,2025-07-30,blog,strategic-planning-activities,strategic planning activities,,content
mural.co,https://www.mural.co/blog/strategic-planning-meeting,2025-02-12,blog,strategic-planning-meeting,strategic planning meeting,,content
mural.co,https://www.mural.co/blog/strategic-planning-models,2025-02-12,blog,strategic-planning-models,strategic planning models,,content
mural.co,https://www.mural.co/blog/strategic-planning-process,2025-08-19,blog,strategic-planning-process,strategic planning process,,content
mural.co,https://www.mural.co/blog/strategic-planning-tools,2025-08-06,blog,strategic-planning-tools,strategic planning tools,,content
mural.co,https://www.mural.co/blog/streamline-collaboration-workflows-with-murals-new-jira-cloud-integration,2026-03-12,blog,streamline-collaboration-workflows-with-murals-new-jira-cloud-integration,streamline collaboration workflows with murals new jira cloud integration,,content
mural.co,https://www.mural.co/blog/structured-brainstorming,2025-02-12,blog,structured-brainstorming,structured brainstorming,,content
mural.co,https://www.mural.co/blog/student-collaboration-online-courses,2025-02-12,blog,student-collaboration-online-courses,student collaboration online courses,,content
mural.co,https://www.mural.co/blog/success-story-empowering-visual-collaboration-at-usertesting,2025-02-12,blog,success-story-empowering-visual-collaboration-at-usertesting,success story empowering visual collaboration at usertesting,,content
mural.co,https://www.mural.co/blog/success-story-how-hanno-runs-remote-design-sprints-with-mural,2025-02-12,blog,success-story-how-hanno-runs-remote-design-sprints-with-mural,success story how hanno runs remote design sprints with mural,,content
mural.co,https://www.mural.co/blog/success-story-ibms-best-practices-for-remote-facilitation,2025-02-12,blog,success-story-ibms-best-practices-for-remote-facilitation,success story ibms best practices for remote facilitation,,content
mural.co,https://www.mural.co/blog/suddenly-remote,2025-06-18,blog,suddenly-remote,suddenly remote,,content
mural.co,https://www.mural.co/blog/suddenly-remote-education,2025-09-08,blog,suddenly-remote-education,suddenly remote education,,content
mural.co,https://www.mural.co/blog/suddenly-remote-recap,2025-02-12,blog,suddenly-remote-recap,suddenly remote recap,,content
mural.co,https://www.mural.co/blog/synthesis-sticky-notes-and-scrabble-what-do-they-have-in-common,2025-02-12,blog,synthesis-sticky-notes-and-scrabble-what-do-they-have-in-common,synthesis sticky notes and scrabble what do they have in common,,content
mural.co,https://www.mural.co/blog/tactical-vs-strategic-planning,2025-06-17,blog,tactical-vs-strategic-planning,tactical vs strategic planning,,content
mural.co,https://www.mural.co/blog/talking-methods-ashley-welch,2025-02-12,blog,talking-methods-ashley-welch,talking methods ashley welch,,content
mural.co,https://www.mural.co/blog/talking-methods-bill-johnston,2025-09-08,blog,talking-methods-bill-johnston,talking methods bill johnston,,content
mural.co,https://www.mural.co/blog/talking-methods-jeff-gothelf,2025-02-12,blog,talking-methods-jeff-gothelf,talking methods jeff gothelf,,content
mural.co,https://www.mural.co/blog/teaching-digital-collaboration-skills,2025-02-12,blog,teaching-digital-collaboration-skills,teaching digital collaboration skills,,content
mural.co,https://www.mural.co/blog/teaching-facilitation-leadership,2025-02-12,blog,teaching-facilitation-leadership,teaching facilitation leadership,,content
mural.co,https://www.mural.co/blog/team-agreement-guide,2025-02-12,blog,team-agreement-guide,team agreement guide,,content
mural.co,https://www.mural.co/blog/team-alignment,2025-07-30,blog,team-alignment,team alignment,,content
mural.co,https://www.mural.co/blog/team-building,2025-02-12,blog,team-building,team building,,content
mural.co,https://www.mural.co/blog/team-building-activities,2025-02-12,blog,team-building-activities,team building activities,,content
mural.co,https://www.mural.co/blog/team-charter,2025-02-12,blog,team-charter,team charter,,content
mural.co,https://www.mural.co/blog/team-collaboration,2025-06-04,blog,team-collaboration,team collaboration,,content
mural.co,https://www.mural.co/blog/team-collaboration-software,2026-07-08,blog,team-collaboration-software,team collaboration software,,content
mural.co,https://www.mural.co/blog/team-effectiveness,2025-06-11,blog,team-effectiveness,team effectiveness,,content
mural.co,https://www.mural.co/blog/team-goals,2025-12-09,blog,team-goals,team goals,,content
mural.co,https://www.mural.co/blog/team-huddle-meeting,2025-02-12,blog,team-huddle-meeting,team huddle meeting,,content
mural.co,https://www.mural.co/blog/team-meeting-games,2025-02-12,blog,team-meeting-games,team meeting games,,content
mural.co,https://www.mural.co/blog/team-planning,2025-07-30,blog,team-planning,team planning,,content
mural.co,https://www.mural.co/blog/teamwork-makes-the-dream-work,2025-07-28,blog,teamwork-makes-the-dream-work,teamwork makes the dream work,,content
mural.co,https://www.mural.co/blog/thanksgiving-icebreakers,2025-02-12,blog,thanksgiving-icebreakers,thanksgiving icebreakers,,content
mural.co,https://www.mural.co/blog/the-6-ps-of-facilitation-needs,2025-02-12,blog,the-6-ps-of-facilitation-needs,the 6 ps of facilitation needs,,content
mural.co,https://www.mural.co/blog/the-ai-leap-companies-going-all-in-for-the-future,2025-04-23,blog,the-ai-leap-companies-going-all-in-for-the-future,the ai leap companies going all in for the future,,content
mural.co,https://www.mural.co/blog/the-cmo-guide-to-gtm-success,2025-03-03,blog,the-cmo-guide-to-gtm-success,the cmo guide to gtm success,,content
mural.co,https://www.mural.co/blog/the-definitive-guide-to-project-tracking,2025-05-16,blog,the-definitive-guide-to-project-tracking,the definitive guide to project tracking,,content
mural.co,https://www.mural.co/blog/the-empathy-map-visualizing-empathy-online-with-mural-ly,2025-08-04,blog,the-empathy-map-visualizing-empathy-online-with-mural-ly,the empathy map visualizing empathy online with mural ly,,content
mural.co,https://www.mural.co/blog/the-era-of-collaborative-selling,2025-11-20,blog,the-era-of-collaborative-selling,the era of collaborative selling,,content
mural.co,https://www.mural.co/blog/the-future-of-online-learning,2025-06-18,blog,the-future-of-online-learning,the future of online learning,,content
mural.co,https://www.mural.co/blog/the-future-of-saas-is-on-demand-using-experts-to-drive-company-success,2025-06-18,blog,the-future-of-saas-is-on-demand-using-experts-to-drive-company-success,the future of saas is on demand using experts to drive company success,,content
mural.co,https://www.mural.co/blog/the-future-of-team-collaboration-is-bright,2025-06-17,blog,the-future-of-team-collaboration-is-bright,the future of team collaboration is bright,,content
mural.co,https://www.mural.co/blog/the-simple-and-fast-way-to-brainstorm-ideas-in-remote-teams,2025-09-08,blog,the-simple-and-fast-way-to-brainstorm-ideas-in-remote-teams,the simple and fast way to brainstorm ideas in remote teams,,content
mural.co,https://www.mural.co/blog/think-out-loud-in-pictures,2025-07-30,blog,think-out-loud-in-pictures,think out loud in pictures,,content
mural.co,https://www.mural.co/blog/think-outside-the-box,2025-02-12,blog,think-outside-the-box,think outside the box,,content
mural.co,https://www.mural.co/blog/time-blocking,2025-04-11,blog,time-blocking,time blocking,,content
mural.co,https://www.mural.co/blog/tools-for-consulting-workshops,2025-02-12,blog,tools-for-consulting-workshops,tools for consulting workshops,,content
mural.co,https://www.mural.co/blog/top-10-dos-and-donts-for-effective-facilitation,2025-07-30,blog,top-10-dos-and-donts-for-effective-facilitation,top 10 dos and donts for effective facilitation,,content
mural.co,https://www.mural.co/blog/top-strategic-analysis-tools-for-businesses,2025-02-12,blog,top-strategic-analysis-tools-for-businesses,top strategic analysis tools for businesses,,content
mural.co,https://www.mural.co/blog/tournament-brackets,2025-02-12,blog,tournament-brackets,tournament brackets,,content
mural.co,https://www.mural.co/blog/traditional-project-management-vs-agile,2025-06-18,blog,traditional-project-management-vs-agile,traditional project management vs agile,,content
mural.co,https://www.mural.co/blog/transforming-strategy-account-planning,2025-08-22,blog,transforming-strategy-account-planning,transforming strategy account planning,,content
mural.co,https://www.mural.co/blog/transforming-teamwork,2025-06-20,blog,transforming-teamwork,transforming teamwork,,content
mural.co,https://www.mural.co/blog/trust-your-people,2025-02-12,blog,trust-your-people,trust your people,,content
mural.co,https://www.mural.co/blog/turn-alignment-into-momentum,2025-12-05,blog,turn-alignment-into-momentum,turn alignment into momentum,,content
mural.co,https://www.mural.co/blog/tutorial-deep-dive-into-your-audience,2025-02-12,blog,tutorial-deep-dive-into-your-audience,tutorial deep dive into your audience,,content
mural.co,https://www.mural.co/blog/unlocking-creativity-with-ai-sparking-innovation-and-imagination,2025-06-19,blog,unlocking-creativity-with-ai-sparking-innovation-and-imagination,unlocking creativity with ai sparking innovation and imagination,,content
mural.co,https://www.mural.co/blog/unpacking-organizational-misalignment,2025-06-18,blog,unpacking-organizational-misalignment,unpacking organizational misalignment,,content
mural.co,https://www.mural.co/blog/use-the-luma-system-of-innovation-for-everyday-design-thinking,2025-06-20,blog,use-the-luma-system-of-innovation-for-everyday-design-thinking,use the luma system of innovation for everyday design thinking,,content
mural.co,https://www.mural.co/blog/user-story-remote-design-at-trello,2025-02-12,blog,user-story-remote-design-at-trello,user story remote design at trello,,content
mural.co,https://www.mural.co/blog/user-storymapping-in-mural-with-houghton-miffln-harcourt,2025-06-20,blog,user-storymapping-in-mural-with-houghton-miffln-harcourt,user storymapping in mural with houghton miffln harcourt,,content
mural.co,https://www.mural.co/blog/virtual-all-hands-meetings,2025-02-12,blog,virtual-all-hands-meetings,virtual all hands meetings,,content
mural.co,https://www.mural.co/blog/virtual-brainstorming,2025-02-12,blog,virtual-brainstorming,virtual brainstorming,,content
mural.co,https://www.mural.co/blog/virtual-collaboration,2025-02-12,blog,virtual-collaboration,virtual collaboration,,content
mural.co,https://www.mural.co/blog/virtual-meeting-etiquette,2025-02-12,blog,virtual-meeting-etiquette,virtual meeting etiquette,,content
mural.co,https://www.mural.co/blog/virtual-meeting-ice-breakers,2025-05-29,blog,virtual-meeting-ice-breakers,virtual meeting ice breakers,,content
mural.co,https://www.mural.co/blog/virtual-meeting-tools,2025-06-02,blog,virtual-meeting-tools,virtual meeting tools,,content
mural.co,https://www.mural.co/blog/virtual-meetings,2025-06-11,blog,virtual-meetings,virtual meetings,,content
mural.co,https://www.mural.co/blog/virtual-office-water-cooler,2025-06-04,blog,virtual-office-water-cooler,virtual office water cooler,,content
mural.co,https://www.mural.co/blog/virtual-strategic-planning,2025-06-17,blog,virtual-strategic-planning,virtual strategic planning,,content
mural.co,https://www.mural.co/blog/virtual-superpowers-templates,2025-02-12,blog,virtual-superpowers-templates,virtual superpowers templates,,content
mural.co,https://www.mural.co/blog/virtual-team-celebration-ideas,2025-06-06,blog,virtual-team-celebration-ideas,virtual team celebration ideas,,content
mural.co,https://www.mural.co/blog/virtual-teams-andrew-marti,2025-02-12,blog,virtual-teams-andrew-marti,virtual teams andrew marti,,content
mural.co,https://www.mural.co/blog/virtual-training-sessions,2025-06-20,blog,virtual-training-sessions,virtual training sessions,,content
mural.co,https://www.mural.co/blog/visual-collaboration,2025-05-29,blog,visual-collaboration,visual collaboration,,content
mural.co,https://www.mural.co/blog/visual-collaboration-at-scale,2025-06-04,blog,visual-collaboration-at-scale,visual collaboration at scale,,content
mural.co,https://www.mural.co/blog/visual-collaboration-in-an-increasingly-remote-world,2025-02-12,blog,visual-collaboration-in-an-increasingly-remote-world,visual collaboration in an increasingly remote world,,content
mural.co,https://www.mural.co/blog/visual-collaboration-open-innovation-rd,2026-03-10,blog,visual-collaboration-open-innovation-rd,visual collaboration open innovation rd,,content
mural.co,https://www.mural.co/blog/visual-content-roadmaps,2025-07-30,blog,visual-content-roadmaps,visual content roadmaps,,content
mural.co,https://www.mural.co/blog/visual-task-management,2025-02-12,blog,visual-task-management,visual task management,,content
mural.co,https://www.mural.co/blog/visual-team-check-ins,2025-02-12,blog,visual-team-check-ins,visual team check ins,,content
mural.co,https://www.mural.co/blog/visual-thinking-career-goals,2025-07-30,blog,visual-thinking-career-goals,visual thinking career goals,,content
mural.co,https://www.mural.co/blog/webex-meetings-integration,2025-02-12,blog,webex-meetings-integration,webex meetings integration,,content
mural.co,https://www.mural.co/blog/webinar-recap-how-coca-cola-collaborates,2026-02-06,blog,webinar-recap-how-coca-cola-collaborates,webinar recap how coca cola collaborates,,content
mural.co,https://www.mural.co/blog/webinar-recap-jumpstart-team-creativity-with-remote-design-sprints,2025-02-12,blog,webinar-recap-jumpstart-team-creativity-with-remote-design-sprints,webinar recap jumpstart team creativity with remote design sprints,,content
mural.co,https://www.mural.co/blog/webinar-recap-lead-sponsor-meetings-that-shape-critical-deals,2026-04-01,blog,webinar-recap-lead-sponsor-meetings-that-shape-critical-deals,webinar recap lead sponsor meetings that shape critical deals,,content
mural.co,https://www.mural.co/blog/webinar-recap-the-power-of-co-creation-with-customers,2025-05-07,blog,webinar-recap-the-power-of-co-creation-with-customers,webinar recap the power of co creation with customers,,content
mural.co,https://www.mural.co/blog/weekly-meeting,2025-07-30,blog,weekly-meeting,weekly meeting,,content
mural.co,https://www.mural.co/blog/what-a-week,2025-02-12,blog,what-a-week,what a week,,content
mural.co,https://www.mural.co/blog/what-are-capability-maps,2025-02-12,blog,what-are-capability-maps,what are capability maps,,content
mural.co,https://www.mural.co/blog/what-are-mcp-servers,2026-07-21,blog,what-are-mcp-servers,what are mcp servers,,content
mural.co,https://www.mural.co/blog/what-design-thinking-could-be,2025-02-12,blog,what-design-thinking-could-be,what design thinking could be,,content
mural.co,https://www.mural.co/blog/what-happens-when-teams-put-imagination-to-work,2025-02-12,blog,what-happens-when-teams-put-imagination-to-work,what happens when teams put imagination to work,,content
mural.co,https://www.mural.co/blog/what-is-a-kanban-board,2025-06-06,blog,what-is-a-kanban-board,what is a kanban board,,content
mural.co,https://www.mural.co/blog/what-is-a-sko-and-how-to-use-mural-to-build-a-better-kickoff,2026-04-01,blog,what-is-a-sko-and-how-to-use-mural-to-build-a-better-kickoff,what is a sko and how to use mural to build a better kickoff,,content
mural.co,https://www.mural.co/blog/what-is-adaptive-project-management,2025-08-19,blog,what-is-adaptive-project-management,what is adaptive project management,,content
mural.co,https://www.mural.co/blog/what-is-an-ai-notetaker,2026-07-17,blog,what-is-an-ai-notetaker,what is an ai notetaker,,content
mural.co,https://www.mural.co/blog/what-is-go-to-market-strategy,2025-09-30,blog,what-is-go-to-market-strategy,what is go to market strategy,,content
mural.co,https://www.mural.co/blog/what-is-integrative-thinking,2025-02-12,blog,what-is-integrative-thinking,what is integrative thinking,,content
mural.co,https://www.mural.co/blog/where-work-is-going,2025-02-12,blog,where-work-is-going,where work is going,,content
mural.co,https://www.mural.co/blog/why-9-why-5,2025-02-12,blog,why-9-why-5,why 9 why 5,,noncontent
mural.co,https://www.mural.co/blog/why-ai-speed-depends-on-shared-context,2026-08-28,blog,why-ai-speed-depends-on-shared-context,why ai speed depends on shared context,,content
mural.co,https://www.mural.co/blog/why-collaboration-is-important,2025-06-06,blog,why-collaboration-is-important,why collaboration is important,,content
mural.co,https://www.mural.co/blog/why-enterprise-teams-choose-mural,2026-09-14,blog,why-enterprise-teams-choose-mural,why enterprise teams choose mural,,content
mural.co,https://www.mural.co/blog/why-gtm-teams-struggle,2025-06-24,blog,why-gtm-teams-struggle,why gtm teams struggle,,content
mural.co,https://www.mural.co/blog/why-hybrid-collaboration-is-harder-than-you-think,2025-02-12,blog,why-hybrid-collaboration-is-harder-than-you-think,why hybrid collaboration is harder than you think,,content
mural.co,https://www.mural.co/blog/why-meetings-fail,2025-09-08,blog,why-meetings-fail,why meetings fail,,content
mural.co,https://www.mural.co/blog/why-online,2025-02-12,blog,why-online,why online,,content
mural.co,https://www.mural.co/blog/why-shortening-sales-cycle-matters,2025-06-18,blog,why-shortening-sales-cycle-matters,why shortening sales cycle matters,,content
mural.co,https://www.mural.co/blog/win-deals-2026-sales-workflows-alignment,2026-02-20,blog,win-deals-2026-sales-workflows-alignment,win deals 2026 sales workflows alignment,2026,content
mural.co,https://www.mural.co/blog/wireframe-tools,2025-06-06,blog,wireframe-tools,wireframe tools,,content
mural.co,https://www.mural.co/blog/work-from-home-setup,2025-02-12,blog,work-from-home-setup,work from home setup,,content
mural.co,https://www.mural.co/blog/work-halloween-activities,2025-02-12,blog,work-halloween-activities,work halloween activities,,content
mural.co,https://www.mural.co/blog/workflows-for-teamwork,2025-07-31,blog,workflows-for-teamwork,workflows for teamwork,,content
mural.co,https://www.mural.co/blog/working-out-loud-asynchronously,2025-02-12,blog,working-out-loud-asynchronously,working out loud asynchronously,,content
mural.co,https://www.mural.co/blog/working-sessions,2025-07-28,blog,working-sessions,working sessions,,content
mural.co,https://www.mural.co/blog/workplace-disconnection-statistics,2025-06-17,blog,workplace-disconnection-statistics,workplace disconnection statistics,,content
mural.co,https://www.mural.co/blog/workplace-flexibility,2025-08-04,blog,workplace-flexibility,workplace flexibility,,content
mural.co,https://www.mural.co/blog/workplace-inclusivity-guide,2025-06-17,blog,workplace-inclusivity-guide,workplace inclusivity guide,,content
mural.co,https://www.mural.co/blog/ylabs-global-adventures-with-mural,2025-06-18,blog,ylabs-global-adventures-with-mural,ylabs global adventures with mural,,content
mural.co,https://www.mural.co/blog/your-brain-on-mural,2025-02-12,blog,your-brain-on-mural,your brain on mural,,content
mural.co,https://www.mural.co/blog/your-meeting-room-sucks-for-collaboration,2025-02-12,blog,your-meeting-room-sucks-for-collaboration,your meeting room sucks for collaboration,,content
mural.co,https://www.mural.co/blog/zapier-discovery-shaping,2025-07-30,blog,zapier-discovery-shaping,zapier discovery shaping,,content
mural.co,https://www.mural.co/blog/zapier-visual-collaboration,2025-06-23,blog,zapier-visual-collaboration,zapier visual collaboration,,content
mural.co,https://www.mural.co/profile/aaron-marquis,2026-01-13,profile,aaron-marquis,aaron marquis,,noncontent
mural.co,https://www.mural.co/profile/aaron-marquis-2,2026-02-13,profile,aaron-marquis-2,aaron marquis 2,,noncontent
mural.co,https://www.mural.co/profile/accenture-interactive-nl,2025-02-12,profile,accenture-interactive-nl,accenture interactive nl,,noncontent
mural.co,https://www.mural.co/profile/adam-heerwagen,2025-02-12,profile,adam-heerwagen,adam heerwagen,,noncontent
mural.co,https://www.mural.co/profile/adam-kallish,2025-02-12,profile,adam-kallish,adam kallish,,noncontent
mural.co,https://www.mural.co/profile/adam-smolinski,2025-02-12,profile,adam-smolinski,adam smolinski,,noncontent
mural.co,https://www.mural.co/profile/adriana-roche,2025-02-12,profile,adriana-roche,adriana roche,,noncontent
mural.co,https://www.mural.co/profile/agnes-bernot,2025-02-12,profile,agnes-bernot,agnes bernot,,noncontent
mural.co,https://www.mural.co/profile/agnieszka-balcerek,2025-02-12,profile,agnieszka-balcerek,agnieszka balcerek,,noncontent
mural.co,https://www.mural.co/profile/agustin-soler,2025-02-12,profile,agustin-soler,agustin soler,,noncontent
mural.co,https://www.mural.co/profile/aj-smart,2025-02-12,profile,aj-smart,aj smart,,noncontent
mural.co,https://www.mural.co/profile/alain-tolentino,2025-02-12,profile,alain-tolentino,alain tolentino,,noncontent
mural.co,https://www.mural.co/profile/alejandro-garcia-machuca,2025-02-12,profile,alejandro-garcia-machuca,alejandro garcia machuca,,noncontent
mural.co,https://www.mural.co/profile/alex-bruton,2025-02-12,profile,alex-bruton,alex bruton,,noncontent
mural.co,https://www.mural.co/profile/alex-ivanov,2025-02-12,profile,alex-ivanov,alex ivanov,,noncontent
mural.co,https://www.mural.co/profile/alexa-burke,2025-02-12,profile,alexa-burke,alexa burke,,noncontent
mural.co,https://www.mural.co/profile/alexander-osterwalder,2025-02-12,profile,alexander-osterwalder,alexander osterwalder,,noncontent
mural.co,https://www.mural.co/profile/alfredo-ortiz-aragon-catherine-collins,2025-02-12,profile,alfredo-ortiz-aragon-catherine-collins,alfredo ortiz aragon catherine collins,,noncontent
mural.co,https://www.mural.co/profile/alice-merlino,2025-02-12,profile,alice-merlino,alice merlino,,noncontent
mural.co,https://www.mural.co/profile/alicia-ness,2025-02-12,profile,alicia-ness,alicia ness,,noncontent
mural.co,https://www.mural.co/profile/allison-pickens,2025-02-12,profile,allison-pickens,allison pickens,,noncontent
mural.co,https://www.mural.co/profile/amanda-kilmer,2025-02-12,profile,amanda-kilmer,amanda kilmer,,noncontent
mural.co,https://www.mural.co/profile/amanda-petersen,2025-02-12,profile,amanda-petersen,amanda petersen,,noncontent
mural.co,https://www.mural.co/profile/amelia-jones,2025-02-12,profile,amelia-jones,amelia jones,,noncontent
mural.co,https://www.mural.co/profile/amelia-jones-2,2025-02-12,profile,amelia-jones-2,amelia jones 2,,noncontent
mural.co,https://www.mural.co/profile/amy-badersnider,2025-02-12,profile,amy-badersnider,amy badersnider,,noncontent
mural.co,https://www.mural.co/profile/amy-okeefe,2025-02-12,profile,amy-okeefe,amy okeefe,,noncontent
mural.co,https://www.mural.co/profile/amy-stefanski,2025-08-21,profile,amy-stefanski,amy stefanski,,noncontent
mural.co,https://www.mural.co/profile/amy-ward,2025-02-12,profile,amy-ward,amy ward,,noncontent
mural.co,https://www.mural.co/profile/andreas-hauser,2025-02-12,profile,andreas-hauser,andreas hauser,,noncontent
mural.co,https://www.mural.co/profile/andy-yates,2025-02-12,profile,andy-yates,andy yates,,noncontent
mural.co,https://www.mural.co/profile/angel-custodio,2025-02-12,profile,angel-custodio,angel custodio,,noncontent
mural.co,https://www.mural.co/profile/angie-flanagan,2025-02-12,profile,angie-flanagan,angie flanagan,,noncontent
mural.co,https://www.mural.co/profile/anique-drumright,2025-02-12,profile,anique-drumright,anique drumright,,noncontent
mural.co,https://www.mural.co/profile/anja-svetina-nabergoj,2025-02-12,profile,anja-svetina-nabergoj,anja svetina nabergoj,,noncontent
mural.co,https://www.mural.co/profile/anne-steiner,2025-02-12,profile,anne-steiner,anne steiner,,noncontent
mural.co,https://www.mural.co/profile/annelise-schoups,2025-02-12,profile,annelise-schoups,annelise schoups,,noncontent
mural.co,https://www.mural.co/profile/anthony-coppedge,2025-02-12,profile,anthony-coppedge,anthony coppedge,,noncontent
mural.co,https://www.mural.co/profile/arielle-yen,2025-05-21,profile,arielle-yen,arielle yen,,noncontent
mural.co,https://www.mural.co/profile/armijn-spreitzer,2025-02-12,profile,armijn-spreitzer,armijn spreitzer,,noncontent
mural.co,https://www.mural.co/profile/ash-maurya,2025-02-12,profile,ash-maurya,ash maurya,,noncontent
mural.co,https://www.mural.co/profile/ashley-welch,2024-12-16,profile,ashley-welch,ashley welch,,noncontent
mural.co,https://www.mural.co/profile/atlassian,2025-02-12,profile,atlassian,atlassian,,noncontent
mural.co,https://www.mural.co/profile/bailey-beeken,2025-02-12,profile,bailey-beeken,bailey beeken,,noncontent
mural.co,https://www.mural.co/profile/bentley-rubinstein,2025-02-12,profile,bentley-rubinstein,bentley rubinstein,,noncontent
mural.co,https://www.mural.co/profile/beth-vanderkolk,2025-02-12,profile,beth-vanderkolk,beth vanderkolk,,noncontent
mural.co,https://www.mural.co/profile/bigger-picture,2025-02-12,profile,bigger-picture,bigger picture,,noncontent
mural.co,https://www.mural.co/profile/bill-d-ward,2025-02-12,profile,bill-d-ward,bill d ward,,noncontent
mural.co,https://www.mural.co/profile/bill-dwoinen,2025-06-16,profile,bill-dwoinen,bill dwoinen,,noncontent
mural.co,https://www.mural.co/profile/bill-johnston,2024-12-16,profile,bill-johnston,bill johnston,,noncontent
mural.co,https://www.mural.co/profile/bill-veghte,2025-02-12,profile,bill-veghte,bill veghte,,noncontent
mural.co,https://www.mural.co/profile/bo-storozuk,2025-02-12,profile,bo-storozuk,bo storozuk,,noncontent
mural.co,https://www.mural.co/profile/booz-allen-hamilton,2025-02-12,profile,booz-allen-hamilton,booz allen hamilton,,noncontent
mural.co,https://www.mural.co/profile/boundaryless,2025-02-12,profile,boundaryless,boundaryless,,noncontent
mural.co,https://www.mural.co/profile/brett-lalli,2025-04-17,profile,brett-lalli,brett lalli,,noncontent
mural.co,https://www.mural.co/profile/brian-daly,2025-02-12,profile,brian-daly,brian daly,,noncontent
mural.co,https://www.mural.co/profile/brianna-hansen,2025-04-18,profile,brianna-hansen,brianna hansen,,noncontent
mural.co,https://www.mural.co/profile/brittany-bryan,2025-02-12,profile,brittany-bryan,brittany bryan,,noncontent
mural.co,https://www.mural.co/profile/brittni-bowering,2025-02-12,profile,brittni-bowering,brittni bowering,,noncontent
mural.co,https://www.mural.co/profile/bryan-kitch,2025-02-12,profile,bryan-kitch,bryan kitch,,noncontent
mural.co,https://www.mural.co/profile/business-models-inc,2025-02-12,profile,business-models-inc,business models inc,,noncontent
mural.co,https://www.mural.co/profile/cal-austin,2025-02-12,profile,cal-austin,cal austin,,noncontent
mural.co,https://www.mural.co/profile/casey-ward,2025-02-12,profile,casey-ward,casey ward,,noncontent
mural.co,https://www.mural.co/profile/cass-chow,2025-05-23,profile,cass-chow,cass chow,,noncontent
mural.co,https://www.mural.co/profile/catherine-collins,2025-02-12,profile,catherine-collins,catherine collins,,noncontent
mural.co,https://www.mural.co/profile/cba,2025-02-12,profile,cba,cba,,noncontent
mural.co,https://www.mural.co/profile/celeste-olivieri,2025-02-12,profile,celeste-olivieri,celeste olivieri,,noncontent
mural.co,https://www.mural.co/profile/celine-thibault,2025-02-12,profile,celine-thibault,celine thibault,,noncontent
mural.co,https://www.mural.co/profile/charlotte-fitzgerald,2025-02-12,profile,charlotte-fitzgerald,charlotte fitzgerald,,noncontent
mural.co,https://www.mural.co/profile/chris-herd,2025-02-12,profile,chris-herd,chris herd,,noncontent
mural.co,https://www.mural.co/profile/chris-kimbell,2025-02-12,profile,chris-kimbell,chris kimbell,,noncontent
mural.co,https://www.mural.co/profile/chris-pacione,2025-02-12,profile,chris-pacione,chris pacione,,noncontent
mural.co,https://www.mural.co/profile/christie-lenneville,2025-02-12,profile,christie-lenneville,christie lenneville,,noncontent
mural.co,https://www.mural.co/profile/christina-amato,2025-02-12,profile,christina-amato,christina amato,,noncontent
mural.co,https://www.mural.co/profile/christina-bottis,2025-03-03,profile,christina-bottis,christina bottis,,noncontent
mural.co,https://www.mural.co/profile/christina-koffskey,2025-02-12,profile,christina-koffskey,christina koffskey,,noncontent
mural.co,https://www.mural.co/profile/christina-muzzu,2025-02-12,profile,christina-muzzu,christina muzzu,,noncontent
mural.co,https://www.mural.co/profile/christine-davey,2025-02-12,profile,christine-davey,christine davey,,noncontent
mural.co,https://www.mural.co/profile/christine-steinwedel,2025-02-12,profile,christine-steinwedel,christine steinwedel,,noncontent
mural.co,https://www.mural.co/profile/christine-tricoli,2025-02-12,profile,christine-tricoli,christine tricoli,,noncontent
mural.co,https://www.mural.co/profile/christoph-eisenhardt,2025-02-12,profile,christoph-eisenhardt,christoph eisenhardt,,noncontent
mural.co,https://www.mural.co/profile/christopher-knox,2025-02-12,profile,christopher-knox,christopher knox,,noncontent
mural.co,https://www.mural.co/profile/christopher-layton,2025-02-12,profile,christopher-layton,christopher layton,,noncontent
mural.co,https://www.mural.co/profile/clara-ma,2025-02-12,profile,clara-ma,clara ma,,noncontent
mural.co,https://www.mural.co/profile/clay-richardson,2025-02-12,profile,clay-richardson,clay richardson,,noncontent
mural.co,https://www.mural.co/profile/conversation-factory,2025-02-12,profile,conversation-factory,conversation factory,,noncontent
mural.co,https://www.mural.co/profile/cprime,2025-02-12,profile,cprime,cprime,,noncontent
mural.co,https://www.mural.co/profile/creative-market,2025-02-12,profile,creative-market,creative market,,noncontent
mural.co,https://www.mural.co/profile/daisy-kim,2025-02-12,profile,daisy-kim,daisy kim,,noncontent
mural.co,https://www.mural.co/profile/dalia-havens,2025-02-12,profile,dalia-havens,dalia havens,,noncontent
mural.co,https://www.mural.co/profile/dan-bratshipis,2025-02-12,profile,dan-bratshipis,dan bratshipis,,noncontent
mural.co,https://www.mural.co/profile/dan-bratton,2025-02-12,profile,dan-bratton,dan bratton,,noncontent
mural.co,https://www.mural.co/profile/dan-levy,2025-02-12,profile,dan-levy,dan levy,,noncontent
mural.co,https://www.mural.co/profile/dan-olsen,2025-02-12,profile,dan-olsen,dan olsen,,noncontent
mural.co,https://www.mural.co/profile/dana-b,2025-02-12,profile,dana-b,dana b,,noncontent
mural.co,https://www.mural.co/profile/dana-publicover,2025-02-12,profile,dana-publicover,dana publicover,,noncontent
mural.co,https://www.mural.co/profile/dana-vetan,2025-02-12,profile,dana-vetan,dana vetan,,noncontent
mural.co,https://www.mural.co/profile/daniel-miceli,2025-02-12,profile,daniel-miceli,daniel miceli,,noncontent
mural.co,https://www.mural.co/profile/daniel-ransom,2025-02-12,profile,daniel-ransom,daniel ransom,,noncontent
mural.co,https://www.mural.co/profile/daniel-stillman,2025-02-12,profile,daniel-stillman,daniel stillman,,noncontent
mural.co,https://www.mural.co/profile/darius-eslami,2025-02-12,profile,darius-eslami,darius eslami,,noncontent
mural.co,https://www.mural.co/profile/dave-boyce,2025-10-08,profile,dave-boyce,dave boyce,,noncontent
mural.co,https://www.mural.co/profile/david-aycan,2025-02-12,profile,david-aycan,david aycan,,noncontent
mural.co,https://www.mural.co/profile/david-baga,2025-02-12,profile,david-baga,david baga,,noncontent
mural.co,https://www.mural.co/profile/david-baga-2,2025-02-12,profile,david-baga-2,david baga 2,,noncontent
mural.co,https://www.mural.co/profile/david-chin,2025-02-12,profile,david-chin,david chin,,noncontent
mural.co,https://www.mural.co/profile/david-dye-phd-pcc,2025-02-12,profile,david-dye-phd-pcc,david dye phd pcc,,noncontent
mural.co,https://www.mural.co/profile/david-getzelman,2025-02-12,profile,david-getzelman,david getzelman,,noncontent
mural.co,https://www.mural.co/profile/david-j-bland,2025-02-12,profile,david-j-bland,david j bland,,noncontent
mural.co,https://www.mural.co/profile/david-townson,2025-02-12,profile,david-townson,david townson,,noncontent
mural.co,https://www.mural.co/profile/david-weir,2025-02-12,profile,david-weir,david weir,,noncontent
mural.co,https://www.mural.co/profile/david-wong,2025-02-12,profile,david-wong,david wong,,noncontent
mural.co,https://www.mural.co/profile/david-young,2025-05-29,profile,david-young,david young,,noncontent
mural.co,https://www.mural.co/profile/dean-davidson,2025-02-12,profile,dean-davidson,dean davidson,,noncontent
mural.co,https://www.mural.co/profile/dee-scarano,2025-02-12,profile,dee-scarano,dee scarano,,noncontent
mural.co,https://www.mural.co/profile/denise-crossan,2025-02-12,profile,denise-crossan,denise crossan,,noncontent
mural.co,https://www.mural.co/profile/derek-stephenson,2025-05-08,profile,derek-stephenson,derek stephenson,,noncontent
mural.co,https://www.mural.co/profile/design-for-america,2025-02-12,profile,design-for-america,design for america,,noncontent
mural.co,https://www.mural.co/profile/design-sprint,2025-02-12,profile,design-sprint,design sprint,,noncontent
mural.co,https://www.mural.co/profile/design-sprint-academy,2025-02-12,profile,design-sprint-academy,design sprint academy,,noncontent
mural.co,https://www.mural.co/profile/didi-te-gussinklo-ohmann,2025-02-12,profile,didi-te-gussinklo-ohmann,didi te gussinklo ohmann,,noncontent
mural.co,https://www.mural.co/profile/douglas-ferguson,2025-02-12,profile,douglas-ferguson,douglas ferguson,,noncontent
mural.co,https://www.mural.co/profile/dr-alex-bruton,2025-02-12,profile,dr-alex-bruton,dr alex bruton,,noncontent
mural.co,https://www.mural.co/profile/dr-cecile-mack,2025-02-12,profile,dr-cecile-mack,dr cecile mack,,noncontent
mural.co,https://www.mural.co/profile/dr-cj-meadows-and-dr-charvi-parikh,2025-02-12,profile,dr-cj-meadows-and-dr-charvi-parikh,dr cj meadows and dr charvi parikh,,noncontent
mural.co,https://www.mural.co/profile/dr-cj-meadows-dr-charvi-parikh,2025-02-12,profile,dr-cj-meadows-dr-charvi-parikh,dr cj meadows dr charvi parikh,,noncontent
mural.co,https://www.mural.co/profile/dr-stefan-pastuszka,2025-02-12,profile,dr-stefan-pastuszka,dr stefan pastuszka,,noncontent
mural.co,https://www.mural.co/profile/dustin-stiver-amber-rutgers,2025-11-17,profile,dustin-stiver-amber-rutgers,dustin stiver amber rutgers,,noncontent
mural.co,https://www.mural.co/profile/e-trade,2025-02-12,profile,e-trade,e trade,,noncontent
mural.co,https://www.mural.co/profile/ed-boudrot,2025-03-07,profile,ed-boudrot,ed boudrot,,noncontent
mural.co,https://www.mural.co/profile/ela-ben-ur,2025-02-12,profile,ela-ben-ur,ela ben ur,,noncontent
mural.co,https://www.mural.co/profile/elaina-omahoney,2025-04-22,profile,elaina-omahoney,elaina omahoney,,noncontent
mural.co,https://www.mural.co/profile/elayna-spratley,2025-02-12,profile,elayna-spratley,elayna spratley,,noncontent
mural.co,https://www.mural.co/profile/emem-adjah,2025-02-12,profile,emem-adjah,emem adjah,,noncontent
mural.co,https://www.mural.co/profile/emerson,2025-02-12,profile,emerson,emerson,,noncontent
mural.co,https://www.mural.co/profile/emilia-astrom,2025-02-12,profile,emilia-astrom,emilia astrom,,noncontent
mural.co,https://www.mural.co/profile/emma-schnee,2025-07-01,profile,emma-schnee,emma schnee,,noncontent
mural.co,https://www.mural.co/profile/eric-morrow,2025-02-12,profile,eric-morrow,eric morrow,,noncontent
mural.co,https://www.mural.co/profile/erica-green,2025-02-12,profile,erica-green,erica green,,noncontent
mural.co,https://www.mural.co/profile/erik-flowers,2025-02-12,profile,erik-flowers,erik flowers,,noncontent
mural.co,https://www.mural.co/profile/erin-cropper,2025-02-12,profile,erin-cropper,erin cropper,,noncontent
mural.co,https://www.mural.co/profile/etch-horizon,2025-02-12,profile,etch-horizon,etch horizon,,noncontent
mural.co,https://www.mural.co/profile/eugene-chung,2025-02-12,profile,eugene-chung,eugene chung,,noncontent
mural.co,https://www.mural.co/profile/event-design-collective,2025-02-12,profile,event-design-collective,event design collective,,noncontent
mural.co,https://www.mural.co/profile/experiencepoint,2025-02-12,profile,experiencepoint,experiencepoint,,noncontent
mural.co,https://www.mural.co/profile/ey-design-studio,2025-02-12,profile,ey-design-studio,ey design studio,,noncontent
mural.co,https://www.mural.co/profile/fabian-leitz,2025-02-12,profile,fabian-leitz,fabian leitz,,noncontent
mural.co,https://www.mural.co/profile/facebook,2025-02-12,profile,facebook,facebook,,noncontent
mural.co,https://www.mural.co/profile/falmouth-university,2025-02-12,profile,falmouth-university,falmouth university,,noncontent
mural.co,https://www.mural.co/profile/farrah-buhaza,2025-02-12,profile,farrah-buhaza,farrah buhaza,,noncontent
mural.co,https://www.mural.co/profile/felicia-renelus,2025-02-12,profile,felicia-renelus,felicia renelus,,noncontent
mural.co,https://www.mural.co/profile/felix-beccar,2025-02-12,profile,felix-beccar,felix beccar,,noncontent
mural.co,https://www.mural.co/profile/felix-wang,2025-02-12,profile,felix-wang,felix wang,,noncontent
mural.co,https://www.mural.co/profile/fermin-fernandez,2025-02-12,profile,fermin-fernandez,fermin fernandez,,noncontent
mural.co,https://www.mural.co/profile/flowdays,2025-02-12,profile,flowdays,flowdays,,noncontent
mural.co,https://www.mural.co/profile/focus-2023-svp-program-lead,2025-02-12,profile,focus-2023-svp-program-lead,focus 2023 svp program lead,2023,noncontent
mural.co,https://www.mural.co/profile/gabby-francesco,2025-02-12,profile,gabby-francesco,gabby francesco,,noncontent
mural.co,https://www.mural.co/profile/geeta-wilson,2025-02-12,profile,geeta-wilson,geeta wilson,,noncontent
mural.co,https://www.mural.co/profile/geoff-dimasi,2025-02-12,profile,geoff-dimasi,geoff dimasi,,noncontent
mural.co,https://www.mural.co/profile/george-n-hines,2025-02-12,profile,george-n-hines,george n hines,,noncontent
mural.co,https://www.mural.co/profile/gianni-giacomelli,2025-02-12,profile,gianni-giacomelli,gianni giacomelli,,noncontent
mural.co,https://www.mural.co/profile/gino-valencia,2025-02-12,profile,gino-valencia,gino valencia,,noncontent
mural.co,https://www.mural.co/profile/gise,2025-02-12,profile,gise,gise,,noncontent
mural.co,https://www.mural.co/profile/glenn-fajardo,2025-02-12,profile,glenn-fajardo,glenn fajardo,,noncontent
mural.co,https://www.mural.co/profile/greg-kennedy,2025-02-12,profile,greg-kennedy,greg kennedy,,noncontent
mural.co,https://www.mural.co/profile/greg-smith,2025-02-12,profile,greg-smith,greg smith,,noncontent
mural.co,https://www.mural.co/profile/gus-nicoll,2025-02-12,profile,gus-nicoll,gus nicoll,,noncontent
mural.co,https://www.mural.co/profile/gustavo-razzetti,2025-02-12,profile,gustavo-razzetti,gustavo razzetti,,noncontent
mural.co,https://www.mural.co/profile/hailey-temple,2025-02-12,profile,hailey-temple,hailey temple,,noncontent
mural.co,https://www.mural.co/profile/hannah-berson,2025-02-12,profile,hannah-berson,hannah berson,,noncontent
mural.co,https://www.mural.co/profile/hannah-zhang,2025-02-12,profile,hannah-zhang,hannah zhang,,noncontent
mural.co,https://www.mural.co/profile/hard-yards,2025-02-12,profile,hard-yards,hard yards,,noncontent
mural.co,https://www.mural.co/profile/harriet-kasper,2025-02-12,profile,harriet-kasper,harriet kasper,,noncontent
mural.co,https://www.mural.co/profile/head-of-ux,2025-02-12,profile,head-of-ux,head of ux,,noncontent
mural.co,https://www.mural.co/profile/heather-byrd,2025-02-12,profile,heather-byrd,heather byrd,,noncontent
mural.co,https://www.mural.co/profile/heather-daggett,2025-02-12,profile,heather-daggett,heather daggett,,noncontent
mural.co,https://www.mural.co/profile/hermen-lutje-berenbroek,2025-02-12,profile,hermen-lutje-berenbroek,hermen lutje berenbroek,,noncontent
mural.co,https://www.mural.co/profile/ideo-u,2025-02-12,profile,ideo-u,ideo u,,noncontent
mural.co,https://www.mural.co/profile/intuit,2025-02-12,profile,intuit,intuit,,noncontent
mural.co,https://www.mural.co/profile/ivan-karacic,2025-02-12,profile,ivan-karacic,ivan karacic,,noncontent
mural.co,https://www.mural.co/profile/ivan-rahman,2025-02-12,profile,ivan-rahman,ivan rahman,,noncontent
mural.co,https://www.mural.co/profile/james-pickett,2025-02-12,profile,james-pickett,james pickett,,noncontent
mural.co,https://www.mural.co/profile/james-touhey,2025-02-12,profile,james-touhey,james touhey,,noncontent
mural.co,https://www.mural.co/profile/jamie-homen,2025-09-11,profile,jamie-homen,jamie homen,,noncontent
mural.co,https://www.mural.co/profile/jan-otterbach,2025-02-12,profile,jan-otterbach,jan otterbach,,noncontent
mural.co,https://www.mural.co/profile/janae-smith,2025-02-12,profile,janae-smith,janae smith,,noncontent
mural.co,https://www.mural.co/profile/jason-cha,2025-02-12,profile,jason-cha,jason cha,,noncontent
mural.co,https://www.mural.co/profile/jason-giles,2025-02-12,profile,jason-giles,jason giles,,noncontent
mural.co,https://www.mural.co/profile/jay-elkerton,2025-02-12,profile,jay-elkerton,jay elkerton,,noncontent
mural.co,https://www.mural.co/profile/jay-melone,2025-02-12,profile,jay-melone,jay melone,,noncontent
mural.co,https://www.mural.co/profile/jean-marc-rinaldi,2025-02-12,profile,jean-marc-rinaldi,jean marc rinaldi,,noncontent
mural.co,https://www.mural.co/profile/jeanne-liedtka,2025-02-12,profile,jeanne-liedtka,jeanne liedtka,,noncontent
mural.co,https://www.mural.co/profile/jeanne-porter,2025-02-12,profile,jeanne-porter,jeanne porter,,noncontent
mural.co,https://www.mural.co/profile/jeff-eyet,2025-02-12,profile,jeff-eyet,jeff eyet,,noncontent
mural.co,https://www.mural.co/profile/jeff-gothelf,2025-02-12,profile,jeff-gothelf,jeff gothelf,,noncontent
mural.co,https://www.mural.co/profile/jeffrey-dinsmore,2025-04-17,profile,jeffrey-dinsmore,jeffrey dinsmore,,noncontent
mural.co,https://www.mural.co/profile/jen-butler,2025-02-12,profile,jen-butler,jen butler,,noncontent
mural.co,https://www.mural.co/profile/jen-moher-sepulveda,2025-02-12,profile,jen-moher-sepulveda,jen moher sepulveda,,noncontent
mural.co,https://www.mural.co/profile/jeremy-brady,2025-02-12,profile,jeremy-brady,jeremy brady,,noncontent
mural.co,https://www.mural.co/profile/jeroen-frumau,2025-02-12,profile,jeroen-frumau,jeroen frumau,,noncontent
mural.co,https://www.mural.co/profile/jesse-feldman,2025-02-12,profile,jesse-feldman,jesse feldman,,noncontent
mural.co,https://www.mural.co/profile/jesse-smith,2025-02-12,profile,jesse-smith,jesse smith,,noncontent
mural.co,https://www.mural.co/profile/jessica-tsukimura,2025-02-12,profile,jessica-tsukimura,jessica tsukimura,,noncontent
mural.co,https://www.mural.co/profile/jim-kalbach,2026-01-07,profile,jim-kalbach,jim kalbach,,noncontent
mural.co,https://www.mural.co/profile/jim-van-over,2025-02-12,profile,jim-van-over,jim van over,,noncontent
mural.co,https://www.mural.co/profile/jimmy-hagan,2025-06-19,profile,jimmy-hagan,jimmy hagan,,noncontent
mural.co,https://www.mural.co/profile/joanna-cook,2025-02-12,profile,joanna-cook,joanna cook,,noncontent
mural.co,https://www.mural.co/profile/joe-jancsics,2025-02-12,profile,joe-jancsics,joe jancsics,,noncontent
mural.co,https://www.mural.co/profile/joe-lalley,2025-02-12,profile,joe-lalley,joe lalley,,noncontent
mural.co,https://www.mural.co/profile/joe-pine,2025-02-12,profile,joe-pine,joe pine,,noncontent
mural.co,https://www.mural.co/profile/joeana-alvarez,2025-02-12,profile,joeana-alvarez,joeana alvarez,,noncontent
mural.co,https://www.mural.co/profile/johan-winnubst,2025-02-12,profile,johan-winnubst,johan winnubst,,noncontent
mural.co,https://www.mural.co/profile/john-allen,2025-02-12,profile,john-allen,john allen,,noncontent
mural.co,https://www.mural.co/profile/johnny-halife,2025-02-12,profile,johnny-halife,johnny halife,,noncontent
mural.co,https://www.mural.co/profile/jon-hensley,2025-02-12,profile,jon-hensley,jon hensley,,noncontent
mural.co,https://www.mural.co/profile/joni-saylor,2025-02-12,profile,joni-saylor,joni saylor,,noncontent
mural.co,https://www.mural.co/profile/jori-macnaught,2025-02-12,profile,jori-macnaught,jori macnaught,,noncontent
mural.co,https://www.mural.co/profile/josh-berman,2025-02-12,profile,josh-berman,josh berman,,noncontent
mural.co,https://www.mural.co/profile/josh-jacobs,2025-02-12,profile,josh-jacobs,josh jacobs,,noncontent
mural.co,https://www.mural.co/profile/julie-mcpherson,2025-02-12,profile,julie-mcpherson,julie mcpherson,,noncontent
mural.co,https://www.mural.co/profile/justin-jones,2025-02-12,profile,justin-jones,justin jones,,noncontent
mural.co,https://www.mural.co/profile/justin-lokitz,2025-02-12,profile,justin-lokitz,justin lokitz,,noncontent
mural.co,https://www.mural.co/profile/justin-owings,2025-02-12,profile,justin-owings,justin owings,,noncontent
mural.co,https://www.mural.co/profile/kai-haley,2025-02-12,profile,kai-haley,kai haley,,noncontent
mural.co,https://www.mural.co/profile/kailey-howell,2025-02-12,profile,kailey-howell,kailey howell,,noncontent
mural.co,https://www.mural.co/profile/karen-detken,2025-02-12,profile,karen-detken,karen detken,,noncontent
mural.co,https://www.mural.co/profile/kate-holden,2025-02-12,profile,kate-holden,kate holden,,noncontent
mural.co,https://www.mural.co/profile/katie-phillips-hanson,2025-02-12,profile,katie-phillips-hanson,katie phillips hanson,,noncontent
mural.co,https://www.mural.co/profile/katie-scheuer,2025-04-17,profile,katie-scheuer,katie scheuer,,noncontent
mural.co,https://www.mural.co/profile/keith-basil,2025-02-12,profile,keith-basil,keith basil,,noncontent
mural.co,https://www.mural.co/profile/keith-ferrazzi,2025-02-12,profile,keith-ferrazzi,keith ferrazzi,,noncontent
mural.co,https://www.mural.co/profile/keith-mccandless,2025-02-12,profile,keith-mccandless,keith mccandless,,noncontent
mural.co,https://www.mural.co/profile/kirby-frugia,2025-02-12,profile,kirby-frugia,kirby frugia,,noncontent
mural.co,https://www.mural.co/profile/kit-friend,2025-02-12,profile,kit-friend,kit friend,,noncontent
mural.co,https://www.mural.co/profile/kit-unger,2025-02-12,profile,kit-unger,kit unger,,noncontent
mural.co,https://www.mural.co/profile/lada-gorlenko,2025-02-12,profile,lada-gorlenko,lada gorlenko,,noncontent
mural.co,https://www.mural.co/profile/laila-von-alvensleben,2024-12-16,profile,laila-von-alvensleben,laila von alvensleben,,noncontent
mural.co,https://www.mural.co/profile/larhonda-sparrow,2025-04-17,profile,larhonda-sparrow,larhonda sparrow,,noncontent
mural.co,https://www.mural.co/profile/larissa-schiavo,2025-02-12,profile,larissa-schiavo,larissa schiavo,,noncontent
mural.co,https://www.mural.co/profile/launchlabs,2025-02-12,profile,launchlabs,launchlabs,,noncontent
mural.co,https://www.mural.co/profile/laura-murdaugh,2025-02-12,profile,laura-murdaugh,laura murdaugh,,noncontent
mural.co,https://www.mural.co/profile/lauren-luttrell,2025-02-12,profile,lauren-luttrell,lauren luttrell,,noncontent
mural.co,https://www.mural.co/profile/laurie-bullus,2025-02-12,profile,laurie-bullus,laurie bullus,,noncontent
mural.co,https://www.mural.co/profile/leigh-margaret-stull,2025-09-19,profile,leigh-margaret-stull,leigh margaret stull,,noncontent
mural.co,https://www.mural.co/profile/lena-jaspersen,2025-02-12,profile,lena-jaspersen,lena jaspersen,,noncontent
mural.co,https://www.mural.co/profile/leticia-britos-cavagnaro,2025-02-12,profile,leticia-britos-cavagnaro,leticia britos cavagnaro,,noncontent
mural.co,https://www.mural.co/profile/lindsay-hunter,2025-02-12,profile,lindsay-hunter,lindsay hunter,,noncontent
mural.co,https://www.mural.co/profile/lindsay-olson,2025-02-12,profile,lindsay-olson,lindsay olson,,noncontent
mural.co,https://www.mural.co/profile/lindsey-eatough,2025-02-12,profile,lindsey-eatough,lindsey eatough,,noncontent
mural.co,https://www.mural.co/profile/lipika-grover,2025-02-12,profile,lipika-grover,lipika grover,,noncontent
mural.co,https://www.mural.co/profile/loa-baastrup,2025-02-12,profile,loa-baastrup,loa baastrup,,noncontent
mural.co,https://www.mural.co/profile/logan-falley,2025-02-12,profile,logan-falley,logan falley,,noncontent
mural.co,https://www.mural.co/profile/lt-col-paul-vicars,2025-02-12,profile,lt-col-paul-vicars,lt col paul vicars,,noncontent
mural.co,https://www.mural.co/profile/lucy-obrien,2025-02-12,profile,lucy-obrien,lucy obrien,,noncontent
mural.co,https://www.mural.co/profile/luma-institute,2025-02-12,profile,luma-institute,luma institute,,noncontent
mural.co,https://www.mural.co/profile/lynda-baker,2025-02-12,profile,lynda-baker,lynda baker,,noncontent
mural.co,https://www.mural.co/profile/madeline-richardson,2025-02-12,profile,madeline-richardson,madeline richardson,,noncontent
mural.co,https://www.mural.co/profile/maketeamwork,2025-02-12,profile,maketeamwork,maketeamwork,,noncontent
mural.co,https://www.mural.co/profile/manuel-dahm,2025-02-12,profile,manuel-dahm,manuel dahm,,noncontent
mural.co,https://www.mural.co/profile/marc-sinukas,2025-02-12,profile,marc-sinukas,marc sinukas,,noncontent
mural.co,https://www.mural.co/profile/maria-crocker,2025-02-12,profile,maria-crocker,maria crocker,,noncontent
mural.co,https://www.mural.co/profile/mariano-suarez-battan,2025-02-12,profile,mariano-suarez-battan,mariano suarez battan,,noncontent
mural.co,https://www.mural.co/profile/marina-clements,2025-02-12,profile,marina-clements,marina clements,,noncontent
mural.co,https://www.mural.co/profile/mark-tippin,2025-04-22,profile,mark-tippin,mark tippin,,noncontent
mural.co,https://www.mural.co/profile/markus-schetelig,2025-02-12,profile,markus-schetelig,markus schetelig,,noncontent
mural.co,https://www.mural.co/profile/mary-halling,2025-02-12,profile,mary-halling,mary halling,,noncontent
mural.co,https://www.mural.co/profile/maryana-hordeychuk,2025-02-12,profile,maryana-hordeychuk,maryana hordeychuk,,noncontent
mural.co,https://www.mural.co/profile/matt-heying,2025-02-12,profile,matt-heying,matt heying,,noncontent
mural.co,https://www.mural.co/profile/maura-hoven,2025-02-12,profile,maura-hoven,maura hoven,,noncontent
mural.co,https://www.mural.co/profile/may-groppo,2025-02-12,profile,may-groppo,may groppo,,noncontent
mural.co,https://www.mural.co/profile/meagan-dobson,2025-02-12,profile,meagan-dobson,meagan dobson,,noncontent
mural.co,https://www.mural.co/profile/megan-landes,2025-02-12,profile,megan-landes,megan landes,,noncontent
mural.co,https://www.mural.co/profile/meghan-byrnes-borderan,2025-02-12,profile,meghan-byrnes-borderan,meghan byrnes borderan,,noncontent
mural.co,https://www.mural.co/profile/meghan-mcgrath,2025-02-12,profile,meghan-mcgrath,meghan mcgrath,,noncontent
mural.co,https://www.mural.co/profile/meta,2025-02-12,profile,meta,meta,,noncontent
mural.co,https://www.mural.co/profile/methodkit,2025-02-12,profile,methodkit,methodkit,,noncontent
mural.co,https://www.mural.co/profile/michael-dain,2025-02-12,profile,michael-dain,michael dain,,noncontent
mural.co,https://www.mural.co/profile/michele-mandula,2025-02-12,profile,michele-mandula,michele mandula,,noncontent
mural.co,https://www.mural.co/profile/mickey-mcmanus,2025-02-12,profile,mickey-mcmanus,mickey mcmanus,,noncontent
mural.co,https://www.mural.co/profile/mike-de-jesus,2025-08-20,profile,mike-de-jesus,mike de jesus,,noncontent
mural.co,https://www.mural.co/profile/mike-edmonds,2025-02-12,profile,mike-edmonds,mike edmonds,,noncontent
mural.co,https://www.mural.co/profile/mikhail-chapnik,2025-02-12,profile,mikhail-chapnik,mikhail chapnik,,noncontent
mural.co,https://www.mural.co/profile/mohamed-ba,2025-02-12,profile,mohamed-ba,mohamed ba,,noncontent
mural.co,https://www.mural.co/profile/moonshot,2025-02-12,profile,moonshot,moonshot,,noncontent
mural.co,https://www.mural.co/profile/more-space-for-light,2025-02-12,profile,more-space-for-light,more space for light,,noncontent
mural.co,https://www.mural.co/profile/morgan-kozol,2025-02-12,profile,morgan-kozol,morgan kozol,,noncontent
mural.co,https://www.mural.co/profile/moves-the-needle,2025-02-12,profile,moves-the-needle,moves the needle,,noncontent
mural.co,https://www.mural.co/profile/mpinane-senkhane,2025-02-12,profile,mpinane-senkhane,mpinane senkhane,,noncontent
mural.co,https://www.mural.co/profile/msoe-ux,2025-02-12,profile,msoe-ux,msoe ux,,noncontent
mural.co,https://www.mural.co/profile/munir-ahmad,2025-02-12,profile,munir-ahmad,munir ahmad,,noncontent
mural.co,https://www.mural.co/profile/mural,2025-12-09,profile,mural,mural,,noncontent
mural.co,https://www.mural.co/profile/mural-cx-team,2025-02-12,profile,mural-cx-team,mural cx team,,noncontent
mural.co,https://www.mural.co/profile/mural-learning,2025-02-12,profile,mural-learning,mural learning,,noncontent
mural.co,https://www.mural.co/profile/mural-student-ambassadors,2025-02-12,profile,mural-student-ambassadors,mural student ambassadors,,noncontent
mural.co,https://www.mural.co/profile/nancy-sewell,2025-02-12,profile,nancy-sewell,nancy sewell,,noncontent
mural.co,https://www.mural.co/profile/nas-maqsood,2025-02-12,profile,nas-maqsood,nas maqsood,,noncontent
mural.co,https://www.mural.co/profile/nasreen-dhanji,2025-02-12,profile,nasreen-dhanji,nasreen dhanji,,noncontent
mural.co,https://www.mural.co/profile/nathan-lucy,2025-02-12,profile,nathan-lucy,nathan lucy,,noncontent
mural.co,https://www.mural.co/profile/neon,2025-02-12,profile,neon,neon,,noncontent
mural.co,https://www.mural.co/profile/neville-poole,2025-10-13,profile,neville-poole,neville poole,,noncontent
mural.co,https://www.mural.co/profile/new-haircut,2025-02-12,profile,new-haircut,new haircut,,noncontent
mural.co,https://www.mural.co/profile/nick-johnson,2025-02-12,profile,nick-johnson,nick johnson,,noncontent
mural.co,https://www.mural.co/profile/nick-tietz,2025-02-12,profile,nick-tietz,nick tietz,,noncontent
mural.co,https://www.mural.co/profile/nicki-disz,2025-10-14,profile,nicki-disz,nicki disz,,noncontent
mural.co,https://www.mural.co/profile/nico-valencia,2025-02-12,profile,nico-valencia,nico valencia,,noncontent
mural.co,https://www.mural.co/profile/nicole-gerhardt,2025-02-12,profile,nicole-gerhardt,nicole gerhardt,,noncontent
mural.co,https://www.mural.co/profile/nicole-smith,2025-02-12,profile,nicole-smith,nicole smith,,noncontent
mural.co,https://www.mural.co/profile/nora-mohamed,2025-02-12,profile,nora-mohamed,nora mohamed,,noncontent
mural.co,https://www.mural.co/profile/oana-calugar,2025-02-12,profile,oana-calugar,oana calugar,,noncontent
mural.co,https://www.mural.co/profile/officeworks,2025-02-12,profile,officeworks,officeworks,,noncontent
mural.co,https://www.mural.co/profile/ola-moller,2025-02-12,profile,ola-moller,ola moller,,noncontent
mural.co,https://www.mural.co/profile/ole-qvist-sorensen,2025-02-12,profile,ole-qvist-sorensen,ole qvist sorensen,,noncontent
mural.co,https://www.mural.co/profile/olivia-hewitt,2025-02-12,profile,olivia-hewitt,olivia hewitt,,noncontent
mural.co,https://www.mural.co/profile/omar-baig,2025-02-12,profile,omar-baig,omar baig,,noncontent
mural.co,https://www.mural.co/profile/panos-tzivanidis,2025-02-12,profile,panos-tzivanidis,panos tzivanidis,,noncontent
mural.co,https://www.mural.co/profile/parker-lee,2025-02-12,profile,parker-lee,parker lee,,noncontent
mural.co,https://www.mural.co/profile/patricio-jutard,2025-02-12,profile,patricio-jutard,patricio jutard,,noncontent
mural.co,https://www.mural.co/profile/paul-estes,2025-02-12,profile,paul-estes,paul estes,,noncontent
mural.co,https://www.mural.co/profile/pedro-michepud-rizzo,2025-02-12,profile,pedro-michepud-rizzo,pedro michepud rizzo,,noncontent
mural.co,https://www.mural.co/profile/perran-facey,2025-02-12,profile,perran-facey,perran facey,,noncontent
mural.co,https://www.mural.co/profile/pete-maher,2025-06-04,profile,pete-maher,pete maher,,noncontent
mural.co,https://www.mural.co/profile/peter-coughlan,2025-02-12,profile,peter-coughlan,peter coughlan,,noncontent
mural.co,https://www.mural.co/profile/peter-gordon,2025-02-12,profile,peter-gordon,peter gordon,,noncontent
mural.co,https://www.mural.co/profile/phil-freidhoff,2025-02-12,profile,phil-freidhoff,phil freidhoff,,noncontent
mural.co,https://www.mural.co/profile/phil-gilbert,2025-02-12,profile,phil-gilbert,phil gilbert,,noncontent
mural.co,https://www.mural.co/profile/piritta-van-rijn,2025-02-12,profile,piritta-van-rijn,piritta van rijn,,noncontent
mural.co,https://www.mural.co/profile/product-school,2025-02-12,profile,product-school,product school,,noncontent
mural.co,https://www.mural.co/profile/ray-savona,2025-02-12,profile,ray-savona,ray savona,,noncontent
mural.co,https://www.mural.co/profile/rebecca-campbell,2025-02-12,profile,rebecca-campbell,rebecca campbell,,noncontent
mural.co,https://www.mural.co/profile/rebecca-hope,2025-02-12,profile,rebecca-hope,rebecca hope,,noncontent
mural.co,https://www.mural.co/profile/renee-fishel,2025-02-12,profile,renee-fishel,renee fishel,,noncontent
mural.co,https://www.mural.co/profile/richard-borenstein,2025-02-12,profile,richard-borenstein,richard borenstein,,noncontent
mural.co,https://www.mural.co/profile/richard-enlow,2025-02-12,profile,richard-enlow,richard enlow,,noncontent
mural.co,https://www.mural.co/profile/rita-giacalone,2025-02-12,profile,rita-giacalone,rita giacalone,,noncontent
mural.co,https://www.mural.co/profile/rita-robbins,2025-02-12,profile,rita-robbins,rita robbins,,noncontent
mural.co,https://www.mural.co/profile/rob-dickins,2025-02-12,profile,rob-dickins,rob dickins,,noncontent
mural.co,https://www.mural.co/profile/robert-boesel,2025-03-06,profile,robert-boesel,robert boesel,,noncontent
mural.co,https://www.mural.co/profile/robert-skrobe,2025-02-12,profile,robert-skrobe,robert skrobe,,noncontent
mural.co,https://www.mural.co/profile/robert-taylor,2025-02-12,profile,robert-taylor,robert taylor,,noncontent
mural.co,https://www.mural.co/profile/ruud-janssen-roel-frissen,2025-02-12,profile,ruud-janssen-roel-frissen,ruud janssen roel frissen,,noncontent
mural.co,https://www.mural.co/profile/ryan-balke,2025-02-12,profile,ryan-balke,ryan balke,,noncontent
mural.co,https://www.mural.co/profile/ryan-linden,2025-11-12,profile,ryan-linden,ryan linden,,noncontent
mural.co,https://www.mural.co/profile/ryann-hoffman,2025-02-12,profile,ryann-hoffman,ryann hoffman,,noncontent
mural.co,https://www.mural.co/profile/sabrina-goerlich,2025-02-12,profile,sabrina-goerlich,sabrina goerlich,,noncontent
mural.co,https://www.mural.co/profile/salt-collaboratory,2025-02-12,profile,salt-collaboratory,salt collaboratory,,noncontent
mural.co,https://www.mural.co/profile/samantha-goldman,2024-12-16,profile,samantha-goldman,samantha goldman,,noncontent
mural.co,https://www.mural.co/profile/samantha-scaramellino,2025-02-12,profile,samantha-scaramellino,samantha scaramellino,,noncontent
mural.co,https://www.mural.co/profile/sandy-lam,2025-02-12,profile,sandy-lam,sandy lam,,noncontent
mural.co,https://www.mural.co/profile/santi-figueiras,2025-02-12,profile,santi-figueiras,santi figueiras,,noncontent
mural.co,https://www.mural.co/profile/sap,2025-02-12,profile,sap,sap,,noncontent
mural.co,https://www.mural.co/profile/sara-smuda,2025-02-12,profile,sara-smuda,sara smuda,,noncontent
mural.co,https://www.mural.co/profile/sara-vienna,2025-02-12,profile,sara-vienna,sara vienna,,noncontent
mural.co,https://www.mural.co/profile/sarah-parker,2025-02-12,profile,sarah-parker,sarah parker,,noncontent
mural.co,https://www.mural.co/profile/sasha-rappaport,2025-07-01,profile,sasha-rappaport,sasha rappaport,,noncontent
mural.co,https://www.mural.co/profile/scrum-inc,2025-02-12,profile,scrum-inc,scrum inc,,noncontent
mural.co,https://www.mural.co/profile/sean-lauer,2024-12-16,profile,sean-lauer,sean lauer,,noncontent
mural.co,https://www.mural.co/profile/sebastian-damore,2025-02-12,profile,sebastian-damore,sebastian damore,,noncontent
mural.co,https://www.mural.co/profile/sebastian-sjoberg,2025-02-12,profile,sebastian-sjoberg,sebastian sjoberg,,noncontent
mural.co,https://www.mural.co/profile/seema-jain,2025-02-12,profile,seema-jain,seema jain,,noncontent
mural.co,https://www.mural.co/profile/shanna-wendt,2025-02-12,profile,shanna-wendt,shanna wendt,,noncontent
mural.co,https://www.mural.co/profile/shauna-ward,2025-02-12,profile,shauna-ward,shauna ward,,noncontent
mural.co,https://www.mural.co/profile/shawna-witek,2025-02-12,profile,shawna-witek,shawna witek,,noncontent
mural.co,https://www.mural.co/profile/shelby-chollet,2025-02-12,profile,shelby-chollet,shelby chollet,,noncontent
mural.co,https://www.mural.co/profile/sidra-butt,2025-02-12,profile,sidra-butt,sidra butt,,noncontent
mural.co,https://www.mural.co/profile/slava-shestopalov,2025-02-12,profile,slava-shestopalov,slava shestopalov,,noncontent
mural.co,https://www.mural.co/profile/somersault-innovation,2025-02-12,profile,somersault-innovation,somersault innovation,,noncontent
mural.co,https://www.mural.co/profile/spotify,2025-02-12,profile,spotify,spotify,,noncontent
mural.co,https://www.mural.co/profile/spotify-design,2025-02-12,profile,spotify-design,spotify design,,noncontent
mural.co,https://www.mural.co/profile/staircase-strategy,2025-02-12,profile,staircase-strategy,staircase strategy,,noncontent
mural.co,https://www.mural.co/profile/stefan-viragh,2025-02-12,profile,stefan-viragh,stefan viragh,,noncontent
mural.co,https://www.mural.co/profile/steph-avalos-bock,2025-02-12,profile,steph-avalos-bock,steph avalos bock,,noncontent
mural.co,https://www.mural.co/profile/stephanie-allen,2025-02-12,profile,stephanie-allen,stephanie allen,,noncontent
mural.co,https://www.mural.co/profile/stephen-babish,2025-09-16,profile,stephen-babish,stephen babish,,noncontent
mural.co,https://www.mural.co/profile/stephen-cassidy,2025-02-12,profile,stephen-cassidy,stephen cassidy,,noncontent
mural.co,https://www.mural.co/profile/stephen-goetzinger,2025-02-12,profile,stephen-goetzinger,stephen goetzinger,,noncontent
mural.co,https://www.mural.co/profile/stephen-ranjan,2025-02-12,profile,stephen-ranjan,stephen ranjan,,noncontent
mural.co,https://www.mural.co/profile/strategyzer,2025-02-12,profile,strategyzer,strategyzer,,noncontent
mural.co,https://www.mural.co/profile/sulekha-kuthiala,2025-02-12,profile,sulekha-kuthiala,sulekha kuthiala,,noncontent
mural.co,https://www.mural.co/profile/supriya-uchil,2025-02-12,profile,supriya-uchil,supriya uchil,,noncontent
mural.co,https://www.mural.co/profile/susan-grant-legacki,2025-02-12,profile,susan-grant-legacki,susan grant legacki,,noncontent
mural.co,https://www.mural.co/profile/susmita-vellanki,2025-02-12,profile,susmita-vellanki,susmita vellanki,,noncontent
mural.co,https://www.mural.co/profile/taiichi-ohno,2025-02-12,profile,taiichi-ohno,taiichi ohno,,noncontent
mural.co,https://www.mural.co/profile/tarek-sadi,2025-02-12,profile,tarek-sadi,tarek sadi,,noncontent
mural.co,https://www.mural.co/profile/taylor-rhyne,2025-02-12,profile,taylor-rhyne,taylor rhyne,,noncontent
mural.co,https://www.mural.co/profile/tenny-pinheiro,2025-02-12,profile,tenny-pinheiro,tenny pinheiro,,noncontent
mural.co,https://www.mural.co/profile/territory,2025-02-12,profile,territory,territory,,noncontent
mural.co,https://www.mural.co/profile/the-design-council,2025-02-12,profile,the-design-council,the design council,,noncontent
mural.co,https://www.mural.co/profile/the-drawing-board,2025-02-12,profile,the-drawing-board,the drawing board,,noncontent
mural.co,https://www.mural.co/profile/the-futures-school,2025-02-12,profile,the-futures-school,the futures school,,noncontent
mural.co,https://www.mural.co/profile/thijs-waardenburg,2025-02-12,profile,thijs-waardenburg,thijs waardenburg,,noncontent
mural.co,https://www.mural.co/profile/thomas-shields,2025-02-12,profile,thomas-shields,thomas shields,,noncontent
mural.co,https://www.mural.co/profile/thoughtworks,2025-02-12,profile,thoughtworks,thoughtworks,,noncontent
mural.co,https://www.mural.co/profile/tim-draper,2025-02-12,profile,tim-draper,tim draper,,noncontent
mural.co,https://www.mural.co/profile/tim-may,2025-02-12,profile,tim-may,tim may,,noncontent
mural.co,https://www.mural.co/profile/tim-may-2,2025-02-12,profile,tim-may-2,tim may 2,,noncontent
mural.co,https://www.mural.co/profile/timothy-boye,2025-02-12,profile,timothy-boye,timothy boye,,noncontent
mural.co,https://www.mural.co/profile/tom-cannon,2025-02-12,profile,tom-cannon,tom cannon,,noncontent
mural.co,https://www.mural.co/profile/tom-yorton,2025-02-12,profile,tom-yorton,tom yorton,,noncontent
mural.co,https://www.mural.co/profile/tony-morgan,2025-02-12,profile,tony-morgan,tony morgan,,noncontent
mural.co,https://www.mural.co/profile/tony-ulwick,2025-02-12,profile,tony-ulwick,tony ulwick,,noncontent
mural.co,https://www.mural.co/profile/travis-lowdermilk,2025-02-12,profile,travis-lowdermilk,travis lowdermilk,,noncontent
mural.co,https://www.mural.co/profile/trendwatching,2025-02-12,profile,trendwatching,trendwatching,,noncontent
mural.co,https://www.mural.co/profile/tyler-parris,2025-02-12,profile,tyler-parris,tyler parris,,noncontent
mural.co,https://www.mural.co/profile/valarie-kanziuba,2025-02-12,profile,valarie-kanziuba,valarie kanziuba,,noncontent
mural.co,https://www.mural.co/profile/valentina-domeq,2025-02-12,profile,valentina-domeq,valentina domeq,,noncontent
mural.co,https://www.mural.co/profile/valentina-salvi,2025-02-12,profile,valentina-salvi,valentina salvi,,noncontent
mural.co,https://www.mural.co/profile/verena-lubken,2025-02-12,profile,verena-lubken,verena lubken,,noncontent
mural.co,https://www.mural.co/profile/vinuth-rai,2025-02-12,profile,vinuth-rai,vinuth rai,,noncontent
mural.co,https://www.mural.co/profile/voltage-control,2025-02-12,profile,voltage-control,voltage control,,noncontent
mural.co,https://www.mural.co/profile/ward-bullard,2024-12-16,profile,ward-bullard,ward bullard,,noncontent
mural.co,https://www.mural.co/profile/what-could-be,2025-02-12,profile,what-could-be,what could be,,noncontent
mural.co,https://www.mural.co/profile/william-scheideler,2025-02-12,profile,william-scheideler,william scheideler,,noncontent
mural.co,https://www.mural.co/profile/william-wang,2025-02-12,profile,william-wang,william wang,,noncontent
mural.co,https://www.mural.co/profile/wily,2025-02-12,profile,wily,wily,,noncontent
mural.co,https://www.mural.co/profile/woo-hun-lee,2025-02-12,profile,woo-hun-lee,woo hun lee,,noncontent
mural.co,https://www.mural.co/profile/work-forward,2025-02-12,profile,work-forward,work forward,,noncontent
mural.co,https://www.mural.co/profile/wout-hermans,2025-02-12,profile,wout-hermans,wout hermans,,noncontent
mural.co,https://www.mural.co/profile/xplane,2025-02-12,profile,xplane,xplane,,noncontent
mural.co,https://www.mural.co/profile/zack-hite,2025-02-12,profile,zack-hite,zack hite,,noncontent
mural.co,https://www.mural.co/profile/zapier,2025-02-12,profile,zapier,zapier,,noncontent
mural.co,https://www.mural.co/profile/zubin-irani,2025-02-12,profile,zubin-irani,zubin irani,,noncontent
mural.co,https://www.mural.co/case-studies/accenture,2026-05-22,case-studies,accenture,accenture,,content
mural.co,https://www.mural.co/case-studies/booz-allen,2026-05-22,case-studies,booz-allen,booz allen,,content
mural.co,https://www.mural.co/case-studies/california-college-of-the-arts,2026-05-22,case-studies,california-college-of-the-arts,california college of the arts,,content
mural.co,https://www.mural.co/case-studies/capco,2026-05-22,case-studies,capco,capco,,content
mural.co,https://www.mural.co/case-studies/emerson,2026-05-22,case-studies,emerson,emerson,,content
mural.co,https://www.mural.co/case-studies/github,2026-05-22,case-studies,github,github,,content
mural.co,https://www.mural.co/case-studies/gitlab,2026-05-22,case-studies,gitlab,gitlab,,content
mural.co,https://www.mural.co/case-studies/han-university,2026-05-22,case-studies,han-university,han university,,content
mural.co,https://www.mural.co/case-studies/ibm-sales,2026-05-22,case-studies,ibm-sales,ibm sales,,content
mural.co,https://www.mural.co/case-studies/intuit,2026-05-22,case-studies,intuit,intuit,,content
mural.co,https://www.mural.co/case-studies/jacobs,2026-05-22,case-studies,jacobs,jacobs,,content
mural.co,https://www.mural.co/case-studies/officeworks,2026-05-22,case-studies,officeworks,officeworks,,content
mural.co,https://www.mural.co/case-studies/pearson,2026-05-22,case-studies,pearson,pearson,,content
mural.co,https://www.mural.co/case-studies/sap,2026-05-22,case-studies,sap,sap,,content
mural.co,https://www.mural.co/case-studies/sap-sales-efficiency-with-mural,2026-05-22,case-studies,sap-sales-efficiency-with-mural,sap sales efficiency with mural,,content
mural.co,https://www.mural.co/case-studies/sfdw,2026-05-22,case-studies,sfdw,sfdw,,content
mural.co,https://www.mural.co/case-studies/steelcase,2026-05-22,case-studies,steelcase,steelcase,,content
mural.co,https://www.mural.co/case-studies/telecom,2026-05-22,case-studies,telecom,telecom,,content
mural.co,https://www.mural.co/case-studies/thoughtworks,2026-05-22,case-studies,thoughtworks,thoughtworks,,content
mural.co,https://www.mural.co/get/async-collaboration-guide,2025-08-19,get,async-collaboration-guide,async collaboration guide,,content
mural.co,https://www.mural.co/get/client-collaboration-cheat-sheet,2025-08-19,get,client-collaboration-cheat-sheet,client collaboration cheat sheet,,content
mural.co,https://www.mural.co/get/collaboration-trends-report,2025-08-19,get,collaboration-trends-report,collaboration trends report,,content
mural.co,https://www.mural.co/get/download-gtm-research,2025-08-19,get,download-gtm-research,download gtm research,,content
mural.co,https://www.mural.co/get/get-good-for-teams-great-with-teams,2025-08-19,get,get-good-for-teams-great-with-teams,get good for teams great with teams,,content
mural.co,https://www.mural.co/get/get-pi-planning-integrations-guide,2025-08-19,get,get-pi-planning-integrations-guide,get pi planning integrations guide,,content
mural.co,https://www.mural.co/get/hybrid-work-guide,2025-08-19,get,hybrid-work-guide,hybrid work guide,,content
mural.co,https://www.mural.co/get/ibm-impact,2025-08-19,get,ibm-impact,ibm impact,,content
mural.co,https://www.mural.co/get/pde-collaboration-guide,2025-08-19,get,pde-collaboration-guide,pde collaboration guide,,content
mural.co,https://www.mural.co/get/remote-agile-guide,2025-08-19,get,remote-agile-guide,remote agile guide,,content
mural.co,https://www.mural.co/get/remote-workshop-guide,2025-08-19,get,remote-workshop-guide,remote workshop guide,,content
mural.co,https://www.mural.co/get/sap-impact,2025-08-19,get,sap-impact,sap impact,,content
mural.co,https://www.mural.co/get/secure-visual-work-platform-for-the-enterprise-iam,2025-08-19,get,secure-visual-work-platform-for-the-enterprise-iam,secure visual work platform for the enterprise iam,,content
mural.co,https://www.mural.co/get/teamwork-research-report-2024,2025-08-19,get,teamwork-research-report-2024,teamwork research report 2024,2024,content
mural.co,https://www.mural.co/get/test-form-for-dropdown,2025-02-12,get,test-form-for-dropdown,test form for dropdown,,content
mural.co,https://www.mural.co/integrations/asana,2025-08-26,integrations,asana,asana,,content
mural.co,https://www.mural.co/integrations/azure-devops,2025-07-24,integrations,azure-devops,azure devops,,content
mural.co,https://www.mural.co/integrations/confluence,2025-02-12,integrations,confluence,confluence,,content
mural.co,https://www.mural.co/integrations/figma,2025-10-13,integrations,figma,figma,,content
mural.co,https://www.mural.co/integrations/google-workspace,2025-02-12,integrations,google-workspace,google workspace,,content
mural.co,https://www.mural.co/integrations/jira,2025-02-12,integrations,jira,jira,,content
mural.co,https://www.mural.co/integrations/microsoft-365,2025-02-12,integrations,microsoft-365,microsoft 365,,content
mural.co,https://www.mural.co/integrations/microsoft-copilot,2025-06-02,integrations,microsoft-copilot,microsoft copilot,,content
mural.co,https://www.mural.co/integrations/microsoft-defender,2025-08-14,integrations,microsoft-defender,microsoft defender,,content
mural.co,https://www.mural.co/integrations/microsoft-entra-id,2025-02-12,integrations,microsoft-entra-id,microsoft entra id,,content
mural.co,https://www.mural.co/integrations/microsoft-planner,2025-04-30,integrations,microsoft-planner,microsoft planner,,content
mural.co,https://www.mural.co/integrations/okta,2025-02-12,integrations,okta,okta,,content
mural.co,https://www.mural.co/integrations/rally,2025-08-26,integrations,rally,rally,,content
mural.co,https://www.mural.co/integrations/salesforce,2025-11-18,integrations,salesforce,salesforce,,content
mural.co,https://www.mural.co/integrations/slack,2025-11-13,integrations,slack,slack,,content
mural.co,https://www.mural.co/integrations/splunk,2025-02-12,integrations,splunk,splunk,,content
mural.co,https://www.mural.co/integrations/webex,2025-12-15,integrations,webex,webex,,content
mural.co,https://www.mural.co/integrations/zapier,2025-07-24,integrations,zapier,zapier,,content
mural.co,https://www.mural.co/integrations/zoom,2025-02-12,integrations,zoom,zoom,,content
mural.co,https://www.mural.co/press-releases/2025-alignment-gap-index-report,2026-08-27,press-releases,2025-alignment-gap-index-report,2025 alignment gap index report,2025,noncontent
mural.co,https://www.mural.co/press-releases/credit-suisse-names-mural-2021-disruptive-technology-award-winner,2026-08-27,press-releases,credit-suisse-names-mural-2021-disruptive-technology-award-winner,credit suisse names mural 2021 disruptive technology award winner,2021,noncontent
mural.co,https://www.mural.co/press-releases/david-baga-ceo,2026-08-27,press-releases,david-baga-ceo,david baga ceo,,noncontent
mural.co,https://www.mural.co/press-releases/de-eu-ai-pact,2026-08-27,press-releases,de-eu-ai-pact,de eu ai pact,,noncontent
mural.co,https://www.mural.co/press-releases/deloitte-fast-500-and-product-school-winner,2026-08-27,press-releases,deloitte-fast-500-and-product-school-winner,deloitte fast 500 and product school winner,,noncontent
mural.co,https://www.mural.co/press-releases/es-eu-ai-pact,2026-08-27,press-releases,es-eu-ai-pact,es eu ai pact,,noncontent
mural.co,https://www.mural.co/press-releases/eu-ai-pact,2026-08-27,press-releases,eu-ai-pact,eu ai pact,,noncontent
mural.co,https://www.mural.co/press-releases/ey-entrepreneur-of-the-year-2021-finalist,2026-08-27,press-releases,ey-entrepreneur-of-the-year-2021-finalist,ey entrepreneur of the year 2021 finalist,2021,noncontent
mural.co,https://www.mural.co/press-releases/fedramp-in-process-designation,2026-08-27,press-releases,fedramp-in-process-designation,fedramp in process designation,,noncontent
mural.co,https://www.mural.co/press-releases/forbes-2022-cloud-100,2026-08-27,press-releases,forbes-2022-cloud-100,forbes 2022 cloud 100,2022,noncontent
mural.co,https://www.mural.co/press-releases/fortune-best-workplaces-in-bay-area-2022,2026-08-27,press-releases,fortune-best-workplaces-in-bay-area-2022,fortune best workplaces in bay area 2022,2022,noncontent
mural.co,https://www.mural.co/press-releases/fr-eu-ai-pact,2026-08-27,press-releases,fr-eu-ai-pact,fr eu ai pact,,noncontent
mural.co,https://www.mural.co/press-releases/govteams,2026-08-27,press-releases,govteams,govteams,,noncontent
mural.co,https://www.mural.co/press-releases/great-place-to-work-2020,2026-08-27,press-releases,great-place-to-work-2020,great place to work 2020,2020,noncontent
mural.co,https://www.mural.co/press-releases/great-place-to-work-2021,2026-08-27,press-releases,great-place-to-work-2021,great place to work 2021,2021,noncontent
mural.co,https://www.mural.co/press-releases/great-place-to-work-2023,2026-08-27,press-releases,great-place-to-work-2023,great place to work 2023,2023,noncontent
mural.co,https://www.mural.co/press-releases/introducing-data-residency,2026-08-27,press-releases,introducing-data-residency,introducing data residency,,noncontent
mural.co,https://www.mural.co/press-releases/iso-27001-certification,2026-08-27,press-releases,iso-27001-certification,iso 27001 certification,,noncontent
mural.co,https://www.mural.co/press-releases/it-eu-ai-pact,2026-08-27,press-releases,it-eu-ai-pact,it eu ai pact,,noncontent
mural.co,https://www.mural.co/press-releases/leigh-margaret-stull-mural-ceo,2026-08-27,press-releases,leigh-margaret-stull-mural-ceo,leigh margaret stull mural ceo,,noncontent
mural.co,https://www.mural.co/press-releases/microsoft-teams-partner-of-the-year-award-2022,2026-08-27,press-releases,microsoft-teams-partner-of-the-year-award-2022,microsoft teams partner of the year award 2022,2022,noncontent
mural.co,https://www.mural.co/press-releases/msft-teams,2026-08-27,press-releases,msft-teams,msft teams,,noncontent
mural.co,https://www.mural.co/press-releases/mural-acquires-luma-launches-collaborative-intelligence,2026-08-27,press-releases,mural-acquires-luma-launches-collaborative-intelligence,mural acquires luma launches collaborative intelligence,,noncontent
mural.co,https://www.mural.co/press-releases/mural-announces-christina-bottis-as-new-cmo,2026-08-27,press-releases,mural-announces-christina-bottis-as-new-cmo,mural announces christina bottis as new cmo,,noncontent
mural.co,https://www.mural.co/press-releases/mural-announces-integration-with-microsoft-365-copilot-to-enable-ai-enhanced-collaboration-for-enterprise-teams,2026-08-27,press-releases,mural-announces-integration-with-microsoft-365-copilot-to-enable-ai-enhanced-collaboration-for-enterprise-teams,mural announces integration with microsoft 365 copilot to enable ai enhanced collaboration for enterprise teams,,noncontent
mural.co,https://www.mural.co/press-releases/mural-appoints-bill-dwoinen-as-chief-revenue-officer,2026-08-27,press-releases,mural-appoints-bill-dwoinen-as-chief-revenue-officer,mural appoints bill dwoinen as chief revenue officer,,noncontent
mural.co,https://www.mural.co/press-releases/mural-appoints-elaina-omahoney-as-cpo,2026-08-27,press-releases,mural-appoints-elaina-omahoney-as-cpo,mural appoints elaina omahoney as cpo,,noncontent
mural.co,https://www.mural.co/press-releases/mural-delivers-a-495-roi-according-to-forrester-research,2026-08-27,press-releases,mural-delivers-a-495-roi-according-to-forrester-research,mural delivers a 495 roi according to forrester research,,noncontent
mural.co,https://www.mural.co/press-releases/mural-free,2026-08-27,press-releases,mural-free,mural free,,noncontent
mural.co,https://www.mural.co/press-releases/mural-microsoft-365-certification,2026-08-27,press-releases,mural-microsoft-365-certification,mural microsoft 365 certification,,noncontent
mural.co,https://www.mural.co/press-releases/mural-names-omar-ayub-as-chief-technology-officer,2026-08-27,press-releases,mural-names-omar-ayub-as-chief-technology-officer,mural names omar ayub as chief technology officer,,noncontent
mural.co,https://www.mural.co/press-releases/mural-raises-1-35m-in-seed-funding-lands-deal-with-ibm-upon-completion-of-ideo-startup-in-residence-program,2026-08-27,press-releases,mural-raises-1-35m-in-seed-funding-lands-deal-with-ibm-upon-completion-of-ideo-startup-in-residence-program,mural raises 1 35m in seed funding lands deal with ibm upon completion of ideo startup in residence program,,noncontent
mural.co,https://www.mural.co/press-releases/mural-raises-23m-series-a-from-radian-capital-to-reimagine-visual-collaboration,2026-08-27,press-releases,mural-raises-23m-series-a-from-radian-capital-to-reimagine-visual-collaboration,mural raises 23m series a from radian capital to reimagine visual collaboration,,noncontent
mural.co,https://www.mural.co/press-releases/mural-releases-app-for-microsoft-teams-to-enable-seamless-visual-collaboration,2026-08-27,press-releases,mural-releases-app-for-microsoft-teams-to-enable-seamless-visual-collaboration,mural releases app for microsoft teams to enable seamless visual collaboration,,noncontent
mural.co,https://www.mural.co/press-releases/mural-signs-eu-ai-pact,2026-08-27,press-releases,mural-signs-eu-ai-pact,mural signs eu ai pact,,noncontent
mural.co,https://www.mural.co/press-releases/mural-takes-live-design-collaboration-to-microsoft-surface-hub-and-surface-devices,2026-08-27,press-releases,mural-takes-live-design-collaboration-to-microsoft-surface-hub-and-surface-devices,mural takes live design collaboration to microsoft surface hub and surface devices,,noncontent
mural.co,https://www.mural.co/press-releases/mural-unveils-ai-powered-capabilities-for-enterprise-collaboration-at-microsoft-build,2026-08-27,press-releases,mural-unveils-ai-powered-capabilities-for-enterprise-collaboration-at-microsoft-build,mural unveils ai powered capabilities for enterprise collaboration at microsoft build,,noncontent
mural.co,https://www.mural.co/press-releases/over-1000-nonprofit-organizations-advance-important-work,2026-08-27,press-releases,over-1000-nonprofit-organizations-advance-important-work,over 1000 nonprofit organizations advance important work,,noncontent
mural.co,https://www.mural.co/press-releases/rebrand-and-product-refresh,2026-08-27,press-releases,rebrand-and-product-refresh,rebrand and product refresh,,noncontent
mural.co,https://www.mural.co/press-releases/sap-achieves-400-percent-roi-from-mural-collaborative-intelligence,2026-08-27,press-releases,sap-achieves-400-percent-roi-from-mural-collaborative-intelligence,sap achieves 400 percent roi from mural collaborative intelligence,,noncontent
mural.co,https://www.mural.co/press-releases/serie-b,2026-08-27,press-releases,serie-b,serie b,,noncontent
mural.co,https://www.mural.co/press-releases/series-b,2026-08-27,press-releases,series-b,series b,,noncontent
mural.co,https://www.mural.co/press-releases/series-c,2026-08-27,press-releases,series-c,series c,,noncontent
mural.co,https://www.mural.co/press-releases/sunni-brown-mural-playmaker,2026-08-27,press-releases,sunni-brown-mural-playmaker,sunni brown mural playmaker,,noncontent
mural.co,https://www.mural.co/press-releases/virtual-workspace-platform-of-the-year-2020,2026-08-27,press-releases,virtual-workspace-platform-of-the-year-2020,virtual workspace platform of the year 2020,2020,noncontent
mural.co,https://www.mural.co/press-releases/zoom-integration,2026-08-27,press-releases,zoom-integration,zoom integration,,noncontent
mural.co,https://www.mural.co/press-releases/zoom-zapp,2026-08-27,press-releases,zoom-zapp,zoom zapp,,noncontent
mural.co,https://www.mural.co/solutions/executive-teams,2025-02-12,solutions,executive-teams,executive teams,,content
mural.co,https://www.mural.co/solutions/product-teams,2025-06-11,solutions,product-teams,product teams,,content
mural.co,https://www.mural.co/solutions/sales-customer-success-teams,2025-02-20,solutions,sales-customer-success-teams,sales customer success teams,,content
mural.co,https://www.mural.co/solutions/technology-teams,2025-02-12,solutions,technology-teams,technology teams,,content
mural.co,https://www.mural.co/use-case/account-planning-success,2026-05-22,use-case,account-planning-success,account planning success,,content
mural.co,https://www.mural.co/use-case/affinity-diagram-maker,2026-05-22,use-case,affinity-diagram-maker,affinity diagram maker,,content
mural.co,https://www.mural.co/use-case/agile-product-development,2026-05-22,use-case,agile-product-development,agile product development,,content
mural.co,https://www.mural.co/use-case/agile-project-management,2026-05-22,use-case,agile-project-management,agile project management,,content
mural.co,https://www.mural.co/use-case/alignment-and-coordination,2026-05-22,use-case,alignment-and-coordination,alignment and coordination,,content
mural.co,https://www.mural.co/use-case/brainstorming-and-ideation,2026-05-22,use-case,brainstorming-and-ideation,brainstorming and ideation,,content
mural.co,https://www.mural.co/use-case/client-collaboration-software,2026-05-22,use-case,client-collaboration-software,client collaboration software,,content
mural.co,https://www.mural.co/use-case/concept-map,2026-05-22,use-case,concept-map,concept map,,content
mural.co,https://www.mural.co/use-case/customer-journey-mapping,2026-05-22,use-case,customer-journey-mapping,customer journey mapping,,content
mural.co,https://www.mural.co/use-case/design-canvas,2026-05-22,use-case,design-canvas,design canvas,,content
mural.co,https://www.mural.co/use-case/diagramming,2026-05-22,use-case,diagramming,diagramming,,content
mural.co,https://www.mural.co/use-case/enterprise-collaboration-software,2026-05-22,use-case,enterprise-collaboration-software,enterprise collaboration software,,content
mural.co,https://www.mural.co/use-case/flowchart,2026-05-22,use-case,flowchart,flowchart,,content
mural.co,https://www.mural.co/use-case/go-to-market-strategy,2026-05-22,use-case,go-to-market-strategy,go to market strategy,,content
mural.co,https://www.mural.co/use-case/graphic-organizer-platform,2026-05-22,use-case,graphic-organizer-platform,graphic organizer platform,,content
mural.co,https://www.mural.co/use-case/manage-project-milestones,2026-05-22,use-case,manage-project-milestones,manage project milestones,,content
mural.co,https://www.mural.co/use-case/marketing-workflows,2026-05-22,use-case,marketing-workflows,marketing workflows,,content
mural.co,https://www.mural.co/use-case/master-marketing-campaign-planning-execution,2026-05-22,use-case,master-marketing-campaign-planning-execution,master marketing campaign planning execution,,content
mural.co,https://www.mural.co/use-case/mind-map,2026-05-22,use-case,mind-map,mind map,,content
mural.co,https://www.mural.co/use-case/mural-mcp-server,2026-10-01,use-case,mural-mcp-server,mural mcp server,,content
mural.co,https://www.mural.co/use-case/online-whiteboard,2026-05-22,use-case,online-whiteboard,online whiteboard,,content
mural.co,https://www.mural.co/use-case/pi-planning-board,2026-05-22,use-case,pi-planning-board,pi planning board,,content
mural.co,https://www.mural.co/use-case/process-mapping,2026-05-22,use-case,process-mapping,process mapping,,content
mural.co,https://www.mural.co/use-case/product-development-software,2026-05-22,use-case,product-development-software,product development software,,content
mural.co,https://www.mural.co/use-case/product-strategy,2026-05-22,use-case,product-strategy,product strategy,,content
mural.co,https://www.mural.co/use-case/project-collaboration-software,2026-05-22,use-case,project-collaboration-software,project collaboration software,,content
mural.co,https://www.mural.co/use-case/project-timelines,2026-05-22,use-case,project-timelines,project timelines,,content
mural.co,https://www.mural.co/use-case/quarterly-business-reviews,2026-05-22,use-case,quarterly-business-reviews,quarterly business reviews,,content
mural.co,https://www.mural.co/use-case/research-and-analysis,2026-05-22,use-case,research-and-analysis,research and analysis,,content
mural.co,https://www.mural.co/use-case/resource-allocation,2026-05-22,use-case,resource-allocation,resource allocation,,content
mural.co,https://www.mural.co/use-case/retrospective,2026-05-22,use-case,retrospective,retrospective,,content
mural.co,https://www.mural.co/use-case/sales-collaboration,2026-05-22,use-case,sales-collaboration,sales collaboration,,content
mural.co,https://www.mural.co/use-case/sales-presentations,2026-05-22,use-case,sales-presentations,sales presentations,,content
mural.co,https://www.mural.co/use-case/sales-processes,2026-05-22,use-case,sales-processes,sales processes,,content
mural.co,https://www.mural.co/use-case/sticky-notes,2026-05-22,use-case,sticky-notes,sticky notes,,content
mural.co,https://www.mural.co/use-case/strategic-planning,2026-05-22,use-case,strategic-planning,strategic planning,,content
mural.co,https://www.mural.co/use-case/strategies-for-effective-ocm-planning-success,2026-05-22,use-case,strategies-for-effective-ocm-planning-success,strategies for effective ocm planning success,,content
mural.co,https://www.mural.co/use-case/strategy-and-planning,2026-05-22,use-case,strategy-and-planning,strategy and planning,,content
mural.co,https://www.mural.co/use-case/team-building-and-ice-breakers,2026-05-22,use-case,team-building-and-ice-breakers,team building and ice breakers,,content
mural.co,https://www.mural.co/use-case/vision-board-maker,2026-05-22,use-case,vision-board-maker,vision board maker,,content
mural.co,https://www.mural.co/use-case/visual-roadmap-alignment,2026-04-22,use-case,visual-roadmap-alignment,visual roadmap alignment,,content
mural.co,https://www.mural.co/use-case/workflow-diagram,2026-04-22,use-case,workflow-diagram,workflow diagram,,content
mural.co,https://www.mural.co/terms/acceptable-use-policy,2026-09-25,terms,acceptable-use-policy,acceptable use policy,,content
mural.co,https://www.mural.co/terms/ai-features,2026-09-25,terms,ai-features,ai features,,content
mural.co,https://www.mural.co/terms/anti-slavery-and-anti-human-trafficking-statement,2026-09-25,terms,anti-slavery-and-anti-human-trafficking-statement,anti slavery and anti human trafficking statement,,content
mural.co,https://www.mural.co/terms/api-policy,2026-09-25,terms,api-policy,api policy,,content
mural.co,https://www.mural.co/terms/bug-bounty-program,2026-01-14,terms,bug-bounty-program,bug bounty program,,content
mural.co,https://www.mural.co/terms/california-privacy,2026-09-25,terms,california-privacy,california privacy,,content
mural.co,https://www.mural.co/terms/collaborator-notice,2026-09-25,terms,collaborator-notice,collaborator notice,,content
mural.co,https://www.mural.co/terms/cookie-policy,2026-09-25,terms,cookie-policy,cookie policy,,noncontent
mural.co,https://www.mural.co/terms/copyright-policy,2026-09-25,terms,copyright-policy,copyright policy,,content
mural.co,https://www.mural.co/terms/data-processing-addendum,2026-09-25,terms,data-processing-addendum,data processing addendum,,content
mural.co,https://www.mural.co/terms/developer-addendum,2026-09-25,terms,developer-addendum,developer addendum,,content
mural.co,https://www.mural.co/terms/eu-data-act,2026-09-25,terms,eu-data-act,eu data act,,content
mural.co,https://www.mural.co/terms/learning-services,2026-09-25,terms,learning-services,learning services,,content
mural.co,https://www.mural.co/terms/luma-elevate-service-plan,2026-09-25,terms,luma-elevate-service-plan,luma elevate service plan,,content
mural.co,https://www.mural.co/terms/luma-order-form-supplement,2026-09-25,terms,luma-order-form-supplement,luma order form supplement,,content
mural.co,https://www.mural.co/terms/main-services-agreement,2026-09-25,terms,main-services-agreement,main services agreement,,content
mural.co,https://www.mural.co/terms/privacy-statement,2026-09-25,terms,privacy-statement,privacy statement,,content
mural.co,https://www.mural.co/terms/quality-policy,2025-02-12,terms,quality-policy,quality policy,,content
mural.co,https://www.mural.co/terms/security-policy,2025-09-30,terms,security-policy,security policy,,content
mural.co,https://www.mural.co/terms/service-level-agreement,2026-09-25,terms,service-level-agreement,service level agreement,,content
mural.co,https://www.mural.co/terms/subprocessors,2026-09-25,terms,subprocessors,subprocessors,,content
mural.co,https://www.mural.co/terms/terms-of-service,2026-09-25,terms,terms-of-service,terms of service,,noncontent
mural.co,https://www.mural.co/terms/terms-of-service-01-29-2026,2026-07-02,terms,terms-of-service-01-29-2026,terms of service 01 29 2026,2026,content
mural.co,https://www.mural.co/terms/terms-of-use,2026-09-25,terms,terms-of-use,terms of use,,noncontent
mural.co,https://www.mural.co/terms/trademark-and-content-guidelines,2026-09-25,terms,trademark-and-content-guidelines,trademark and content guidelines,,content
mural.co,https://www.mural.co/compare/mural-vs-figjam,2026-10-01,compare,mural-vs-figjam,mural vs figjam,,content
mural.co,https://www.mural.co/compare/mural-vs-lucidspark,2026-10-01,compare,mural-vs-lucidspark,mural vs lucidspark,,content
mural.co,https://www.mural.co/compare/mural-vs-microsoft-whiteboard,2026-10-01,compare,mural-vs-microsoft-whiteboard,mural vs microsoft whiteboard,,content
mural.co,https://www.mural.co/compare/mural-vs-miro,2026-10-01,compare,mural-vs-miro,mural vs miro,,content
mural.co,https://www.mural.co/resources/events/art-of-collab-altvip,2025-06-06,resources,art-of-collab-altvip,art of collab altvip,,content
mural.co,https://www.mural.co/resources/events/art-of-collaboration-amsterdam,2026-02-20,resources,art-of-collaboration-amsterdam,art of collaboration amsterdam,,content
mural.co,https://www.mural.co/resources/events/artofcollaboration-alt,2025-06-06,resources,artofcollaboration-alt,artofcollaboration alt,,content
mural.co,https://www.mural.co/resources/events/artofcollaboration-aus,2025-06-06,resources,artofcollaboration-aus,artofcollaboration aus,,content
mural.co,https://www.mural.co/resources/events/artofcollaboration-chi,2025-06-06,resources,artofcollaboration-chi,artofcollaboration chi,,content
mural.co,https://www.mural.co/resources/events/artofcollaboration-lon,2025-09-16,resources,artofcollaboration-lon,artofcollaboration lon,,content
mural.co,https://www.mural.co/resources/events/artofcollaboration-sf,2025-06-06,resources,artofcollaboration-sf,artofcollaboration sf,,content
mural.co,https://www.mural.co/resources/events/digigov-expo-2025,2025-09-04,resources,digigov-expo-2025,digigov expo 2025,2025,content
mural.co,https://www.mural.co/resources/events/gtm-revenue-leaders-dinner,2025-05-29,resources,gtm-revenue-leaders-dinner,gtm revenue leaders dinner,,content
mural.co,https://www.mural.co/resources/events/lead-ai-transformation-with-luma,2026-09-14,resources,lead-ai-transformation-with-luma,lead ai transformation with luma,,content
mural.co,https://www.mural.co/resources/events/luma-mini-workshop,2026-09-28,resources,luma-mini-workshop,luma mini workshop,,content
mural.co,https://www.mural.co/resources/events/luma-mini-workshop-2,2026-09-28,resources,luma-mini-workshop-2,luma mini workshop 2,,content
mural.co,https://www.mural.co/resources/events/luma-mini-workshop-3,2026-09-28,resources,luma-mini-workshop-3,luma mini workshop 3,,content
mural.co,https://www.mural.co/resources/events/luma-mini-workshop-4,2026-09-28,resources,luma-mini-workshop-4,luma mini workshop 4,,content
mural.co,https://www.mural.co/resources/events/luma-mini-workshop-5,2026-09-28,resources,luma-mini-workshop-5,luma mini workshop 5,,content
mural.co,https://www.mural.co/resources/events/luma-mini-workshop-6,2026-09-28,resources,luma-mini-workshop-6,luma mini workshop 6,,content
mural.co,https://www.mural.co/resources/events/luma-mini-workshop-7,2026-09-28,resources,luma-mini-workshop-7,luma mini workshop 7,,content
mural.co,https://www.mural.co/resources/events/luma-mini-workshop-8,2026-09-28,resources,luma-mini-workshop-8,luma mini workshop 8,,content
mural.co,https://www.mural.co/resources/events/luma-mini-workshop-9,2026-09-28,resources,luma-mini-workshop-9,luma mini workshop 9,,content
mural.co,https://www.mural.co/resources/events/luma-practitioner-certification-program-2,2026-09-28,resources,luma-practitioner-certification-program-2,luma practitioner certification program 2,,content
mural.co,https://www.mural.co/resources/events/luma-practitioner-certification-program-3,2026-09-28,resources,luma-practitioner-certification-program-3,luma practitioner certification program 3,,content
mural.co,https://www.mural.co/resources/events/luma-practitioner-certification-program-4,2026-09-28,resources,luma-practitioner-certification-program-4,luma practitioner certification program 4,,content
mural.co,https://www.mural.co/resources/events/luncheon-at-sama,2025-05-07,resources,luncheon-at-sama,luncheon at sama,,content
mural.co,https://www.mural.co/resources/events/meet-the-future-of-mural-ai,2026-07-02,resources,meet-the-future-of-mural-ai,meet the future of mural ai,,content
mural.co,https://www.mural.co/resources/events/mural-luma-workshop-barcelona,2025-07-08,resources,mural-luma-workshop-barcelona,mural luma workshop barcelona,,content
mural.co,https://www.mural.co/resources/events/pavilion-gtm-2025,2025-07-08,resources,pavilion-gtm-2025,pavilion gtm 2025,2025,content
mural.co,https://www.mural.co/resources/events/practitioner-certification-program---ai-track,2026-09-28,resources,practitioner-certification-program---ai-track,practitioner certification program ai track,,content
mural.co,https://www.mural.co/resources/events/practitioner-certification-program---ai-track-2,2026-09-28,resources,practitioner-certification-program---ai-track-2,practitioner certification program ai track 2,,content
mural.co,https://www.mural.co/resources/events/practitioner-certification-program---ai-track-3,2026-09-28,resources,practitioner-certification-program---ai-track-3,practitioner certification program ai track 3,,content
mural.co,https://www.mural.co/resources/events/test-event,2025-08-06,resources,test-event,test event,,content
mural.co,https://www.mural.co/resources/events/the-art-of-collaboration---london,2025-09-17,resources,the-art-of-collaboration---london,the art of collaboration london,,content
mural.co,https://www.mural.co/resources/events/the-art-of-collaboration-london,2025-09-17,resources,the-art-of-collaboration-london,the art of collaboration london,,content
mural.co,https://www.mural.co/resources/events/the-mural-executive-symposium,2025-09-25,resources,the-mural-executive-symposium,the mural executive symposium,,content
mural.co,https://www.mural.co/templates/1-min-profile,2025-06-18,templates,1-min-profile,1 min profile,,content
mural.co,https://www.mural.co/templates/100-ideas-in-30-minutes,2025-06-18,templates,100-ideas-in-30-minutes,100 ideas in 30 minutes,,content
mural.co,https://www.mural.co/templates/10x10-writing,2025-06-18,templates,10x10-writing,10x10 writing,,content
mural.co,https://www.mural.co/templates/2025-annual-calendar-grid,2025-06-18,templates,2025-annual-calendar-grid,2025 annual calendar grid,2025,content
mural.co,https://www.mural.co/templates/2025-annual-calendar-row,2025-06-18,templates,2025-annual-calendar-row,2025 annual calendar row,2025,content
mural.co,https://www.mural.co/templates/2026-annual-calendar-grid,2026-02-17,templates,2026-annual-calendar-grid,2026 annual calendar grid,2026,content
mural.co,https://www.mural.co/templates/2026-annual-calendar-row,2026-01-07,templates,2026-annual-calendar-row,2026 annual calendar row,2026,content
mural.co,https://www.mural.co/templates/2x2-grid,2026-05-22,templates,2x2-grid,2x2 grid,,content
mural.co,https://www.mural.co/templates/3eo-toolkit,2025-06-18,templates,3eo-toolkit,3eo toolkit,,content
mural.co,https://www.mural.co/templates/3x3-grid,2026-05-22,templates,3x3-grid,3x3 grid,,content
mural.co,https://www.mural.co/templates/4x4-grid,2026-05-22,templates,4x4-grid,4x4 grid,,content
mural.co,https://www.mural.co/templates/5-day-week-calendar,2026-04-10,templates,5-day-week-calendar,5 day week calendar,,content
mural.co,https://www.mural.co/templates/6-3-5,2025-07-30,templates,6-3-5,6 3 5,,noncontent
mural.co,https://www.mural.co/templates/7-day-week-calendar,2026-04-10,templates,7-day-week-calendar,7 day week calendar,,content
mural.co,https://www.mural.co/templates/abstraction-laddering,2026-05-22,templates,abstraction-laddering,abstraction laddering,,content
mural.co,https://www.mural.co/templates/account-planning,2026-05-22,templates,account-planning,account planning,,content
mural.co,https://www.mural.co/templates/account-planning-somersault-innovation,2026-05-22,templates,account-planning-somersault-innovation,account planning somersault innovation,,content
mural.co,https://www.mural.co/templates/action-plan,2026-05-22,templates,action-plan,action plan,,content
mural.co,https://www.mural.co/templates/affinity-clustering,2026-05-22,templates,affinity-clustering,affinity clustering,,content
mural.co,https://www.mural.co/templates/agenda-slides,2026-05-22,templates,agenda-slides,agenda slides,,content
mural.co,https://www.mural.co/templates/agreement-certainty-matrix,2025-06-18,templates,agreement-certainty-matrix,agreement certainty matrix,,content
mural.co,https://www.mural.co/templates/alternative-worlds,2026-05-22,templates,alternative-worlds,alternative worlds,,content
mural.co,https://www.mural.co/templates/annual-reflection,2026-05-22,templates,annual-reflection,annual reflection,,content
mural.co,https://www.mural.co/templates/appearance-modeling,2026-05-22,templates,appearance-modeling,appearance modeling,,content
mural.co,https://www.mural.co/templates/april-2025-calendar,2025-06-18,templates,april-2025-calendar,april 2025 calendar,2025,content
mural.co,https://www.mural.co/templates/april-2026-calendar,2026-01-07,templates,april-2026-calendar,april 2026 calendar,2026,content
mural.co,https://www.mural.co/templates/assessing-stories,2025-06-18,templates,assessing-stories,assessing stories,,content
mural.co,https://www.mural.co/templates/assumption-grid,2026-07-08,templates,assumption-grid,assumption grid,,content
mural.co,https://www.mural.co/templates/async-brainstorming,2025-07-24,templates,async-brainstorming,async brainstorming,,content
mural.co,https://www.mural.co/templates/async-meeting-calculator,2025-08-04,templates,async-meeting-calculator,async meeting calculator,,content
mural.co,https://www.mural.co/templates/async-project-kickoff,2026-07-08,templates,async-project-kickoff,async project kickoff,,content
mural.co,https://www.mural.co/templates/async-retrospective,2025-07-28,templates,async-retrospective,async retrospective,,content
mural.co,https://www.mural.co/templates/asynchronous-workshop,2026-05-22,templates,asynchronous-workshop,asynchronous workshop,,content
mural.co,https://www.mural.co/templates/audience-analysis,2025-06-18,templates,audience-analysis,audience analysis,,content
mural.co,https://www.mural.co/templates/august-2025-calendar,2025-06-18,templates,august-2025-calendar,august 2025 calendar,2025,content
mural.co,https://www.mural.co/templates/august-2026-calendar,2026-01-07,templates,august-2026-calendar,august 2026 calendar,2026,content
mural.co,https://www.mural.co/templates/aws-architecture-diagram,2025-06-18,templates,aws-architecture-diagram,aws architecture diagram,,content
mural.co,https://www.mural.co/templates/backlog-refinement,2026-05-22,templates,backlog-refinement,backlog refinement,,content
mural.co,https://www.mural.co/templates/best-album-of-all-time-icebreaker,2025-08-11,templates,best-album-of-all-time-icebreaker,best album of all time icebreaker,,content
mural.co,https://www.mural.co/templates/beyond-the-prototype,2025-06-18,templates,beyond-the-prototype,beyond the prototype,,content
mural.co,https://www.mural.co/templates/big-room-okr-planning,2025-06-24,templates,big-room-okr-planning,big room okr planning,,content
mural.co,https://www.mural.co/templates/big-room-quarterly-planning,2025-07-24,templates,big-room-quarterly-planning,big room quarterly planning,,content
mural.co,https://www.mural.co/templates/birthday-card-1,2026-05-22,templates,birthday-card-1,birthday card 1,,content
mural.co,https://www.mural.co/templates/board-meeting,2025-06-18,templates,board-meeting,board meeting,,content
mural.co,https://www.mural.co/templates/bracket,2026-05-22,templates,bracket,bracket,,content
mural.co,https://www.mural.co/templates/brainstorm-and-idea-prioritization,2026-05-22,templates,brainstorm-and-idea-prioritization,brainstorm and idea prioritization,,content
mural.co,https://www.mural.co/templates/brainstorm-many-ideas,2025-06-18,templates,brainstorm-many-ideas,brainstorm many ideas,,content
mural.co,https://www.mural.co/templates/brainstorming-grid,2026-07-20,templates,brainstorming-grid,brainstorming grid,,content
mural.co,https://www.mural.co/templates/brainwriting,2026-05-22,templates,brainwriting,brainwriting,,content
mural.co,https://www.mural.co/templates/brand-design-brainstorm,2025-06-24,templates,brand-design-brainstorm,brand design brainstorm,,content
mural.co,https://www.mural.co/templates/brand-personality-room,2026-05-22,templates,brand-personality-room,brand personality room,,content
mural.co,https://www.mural.co/templates/build-a-metaphor,2025-07-24,templates,build-a-metaphor,build a metaphor,,content
mural.co,https://www.mural.co/templates/build-your-own,2026-05-22,templates,build-your-own,build your own,,content
mural.co,https://www.mural.co/templates/bulls-eye-diagram,2026-05-22,templates,bulls-eye-diagram,bulls eye diagram,,content
mural.co,https://www.mural.co/templates/business-model-canvas,2026-05-22,templates,business-model-canvas,business model canvas,,content
mural.co,https://www.mural.co/templates/business-model-canvas-workshop,2026-05-22,templates,business-model-canvas-workshop,business model canvas workshop,,content
mural.co,https://www.mural.co/templates/business-process-model-diagram,2026-05-22,templates,business-process-model-diagram,business process model diagram,,content
mural.co,https://www.mural.co/templates/business-readiness-map,2025-06-18,templates,business-readiness-map,business readiness map,,content
mural.co,https://www.mural.co/templates/buy-a-feature,2026-05-22,templates,buy-a-feature,buy a feature,,content
mural.co,https://www.mural.co/templates/campaign-planning,2026-05-22,templates,campaign-planning,campaign planning,,content
mural.co,https://www.mural.co/templates/celebration-card-1,2025-06-18,templates,celebration-card-1,celebration card 1,,content
mural.co,https://www.mural.co/templates/celebration-card-2,2025-06-18,templates,celebration-card-2,celebration card 2,,content
mural.co,https://www.mural.co/templates/challenge-discovery,2025-06-18,templates,challenge-discovery,challenge discovery,,content
mural.co,https://www.mural.co/templates/challenge-wheel,2025-06-18,templates,challenge-wheel,challenge wheel,,content
mural.co,https://www.mural.co/templates/change-impact-assessment,2026-05-22,templates,change-impact-assessment,change impact assessment,,content
mural.co,https://www.mural.co/templates/change-narrative,2025-06-18,templates,change-narrative,change narrative,,content
mural.co,https://www.mural.co/templates/change-plan,2025-06-18,templates,change-plan,change plan,,content
mural.co,https://www.mural.co/templates/check-in,2025-06-18,templates,check-in,check in,,content
mural.co,https://www.mural.co/templates/check-in-meeting-opener,2026-05-22,templates,check-in-meeting-opener,check in meeting opener,,content
mural.co,https://www.mural.co/templates/circular-canvas,2026-05-22,templates,circular-canvas,circular canvas,,content
mural.co,https://www.mural.co/templates/clarify-task,2026-07-08,templates,clarify-task,clarify task,,content
mural.co,https://www.mural.co/templates/class-lecture-toolkit,2025-07-24,templates,class-lecture-toolkit,class lecture toolkit,,content
mural.co,https://www.mural.co/templates/collaborate-on-and-facilitate-engaging-presentations,2025-06-18,templates,collaborate-on-and-facilitate-engaging-presentations,collaborate on and facilitate engaging presentations,,content
mural.co,https://www.mural.co/templates/collaborative-addie,2025-06-18,templates,collaborative-addie,collaborative addie,,content
mural.co,https://www.mural.co/templates/collaborative-note-taking,2026-05-22,templates,collaborative-note-taking,collaborative note taking,,content
mural.co,https://www.mural.co/templates/collaborative-presentation,2025-07-24,templates,collaborative-presentation,collaborative presentation,,content
mural.co,https://www.mural.co/templates/collaborative-prototyping,2025-06-18,templates,collaborative-prototyping,collaborative prototyping,,content
mural.co,https://www.mural.co/templates/community-ecosystem-map,2026-05-22,templates,community-ecosystem-map,community ecosystem map,,content
mural.co,https://www.mural.co/templates/competitive-analysis,2026-05-22,templates,competitive-analysis,competitive analysis,,content
mural.co,https://www.mural.co/templates/complete-the-picture-icebreaker,2025-10-13,templates,complete-the-picture-icebreaker,complete the picture icebreaker,,content
mural.co,https://www.mural.co/templates/concept-mapping,2026-05-22,templates,concept-mapping,concept mapping,,content
mural.co,https://www.mural.co/templates/concept-poster,2026-05-22,templates,concept-poster,concept poster,,content
mural.co,https://www.mural.co/templates/conducting-a-brainstorm,2026-05-22,templates,conducting-a-brainstorm,conducting a brainstorm,,content
mural.co,https://www.mural.co/templates/confidence-vote,2026-05-22,templates,confidence-vote,confidence vote,,content
mural.co,https://www.mural.co/templates/congratulations-card-1,2025-06-18,templates,congratulations-card-1,congratulations card 1,,content
mural.co,https://www.mural.co/templates/congratulations-card-2,2025-06-18,templates,congratulations-card-2,congratulations card 2,,content
mural.co,https://www.mural.co/templates/consumer-trends-canvas,2026-05-22,templates,consumer-trends-canvas,consumer trends canvas,,content
mural.co,https://www.mural.co/templates/content-planning,2026-05-22,templates,content-planning,content planning,,content
mural.co,https://www.mural.co/templates/content-strategy,2026-05-22,templates,content-strategy,content strategy,,content
mural.co,https://www.mural.co/templates/contextual-inquiry,2026-05-22,templates,contextual-inquiry,contextual inquiry,,content
mural.co,https://www.mural.co/templates/conversation-design,2025-06-18,templates,conversation-design,conversation design,,content
mural.co,https://www.mural.co/templates/course-introductions,2025-08-04,templates,course-introductions,course introductions,,content
mural.co,https://www.mural.co/templates/cover-story-mock-up,2026-05-22,templates,cover-story-mock-up,cover story mock up,,content
mural.co,https://www.mural.co/templates/craft-a-powerful-presentation,2026-05-22,templates,craft-a-powerful-presentation,craft a powerful presentation,,content
mural.co,https://www.mural.co/templates/crazy-eights-brainstorming,2026-05-22,templates,crazy-eights-brainstorming,crazy eights brainstorming,,content
mural.co,https://www.mural.co/templates/create-and-track-a-project,2025-06-18,templates,create-and-track-a-project,create and track a project,,content
mural.co,https://www.mural.co/templates/creative-matrix,2026-05-22,templates,creative-matrix,creative matrix,,content
mural.co,https://www.mural.co/templates/creativity,2025-06-18,templates,creativity,creativity,,content
mural.co,https://www.mural.co/templates/critical-thinking,2025-06-18,templates,critical-thinking,critical thinking,,content
mural.co,https://www.mural.co/templates/critical-uncertainties,2025-06-18,templates,critical-uncertainties,critical uncertainties,,content
mural.co,https://www.mural.co/templates/critique,2026-05-22,templates,critique,critique,,content
mural.co,https://www.mural.co/templates/cross-functional-game-plan,2025-06-18,templates,cross-functional-game-plan,cross functional game plan,,content
mural.co,https://www.mural.co/templates/culture-design-canvas,2025-06-18,templates,culture-design-canvas,culture design canvas,,content
mural.co,https://www.mural.co/templates/current-reality-tree,2025-06-18,templates,current-reality-tree,current reality tree,,content
mural.co,https://www.mural.co/templates/curriculum-development,2026-06-11,templates,curriculum-development,curriculum development,,content
mural.co,https://www.mural.co/templates/customer-discovery-canvas,2026-05-22,templates,customer-discovery-canvas,customer discovery canvas,,content
mural.co,https://www.mural.co/templates/customer-employee-journey-map,2026-07-20,templates,customer-employee-journey-map,customer employee journey map,,content
mural.co,https://www.mural.co/templates/customer-insights,2025-06-18,templates,customer-insights,customer insights,,content
mural.co,https://www.mural.co/templates/customer-journey-map,2026-05-22,templates,customer-journey-map,customer journey map,,content
mural.co,https://www.mural.co/templates/daci-decision-model,2026-05-22,templates,daci-decision-model,daci decision model,,content
mural.co,https://www.mural.co/templates/daily-scrum,2025-08-04,templates,daily-scrum,daily scrum,,content
mural.co,https://www.mural.co/templates/daily-scrum-meeting,2026-05-22,templates,daily-scrum-meeting,daily scrum meeting,,content
mural.co,https://www.mural.co/templates/data-delivery-library,2025-06-18,templates,data-delivery-library,data delivery library,,content
mural.co,https://www.mural.co/templates/data-flow-diagram,2026-05-22,templates,data-flow-diagram,data flow diagram,,content
mural.co,https://www.mural.co/templates/december-2025-calendar,2025-10-18,templates,december-2025-calendar,december 2025 calendar,2025,content
mural.co,https://www.mural.co/templates/december-2026-calendar,2026-01-07,templates,december-2026-calendar,december 2026 calendar,2026,content
mural.co,https://www.mural.co/templates/decision-sprint,2025-06-18,templates,decision-sprint,decision sprint,,content
mural.co,https://www.mural.co/templates/decision-tree,2026-05-22,templates,decision-tree,decision tree,,content
mural.co,https://www.mural.co/templates/decorate-a-festive-sweater,2025-10-13,templates,decorate-a-festive-sweater,decorate a festive sweater,,content
mural.co,https://www.mural.co/templates/deep-customer-empathy,2025-08-04,templates,deep-customer-empathy,deep customer empathy,,content
mural.co,https://www.mural.co/templates/demo-trust,2025-07-28,templates,demo-trust,demo trust,,content
mural.co,https://www.mural.co/templates/demo-workflows,2025-06-18,templates,demo-workflows,demo workflows,,content
mural.co,https://www.mural.co/templates/dependency-mapping,2026-06-05,templates,dependency-mapping,dependency mapping,,content
mural.co,https://www.mural.co/templates/design-a-flyer,2025-06-18,templates,design-a-flyer,design a flyer,,content
mural.co,https://www.mural.co/templates/design-critique,2025-09-02,templates,design-critique,design critique,,content
mural.co,https://www.mural.co/templates/design-for-delight-method,2025-08-04,templates,design-for-delight-method,design for delight method,,content
mural.co,https://www.mural.co/templates/design-ops-canvas,2025-06-18,templates,design-ops-canvas,design ops canvas,,content
mural.co,https://www.mural.co/templates/design-sprint,2026-05-22,templates,design-sprint,design sprint,,content
mural.co,https://www.mural.co/templates/design-sprint-room,2025-06-18,templates,design-sprint-room,design sprint room,,content
mural.co,https://www.mural.co/templates/design-studio,2026-05-22,templates,design-studio,design studio,,content
mural.co,https://www.mural.co/templates/design-thinking-canvas,2026-05-22,templates,design-thinking-canvas,design thinking canvas,,content
mural.co,https://www.mural.co/templates/design-thinking-workshop,2026-05-22,templates,design-thinking-workshop,design thinking workshop,,content
mural.co,https://www.mural.co/templates/discovery-session,2026-05-22,templates,discovery-session,discovery session,,content
mural.co,https://www.mural.co/templates/discovery-to-shaping-insights,2025-06-18,templates,discovery-to-shaping-insights,discovery to shaping insights,,content
mural.co,https://www.mural.co/templates/double-diamond,2025-06-18,templates,double-diamond,double diamond,,content
mural.co,https://www.mural.co/templates/dream-destination,2025-06-18,templates,dream-destination,dream destination,,content
mural.co,https://www.mural.co/templates/e-learning-storyboard,2025-09-17,templates,e-learning-storyboard,e learning storyboard,,content
mural.co,https://www.mural.co/templates/ecocycle,2025-06-18,templates,ecocycle,ecocycle,,content
mural.co,https://www.mural.co/templates/elabor8-pi-planning-safe,2025-06-18,templates,elabor8-pi-planning-safe,elabor8 pi planning safe,,content
mural.co,https://www.mural.co/templates/emotions-map,2025-06-18,templates,emotions-map,emotions map,,content
mural.co,https://www.mural.co/templates/empathy-diamond,2025-06-18,templates,empathy-diamond,empathy diamond,,content
mural.co,https://www.mural.co/templates/empathy-map,2026-05-22,templates,empathy-map,empathy map,,content
mural.co,https://www.mural.co/templates/empathy-map-canvas,2026-05-22,templates,empathy-map-canvas,empathy map canvas,,content
mural.co,https://www.mural.co/templates/event-canvas,2025-06-18,templates,event-canvas,event canvas,,content
mural.co,https://www.mural.co/templates/event-planning,2025-06-18,templates,event-planning,event planning,,content
mural.co,https://www.mural.co/templates/expectations-workshop,2025-06-18,templates,expectations-workshop,expectations workshop,,content
mural.co,https://www.mural.co/templates/experience-diagramming,2026-05-22,templates,experience-diagramming,experience diagramming,,content
mural.co,https://www.mural.co/templates/experiment-design,2025-06-18,templates,experiment-design,experiment design,,content
mural.co,https://www.mural.co/templates/falmouth-peer-review-pinboard,2025-07-28,templates,falmouth-peer-review-pinboard,falmouth peer review pinboard,,content
mural.co,https://www.mural.co/templates/feature-market-analysis,2025-06-18,templates,feature-market-analysis,feature market analysis,,content
mural.co,https://www.mural.co/templates/feature-prioritization,2026-05-22,templates,feature-prioritization,feature prioritization,,content
mural.co,https://www.mural.co/templates/february-2025-calendar,2025-06-18,templates,february-2025-calendar,february 2025 calendar,2025,content
mural.co,https://www.mural.co/templates/february-2026-calendar,2026-01-07,templates,february-2026-calendar,february 2026 calendar,2026,content
mural.co,https://www.mural.co/templates/feedback-grid,2026-05-22,templates,feedback-grid,feedback grid,,content
mural.co,https://www.mural.co/templates/fishbone-diagram,2026-07-08,templates,fishbone-diagram,fishbone diagram,,content
mural.co,https://www.mural.co/templates/fit-to-standard,2025-06-18,templates,fit-to-standard,fit to standard,,content
mural.co,https://www.mural.co/templates/five-whys-worksheet,2026-05-22,templates,five-whys-worksheet,five whys worksheet,,content
mural.co,https://www.mural.co/templates/fly-on-the-wall,2026-05-22,templates,fly-on-the-wall,fly on the wall,,content
mural.co,https://www.mural.co/templates/focus-finder,2025-06-18,templates,focus-finder,focus finder,,content
mural.co,https://www.mural.co/templates/force-field-analysis,2025-06-18,templates,force-field-analysis,force field analysis,,content
mural.co,https://www.mural.co/templates/frame-the-problem,2025-06-18,templates,frame-the-problem,frame the problem,,content
mural.co,https://www.mural.co/templates/future-headlines,2025-09-17,templates,future-headlines,future headlines,,content
mural.co,https://www.mural.co/templates/generative-relationships-star,2025-06-18,templates,generative-relationships-star,generative relationships star,,content
mural.co,https://www.mural.co/templates/get-to-the-bottom-of-the-stack,2025-06-18,templates,get-to-the-bottom-of-the-stack,get to the bottom of the stack,,content
mural.co,https://www.mural.co/templates/get-well-soon,2025-06-18,templates,get-well-soon,get well soon,,content
mural.co,https://www.mural.co/templates/go-broad-to-go-narrow,2025-06-18,templates,go-broad-to-go-narrow,go broad to go narrow,,content
mural.co,https://www.mural.co/templates/go-to-market-strategy,2026-05-22,templates,go-to-market-strategy,go to market strategy,,content
mural.co,https://www.mural.co/templates/goodbye-card-1,2025-06-18,templates,goodbye-card-1,goodbye card 1,,content
mural.co,https://www.mural.co/templates/goodbye-card-2,2025-06-18,templates,goodbye-card-2,goodbye card 2,,content
mural.co,https://www.mural.co/templates/gratitude-card-1,2025-06-18,templates,gratitude-card-1,gratitude card 1,,content
mural.co,https://www.mural.co/templates/group-project,2025-07-28,templates,group-project,group project,,content
mural.co,https://www.mural.co/templates/heuristic-review,2026-05-22,templates,heuristic-review,heuristic review,,content
mural.co,https://www.mural.co/templates/hills,2025-06-18,templates,hills,hills,,content
mural.co,https://www.mural.co/templates/hopes-and-fears,2025-06-18,templates,hopes-and-fears,hopes and fears,,content
mural.co,https://www.mural.co/templates/how-might-we-questions,2026-05-22,templates,how-might-we-questions,how might we questions,,content
mural.co,https://www.mural.co/templates/how-to-remix-anything,2025-06-18,templates,how-to-remix-anything,how to remix anything,,content
mural.co,https://www.mural.co/templates/hybrid-collaboration-worksheet,2025-06-18,templates,hybrid-collaboration-worksheet,hybrid collaboration worksheet,,content
mural.co,https://www.mural.co/templates/hybrid-team-charter,2025-08-04,templates,hybrid-team-charter,hybrid team charter,,content
mural.co,https://www.mural.co/templates/i-like-i-wish-i-wonder-retro,2025-10-16,templates,i-like-i-wish-i-wonder-retro,i like i wish i wonder retro,,content
mural.co,https://www.mural.co/templates/i-like-i-wish-i-wonder-retrospective-5-senses-edition,2025-06-18,templates,i-like-i-wish-i-wonder-retrospective-5-senses-edition,i like i wish i wonder retrospective 5 senses edition,,content
mural.co,https://www.mural.co/templates/i-like-i-wish-i-wonder-retrospective-cozy-edition,2025-07-28,templates,i-like-i-wish-i-wonder-retrospective-cozy-edition,i like i wish i wonder retrospective cozy edition,,content
mural.co,https://www.mural.co/templates/icebreaker-villa,2025-06-18,templates,icebreaker-villa,icebreaker villa,,content
mural.co,https://www.mural.co/templates/icebreakers-for-hybrid-teams,2025-07-24,templates,icebreakers-for-hybrid-teams,icebreakers for hybrid teams,,content
mural.co,https://www.mural.co/templates/idea-poster,2025-10-13,templates,idea-poster,idea poster,,content
mural.co,https://www.mural.co/templates/idea-presentation,2026-07-08,templates,idea-presentation,idea presentation,,content
mural.co,https://www.mural.co/templates/ideation-sprint,2025-06-18,templates,ideation-sprint,ideation sprint,,content
mural.co,https://www.mural.co/templates/if-i-were-an-animal,2025-10-13,templates,if-i-were-an-animal,if i were an animal,,content
mural.co,https://www.mural.co/templates/image-of-the-future-collage,2025-06-18,templates,image-of-the-future-collage,image of the future collage,,content
mural.co,https://www.mural.co/templates/immersive-sales-presentation,2026-05-22,templates,immersive-sales-presentation,immersive sales presentation,,content
mural.co,https://www.mural.co/templates/importance-bullseye,2026-05-22,templates,importance-bullseye,importance bullseye,,content
mural.co,https://www.mural.co/templates/importance-difficulty-matrix,2026-05-22,templates,importance-difficulty-matrix,importance difficulty matrix,,content
mural.co,https://www.mural.co/templates/improv-vision-board,2025-06-18,templates,improv-vision-board,improv vision board,,content
mural.co,https://www.mural.co/templates/innovators-compass,2025-06-18,templates,innovators-compass,innovators compass,,content
mural.co,https://www.mural.co/templates/interviewing,2026-05-22,templates,interviewing,interviewing,,content
mural.co,https://www.mural.co/templates/introduction-to-agile-and-scrum,2025-06-18,templates,introduction-to-agile-and-scrum,introduction to agile and scrum,,content
mural.co,https://www.mural.co/templates/january-2025-calendar,2025-06-18,templates,january-2025-calendar,january 2025 calendar,2025,content
mural.co,https://www.mural.co/templates/january-2026-calendar,2026-01-07,templates,january-2026-calendar,january 2026 calendar,2026,content
mural.co,https://www.mural.co/templates/job-applicant-interviews,2026-05-22,templates,job-applicant-interviews,job applicant interviews,,content
mural.co,https://www.mural.co/templates/job-application-tracker,2026-05-22,templates,job-application-tracker,job application tracker,,content
mural.co,https://www.mural.co/templates/job-to-be-done-journey-mapping,2025-06-18,templates,job-to-be-done-journey-mapping,job to be done journey mapping,,content
mural.co,https://www.mural.co/templates/jobs-to-be-done,2026-05-22,templates,jobs-to-be-done,jobs to be done,,content
mural.co,https://www.mural.co/templates/journaling,2026-05-22,templates,journaling,journaling,,content
mural.co,https://www.mural.co/templates/july-2025-calendar,2025-06-18,templates,july-2025-calendar,july 2025 calendar,2025,content
mural.co,https://www.mural.co/templates/july-2026-calendar,2026-01-07,templates,july-2026-calendar,july 2026 calendar,2026,content
mural.co,https://www.mural.co/templates/june-2025-calendar,2025-06-18,templates,june-2025-calendar,june 2025 calendar,2025,content
mural.co,https://www.mural.co/templates/june-2026-calendar,2026-01-07,templates,june-2026-calendar,june 2026 calendar,2026,content
mural.co,https://www.mural.co/templates/kanban-board,2026-05-22,templates,kanban-board,kanban board,,content
mural.co,https://www.mural.co/templates/kudos-wall,2025-10-13,templates,kudos-wall,kudos wall,,content
mural.co,https://www.mural.co/templates/ldj,2025-07-30,templates,ldj,ldj,,content
mural.co,https://www.mural.co/templates/lead-better-hybrid-meetings,2025-06-18,templates,lead-better-hybrid-meetings,lead better hybrid meetings,,content
mural.co,https://www.mural.co/templates/lean-canvas,2026-05-22,templates,lean-canvas,lean canvas,,content
mural.co,https://www.mural.co/templates/lean-coffee,2025-06-18,templates,lean-coffee,lean coffee,,content
mural.co,https://www.mural.co/templates/lean-procurement-canvas,2025-06-18,templates,lean-procurement-canvas,lean procurement canvas,,content
mural.co,https://www.mural.co/templates/lean-ux-canvas,2025-06-18,templates,lean-ux-canvas,lean ux canvas,,content
mural.co,https://www.mural.co/templates/learning-experience-canvas,2026-05-22,templates,learning-experience-canvas,learning experience canvas,,content
mural.co,https://www.mural.co/templates/lightning-demos,2025-06-18,templates,lightning-demos,lightning demos,,content
mural.co,https://www.mural.co/templates/map-project-stakeholders,2026-07-20,templates,map-project-stakeholders,map project stakeholders,,content
mural.co,https://www.mural.co/templates/march-2025-calendar,2026-09-14,templates,march-2025-calendar,march 2025 calendar,2025,content
mural.co,https://www.mural.co/templates/march-2026-calendar,2026-01-07,templates,march-2026-calendar,march 2026 calendar,2026,content
mural.co,https://www.mural.co/templates/marching-band-icebreaker,2025-10-13,templates,marching-band-icebreaker,marching band icebreaker,,content
mural.co,https://www.mural.co/templates/marketing-strategy,2026-05-22,templates,marketing-strategy,marketing strategy,,content
mural.co,https://www.mural.co/templates/may-2025-calendar,2025-06-18,templates,may-2025-calendar,may 2025 calendar,2025,content
mural.co,https://www.mural.co/templates/may-2026-calendar,2026-01-07,templates,may-2026-calendar,may 2026 calendar,2026,content
mural.co,https://www.mural.co/templates/meeting-building-blocks,2025-06-18,templates,meeting-building-blocks,meeting building blocks,,content
mural.co,https://www.mural.co/templates/meeting-notes,2026-05-22,templates,meeting-notes,meeting notes,,content
mural.co,https://www.mural.co/templates/mind-map,2026-05-22,templates,mind-map,mind map,,content
mural.co,https://www.mural.co/templates/mind-map-brainstorm,2026-05-22,templates,mind-map-brainstorm,mind map brainstorm,,content
mural.co,https://www.mural.co/templates/mood-board,2025-06-18,templates,mood-board,mood board,,content
mural.co,https://www.mural.co/templates/mosaic,2025-06-18,templates,mosaic,mosaic,,content
mural.co,https://www.mural.co/templates/multi-actor-journey-map,2025-06-18,templates,multi-actor-journey-map,multi actor journey map,,content
mural.co,https://www.mural.co/templates/mutual-action-plan,2026-05-22,templates,mutual-action-plan,mutual action plan,,content
mural.co,https://www.mural.co/templates/mutual-success-plan,2025-06-18,templates,mutual-success-plan,mutual success plan,,content
mural.co,https://www.mural.co/templates/mvs-hero-journey,2025-06-18,templates,mvs-hero-journey,mvs hero journey,,content
mural.co,https://www.mural.co/templates/mvs-hero-profile,2025-06-18,templates,mvs-hero-profile,mvs hero profile,,content
mural.co,https://www.mural.co/templates/mvs-hero-quest,2025-06-18,templates,mvs-hero-quest,mvs hero quest,,content
mural.co,https://www.mural.co/templates/mvs-time-machine,2026-05-22,templates,mvs-time-machine,mvs time machine,,content
mural.co,https://www.mural.co/templates/my-space-right-now-icebreaker,2025-10-13,templates,my-space-right-now-icebreaker,my space right now icebreaker,,content
mural.co,https://www.mural.co/templates/network-of-teams-play,2025-06-18,templates,network-of-teams-play,network of teams play,,content
mural.co,https://www.mural.co/templates/next-loop,2025-06-18,templates,next-loop,next loop,,content
mural.co,https://www.mural.co/templates/nice-to-know-you-icebreaker,2025-10-13,templates,nice-to-know-you-icebreaker,nice to know you icebreaker,,content
mural.co,https://www.mural.co/templates/november-2025-calendar,2025-10-18,templates,november-2025-calendar,november 2025 calendar,2025,content
mural.co,https://www.mural.co/templates/november-2026-calendar,2026-01-07,templates,november-2026-calendar,november 2026 calendar,2026,content
mural.co,https://www.mural.co/templates/now-next-later,2026-06-05,templates,now-next-later,now next later,,content
mural.co,https://www.mural.co/templates/objectives-key-results,2026-05-22,templates,objectives-key-results,objectives key results,,content
mural.co,https://www.mural.co/templates/obstacle-course-icebreaker,2025-10-13,templates,obstacle-course-icebreaker,obstacle course icebreaker,,content
mural.co,https://www.mural.co/templates/october-2025-calendar,2025-10-18,templates,october-2025-calendar,october 2025 calendar,2025,content
mural.co,https://www.mural.co/templates/october-2026-calendar,2026-01-07,templates,october-2026-calendar,october 2026 calendar,2026,content
mural.co,https://www.mural.co/templates/official-design-sprint,2025-06-18,templates,official-design-sprint,official design sprint,,content
mural.co,https://www.mural.co/templates/okr-planning,2026-05-22,templates,okr-planning,okr planning,,content
mural.co,https://www.mural.co/templates/okr-planning-workshop,2025-06-18,templates,okr-planning-workshop,okr planning workshop,,content
mural.co,https://www.mural.co/templates/onboarding-amusement-park,2025-06-18,templates,onboarding-amusement-park,onboarding amusement park,,content
mural.co,https://www.mural.co/templates/onboarding-outer-space,2025-06-18,templates,onboarding-outer-space,onboarding outer space,,content
mural.co,https://www.mural.co/templates/onboarding-road-trip,2025-06-18,templates,onboarding-road-trip,onboarding road trip,,content
mural.co,https://www.mural.co/templates/one-on-one,2026-05-22,templates,one-on-one,one on one,,noncontent
mural.co,https://www.mural.co/templates/one-year-roadmap,2026-05-22,templates,one-year-roadmap,one year roadmap,,content
mural.co,https://www.mural.co/templates/operations-dashboard,2025-06-18,templates,operations-dashboard,operations dashboard,,content
mural.co,https://www.mural.co/templates/opportunity-solution-tree-ost,2025-06-18,templates,opportunity-solution-tree-ost,opportunity solution tree ost,,content
mural.co,https://www.mural.co/templates/org-chart,2026-05-22,templates,org-chart,org chart,,content
mural.co,https://www.mural.co/templates/organizational-change-management,2026-05-22,templates,organizational-change-management,organizational change management,,content
mural.co,https://www.mural.co/templates/persona-profile,2026-05-22,templates,persona-profile,persona profile,,content
mural.co,https://www.mural.co/templates/persona-profile-poster,2025-06-18,templates,persona-profile-poster,persona profile poster,,content
mural.co,https://www.mural.co/templates/personal-and-professional-retrospective,2025-06-18,templates,personal-and-professional-retrospective,personal and professional retrospective,,content
mural.co,https://www.mural.co/templates/personal-facilitation-growth-plan,2025-06-18,templates,personal-facilitation-growth-plan,personal facilitation growth plan,,content
mural.co,https://www.mural.co/templates/personal-vision-board,2026-05-22,templates,personal-vision-board,personal vision board,,content
mural.co,https://www.mural.co/templates/phased-release-plan,2026-05-22,templates,phased-release-plan,phased release plan,,content
mural.co,https://www.mural.co/templates/pi-planning,2026-05-22,templates,pi-planning,pi planning,,content
mural.co,https://www.mural.co/templates/plane-map,2026-05-22,templates,plane-map,plane map,,content
mural.co,https://www.mural.co/templates/platform-growth-product-design,2025-07-24,templates,platform-growth-product-design,platform growth product design,,content
mural.co,https://www.mural.co/templates/platform-opportunity-exploration,2025-08-04,templates,platform-opportunity-exploration,platform opportunity exploration,,content
mural.co,https://www.mural.co/templates/platform-strategy-design,2025-06-18,templates,platform-strategy-design,platform strategy design,,content
mural.co,https://www.mural.co/templates/postcards-from-the-field,2025-06-18,templates,postcards-from-the-field,postcards from the field,,content
mural.co,https://www.mural.co/templates/pre-mortem,2026-05-22,templates,pre-mortem,pre mortem,,content
mural.co,https://www.mural.co/templates/pre-work,2025-08-04,templates,pre-work,pre work,,content
mural.co,https://www.mural.co/templates/presentation-slide-deck,2026-05-22,templates,presentation-slide-deck,presentation slide deck,,content
mural.co,https://www.mural.co/templates/prioritization-matrix,2026-05-22,templates,prioritization-matrix,prioritization matrix,,content
mural.co,https://www.mural.co/templates/prioritization-workshop,2025-08-04,templates,prioritization-workshop,prioritization workshop,,content
mural.co,https://www.mural.co/templates/prioritize-ideas-goals-projects,2025-06-18,templates,prioritize-ideas-goals-projects,prioritize ideas goals projects,,content
mural.co,https://www.mural.co/templates/prioritize-tasks,2025-08-04,templates,prioritize-tasks,prioritize tasks,,content
mural.co,https://www.mural.co/templates/priority-bullseye,2026-05-22,templates,priority-bullseye,priority bullseye,,content
mural.co,https://www.mural.co/templates/probability-impact-matrix,2025-06-18,templates,probability-impact-matrix,probability impact matrix,,content
mural.co,https://www.mural.co/templates/problem-cause-effect-analysis,2026-07-08,templates,problem-cause-effect-analysis,problem cause effect analysis,,content
mural.co,https://www.mural.co/templates/problem-framing,2026-07-08,templates,problem-framing,problem framing,,content
mural.co,https://www.mural.co/templates/problem-prioritization,2025-06-18,templates,problem-prioritization,problem prioritization,,content
mural.co,https://www.mural.co/templates/problem-solving,2025-06-18,templates,problem-solving,problem solving,,content
mural.co,https://www.mural.co/templates/problem-statement,2026-05-22,templates,problem-statement,problem statement,,content
mural.co,https://www.mural.co/templates/problem-tree-analysis,2026-05-22,templates,problem-tree-analysis,problem tree analysis,,content
mural.co,https://www.mural.co/templates/process-flowchart,2026-06-05,templates,process-flowchart,process flowchart,,content
mural.co,https://www.mural.co/templates/process-slides-powerpoint,2026-05-22,templates,process-slides-powerpoint,process slides powerpoint,,content
mural.co,https://www.mural.co/templates/process-steps,2025-06-18,templates,process-steps,process steps,,content
mural.co,https://www.mural.co/templates/product-comparison,2025-06-18,templates,product-comparison,product comparison,,content
mural.co,https://www.mural.co/templates/product-discovery,2025-07-24,templates,product-discovery,product discovery,,content
mural.co,https://www.mural.co/templates/product-launch,2026-06-11,templates,product-launch,product launch,,content
mural.co,https://www.mural.co/templates/product-prioritization-framework,2026-05-22,templates,product-prioritization-framework,product prioritization framework,,content
mural.co,https://www.mural.co/templates/product-requirements-document,2026-05-22,templates,product-requirements-document,product requirements document,,content
mural.co,https://www.mural.co/templates/product-roadmap,2026-05-22,templates,product-roadmap,product roadmap,,content
mural.co,https://www.mural.co/templates/project-canvas,2026-05-22,templates,project-canvas,project canvas,,content
mural.co,https://www.mural.co/templates/project-kickoff,2026-05-22,templates,project-kickoff,project kickoff,,content
mural.co,https://www.mural.co/templates/project-kickoff-radar,2026-05-22,templates,project-kickoff-radar,project kickoff radar,,content
mural.co,https://www.mural.co/templates/project-north-star,2026-05-22,templates,project-north-star,project north star,,content
mural.co,https://www.mural.co/templates/project-planning,2026-05-22,templates,project-planning,project planning,,content
mural.co,https://www.mural.co/templates/project-retrospective,2026-05-22,templates,project-retrospective,project retrospective,,content
mural.co,https://www.mural.co/templates/pros-cons-list,2026-07-08,templates,pros-cons-list,pros cons list,,content
mural.co,https://www.mural.co/templates/prototype-iteration-and-feedback,2025-06-18,templates,prototype-iteration-and-feedback,prototype iteration and feedback,,content
mural.co,https://www.mural.co/templates/purpose-to-practice,2025-06-18,templates,purpose-to-practice,purpose to practice,,content
mural.co,https://www.mural.co/templates/quarterly-business-review,2026-05-22,templates,quarterly-business-review,quarterly business review,,content
mural.co,https://www.mural.co/templates/quarterly-kanban-and-retrospective,2025-07-28,templates,quarterly-kanban-and-retrospective,quarterly kanban and retrospective,,content
mural.co,https://www.mural.co/templates/quick-reference-guide,2026-05-22,templates,quick-reference-guide,quick reference guide,,content
mural.co,https://www.mural.co/templates/quick-retrospective,2026-05-22,templates,quick-retrospective,quick retrospective,,content
mural.co,https://www.mural.co/templates/quick-start-workshop,2025-06-18,templates,quick-start-workshop,quick start workshop,,content
mural.co,https://www.mural.co/templates/raci-chart,2026-05-22,templates,raci-chart,raci chart,,content
mural.co,https://www.mural.co/templates/rapid-experiments-with-customers,2025-06-18,templates,rapid-experiments-with-customers,rapid experiments with customers,,content
mural.co,https://www.mural.co/templates/rapid-mind-mapping,2026-05-22,templates,rapid-mind-mapping,rapid mind mapping,,content
mural.co,https://www.mural.co/templates/really-big-idea-critique-pad,2025-06-18,templates,really-big-idea-critique-pad,really big idea critique pad,,content
mural.co,https://www.mural.co/templates/really-big-idea-sketch-pad,2025-06-18,templates,really-big-idea-sketch-pad,really big idea sketch pad,,content
mural.co,https://www.mural.co/templates/red-ocean-and-blue-ocean-strategy,2026-05-22,templates,red-ocean-and-blue-ocean-strategy,red ocean and blue ocean strategy,,content
mural.co,https://www.mural.co/templates/remote-all-hands-meeting,2025-06-18,templates,remote-all-hands-meeting,remote all hands meeting,,content
mural.co,https://www.mural.co/templates/remote-think-aloud-testing,2025-06-18,templates,remote-think-aloud-testing,remote think aloud testing,,content
mural.co,https://www.mural.co/templates/research-notes,2026-07-20,templates,research-notes,research notes,,content
mural.co,https://www.mural.co/templates/research-paper-outline,2026-03-05,templates,research-paper-outline,research paper outline,,content
mural.co,https://www.mural.co/templates/research-synthesis,2026-05-22,templates,research-synthesis,research synthesis,,content
mural.co,https://www.mural.co/templates/research-user-interviews,2026-05-22,templates,research-user-interviews,research user interviews,,content
mural.co,https://www.mural.co/templates/resilient-product-roadmap,2025-06-18,templates,resilient-product-roadmap,resilient product roadmap,,content
mural.co,https://www.mural.co/templates/resume-cover-letter-brainstorm-feedback,2025-08-04,templates,resume-cover-letter-brainstorm-feedback,resume cover letter brainstorm feedback,,content
mural.co,https://www.mural.co/templates/retrospective,2026-07-08,templates,retrospective,retrospective,,content
mural.co,https://www.mural.co/templates/retrospective-radar,2025-07-28,templates,retrospective-radar,retrospective radar,,content
mural.co,https://www.mural.co/templates/risk-probability-matrix,2026-07-08,templates,risk-probability-matrix,risk probability matrix,,content
mural.co,https://www.mural.co/templates/ritual-reset,2025-07-30,templates,ritual-reset,ritual reset,,content
mural.co,https://www.mural.co/templates/roadmap-one-quarter,2026-05-22,templates,roadmap-one-quarter,roadmap one quarter,,content
mural.co,https://www.mural.co/templates/roi-calculator,2025-06-18,templates,roi-calculator,roi calculator,,content
mural.co,https://www.mural.co/templates/rose-thorn-bud-affinity-clusters,2026-05-22,templates,rose-thorn-bud-affinity-clusters,rose thorn bud affinity clusters,,content
mural.co,https://www.mural.co/templates/rose-thorn-bud-and-affinity-clusters,2026-05-22,templates,rose-thorn-bud-and-affinity-clusters,rose thorn bud and affinity clusters,,content
mural.co,https://www.mural.co/templates/rough-and-ready-prototyping,2026-05-22,templates,rough-and-ready-prototyping,rough and ready prototyping,,content
mural.co,https://www.mural.co/templates/round-robin,2026-05-22,templates,round-robin,round robin,,content
mural.co,https://www.mural.co/templates/sailboat-retrospective,2026-05-22,templates,sailboat-retrospective,sailboat retrospective,,content
mural.co,https://www.mural.co/templates/sales-account-planning,2026-05-22,templates,sales-account-planning,sales account planning,,content
mural.co,https://www.mural.co/templates/sales-funnel,2026-05-22,templates,sales-funnel,sales funnel,,content
mural.co,https://www.mural.co/templates/scenario-map,2026-05-22,templates,scenario-map,scenario map,,content
mural.co,https://www.mural.co/templates/schematic-diagramming,2026-05-22,templates,schematic-diagramming,schematic diagramming,,content
mural.co,https://www.mural.co/templates/school-planner,2025-06-18,templates,school-planner,school planner,,content
mural.co,https://www.mural.co/templates/secret-superpower-icebreaker,2026-05-22,templates,secret-superpower-icebreaker,secret superpower icebreaker,,content
mural.co,https://www.mural.co/templates/selfie-sketch,2025-08-04,templates,selfie-sketch,selfie sketch,,content
mural.co,https://www.mural.co/templates/september-2025-calendar,2025-06-18,templates,september-2025-calendar,september 2025 calendar,2025,content
mural.co,https://www.mural.co/templates/september-2026-calendar,2026-01-07,templates,september-2026-calendar,september 2026 calendar,2026,content
mural.co,https://www.mural.co/templates/sequence-diagramming,2026-05-22,templates,sequence-diagramming,sequence diagramming,,content
mural.co,https://www.mural.co/templates/service-blueprint,2026-05-22,templates,service-blueprint,service blueprint,,content
mural.co,https://www.mural.co/templates/show-and-tell,2025-10-13,templates,show-and-tell,show and tell,,content
mural.co,https://www.mural.co/templates/silent-circuit,2025-06-18,templates,silent-circuit,silent circuit,,content
mural.co,https://www.mural.co/templates/simple-architecture-diagram-uml,2026-05-22,templates,simple-architecture-diagram-uml,simple architecture diagram uml,,content
mural.co,https://www.mural.co/templates/simple-feedback,2026-07-08,templates,simple-feedback,simple feedback,,content
mural.co,https://www.mural.co/templates/simple-stakeholder-map,2026-05-22,templates,simple-stakeholder-map,simple stakeholder map,,content
mural.co,https://www.mural.co/templates/simple-storyboard,2025-09-19,templates,simple-storyboard,simple storyboard,,content
mural.co,https://www.mural.co/templates/sipoc-diagram,2026-05-22,templates,sipoc-diagram,sipoc diagram,,content
mural.co,https://www.mural.co/templates/sitemap,2026-05-22,templates,sitemap,sitemap,,noncontent
mural.co,https://www.mural.co/templates/smart-goals,2026-05-22,templates,smart-goals,smart goals,,content
mural.co,https://www.mural.co/templates/social-business-model-canvas,2025-07-30,templates,social-business-model-canvas,social business model canvas,,content
mural.co,https://www.mural.co/templates/sprint-planning,2026-05-22,templates,sprint-planning,sprint planning,,content
mural.co,https://www.mural.co/templates/sprint-retrospective,2026-05-22,templates,sprint-retrospective,sprint retrospective,,content
mural.co,https://www.mural.co/templates/sprint-review,2026-05-22,templates,sprint-review,sprint review,,content
mural.co,https://www.mural.co/templates/stakeholder-analysis,2026-05-22,templates,stakeholder-analysis,stakeholder analysis,,content
mural.co,https://www.mural.co/templates/stakeholder-interviews,2026-05-22,templates,stakeholder-interviews,stakeholder interviews,,content
mural.co,https://www.mural.co/templates/stakeholder-map,2026-05-22,templates,stakeholder-map,stakeholder map,,content
mural.co,https://www.mural.co/templates/stakeholder-mapping,2026-05-22,templates,stakeholder-mapping,stakeholder mapping,,content
mural.co,https://www.mural.co/templates/start-stop-continue-retrospective,2026-05-22,templates,start-stop-continue-retrospective,start stop continue retrospective,,content
mural.co,https://www.mural.co/templates/statement-starters,2026-05-22,templates,statement-starters,statement starters,,content
mural.co,https://www.mural.co/templates/storyboard-student-journey,2025-06-18,templates,storyboard-student-journey,storyboard student journey,,content
mural.co,https://www.mural.co/templates/storyboarding,2026-05-22,templates,storyboarding,storyboarding,,content
mural.co,https://www.mural.co/templates/storytelling,2025-06-18,templates,storytelling,storytelling,,content
mural.co,https://www.mural.co/templates/storywording,2025-06-18,templates,storywording,storywording,,content
mural.co,https://www.mural.co/templates/strategy-blueprint,2026-05-22,templates,strategy-blueprint,strategy blueprint,,content
mural.co,https://www.mural.co/templates/strategy-explorer,2025-06-18,templates,strategy-explorer,strategy explorer,,content
mural.co,https://www.mural.co/templates/strategy-map,2026-05-22,templates,strategy-map,strategy map,,content
mural.co,https://www.mural.co/templates/student-presentations-in-a-hybrid-classroom,2025-07-28,templates,student-presentations-in-a-hybrid-classroom,student presentations in a hybrid classroom,,content
mural.co,https://www.mural.co/templates/study-guide,2026-05-22,templates,study-guide,study guide,,content
mural.co,https://www.mural.co/templates/super-hunch-sketch-pad,2025-06-18,templates,super-hunch-sketch-pad,super hunch sketch pad,,content
mural.co,https://www.mural.co/templates/swimlane-diagram,2026-05-22,templates,swimlane-diagram,swimlane diagram,,content
mural.co,https://www.mural.co/templates/swot-analysis,2026-07-08,templates,swot-analysis,swot analysis,,content
mural.co,https://www.mural.co/templates/syllabus-builder,2025-06-18,templates,syllabus-builder,syllabus builder,,content
mural.co,https://www.mural.co/templates/sympathy-card,2025-06-18,templates,sympathy-card,sympathy card,,content
mural.co,https://www.mural.co/templates/system-usability-scale,2026-05-22,templates,system-usability-scale,system usability scale,,content
mural.co,https://www.mural.co/templates/teaching-the-scrum-framework,2025-08-04,templates,teaching-the-scrum-framework,teaching the scrum framework,,content
mural.co,https://www.mural.co/templates/team-agreements,2026-05-22,templates,team-agreements,team agreements,,content
mural.co,https://www.mural.co/templates/team-alignment-workshop,2025-07-30,templates,team-alignment-workshop,team alignment workshop,,content
mural.co,https://www.mural.co/templates/team-backlog,2026-05-22,templates,team-backlog,team backlog,,content
mural.co,https://www.mural.co/templates/team-bookshelf,2025-10-13,templates,team-bookshelf,team bookshelf,,content
mural.co,https://www.mural.co/templates/team-building-playground,2025-06-18,templates,team-building-playground,team building playground,,content
mural.co,https://www.mural.co/templates/team-canvas,2026-05-22,templates,team-canvas,team canvas,,content
mural.co,https://www.mural.co/templates/team-charter,2026-07-08,templates,team-charter,team charter,,content
mural.co,https://www.mural.co/templates/team-cliftonstrengths-library,2025-06-18,templates,team-cliftonstrengths-library,team cliftonstrengths library,,content
mural.co,https://www.mural.co/templates/team-feast,2025-10-13,templates,team-feast,team feast,,content
mural.co,https://www.mural.co/templates/team-feedback,2025-08-04,templates,team-feedback,team feedback,,content
mural.co,https://www.mural.co/templates/team-health-check,2025-06-18,templates,team-health-check,team health check,,content
mural.co,https://www.mural.co/templates/team-history-map,2025-06-18,templates,team-history-map,team history map,,content
mural.co,https://www.mural.co/templates/team-meeting-agenda,2026-07-08,templates,team-meeting-agenda,team meeting agenda,,content
mural.co,https://www.mural.co/templates/team-member-user-manual,2025-06-18,templates,team-member-user-manual,team member user manual,,content
mural.co,https://www.mural.co/templates/team-standup,2026-05-22,templates,team-standup,team standup,,content
mural.co,https://www.mural.co/templates/team-warmups-energizers,2025-07-30,templates,team-warmups-energizers,team warmups energizers,,content
mural.co,https://www.mural.co/templates/team-wellbeing-and-emotions-check-in,2025-08-04,templates,team-wellbeing-and-emotions-check-in,team wellbeing and emotions check in,,content
mural.co,https://www.mural.co/templates/team-working-agreement-canvas,2025-06-18,templates,team-working-agreement-canvas,team working agreement canvas,,content
mural.co,https://www.mural.co/templates/thank-you-card-1,2025-06-18,templates,thank-you-card-1,thank you card 1,,content
mural.co,https://www.mural.co/templates/thank-you-card-2,2025-06-18,templates,thank-you-card-2,thank you card 2,,content
mural.co,https://www.mural.co/templates/thank-you-card-3,2025-06-18,templates,thank-you-card-3,thank you card 3,,content
mural.co,https://www.mural.co/templates/thank-you-card-4,2025-06-18,templates,thank-you-card-4,thank you card 4,,content
mural.co,https://www.mural.co/templates/the-concept-sprint,2025-06-18,templates,the-concept-sprint,the concept sprint,,content
mural.co,https://www.mural.co/templates/the-ultimate-team-stand-up,2026-05-22,templates,the-ultimate-team-stand-up,the ultimate team stand up,,content
mural.co,https://www.mural.co/templates/think-aloud-testing,2026-05-22,templates,think-aloud-testing,think aloud testing,,content
mural.co,https://www.mural.co/templates/thoughtful-execution-tree,2025-06-18,templates,thoughtful-execution-tree,thoughtful execution tree,,content
mural.co,https://www.mural.co/templates/thumbnail-sketching,2026-05-22,templates,thumbnail-sketching,thumbnail sketching,,content
mural.co,https://www.mural.co/templates/tier-list,2026-05-22,templates,tier-list,tier list,,content
mural.co,https://www.mural.co/templates/timeline,2026-05-22,templates,timeline,timeline,,content
mural.co,https://www.mural.co/templates/title-slide-1,2026-05-22,templates,title-slide-1,title slide 1,,content
mural.co,https://www.mural.co/templates/to-do-list,2026-05-22,templates,to-do-list,to do list,,content
mural.co,https://www.mural.co/templates/treasure-hunt-retro,2025-06-18,templates,treasure-hunt-retro,treasure hunt retro,,content
mural.co,https://www.mural.co/templates/trend-card-deck,2025-06-18,templates,trend-card-deck,trend card deck,,content
mural.co,https://www.mural.co/templates/trivia-game,2025-06-18,templates,trivia-game,trivia game,,content
mural.co,https://www.mural.co/templates/triz,2025-06-18,templates,triz,triz,,content
mural.co,https://www.mural.co/templates/troika,2025-06-18,templates,troika,troika,,content
mural.co,https://www.mural.co/templates/two-truths-and-a-lie-icebreaker,2026-05-22,templates,two-truths-and-a-lie-icebreaker,two truths and a lie icebreaker,,content
mural.co,https://www.mural.co/templates/understand-context-business-model,2025-06-18,templates,understand-context-business-model,understand context business model,,content
mural.co,https://www.mural.co/templates/untangle-a-complex-problem,2026-07-08,templates,untangle-a-complex-problem,untangle a complex problem,,content
mural.co,https://www.mural.co/templates/user-and-customer-interviews,2026-05-22,templates,user-and-customer-interviews,user and customer interviews,,content
mural.co,https://www.mural.co/templates/user-flow,2026-05-22,templates,user-flow,user flow,,content
mural.co,https://www.mural.co/templates/user-interview,2026-05-22,templates,user-interview,user interview,,content
mural.co,https://www.mural.co/templates/user-journey,2026-05-22,templates,user-journey,user journey,,content
mural.co,https://www.mural.co/templates/user-personas,2026-05-22,templates,user-personas,user personas,,content
mural.co,https://www.mural.co/templates/user-story-map,2025-06-18,templates,user-story-map,user story map,,content
mural.co,https://www.mural.co/templates/value-chain-analysis,2026-05-22,templates,value-chain-analysis,value chain analysis,,content
mural.co,https://www.mural.co/templates/value-stream-discovery-loop,2025-06-18,templates,value-stream-discovery-loop,value stream discovery loop,,content
mural.co,https://www.mural.co/templates/value-stream-mapping,2026-05-22,templates,value-stream-mapping,value stream mapping,,content
mural.co,https://www.mural.co/templates/venn-diagram,2026-05-22,templates,venn-diagram,venn diagram,,content
mural.co,https://www.mural.co/templates/video-storyboard,2026-05-22,templates,video-storyboard,video storyboard,,content
mural.co,https://www.mural.co/templates/virtual-invitation,2025-06-18,templates,virtual-invitation,virtual invitation,,content
mural.co,https://www.mural.co/templates/virtual-water-cooler,2025-06-18,templates,virtual-water-cooler,virtual water cooler,,content
mural.co,https://www.mural.co/templates/vision-board,2026-05-22,templates,vision-board,vision board,,content
mural.co,https://www.mural.co/templates/vision-storyboard,2025-09-17,templates,vision-storyboard,vision storyboard,,content
mural.co,https://www.mural.co/templates/visualize-the-vote,2026-05-22,templates,visualize-the-vote,visualize the vote,,content
mural.co,https://www.mural.co/templates/vmsv-pyramid,2026-07-23,templates,vmsv-pyramid,vmsv pyramid,,content
mural.co,https://www.mural.co/templates/walk-a-mile-immersion,2026-05-22,templates,walk-a-mile-immersion,walk a mile immersion,,content
mural.co,https://www.mural.co/templates/wall-of-work,2026-05-22,templates,wall-of-work,wall of work,,content
mural.co,https://www.mural.co/templates/ways-of-working-worksheet,2025-06-18,templates,ways-of-working-worksheet,ways of working worksheet,,content
mural.co,https://www.mural.co/templates/weekly-1-on-1-meeting,2026-07-20,templates,weekly-1-on-1-meeting,weekly 1 on 1 meeting,,content
mural.co,https://www.mural.co/templates/weekly-calendar,2026-05-22,templates,weekly-calendar,weekly calendar,,content
mural.co,https://www.mural.co/templates/weekly-kanban-and-retrospective,2025-07-24,templates,weekly-kanban-and-retrospective,weekly kanban and retrospective,,content
mural.co,https://www.mural.co/templates/weekly-leadership-team-meeting,2025-06-18,templates,weekly-leadership-team-meeting,weekly leadership team meeting,,content
mural.co,https://www.mural.co/templates/weekly-team-retrospective,2026-05-22,templates,weekly-team-retrospective,weekly team retrospective,,content
mural.co,https://www.mural.co/templates/welcoming-get-together,2025-06-18,templates,welcoming-get-together,welcoming get together,,content
mural.co,https://www.mural.co/templates/what-i-need-from-you,2025-06-18,templates,what-i-need-from-you,what i need from you,,noncontent
mural.co,https://www.mural.co/templates/what-so-what-now-what,2026-05-22,templates,what-so-what-now-what,what so what now what,,noncontent
mural.co,https://www.mural.co/templates/whats-on-your-radar,2026-05-22,templates,whats-on-your-radar,whats on your radar,,content
mural.co,https://www.mural.co/templates/white-elephant-deluxe,2025-07-30,templates,white-elephant-deluxe,white elephant deluxe,,content
mural.co,https://www.mural.co/templates/whys-and-hows,2026-07-08,templates,whys-and-hows,whys and hows,,content
mural.co,https://www.mural.co/templates/win-loss-analysis,2026-05-22,templates,win-loss-analysis,win loss analysis,,content
mural.co,https://www.mural.co/templates/wireframing-for-desktop,2026-05-22,templates,wireframing-for-desktop,wireframing for desktop,,content
mural.co,https://www.mural.co/templates/wireframing-for-mobile,2026-05-22,templates,wireframing-for-mobile,wireframing for mobile,,content
mural.co,https://www.mural.co/templates/work-anniversary,2025-06-18,templates,work-anniversary,work anniversary,,content
mural.co,https://www.mural.co/templates/work-breakdown-structure,2026-05-22,templates,work-breakdown-structure,work breakdown structure,,content
mural.co,https://www.mural.co/templates/work-life-impact-play,2025-08-04,templates,work-life-impact-play,work life impact play,,content
mural.co,https://www.mural.co/templates/workflow,2026-05-22,templates,workflow,workflow,,content
mural.co,https://www.mural.co/templates/working-backwards,2025-06-18,templates,working-backwards,working backwards,,content
mural.co,https://www.mural.co/templates/workshop-building-blocks,2025-06-18,templates,workshop-building-blocks,workshop building blocks,,content
mural.co,https://www.mural.co/templates/workshop-planning,2026-05-22,templates,workshop-planning,workshop planning,,content
mural.co,https://www.mural.co/templates/workshop-playbook,2025-06-18,templates,workshop-playbook,workshop playbook,,content
mural.co,https://www.mural.co/templates/workshop-summary,2025-06-18,templates,workshop-summary,workshop summary,,content
mural.co,https://www.mural.co/templates/workshop-toolkit,2026-05-22,templates,workshop-toolkit,workshop toolkit,,content
mural.co,https://www.mural.co/templates/world-map,2025-10-13,templates,world-map,world map,,content
mural.co,https://www.mural.co/template-use-case/agile,2025-02-12,template-use-case,agile,agile,,content
mural.co,https://www.mural.co/template-use-case/all,2025-02-12,template-use-case,all,all,,noncontent
mural.co,https://www.mural.co/template-use-case/brainstorm,2025-02-12,template-use-case,brainstorm,brainstorm,,content
mural.co,https://www.mural.co/template-use-case/connect,2025-02-12,template-use-case,connect,connect,,content
mural.co,https://www.mural.co/template-use-case/create,2025-08-04,template-use-case,create,create,,content
mural.co,https://www.mural.co/template-use-case/design-thinking,2025-02-12,template-use-case,design-thinking,design thinking,,content
mural.co,https://www.mural.co/template-use-case/luma-system,2025-08-04,template-use-case,luma-system,luma system,,content
mural.co,https://www.mural.co/template-use-case/plan,2025-02-12,template-use-case,plan,plan,,content
mural.co,https://www.mural.co/template-use-case/present,2025-02-12,template-use-case,present,present,,content
mural.co,https://www.mural.co/template-use-case/prioritize,2025-02-12,template-use-case,prioritize,prioritize,,content
mural.co,https://www.mural.co/template-use-case/reflect,2025-02-12,template-use-case,reflect,reflect,,content
mural.co,https://www.mural.co/template-use-case/research,2025-02-12,template-use-case,research,research,,content
mural.co,https://www.mural.co/template-use-case/strategize,2025-02-12,template-use-case,strategize,strategize,,content
mural.co,https://www.mural.co/tag/qbr,2025-03-12,tag,qbr,qbr,,noncontent
mural.co,https://www.mural.co/resources/teams/consulting,2026-08-31,resources,consulting,consulting,,content
mural.co,https://www.mural.co/resources/teams/marketing,2026-08-31,resources,marketing,marketing,,content
mural.co,https://www.mural.co/resources/teams/research-and-development,2026-08-31,resources,research-and-development,research and development,,content
mural.co,https://www.mural.co/resources/teams/sales,2026-08-31,resources,sales,sales,,content
mural.co,https://www.mural.co/resources/topic/facilitation,2026-08-31,resources,facilitation,facilitation,,content
mural.co,https://www.mural.co/resources/topic/human-centered-design,2026-08-31,resources,human-centered-design,human centered design,,content
mural.co,https://www.mural.co/resources/topic/ideation-and-innovation,2026-08-31,resources,ideation-and-innovation,ideation and innovation,,content
mural.co,https://www.mural.co/resources/topic/integrations-and-ecosystem,2026-08-31,resources,integrations-and-ecosystem,integrations and ecosystem,,content
mural.co,https://www.mural.co/resources/topic/marketing-and-campaigns,2026-08-31,resources,marketing-and-campaigns,marketing and campaigns,,content
mural.co,https://www.mural.co/resources/topic/mural-ai,2026-08-31,resources,mural-ai,mural ai,,content
mural.co,https://www.mural.co/resources/topic/product,2026-08-31,resources,product,product,,content
mural.co,https://www.mural.co/resources/topic/remote-and-hybrid-work,2026-08-31,resources,remote-and-hybrid-work,remote and hybrid work,,content
mural.co,https://www.mural.co/resources/topic/research-and-insights,2026-08-31,resources,research-and-insights,research and insights,,content
mural.co,https://www.mural.co/resources/topic/sales-and-revenue,2026-08-31,resources,sales-and-revenue,sales and revenue,,content
mural.co,https://www.mural.co/resources/topic/strategy-and-planning,2026-08-31,resources,strategy-and-planning,strategy and planning,,content
mural.co,https://www.mural.co/resources/topic/thought-leadership,2026-08-31,resources,thought-leadership,thought leadership,,content
