domain,url,lastmod,first_segment,slug,slug_tokens,year,content
productboard.com,https://www.productboard.com/ai-product-summit-2026/,2026-09-28,ai-product-summit-2026,ai-product-summit-2026,ai product summit 2026,2026,content
productboard.com,https://www.productboard.com/platform/security/,2026-08-25,platform,security,security,,content
productboard.com,https://www.productboard.com/use-cases/product-specification/,2026-09-23,use-cases,product-specification,product specification,,content
productboard.com,https://www.productboard.com/legal/evaluation-agreement-2024-11/,2026-07-30,legal,evaluation-agreement-2024-11,evaluation agreement 2024 11,2024,content
productboard.com,https://www.productboard.com/legal/evaluation-agreement/,2026-07-30,legal,evaluation-agreement,evaluation agreement,,content
productboard.com,https://www.productboard.com/legal/productboard-ai-terms/2025-09/,2026-07-28,legal,2025-09,2025 09,2025,noncontent
productboard.com,https://www.productboard.com/legal/productboard-ai-terms/,2026-07-30,legal,productboard-ai-terms,productboard ai terms,,content
productboard.com,https://www.productboard.com/platform-guidelines-2025-09/,2026-07-30,platform-guidelines-2025-09,platform-guidelines-2025-09,platform guidelines 2025 09,2025,content
productboard.com,https://www.productboard.com/platform-guidelines/,2026-07-30,platform-guidelines,platform-guidelines,platform guidelines,,content
productboard.com,https://www.productboard.com/privacy-policy-2024-01/,2026-07-28,privacy-policy-2024-01,privacy-policy-2024-01,privacy policy 2024 01,2024,content
productboard.com,https://www.productboard.com/privacy-policy/,2026-07-30,privacy-policy,privacy-policy,privacy policy,,noncontent
productboard.com,https://www.productboard.com/msa/,2026-07-30,msa,msa,msa,,content
productboard.com,https://www.productboard.com/msa/2026-09-01/,2026-07-28,msa,2026-09-01,2026 09 01,2026,noncontent
productboard.com,https://www.productboard.com/use-cases/,2026-10-05,use-cases,use-cases,use cases,,content
productboard.com,https://www.productboard.com/use-cases/product-roadmapping/,2026-07-31,use-cases,product-roadmapping,product roadmapping,,content
productboard.com,https://www.productboard.com/product/spark/,2026-10-05,product,spark,spark,,content
productboard.com,https://www.productboard.com/platform/integrations/,2026-10-05,platform,integrations,integrations,,content
productboard.com,https://www.productboard.com/,2026-09-09,,,,,noncontent
productboard.com,https://www.productboard.com/pricing/,2026-10-05,pricing,pricing,pricing,,noncontent
productboard.com,https://www.productboard.com/templates/blank-page/,2026-08-07,templates,blank-page,blank page,,content
productboard.com,https://www.productboard.com/privacy-notice/,2026-03-23,privacy-notice,privacy-notice,privacy notice,,noncontent
productboard.com,https://www.productboard.com/customers/,2026-08-18,customers,customers,customers,,content
productboard.com,https://www.productboard.com/resource/spark-prompting-101/,2026-03-17,resource,spark-prompting-101,spark prompting 101,,content
productboard.com,https://www.productboard.com/use-cases/product-operations/,2026-10-05,use-cases,product-operations,product operations,,content
productboard.com,https://www.productboard.com/use-cases/product-strategy/,2026-10-05,use-cases,product-strategy,product strategy,,content
productboard.com,https://www.productboard.com/use-cases/customer-insights/,2026-10-05,use-cases,customer-insights,customer insights,,content
productboard.com,https://www.productboard.com/use-cases/customer-engagement/,2026-10-05,use-cases,customer-engagement,customer engagement,,content
productboard.com,https://www.productboard.com/ai-product-summit/2025-recordings-master-product-ops/,2026-01-20,ai-product-summit,2025-recordings-master-product-ops,2025 recordings master product ops,2025,content
productboard.com,https://www.productboard.com/email-sign-up/,2026-03-05,email-sign-up,email-sign-up,email sign up,,content
productboard.com,https://www.productboard.com/ai-product-summit/2025-recordings-ai-product-leadership/,2025-11-14,ai-product-summit,2025-recordings-ai-product-leadership,2025 recordings ai product leadership,2025,content
productboard.com,https://www.productboard.com/platform/engagement/,2026-08-07,platform,engagement,engagement,,content
productboard.com,https://www.productboard.com/msa/2025-09-18/,2026-01-07,msa,2025-09-18,2025 09 18,2025,noncontent
productboard.com,https://www.productboard.com/2022-2-productrelease-automation-roadmaps-prioritization/,2025-10-09,2022-2-productrelease-automation-roadmaps-prioritization,2022-2-productrelease-automation-roadmaps-prioritization,2022 2 productrelease automation roadmaps prioritization,2022,content
productboard.com,https://www.productboard.com/enterprise/,2026-08-17,enterprise,enterprise,enterprise,,content
productboard.com,https://www.productboard.com/platform/,2026-10-05,platform,platform,platform,,content
productboard.com,https://www.productboard.com/ai-product-summit/2025-recordings/,2025-11-04,ai-product-summit,2025-recordings,2025 recordings,2025,content
productboard.com,https://www.productboard.com/platform-guidelines/2023-11-30/,2025-09-18,platform-guidelines,2023-11-30,2023 11 30,2023,noncontent
productboard.com,https://www.productboard.com/legal/productboard-ai-terms/2024-11-11/,2025-09-18,legal,2024-11-11,2024 11 11,2024,noncontent
productboard.com,https://www.productboard.com/msa/2023-11-30/,2025-09-18,msa,2023-11-30,2023 11 30,2023,noncontent
productboard.com,https://www.productboard.com/do-not-sell-request/,2025-05-29,do-not-sell-request,do-not-sell-request,do not sell request,,content
productboard.com,https://www.productboard.com/cookies/2021-10-20/,2026-02-05,cookies,2021-10-20,2021 10 20,2021,noncontent
productboard.com,https://www.productboard.com/ai-product-summit/,2025-10-17,ai-product-summit,ai-product-summit,ai product summit,,content
productboard.com,https://www.productboard.com/lp/product-leadership-lessons-from-seed-to-ipo/,2025-03-03,lp,product-leadership-lessons-from-seed-to-ipo,product leadership lessons from seed to ipo,,content
productboard.com,https://www.productboard.com/lp/webinar-building-customer-centric-product-teams-at-scale/,2025-02-26,lp,webinar-building-customer-centric-product-teams-at-scale,webinar building customer centric product teams at scale,,content
productboard.com,https://www.productboard.com/legal/services-level-objective-services/,2025-01-27,legal,services-level-objective-services,services level objective services,,content
productboard.com,https://www.productboard.com/legal/community-productboard-monthly-contest-official-rules/,2025-01-25,legal,community-productboard-monthly-contest-official-rules,community productboard monthly contest official rules,,content
productboard.com,https://www.productboard.com/product-excellence/,2025-11-30,product-excellence,product-excellence,product excellence,,content
productboard.com,https://www.productboard.com/product-roadmap-software-to-share-product-roadmap/,2026-08-04,product-roadmap-software-to-share-product-roadmap,product-roadmap-software-to-share-product-roadmap,product roadmap software to share product roadmap,,content
productboard.com,https://www.productboard.com/collaborative-product-management-tool/,2026-08-04,collaborative-product-management-tool,collaborative-product-management-tool,collaborative product management tool,,content
productboard.com,https://www.productboard.com/sign-up-for-the-new-productboard-experience/,2025-01-24,sign-up-for-the-new-productboard-experience,sign-up-for-the-new-productboard-experience,sign up for the new productboard experience,,content
productboard.com,https://www.productboard.com/product-roadmap-guide/,2026-08-04,product-roadmap-guide,product-roadmap-guide,product roadmap guide,,content
productboard.com,https://www.productboard.com/teams/product-management/,2026-10-05,teams,product-management,product management,,content
productboard.com,https://www.productboard.com/lp/aligning-product-and-sales-cheat-sheet/,2025-01-23,lp,aligning-product-and-sales-cheat-sheet,aligning product and sales cheat sheet,,content
productboard.com,https://www.productboard.com/lp/aligning-product-and-the-ceo-board-cheat-sheet/,2025-01-22,lp,aligning-product-and-the-ceo-board-cheat-sheet,aligning product and the ceo board cheat sheet,,content
productboard.com,https://www.productboard.com/lp/aligning-product-and-customer-support-cheat-sheet/,2025-01-22,lp,aligning-product-and-customer-support-cheat-sheet,aligning product and customer support cheat sheet,,content
productboard.com,https://www.productboard.com/lp/aligning-product-and-gtm-leaders-cheat-sheet/,2025-01-22,lp,aligning-product-and-gtm-leaders-cheat-sheet,aligning product and gtm leaders cheat sheet,,content
productboard.com,https://www.productboard.com/lp/aligning-product-and-sales-engineering-cheat-sheet/,2025-01-22,lp,aligning-product-and-sales-engineering-cheat-sheet,aligning product and sales engineering cheat sheet,,content
productboard.com,https://www.productboard.com/lp/aligning-product-and-customer-success-cheat-sheet/,2025-01-22,lp,aligning-product-and-customer-success-cheat-sheet,aligning product and customer success cheat sheet,,content
productboard.com,https://www.productboard.com/events/,2026-03-09,events,events,events,,content
productboard.com,https://www.productboard.com/about/,2025-12-12,about,about,about,,noncontent
productboard.com,https://www.productboard.com/blog/,2026-06-22,blog,blog,blog,,noncontent
productboard.com,https://www.productboard.com/product/2024-fall-launch/,2025-01-13,product,2024-fall-launch,2024 fall launch,2024,content
productboard.com,https://www.productboard.com/resource/customer-qa/,2026-02-05,resource,customer-qa,customer qa,,content
productboard.com,https://www.productboard.com/product-excellence-summit/,2024-12-13,product-excellence-summit,product-excellence-summit,product excellence summit,,content
productboard.com,https://www.productboard.com/infographic/dynamic-roadmapping-vs-status-quo/,2026-01-05,infographic,dynamic-roadmapping-vs-status-quo,dynamic roadmapping vs status quo,,content
productboard.com,https://www.productboard.com/website-terms-of-use/,2025-12-18,website-terms-of-use,website-terms-of-use,website terms of use,,content
productboard.com,https://www.productboard.com/lp/guide-product-management-platforms-for-finance/,2024-08-20,lp,guide-product-management-platforms-for-finance,guide product management platforms for finance,,content
productboard.com,https://www.productboard.com/lp/ai-product-framework/,2025-03-11,lp,ai-product-framework,ai product framework,,content
productboard.com,https://www.productboard.com/lp/product-framework-minimum-viable-product/,2025-03-11,lp,product-framework-minimum-viable-product,product framework minimum viable product,,content
productboard.com,https://www.productboard.com/ab/we-transfer/,2025-09-11,ab,we-transfer,we transfer,,content
productboard.com,https://www.productboard.com/ab/walmart/,2025-09-11,ab,walmart,walmart,,content
productboard.com,https://www.productboard.com/ab/motus/,2025-09-11,ab,motus,motus,,content
productboard.com,https://www.productboard.com/ab/macys/,2025-09-11,ab,macys,macys,,content
productboard.com,https://www.productboard.com/ab/kroger/,2025-09-11,ab,kroger,kroger,,content
productboard.com,https://www.productboard.com/ab/ion-group/,2025-09-11,ab,ion-group,ion group,,content
productboard.com,https://www.productboard.com/ab/ifs/,2025-09-11,ab,ifs,ifs,,content
productboard.com,https://www.productboard.com/lp/product-demo/,2025-11-12,lp,product-demo,product demo,,content
productboard.com,https://www.productboard.com/lp/product-trial/,2024-07-25,lp,product-trial,product trial,,content
productboard.com,https://www.productboard.com/projectthinking-vs-productthinking-ondemand/,2026-08-04,projectthinking-vs-productthinking-ondemand,projectthinking-vs-productthinking-ondemand,projectthinking vs productthinking ondemand,,content
productboard.com,https://www.productboard.com/lp/webinar-projectthinking-vs-productthinking/,2024-07-24,lp,webinar-projectthinking-vs-productthinking,webinar projectthinking vs productthinking,,content
productboard.com,https://www.productboard.com/productboard-vs-pendo/,2026-08-04,productboard-vs-pendo,productboard-vs-pendo,productboard vs pendo,,content
productboard.com,https://www.productboard.com/productboard-vs-uservoice/,2026-08-04,productboard-vs-uservoice,productboard-vs-uservoice,productboard vs uservoice,,content
productboard.com,https://www.productboard.com/pm-predictions-2024-ondemand/,2026-08-04,pm-predictions-2024-ondemand,pm-predictions-2024-ondemand,pm predictions 2024 ondemand,2024,content
productboard.com,https://www.productboard.com/product-management-software/,2026-08-04,product-management-software,product-management-software,product management software,,content
productboard.com,https://www.productboard.com/product-management-tools/,2026-08-04,product-management-tools,product-management-tools,product management tools,,content
productboard.com,https://www.productboard.com/resource/trial-live-demo/,2026-01-19,resource,trial-live-demo,trial live demo,,content
productboard.com,https://www.productboard.com/request-interactive-demo/,2024-07-24,request-interactive-demo,request-interactive-demo,request interactive demo,,content
productboard.com,https://www.productboard.com/lp/webinar-charting-career-in-pm/,2024-07-24,lp,webinar-charting-career-in-pm,webinar charting career in pm,,content
productboard.com,https://www.productboard.com/lp/scale-50-q422/,2024-07-24,lp,scale-50-q422,scale 50 q422,,content
productboard.com,https://www.productboard.com/product-roadmap/,2026-08-04,product-roadmap,product-roadmap,product roadmap,,content
productboard.com,https://www.productboard.com/webinar-product-strategy-fail-ondemand/,2026-08-04,webinar-product-strategy-fail-ondemand,webinar-product-strategy-fail-ondemand,webinar product strategy fail ondemand,,content
productboard.com,https://www.productboard.com/lp/uniting-product-and-go-to-market-teams-ebook-ug/,2025-01-31,lp,uniting-product-and-go-to-market-teams-ebook-ug,uniting product and go to market teams ebook ug,,content
productboard.com,https://www.productboard.com/trial-extension-request/,2026-03-09,trial-extension-request,trial-extension-request,trial extension request,,content
productboard.com,https://www.productboard.com/product-excellence-summit-recordings/,2026-08-04,product-excellence-summit-recordings,product-excellence-summit-recordings,product excellence summit recordings,,content
productboard.com,https://www.productboard.com/ab/fedex/,2025-11-12,ab,fedex,fedex,,content
productboard.com,https://www.productboard.com/ab/evolent-health/,2025-09-11,ab,evolent-health,evolent health,,content
productboard.com,https://www.productboard.com/ab/ebay/,2025-09-11,ab,ebay,ebay,,content
productboard.com,https://www.productboard.com/lp/product-ops-fireside-chat/,2024-07-03,lp,product-ops-fireside-chat,product ops fireside chat,,content
productboard.com,https://www.productboard.com/fireside-chat-enhance-team-collaboration/,2024-07-03,fireside-chat-enhance-team-collaboration,fireside-chat-enhance-team-collaboration,fireside chat enhance team collaboration,,content
productboard.com,https://www.productboard.com/resource/recap-decoding-prioritization/,2024-07-03,resource,recap-decoding-prioritization,recap decoding prioritization,,content
productboard.com,https://www.productboard.com/resource/recap-a-practical-and-scalable-approach-to-leadership-in-product/,2024-07-03,resource,recap-a-practical-and-scalable-approach-to-leadership-in-product,recap a practical and scalable approach to leadership in product,,content
productboard.com,https://www.productboard.com/resource/recap-using-wardley-maps-to-handle-uncertainty-and-make-fewer-mistakes/,2024-07-03,resource,recap-using-wardley-maps-to-handle-uncertainty-and-make-fewer-mistakes,recap using wardley maps to handle uncertainty and make fewer mistakes,,content
productboard.com,https://www.productboard.com/resource/recap-how-a-go-to-market-strategy-affects-your-product-lifecycle/,2024-07-03,resource,recap-how-a-go-to-market-strategy-affects-your-product-lifecycle,recap how a go to market strategy affects your product lifecycle,,content
productboard.com,https://www.productboard.com/resource/recap-how-to-build-teams-from-scratch/,2024-07-03,resource,recap-how-to-build-teams-from-scratch,recap how to build teams from scratch,,content
productboard.com,https://www.productboard.com/resource/recap-design-your-strategy/,2024-07-03,resource,recap-design-your-strategy,recap design your strategy,,content
productboard.com,https://www.productboard.com/resource/recap-democratizing-prioritization/,2024-07-03,resource,recap-democratizing-prioritization,recap democratizing prioritization,,content
productboard.com,https://www.productboard.com/resource/recap-superfriends-the-relationship-between-ux-design-and-product-management/,2024-07-03,resource,recap-superfriends-the-relationship-between-ux-design-and-product-management,recap superfriends the relationship between ux design and product management,,content
productboard.com,https://www.productboard.com/resource/recap-product-led-growth-at-productboard/,2024-07-03,resource,recap-product-led-growth-at-productboard,recap product led growth at productboard,,content
productboard.com,https://www.productboard.com/resource/recap-build-a-tight-community-feedback-loop-for-your-products/,2024-07-03,resource,recap-build-a-tight-community-feedback-loop-for-your-products,recap build a tight community feedback loop for your products,,content
productboard.com,https://www.productboard.com/resource/recap-developing-strong-product-people/,2024-07-03,resource,recap-developing-strong-product-people,recap developing strong product people,,content
productboard.com,https://www.productboard.com/resource/recap-putting-the-messenger-back-into-the-message/,2024-07-02,resource,recap-putting-the-messenger-back-into-the-message,recap putting the messenger back into the message,,content
productboard.com,https://www.productboard.com/resource/recap-lean-ux-ama-designing-great-products-with-agile-teams/,2024-07-02,resource,recap-lean-ux-ama-designing-great-products-with-agile-teams,recap lean ux ama designing great products with agile teams,,content
productboard.com,https://www.productboard.com/resource/recap-the-art-of-asking-why/,2024-07-03,resource,recap-the-art-of-asking-why,recap the art of asking why,,content
productboard.com,https://www.productboard.com/resource/recap-show-me-the-data-the-importance-of-having-good-metrics/,2024-07-02,resource,recap-show-me-the-data-the-importance-of-having-good-metrics,recap show me the data the importance of having good metrics,,content
productboard.com,https://www.productboard.com/resource-recap-ama-with-hubert-palan/,2024-07-02,resource-recap-ama-with-hubert-palan,resource-recap-ama-with-hubert-palan,resource recap ama with hubert palan,,content
productboard.com,https://www.productboard.com/resource/recap-product-as-reflection-of-self-mindful-product-management/,2024-07-02,resource,recap-product-as-reflection-of-self-mindful-product-management,recap product as reflection of self mindful product management,,content
productboard.com,https://www.productboard.com/resource/recap-navigating-a-career-in-product/,2024-07-02,resource,recap-navigating-a-career-in-product,recap navigating a career in product,,content
productboard.com,https://www.productboard.com/resource/recap-building-a-learning-muscle-in-your-product-team-with-jo-widawski/,2024-07-02,resource,recap-building-a-learning-muscle-in-your-product-team-with-jo-widawski,recap building a learning muscle in your product team with jo widawski,,content
productboard.com,https://www.productboard.com/resource/recap-taking-customer-centricity-to-the-next-level-the-art-and-science-of-product-integrations/,2024-07-02,resource,recap-taking-customer-centricity-to-the-next-level-the-art-and-science-of-product-integrations,recap taking customer centricity to the next level the art and science of product integrations,,content
productboard.com,https://www.productboard.com/resource/recap-what-comes-first-juggling-product-priorities/,2024-07-02,resource,recap-what-comes-first-juggling-product-priorities,recap what comes first juggling product priorities,,content
productboard.com,https://www.productboard.com/resource/recap-product-prioritization-is-triage/,2024-07-02,resource,recap-product-prioritization-is-triage,recap product prioritization is triage,,content
productboard.com,https://www.productboard.com/teams/,2024-07-02,teams,teams,teams,,content
productboard.com,https://www.productboard.com/resource/recap-building-hardware-in-a-software-world/,2024-07-02,resource,recap-building-hardware-in-a-software-world,recap building hardware in a software world,,content
productboard.com,https://www.productboard.com/resource/recap-prioritizing-to-build-what-customers-need-saying-no-to-a-1000-things/,2024-07-01,resource,recap-prioritizing-to-build-what-customers-need-saying-no-to-a-1000-things,recap prioritizing to build what customers need saying no to a 1000 things,,content
productboard.com,https://www.productboard.com/resource/recap-troubleshooting-user-interviews-from-no-shows-to-awkward-silences/,2024-07-01,resource,recap-troubleshooting-user-interviews-from-no-shows-to-awkward-silences,recap troubleshooting user interviews from no shows to awkward silences,,content
productboard.com,https://www.productboard.com/resource-recap-aligning-cs-product-teams-to-maximize-impact-for-the-customer/,2024-07-01,resource-recap-aligning-cs-product-teams-to-maximize-impact-for-the-customer,resource-recap-aligning-cs-product-teams-to-maximize-impact-for-the-customer,resource recap aligning cs product teams to maximize impact for the customer,,content
productboard.com,https://www.productboard.com/resource-recap-life-beyond-ok-rs-tools-for-effective-goal-setting-in-empowered-teams/,2024-07-01,resource-recap-life-beyond-ok-rs-tools-for-effective-goal-setting-in-empowered-teams,resource-recap-life-beyond-ok-rs-tools-for-effective-goal-setting-in-empowered-teams,resource recap life beyond ok rs tools for effective goal setting in empowered teams,,content
productboard.com,https://www.productboard.com/resource/recap-ecosystem-mapping/,2024-07-01,resource,recap-ecosystem-mapping,recap ecosystem mapping,,content
productboard.com,https://www.productboard.com/lp/product-maker-salary-survey-ug/,2024-07-01,lp,product-maker-salary-survey-ug,product maker salary survey ug,,content
productboard.com,https://www.productboard.com/2024-product-excellence-report-confirmation/,2024-07-23,2024-product-excellence-report-confirmation,2024-product-excellence-report-confirmation,2024 product excellence report confirmation,2024,content
productboard.com,https://www.productboard.com/lp/enterprise-buyers-guide-2-0-ug/,2024-07-01,lp,enterprise-buyers-guide-2-0-ug,enterprise buyers guide 2 0 ug,,content
productboard.com,https://www.productboard.com/lp/actionable-okrs-for-product-leaders/,2024-06-27,lp,actionable-okrs-for-product-leaders,actionable okrs for product leaders,,content
productboard.com,https://www.productboard.com/lp/john-carter-webinar-customer-insights/,2024-06-27,lp,john-carter-webinar-customer-insights,john carter webinar customer insights,,content
productboard.com,https://www.productboard.com/lp/driving-growth-through-change-webinar/,2024-06-27,lp,driving-growth-through-change-webinar,driving growth through change webinar,,content
productboard.com,https://www.productboard.com/dangerous-animals-2-dean-peters-webinar/,2025-02-27,dangerous-animals-2-dean-peters-webinar,dangerous-animals-2-dean-peters-webinar,dangerous animals 2 dean peters webinar,,content
productboard.com,https://www.productboard.com/lp-building-b-transformation-webinar-ondemand/,2026-08-04,lp-building-b-transformation-webinar-ondemand,lp-building-b-transformation-webinar-ondemand,lp building b transformation webinar ondemand,,content
productboard.com,https://www.productboard.com/lp/aha-vs-productboard-checklist-ug/,2025-02-13,lp,aha-vs-productboard-checklist-ug,aha vs productboard checklist ug,,content
productboard.com,https://www.productboard.com/summer-release-thank-you/,2024-06-24,summer-release-thank-you,summer-release-thank-you,summer release thank you,,content
productboard.com,https://www.productboard.com/lp/transform-your-product-strategy-the-new-productboard-unleashed/,2025-01-24,lp,transform-your-product-strategy-the-new-productboard-unleashed,transform your product strategy the new productboard unleashed,,content
productboard.com,https://www.productboard.com/lp/on-demand-efficiency-is-everything/,2026-08-04,lp,on-demand-efficiency-is-everything,on demand efficiency is everything,,content
productboard.com,https://www.productboard.com/josh-gibbs-ama-on-demand/,2026-08-04,josh-gibbs-ama-on-demand,josh-gibbs-ama-on-demand,josh gibbs ama on demand,,content
productboard.com,https://www.productboard.com/lp/on-demand-limitless-perseverance-in-the-face-of-uncertainty/,2024-05-16,lp,on-demand-limitless-perseverance-in-the-face-of-uncertainty,on demand limitless perseverance in the face of uncertainty,,content
productboard.com,https://www.productboard.com/request-demo-adv/thank-you/,2024-10-22,request-demo-adv,thank-you,thank you,,noncontent
productboard.com,https://www.productboard.com/product-analytics-integrations/,2024-08-12,product-analytics-integrations,product-analytics-integrations,product analytics integrations,,content
productboard.com,https://www.productboard.com/how-productboard-enables-customer-centric-product-management/,2024-05-02,how-productboard-enables-customer-centric-product-management,how-productboard-enables-customer-centric-product-management,how productboard enables customer centric product management,,content
productboard.com,https://www.productboard.com/feature-voting-2-0/,2024-05-02,feature-voting-2-0,feature-voting-2-0,feature voting 2 0,,content
productboard.com,https://www.productboard.com/product-management-demystified/,2024-05-03,product-management-demystified,product-management-demystified,product management demystified,,content
productboard.com,https://www.productboard.com/agile-product-management-tool/,2026-08-04,agile-product-management-tool,agile-product-management-tool,agile product management tool,,content
productboard.com,https://www.productboard.com/focus-on-the-problem-not-the-solution/,2025-06-02,focus-on-the-problem-not-the-solution,focus-on-the-problem-not-the-solution,focus on the problem not the solution,,content
productboard.com,https://www.productboard.com/product-management-best-practices-baked-in/,2024-05-01,product-management-best-practices-baked-in,product-management-best-practices-baked-in,product management best practices baked in,,content
productboard.com,https://www.productboard.com/understand-what-users-really-need/,2024-05-01,understand-what-users-really-need,understand-what-users-really-need,understand what users really need,,content
productboard.com,https://www.productboard.com/share-whats-planned/,2024-05-01,share-whats-planned,share-whats-planned,share whats planned,,content
productboard.com,https://www.productboard.com/product-market-fit/,2026-08-04,product-market-fit,product-market-fit,product market fit,,content
productboard.com,https://www.productboard.com/simple-and-easy/,2024-04-30,simple-and-easy,simple-and-easy,simple and easy,,content
productboard.com,https://www.productboard.com/your-project-management-software-needs-a-map/,2024-04-30,your-project-management-software-needs-a-map,your-project-management-software-needs-a-map,your project management software needs a map,,content
productboard.com,https://www.productboard.com/replace-your-spreadsheets/,2024-04-30,replace-your-spreadsheets,replace-your-spreadsheets,replace your spreadsheets,,content
productboard.com,https://www.productboard.com/careers/open-positions/,2024-04-29,careers,open-positions,open positions,,noncontent
productboard.com,https://www.productboard.com/product-management-system-for-product-makers/,2024-04-29,product-management-system-for-product-makers,product-management-system-for-product-makers,product management system for product makers,,content
productboard.com,https://www.productboard.com/satismeter-acquisition-faqs/,2025-10-09,satismeter-acquisition-faqs,satismeter-acquisition-faqs,satismeter acquisition faqs,,content
productboard.com,https://www.productboard.com/the-ultimate-guide-to-product-management/,2024-04-28,the-ultimate-guide-to-product-management,the-ultimate-guide-to-product-management,the ultimate guide to product management,,content
productboard.com,https://www.productboard.com/2022-1-productrelease-analytics-and-reporting/,2025-10-09,2022-1-productrelease-analytics-and-reporting,2022-1-productrelease-analytics-and-reporting,2022 1 productrelease analytics and reporting,2022,content
productboard.com,https://www.productboard.com/why-now-is-the-time-to-make-customers-central-to-your-product-strategy/,2024-04-27,why-now-is-the-time-to-make-customers-central-to-your-product-strategy,why-now-is-the-time-to-make-customers-central-to-your-product-strategy,why now is the time to make customers central to your product strategy,,content
productboard.com,https://www.productboard.com/chrome-extension/,2025-03-11,chrome-extension,chrome-extension,chrome extension,,content
productboard.com,https://www.productboard.com/product/ai-for-product-management/,2025-10-11,product,ai-for-product-management,ai for product management,,content
productboard.com,https://www.productboard.com/transfer-impact-assessment/,2025-01-25,transfer-impact-assessment,transfer-impact-assessment,transfer impact assessment,,content
productboard.com,https://www.productboard.com/dmca-notice/,2025-01-25,dmca-notice,dmca-notice,dmca notice,,content
productboard.com,https://www.productboard.com/customer-centric-product-management/,2026-08-04,customer-centric-product-management,customer-centric-product-management,customer centric product management,,content
productboard.com,https://www.productboard.com/feature-voting-forum/,2026-08-04,feature-voting-forum,feature-voting-forum,feature voting forum,,content
productboard.com,https://www.productboard.com/product-discovery-tool/,2024-04-22,product-discovery-tool,product-discovery-tool,product discovery tool,,content
productboard.com,https://www.productboard.com/customer-feedback-tool/,2026-08-04,customer-feedback-tool,customer-feedback-tool,customer feedback tool,,content
productboard.com,https://www.productboard.com/love/,2026-08-04,love,love,love,,content
productboard.com,https://www.productboard.com/dangerous-animals/,2025-03-11,dangerous-animals,dangerous-animals,dangerous animals,,content
productboard.com,https://www.productboard.com/behind-the-roadmaps/,2026-08-07,behind-the-roadmaps,behind-the-roadmaps,behind the roadmaps,,content
productboard.com,https://www.productboard.com/webinar-recordings-how-to-fireside-chat-series/,2026-08-04,webinar-recordings-how-to-fireside-chat-series,webinar-recordings-how-to-fireside-chat-series,webinar recordings how to fireside chat series,,content
productboard.com,https://www.productboard.com/teams/sales-customer-success/,2026-10-05,teams,sales-customer-success,sales customer success,,content
productboard.com,https://www.productboard.com/teams/engineering/,2026-10-05,teams,engineering,engineering,,content
productboard.com,https://www.productboard.com/teams/product-leaders/,2026-10-05,teams,product-leaders,product leaders,,content
productboard.com,https://www.productboard.com/teams/product-operations/,2026-10-05,teams,product-operations,product operations,,content
productboard.com,https://www.productboard.com/product-excellence-roadmaps-demo/,2024-05-20,product-excellence-roadmaps-demo,product-excellence-roadmaps-demo,product excellence roadmaps demo,,content
productboard.com,https://www.productboard.com/product-excellence-awards/,2024-05-16,product-excellence-awards,product-excellence-awards,product excellence awards,,content
productboard.com,https://www.productboard.com/product-portal-2/,2025-11-12,product-portal-2,product-portal-2,product portal 2,,content
productboard.com,https://www.productboard.com/product-portal/,2025-05-23,product-portal,product-portal,product portal,,content
productboard.com,https://www.productboard.com/product-management-tool/,2025-06-02,product-management-tool,product-management-tool,product management tool,,content
productboard.com,https://www.productboard.com/product-nightmares-terms-conditions/,2025-11-12,product-nightmares-terms-conditions,product-nightmares-terms-conditions,product nightmares terms conditions,,content
productboard.com,https://www.productboard.com/product-nightmares-before-christmas/,2025-11-12,product-nightmares-before-christmas,product-nightmares-before-christmas,product nightmares before christmas,,content
productboard.com,https://www.productboard.com/careers/,2026-02-26,careers,careers,careers,,noncontent
productboard.com,https://www.productboard.com/msa/2021-05-21/,2025-10-23,msa,2021-05-21,2021 05 21,2021,noncontent
productboard.com,https://www.productboard.com/new-page/,2024-04-23,new-page,new-page,new page,,noncontent
productboard.com,https://www.productboard.com/live-demo-101/,2024-03-06,live-demo-101,live-demo-101,live demo 101,,content
productboard.com,https://www.productboard.com/lp/limitless-perseverance-in-the-face-of-uncertainty/,2024-05-16,lp,limitless-perseverance-in-the-face-of-uncertainty,limitless perseverance in the face of uncertainty,,content
productboard.com,https://www.productboard.com/lp/autodesk-webinar-winning-stakeholder-and-customer-trust/,2025-01-25,lp,autodesk-webinar-winning-stakeholder-and-customer-trust,autodesk webinar winning stakeholder and customer trust,,content
productboard.com,https://www.productboard.com/lp/basics-demo-request/,2024-05-16,lp,basics-demo-request,basics demo request,,content
productboard.com,https://www.productboard.com/product-makers-newsletter/,2024-02-23,product-makers-newsletter,product-makers-newsletter,product makers newsletter,,content
productboard.com,https://www.productboard.com/product-excellence-ama-andrej-danko/,2024-04-19,product-excellence-ama-andrej-danko,product-excellence-ama-andrej-danko,product excellence ama andrej danko,,content
productboard.com,https://www.productboard.com/product-excellence-ama-hubert-palan-rachel-wolan/,2024-06-27,product-excellence-ama-hubert-palan-rachel-wolan,product-excellence-ama-hubert-palan-rachel-wolan,product excellence ama hubert palan rachel wolan,,content
productboard.com,https://www.productboard.com/platform/security/bug-bounty/,2026-08-24,platform,bug-bounty,bug bounty,,content
productboard.com,https://www.productboard.com/lp/commercial-hub/,2024-02-28,lp,commercial-hub,commercial hub,,content
productboard.com,https://www.productboard.com/lp/product-roadmapping-success-kit-series/,2025-01-30,lp,product-roadmapping-success-kit-series,product roadmapping success kit series,,content
productboard.com,https://www.productboard.com/lp/josh-gibbs-ama-webinar/,2024-06-27,lp,josh-gibbs-ama-webinar,josh gibbs ama webinar,,content
productboard.com,https://www.productboard.com/lp/success-kit-roadmap-storytelling/,2025-02-10,lp,success-kit-roadmap-storytelling,success kit roadmap storytelling,,content
productboard.com,https://www.productboard.com/lp/success-kit-building-roadmaps/,2025-02-10,lp,success-kit-building-roadmaps,success kit building roadmaps,,content
productboard.com,https://www.productboard.com/lp/product-survival-essentials/,2024-06-27,lp,product-survival-essentials,product survival essentials,,content
productboard.com,https://www.productboard.com/lp/success-kit-roadmap-prioritization/,2025-02-10,lp,success-kit-roadmap-prioritization,success kit roadmap prioritization,,content
productboard.com,https://www.productboard.com/lp/introducing-2022-3-product-release/,2024-05-16,lp,introducing-2022-3-product-release,introducing 2022 3 product release,2022,content
productboard.com,https://www.productboard.com/lp/2022-3-productrelease-accelerate-product-development/,2024-06-28,lp,2022-3-productrelease-accelerate-product-development,2022 3 productrelease accelerate product development,2022,content
productboard.com,https://www.productboard.com/lp/roadmapping-dos-and-donts/,2026-08-04,lp,roadmapping-dos-and-donts,roadmapping dos and donts,,content
productboard.com,https://www.productboard.com/lp/product-leadership-upskill-lab/,2024-06-27,lp,product-leadership-upskill-lab,product leadership upskill lab,,content
productboard.com,https://www.productboard.com/lp/introducing-2022-2-product-release/,2024-04-18,lp,introducing-2022-2-product-release,introducing 2022 2 product release,2022,content
productboard.com,https://www.productboard.com/lp/personalized-demo-request/,2024-02-07,lp,personalized-demo-request,personalized demo request,,content
productboard.com,https://www.productboard.com/lp/productboard-four-secrets/,2024-06-27,lp,productboard-four-secrets,productboard four secrets,,content
productboard.com,https://www.productboard.com/lp/digital-transformation-resource-hub/,2024-06-27,lp,digital-transformation-resource-hub,digital transformation resource hub,,content
productboard.com,https://www.productboard.com/lp/on-demand-webinar-customer-centricity-lessons-from-netflix/,2026-08-04,lp,on-demand-webinar-customer-centricity-lessons-from-netflix,on demand webinar customer centricity lessons from netflix,,content
productboard.com,https://www.productboard.com/product-discovery-hope-gurion/,2024-06-27,product-discovery-hope-gurion,product-discovery-hope-gurion,product discovery hope gurion,,content
productboard.com,https://www.productboard.com/lp/key-ingredients-for-effective-product-collaboration/,2026-08-04,lp,key-ingredients-for-effective-product-collaboration,key ingredients for effective product collaboration,,content
productboard.com,https://www.productboard.com/integrations/intercom/,2024-02-09,integrations,intercom,intercom,,content
productboard.com,https://www.productboard.com/product-collective-webinar/,2024-06-27,product-collective-webinar,product-collective-webinar,product collective webinar,,content
productboard.com,https://www.productboard.com/lp/dysfunctions-product-management-2-0/,2026-08-04,lp,dysfunctions-product-management-2-0,dysfunctions product management 2 0,,content
productboard.com,https://www.productboard.com/lp/webinar-insights-product-spotlight/,2024-06-27,lp,webinar-insights-product-spotlight,webinar insights product spotlight,,content
productboard.com,https://www.productboard.com/lp/align-product-and-go-to-market-teams/,2026-08-04,lp,align-product-and-go-to-market-teams,align product and go to market teams,,content
productboard.com,https://www.productboard.com/lp/unblocking-digital-transformation-guide-ug/,2025-04-28,lp,unblocking-digital-transformation-guide-ug,unblocking digital transformation guide ug,,content
productboard.com,https://www.productboard.com/lp/bcg-webinar-navigating-the-agile-transformation/,2024-06-27,lp,bcg-webinar-navigating-the-agile-transformation,bcg webinar navigating the agile transformation,,content
productboard.com,https://www.productboard.com/lp/product-tech-stack-mini-guide/,2025-10-20,lp,product-tech-stack-mini-guide,product tech stack mini guide,,content
productboard.com,https://www.productboard.com/lp/webinar-efficiency-is-everything/,2024-05-16,lp,webinar-efficiency-is-everything,webinar efficiency is everything,,content
productboard.com,https://www.productboard.com/lp/cmc-invest-ama-webinar-copy/,2024-05-16,lp,cmc-invest-ama-webinar-copy,cmc invest ama webinar copy,,content
productboard.com,https://www.productboard.com/remote-product-management-report/,2024-04-27,remote-product-management-report,remote-product-management-report,remote product management report,,content
productboard.com,https://www.productboard.com/features/multiple-portals/,2024-07-02,features,multiple-portals,multiple portals,,content
productboard.com,https://www.productboard.com/solutions/retail/,2026-08-04,solutions,retail,retail,,content
productboard.com,https://www.productboard.com/features/prioritization-matrix/,2024-07-02,features,prioritization-matrix,prioritization matrix,,content
productboard.com,https://www.productboard.com/legal/productboard-representative-program-terms-and-conditions/,2025-11-12,legal,productboard-representative-program-terms-and-conditions,productboard representative program terms and conditions,,content
productboard.com,https://www.productboard.com/psa/2021-06-03/,2024-02-19,psa,2021-06-03,2021 06 03,2021,noncontent
productboard.com,https://www.productboard.com/psa/,2024-02-19,psa,psa,psa,,content
productboard.com,https://www.productboard.com/dpf-privacy-policy-2024-01-19/,2026-03-23,dpf-privacy-policy-2024-01-19,dpf-privacy-policy-2024-01-19,dpf privacy policy 2024 01 19,2024,content
productboard.com,https://www.productboard.com/privacy-policy/2021-10-20/,2025-11-12,privacy-policy,2021-10-20,2021 10 20,2021,noncontent
productboard.com,https://www.productboard.com/privacy-policy/2021-03-01/,2024-09-19,privacy-policy,2021-03-01,2021 03 01,2021,noncontent
productboard.com,https://www.productboard.com/privacy-policy/2018-05-25/,2025-11-12,privacy-policy,2018-05-25,2018 05 25,2018,noncontent
productboard.com,https://www.productboard.com/msa/2022-09-22/,2025-01-25,msa,2022-09-22,2022 09 22,2022,noncontent
productboard.com,https://www.productboard.com/legal/security-standards-2022-11-29/,2025-01-25,legal,security-standards-2022-11-29,security standards 2022 11 29,2022,content
productboard.com,https://www.productboard.com/legal/evaluation-agreement-2022-06-13/,2024-11-19,legal,evaluation-agreement-2022-06-13,evaluation agreement 2022 06 13,2022,content
productboard.com,https://www.productboard.com/legal/security-standards/,2025-01-25,legal,security-standards,security standards,,content
productboard.com,https://www.productboard.com/privacy-policy/2023-11-28/,2025-10-09,privacy-policy,2023-11-28,2023 11 28,2023,noncontent
productboard.com,https://www.productboard.com/prioritize-features/,2024-03-27,prioritize-features,prioritize-features,prioritize features,,content
productboard.com,https://www.productboard.com/build-roadmaps/,2025-03-11,build-roadmaps,build-roadmaps,build roadmaps,,content
productboard.com,https://www.productboard.com/request-demo/,2026-09-11,request-demo,request-demo,request demo,,content
productboard.com,https://www.productboard.com/legal/sla/,2025-11-12,legal,sla,sla,,content
productboard.com,https://www.productboard.com/legal/,2026-03-23,legal,legal,legal,,noncontent
productboard.com,https://www.productboard.com/legal/community-diversity-equity-and-inclusion/,2025-11-12,legal,community-diversity-equity-and-inclusion,community diversity equity and inclusion,,content
productboard.com,https://www.productboard.com/solutions/healthcare/,2026-08-04,solutions,healthcare,healthcare,,content
productboard.com,https://www.productboard.com/legal/community-code-of-conduct/,2025-01-25,legal,community-code-of-conduct,community code of conduct,,content
productboard.com,https://www.productboard.com/msa/2021-10-05/,2025-10-09,msa,2021-10-05,2021 10 05,2021,noncontent
productboard.com,https://www.productboard.com/product-excellence-ama-wes-bush/,2024-04-19,product-excellence-ama-wes-bush,product-excellence-ama-wes-bush,product excellence ama wes bush,,content
productboard.com,https://www.productboard.com/solutions/,2025-01-24,solutions,solutions,solutions,,content
productboard.com,https://www.productboard.com/blog/category/company-product/,2024-02-09,blog,company-product,company product,,noncontent
productboard.com,https://www.productboard.com/resources/,2025-10-17,resources,resources,resources,,content
productboard.com,https://www.productboard.com/what-is-product-management/,2026-10-05,what-is-product-management,what-is-product-management,what is product management,,content
productboard.com,https://www.productboard.com/solutions/modernize-workforce-apps/,2025-01-24,solutions,modernize-workforce-apps,modernize workforce apps,,content
productboard.com,https://www.productboard.com/solutions/digitize-customer-experiences/,2025-01-24,solutions,digitize-customer-experiences,digitize customer experiences,,content
productboard.com,https://www.productboard.com/solutions/create-with-customers/,2026-08-04,solutions,create-with-customers,create with customers,,content
productboard.com,https://www.productboard.com/solutions/unite-entire-business/,2025-03-26,solutions,unite-entire-business,unite entire business,,content
productboard.com,https://www.productboard.com/solutions/advance-product-teams/,2025-01-24,solutions,advance-product-teams,advance product teams,,content
productboard.com,https://www.productboard.com/platform/ai/,2024-04-24,platform,ai,ai,,noncontent
productboard.com,https://www.productboard.com/product/insights/,2026-10-05,product,insights,insights,,content
productboard.com,https://www.productboard.com/product/prioritization/,2026-08-03,product,prioritization,prioritization,,content
productboard.com,https://www.productboard.com/partners/,2024-05-20,partners,partners,partners,,content
productboard.com,https://www.productboard.com/community/,2026-08-25,community,community,community,,content
productboard.com,https://www.productboard.com/product/roadmaps/,2024-11-19,product,roadmaps,roadmaps,,content
productboard.com,https://www.productboard.com/privacy-policy-2021-10-20/,2024-01-30,privacy-policy-2021-10-20,privacy-policy-2021-10-20,privacy policy 2021 10 20,2021,content
productboard.com,https://www.productboard.com/press-page/,2026-10-05,press-page,press-page,press page,,content
productboard.com,https://www.productboard.com/productboard-professional-services/,2026-04-01,productboard-professional-services,productboard-professional-services,productboard professional services,,content
productboard.com,https://www.productboard.com/blog/how-product-leaders-keep-quality-consistent-across-teams/,2026-10-05,blog,how-product-leaders-keep-quality-consistent-across-teams,how product leaders keep quality consistent across teams,,content
productboard.com,https://www.productboard.com/blog/customer-feedback-at-scale/,2026-09-29,blog,customer-feedback-at-scale,customer feedback at scale,,content
productboard.com,https://www.productboard.com/blog/focus-wins-product-strategy-in-an-ai-driven-market/,2026-09-25,blog,focus-wins-product-strategy-in-an-ai-driven-market,focus wins product strategy in an ai driven market,,content
productboard.com,https://www.productboard.com/blog/why-most-genai-tools-fail-at-customer-feedback-analysis/,2026-09-21,blog,why-most-genai-tools-fail-at-customer-feedback-analysis,why most genai tools fail at customer feedback analysis,,content
productboard.com,https://www.productboard.com/blog/how-to-trust-ai-outputs/,2026-08-04,blog,how-to-trust-ai-outputs,how to trust ai outputs,,content
productboard.com,https://www.productboard.com/blog/what-is-organizational-product-memory/,2026-08-04,blog,what-is-organizational-product-memory,what is organizational product memory,,content
productboard.com,https://www.productboard.com/blog/ai-pm-tools-vs-general-llms/,2026-08-04,blog,ai-pm-tools-vs-general-llms,ai pm tools vs general llms,,content
productboard.com,https://www.productboard.com/blog/productboard-spark-webinar-demo/,2026-08-04,blog,productboard-spark-webinar-demo,productboard spark webinar demo,,content
productboard.com,https://www.productboard.com/blog/introducing-spark-agentic-product-system/,2026-06-25,blog,introducing-spark-agentic-product-system,introducing spark agentic product system,,content
productboard.com,https://www.productboard.com/blog/product-sense-in-the-age-of-ai/,2026-09-21,blog,product-sense-in-the-age-of-ai,product sense in the age of ai,,content
productboard.com,https://www.productboard.com/blog/ai-tools-for-writing-product-specs/,2026-08-04,blog,ai-tools-for-writing-product-specs,ai tools for writing product specs,,content
productboard.com,https://www.productboard.com/blog/product-spec-template/,2026-05-28,blog,product-spec-template,product spec template,,content
productboard.com,https://www.productboard.com/blog/ai-product-discovery-frameworks/,2026-08-05,blog,ai-product-discovery-frameworks,ai product discovery frameworks,,content
productboard.com,https://www.productboard.com/blog/product-specification-a-complete-guide/,2026-08-04,blog,product-specification-a-complete-guide,product specification a complete guide,,content
productboard.com,https://www.productboard.com/blog/ai-workflows-for-product-discovery/,2026-05-01,blog,ai-workflows-for-product-discovery,ai workflows for product discovery,,content
productboard.com,https://www.productboard.com/blog/first-agentic-cybersecurity-product-corelight/,2026-04-22,blog,first-agentic-cybersecurity-product-corelight,first agentic cybersecurity product corelight,,content
productboard.com,https://www.productboard.com/blog/ai-product-brief-creation/,2026-04-07,blog,ai-product-brief-creation,ai product brief creation,,content
productboard.com,https://www.productboard.com/blog/what-the-claude-clode-leak-means-for-product-managers/,2026-04-06,blog,what-the-claude-clode-leak-means-for-product-managers,what the claude clode leak means for product managers,,content
productboard.com,https://www.productboard.com/blog/ai-product-gap-analysis/,2026-08-04,blog,ai-product-gap-analysis,ai product gap analysis,,content
productboard.com,https://www.productboard.com/blog/productboard-spark-ai-customer-feedback-analysis/,2026-08-04,blog,productboard-spark-ai-customer-feedback-analysis,productboard spark ai customer feedback analysis,,content
productboard.com,https://www.productboard.com/blog/how-to-do-product-discovery-with-ai/,2026-03-19,blog,how-to-do-product-discovery-with-ai,how to do product discovery with ai,,content
productboard.com,https://www.productboard.com/blog/how-product-workflows-drive-strategic-decisions-in-2026/,2026-02-19,blog,how-product-workflows-drive-strategic-decisions-in-2026,how product workflows drive strategic decisions in 2026,2026,content
productboard.com,https://www.productboard.com/blog/product-craft-when-ai-changes-the-stakes/,2026-02-17,blog,product-craft-when-ai-changes-the-stakes,product craft when ai changes the stakes,,content
productboard.com,https://www.productboard.com/blog/ai-terms-for-product-managers/,2026-02-18,blog,ai-terms-for-product-managers,ai terms for product managers,,content
productboard.com,https://www.productboard.com/blog/introducing-spark-ai-product-management-agent/,2026-08-04,blog,introducing-spark-ai-product-management-agent,introducing spark ai product management agent,,content
productboard.com,https://www.productboard.com/blog/how-ai-is-reshaping-product-ops/,2026-01-20,blog,how-ai-is-reshaping-product-ops,how ai is reshaping product ops,,content
productboard.com,https://www.productboard.com/blog/centralizing-your-product-tech-stack/,2026-08-17,blog,centralizing-your-product-tech-stack,centralizing your product tech stack,,content
productboard.com,https://www.productboard.com/blog/lessons-for-building-ai-products/,2026-08-17,blog,lessons-for-building-ai-products,lessons for building ai products,,content
productboard.com,https://www.productboard.com/blog/context-is-the-real-competitive-advantage/,2026-02-18,blog,context-is-the-real-competitive-advantage,context is the real competitive advantage,,content
productboard.com,https://www.productboard.com/blog/understanding-product-validation/,2026-08-17,blog,understanding-product-validation,understanding product validation,,content
productboard.com,https://www.productboard.com/blog/product-requirements-document-guide/,2026-08-17,blog,product-requirements-document-guide,product requirements document guide,,content
productboard.com,https://www.productboard.com/blog/strategic-framework-for-annual-planning/,2026-08-17,blog,strategic-framework-for-annual-planning,strategic framework for annual planning,,content
productboard.com,https://www.productboard.com/blog/ai-evals-for-product-managers/,2026-02-18,blog,ai-evals-for-product-managers,ai evals for product managers,,content
productboard.com,https://www.productboard.com/blog/ai-investment-lifecycle/,2025-11-12,blog,ai-investment-lifecycle,ai investment lifecycle,,content
productboard.com,https://www.productboard.com/blog/ai-in-product-management-report/,2025-10-23,blog,ai-in-product-management-report,ai in product management report,,content
productboard.com,https://www.productboard.com/blog/building-successful-ai-products/,2025-11-06,blog,building-successful-ai-products,building successful ai products,,content
productboard.com,https://www.productboard.com/blog/ai-in-product-management-cpo-mandates-missteps/,2026-08-17,blog,ai-in-product-management-cpo-mandates-missteps,ai in product management cpo mandates missteps,,content
productboard.com,https://www.productboard.com/blog/lessons-from-ai-product-summit/,2025-10-14,blog,lessons-from-ai-product-summit,lessons from ai product summit,,content
productboard.com,https://www.productboard.com/blog/training-product-managers-in-the-ai-era/,2025-10-09,blog,training-product-managers-in-the-ai-era,training product managers in the ai era,,content
productboard.com,https://www.productboard.com/blog/spark-ai-agent-product-management/,2026-01-26,blog,spark-ai-agent-product-management,spark ai agent product management,,content
productboard.com,https://www.productboard.com/blog/making-smarter-ai-investments/,2026-08-17,blog,making-smarter-ai-investments,making smarter ai investments,,content
productboard.com,https://www.productboard.com/blog/why-okrs-fail-most-product-teams/,2025-09-16,blog,why-okrs-fail-most-product-teams,why okrs fail most product teams,,content
productboard.com,https://www.productboard.com/blog/evaluating-your-ai-investments-a-strategic-framework-for-product-executives/,2026-08-17,blog,evaluating-your-ai-investments-a-strategic-framework-for-product-executives,evaluating your ai investments a strategic framework for product executives,,content
productboard.com,https://www.productboard.com/blog/how-ai-is-evolving-pm-skill-sets/,2025-08-27,blog,how-ai-is-evolving-pm-skill-sets,how ai is evolving pm skill sets,,content
productboard.com,https://www.productboard.com/blog/what-is-product-adoption/,2025-08-26,blog,what-is-product-adoption,what is product adoption,,content
productboard.com,https://www.productboard.com/blog/degreed-cpo-kat-kennedy-explains-the-skills-you-need-to-excel-as-a-product-executive/,2025-08-20,blog,degreed-cpo-kat-kennedy-explains-the-skills-you-need-to-excel-as-a-product-executive,degreed cpo kat kennedy explains the skills you need to excel as a product executive,,content
productboard.com,https://www.productboard.com/blog/ambassador-spotlight-nujad-david-bolivar/,2025-08-21,blog,ambassador-spotlight-nujad-david-bolivar,ambassador spotlight nujad david bolivar,,content
productboard.com,https://www.productboard.com/blog/two-ways-product-ops-can-lead-the-business/,2026-08-17,blog,two-ways-product-ops-can-lead-the-business,two ways product ops can lead the business,,content
productboard.com,https://www.productboard.com/blog/setting-product-goals/,2026-08-05,blog,setting-product-goals,setting product goals,,content
productboard.com,https://www.productboard.com/blog/how-ai-is-reshaping-the-pm-workflow/,2026-09-04,blog,how-ai-is-reshaping-the-pm-workflow,how ai is reshaping the pm workflow,,content
productboard.com,https://www.productboard.com/blog/ai-adoption-business-operations-playbooks/,2025-07-22,blog,ai-adoption-business-operations-playbooks,ai adoption business operations playbooks,,content
productboard.com,https://www.productboard.com/blog/what-high-performing-product-ops-teams-do-differently/,2025-07-28,blog,what-high-performing-product-ops-teams-do-differently,what high performing product ops teams do differently,,content
productboard.com,https://www.productboard.com/blog/behavioral-changes-ai-adoption/,2026-08-17,blog,behavioral-changes-ai-adoption,behavioral changes ai adoption,,content
productboard.com,https://www.productboard.com/blog/ai-skills-product-managers-need/,2026-08-17,blog,ai-skills-product-managers-need,ai skills product managers need,,content
productboard.com,https://www.productboard.com/blog/introducing-pulse-themes/,2025-07-17,blog,introducing-pulse-themes,introducing pulse themes,,content
productboard.com,https://www.productboard.com/blog/aligning-product-strategy-business-goals/,2026-07-08,blog,aligning-product-strategy-business-goals,aligning product strategy business goals,,content
productboard.com,https://www.productboard.com/blog/dangerous-animals-benevolent-beasts-ai-powered-pm-prompt/,2025-06-09,blog,dangerous-animals-benevolent-beasts-ai-powered-pm-prompt,dangerous animals benevolent beasts ai powered pm prompt,,content
productboard.com,https://www.productboard.com/blog/ambassador-spotlight-debora-domass/,2025-06-12,blog,ambassador-spotlight-debora-domass,ambassador spotlight debora domass,,content
productboard.com,https://www.productboard.com/blog/using-ai-for-product-roadmap-prioritization/,2026-08-17,blog,using-ai-for-product-roadmap-prioritization,using ai for product roadmap prioritization,,content
productboard.com,https://www.productboard.com/blog/the-state-of-product-ops-in-2025/,2026-08-17,blog,the-state-of-product-ops-in-2025,the state of product ops in 2025,2025,content
productboard.com,https://www.productboard.com/blog/ambassador-spotlight-will-prine/,2025-05-29,blog,ambassador-spotlight-will-prine,ambassador spotlight will prine,,content
productboard.com,https://www.productboard.com/blog/latest-from-product-leaders-on-strategy-ai-and-product-orgs/,2025-05-29,blog,latest-from-product-leaders-on-strategy-ai-and-product-orgs,latest from product leaders on strategy ai and product orgs,,content
productboard.com,https://www.productboard.com/blog/disruption-in-the-ai-era-product-confidential-london/,2025-06-10,blog,disruption-in-the-ai-era-product-confidential-london,disruption in the ai era product confidential london,,content
productboard.com,https://www.productboard.com/blog/the-benevolent-beasts-of-product-management/,2025-05-19,blog,the-benevolent-beasts-of-product-management,the benevolent beasts of product management,,content
productboard.com,https://www.productboard.com/blog/executive-insights-from-product-confidential-sf/,2025-05-13,blog,executive-insights-from-product-confidential-sf,executive insights from product confidential sf,,content
productboard.com,https://www.productboard.com/blog/ambassador-spotlight-tiago-leao/,2025-05-16,blog,ambassador-spotlight-tiago-leao,ambassador spotlight tiago leao,,content
productboard.com,https://www.productboard.com/blog/ambassador-spotlight-bailey-walatka-ruiz/,2025-05-13,blog,ambassador-spotlight-bailey-walatka-ruiz,ambassador spotlight bailey walatka ruiz,,content
productboard.com,https://www.productboard.com/blog/the-power-of-ai-agents-in-product-operations-workflows/,2025-04-30,blog,the-power-of-ai-agents-in-product-operations-workflows,the power of ai agents in product operations workflows,,content
productboard.com,https://www.productboard.com/blog/the-rise-of-the-10-x-ai-pm/,2026-08-17,blog,the-rise-of-the-10-x-ai-pm,the rise of the 10 x ai pm,,content
productboard.com,https://www.productboard.com/blog/6-ai-prompt-templates-for-product-managers/,2026-08-17,blog,6-ai-prompt-templates-for-product-managers,6 ai prompt templates for product managers,,content
productboard.com,https://www.productboard.com/blog/the-new-product-experience-a-stronger-platform-for-product-teams/,2025-04-21,blog,the-new-product-experience-a-stronger-platform-for-product-teams,the new product experience a stronger platform for product teams,,content
productboard.com,https://www.productboard.com/blog/how-product-managers-can-unlock-ais-potential/,2025-05-30,blog,how-product-managers-can-unlock-ais-potential,how product managers can unlock ais potential,,content
productboard.com,https://www.productboard.com/blog/unlocking-product-excellence-with-colab-cohorts/,2025-04-21,blog,unlocking-product-excellence-with-colab-cohorts,unlocking product excellence with colab cohorts,,content
productboard.com,https://www.productboard.com/blog/customer-retention-insights-roi/,2026-08-17,blog,customer-retention-insights-roi,customer retention insights roi,,content
productboard.com,https://www.productboard.com/blog/product-leadership-lessons-from-seed-to-ipo-recap/,2025-04-07,blog,product-leadership-lessons-from-seed-to-ipo-recap,product leadership lessons from seed to ipo recap,,content
productboard.com,https://www.productboard.com/blog/user-feedback-for-continuous-improvement/,2026-08-17,blog,user-feedback-for-continuous-improvement,user feedback for continuous improvement,,content
productboard.com,https://www.productboard.com/blog/how-to-analyze-customer-insights-to-surface-pain-points/,2026-08-17,blog,how-to-analyze-customer-insights-to-surface-pain-points,how to analyze customer insights to surface pain points,,content
productboard.com,https://www.productboard.com/blog/3-techniques-to-quickly-discover-what-your-customer-really-needs/,2025-03-10,blog,3-techniques-to-quickly-discover-what-your-customer-really-needs,3 techniques to quickly discover what your customer really needs,,content
productboard.com,https://www.productboard.com/blog/improve-your-product-with-customer-feedback-you-already-have/,2025-12-01,blog,improve-your-product-with-customer-feedback-you-already-have,improve your product with customer feedback you already have,,content
productboard.com,https://www.productboard.com/blog/get-to-the-bottom-of-user-needs-with-these-tactics/,2025-11-30,blog,get-to-the-bottom-of-user-needs-with-these-tactics,get to the bottom of user needs with these tactics,,content
productboard.com,https://www.productboard.com/blog/informing-product-with-voice-of-customer/,2026-08-17,blog,informing-product-with-voice-of-customer,informing product with voice of customer,,content
productboard.com,https://www.productboard.com/blog/going-multi-product-in-the-age-of-ai/,2025-04-25,blog,going-multi-product-in-the-age-of-ai,going multi product in the age of ai,,content
productboard.com,https://www.productboard.com/blog/why-a-single-source-of-truth-is-critical-for-product-roadmapping/,2026-10-05,blog,why-a-single-source-of-truth-is-critical-for-product-roadmapping,why a single source of truth is critical for product roadmapping,,content
productboard.com,https://www.productboard.com/blog/productboard-ai-2/,2025-01-14,blog,productboard-ai-2,productboard ai 2,,content
productboard.com,https://www.productboard.com/blog/6-product-nightmares-terrorize-productboard-help/,2025-11-04,blog,6-product-nightmares-terrorize-productboard-help,6 product nightmares terrorize productboard help,,content
productboard.com,https://www.productboard.com/blog/product-makers-podcast-ep-1-courtney-arnott-120water/,2025-01-23,blog,product-makers-podcast-ep-1-courtney-arnott-120water,product makers podcast ep 1 courtney arnott 120water,,content
productboard.com,https://www.productboard.com/blog/successful-product-communication-justifying-your-product-bets/,2025-01-13,blog,successful-product-communication-justifying-your-product-bets,successful product communication justifying your product bets,,content
productboard.com,https://www.productboard.com/blog/introducing-custom-roles/,2025-07-08,blog,introducing-custom-roles,introducing custom roles,,content
productboard.com,https://www.productboard.com/blog/the-cpos-blueprint-for-annual-planning-part-1/,2026-08-17,blog,the-cpos-blueprint-for-annual-planning-part-1,the cpos blueprint for annual planning part 1,,content
productboard.com,https://www.productboard.com/blog/3-key-functions-of-product-operations-during-product-planning/,2025-01-13,blog,3-key-functions-of-product-operations-during-product-planning,3 key functions of product operations during product planning,,content
productboard.com,https://www.productboard.com/blog/the-cpos-blueprint-for-annual-planning-part-2/,2025-01-13,blog,the-cpos-blueprint-for-annual-planning-part-2,the cpos blueprint for annual planning part 2,,content
productboard.com,https://www.productboard.com/blog/5-benefits-of-building-product-roadmaps-around-customer-insights/,2026-08-17,blog,5-benefits-of-building-product-roadmaps-around-customer-insights,5 benefits of building product roadmaps around customer insights,,content
productboard.com,https://www.productboard.com/blog/the-cpos-blueprint-for-annual-planning-part-3/,2025-01-13,blog,the-cpos-blueprint-for-annual-planning-part-3,the cpos blueprint for annual planning part 3,,content
productboard.com,https://www.productboard.com/blog/from-insights-to-impact-leveraging-real-time-data-to-drive-product-success/,2026-08-17,blog,from-insights-to-impact-leveraging-real-time-data-to-drive-product-success,from insights to impact leveraging real time data to drive product success,,content
productboard.com,https://www.productboard.com/blog/sneak-peek-your-product-ops-teams-wish-list-for-2025/,2025-01-23,blog,sneak-peek-your-product-ops-teams-wish-list-for-2025,sneak peek your product ops teams wish list for 2025,2025,content
productboard.com,https://www.productboard.com/blog/unleashing-your-product-team-structuring-for-strategic-impact-and-efficiency/,2025-01-23,blog,unleashing-your-product-team-structuring-for-strategic-impact-and-efficiency,unleashing your product team structuring for strategic impact and efficiency,,content
productboard.com,https://www.productboard.com/blog/aligning-product-teams-with-business-and-revenue-impact/,2025-01-23,blog,aligning-product-teams-with-business-and-revenue-impact,aligning product teams with business and revenue impact,,content
productboard.com,https://www.productboard.com/blog/introducing-collaborative-docs/,2025-01-13,blog,introducing-collaborative-docs,introducing collaborative docs,,content
productboard.com,https://www.productboard.com/blog/10-essential-product-management-skills-you-need-for-success/,2026-08-05,blog,10-essential-product-management-skills-you-need-for-success,10 essential product management skills you need for success,,content
productboard.com,https://www.productboard.com/blog/who-owns-the-product-backlog-a-comprehensive-guide/,2026-08-04,blog,who-owns-the-product-backlog-a-comprehensive-guide,who owns the product backlog a comprehensive guide,,content
productboard.com,https://www.productboard.com/blog/product-management-kpis-every-business-should-track/,2025-12-01,blog,product-management-kpis-every-business-should-track,product management kpis every business should track,,content
productboard.com,https://www.productboard.com/blog/process-and-the-art-of-product-operations/,2025-05-30,blog,process-and-the-art-of-product-operations,process and the art of product operations,,content
productboard.com,https://www.productboard.com/blog/a-guide-to-the-6-product-development-stages/,2026-10-05,blog,a-guide-to-the-6-product-development-stages,a guide to the 6 product development stages,,content
productboard.com,https://www.productboard.com/blog/5-pillars-of-a-strong-product-adoption-strategy/,2025-01-13,blog,5-pillars-of-a-strong-product-adoption-strategy,5 pillars of a strong product adoption strategy,,content
productboard.com,https://www.productboard.com/blog/ai-for-product-managers/,2025-05-30,blog,ai-for-product-managers,ai for product managers,,content
productboard.com,https://www.productboard.com/blog/defining-objectives-and-key-results-for-your-product-team/,2025-11-30,blog,defining-objectives-and-key-results-for-your-product-team,defining objectives and key results for your product team,,content
productboard.com,https://www.productboard.com/blog/do-you-really-understand-the-concept-of-product-value/,2025-11-30,blog,do-you-really-understand-the-concept-of-product-value,do you really understand the concept of product value,,content
productboard.com,https://www.productboard.com/blog/different-product-development-methodologies-you-need-to-know/,2026-08-05,blog,different-product-development-methodologies-you-need-to-know,different product development methodologies you need to know,,content
productboard.com,https://www.productboard.com/blog/product-strategy-examples/,2026-08-05,blog,product-strategy-examples,product strategy examples,,content
productboard.com,https://www.productboard.com/blog/product-portfolio-management-101/,2026-08-05,blog,product-portfolio-management-101,product portfolio management 101,,content
productboard.com,https://www.productboard.com/blog/dangerous-animals-product-management-infographic/,2025-11-30,blog,dangerous-animals-product-management-infographic,dangerous animals product management infographic,,content
productboard.com,https://www.productboard.com/blog/write-product-vision/,2025-11-03,blog,write-product-vision,write product vision,,content
productboard.com,https://www.productboard.com/blog/introducing-productboard-ai/,2025-01-10,blog,introducing-productboard-ai,introducing productboard ai,,content
productboard.com,https://www.productboard.com/blog/product-launch-strategy-a-comprehensive-guide-for-success/,2026-08-05,blog,product-launch-strategy-a-comprehensive-guide-for-success,product launch strategy a comprehensive guide for success,,content
productboard.com,https://www.productboard.com/blog/5-product-management-frameworks-billion-dollar-companies/,2025-11-17,blog,5-product-management-frameworks-billion-dollar-companies,5 product management frameworks billion dollar companies,,content
productboard.com,https://www.productboard.com/blog/step-by-step-framework-for-better-product-discovery/,2026-03-26,blog,step-by-step-framework-for-better-product-discovery,step by step framework for better product discovery,,content
productboard.com,https://www.productboard.com/blog/7-product-roadmap-examples/,2025-11-17,blog,7-product-roadmap-examples,7 product roadmap examples,,content
productboard.com,https://www.productboard.com/blog/double-diamond-framework-product-management/,2026-02-26,blog,double-diamond-framework-product-management,double diamond framework product management,,content
productboard.com,https://www.productboard.com/blog/what-slack-can-teach-us-about-product-excellence/,2024-12-23,blog,what-slack-can-teach-us-about-product-excellence,what slack can teach us about product excellence,,content
productboard.com,https://www.productboard.com/blog/product-management-trends-2021/,2024-12-23,blog,product-management-trends-2021,product management trends 2021,2021,content
productboard.com,https://www.productboard.com/blog/introducing-summer-2024-product-release/,2024-12-21,blog,introducing-summer-2024-product-release,introducing summer 2024 product release,2024,content
productboard.com,https://www.productboard.com/blog/customer-centric-product-management-infographic/,2024-11-06,blog,customer-centric-product-management-infographic,customer centric product management infographic,,content
productboard.com,https://www.productboard.com/blog/2022-product-management-trends/,2024-11-06,blog,2022-product-management-trends,2022 product management trends,2022,content
productboard.com,https://www.productboard.com/blog/cpo-series-amplitude/,2024-12-23,blog,cpo-series-amplitude,cpo series amplitude,,content
productboard.com,https://www.productboard.com/blog/3-expert-insights-for-product-leaders-to-help-maximize-impact-and-efficiency/,2025-03-10,blog,3-expert-insights-for-product-leaders-to-help-maximize-impact-and-efficiency,3 expert insights for product leaders to help maximize impact and efficiency,,content
productboard.com,https://www.productboard.com/blog/product-makers-salary-report-2022/,2024-07-12,blog,product-makers-salary-report-2022,product makers salary report 2022,2022,content
productboard.com,https://www.productboard.com/blog/6-classic-product-management-movie-posters/,2024-07-12,blog,6-classic-product-management-movie-posters,6 classic product management movie posters,,content
productboard.com,https://www.productboard.com/blog/the-internship-that-confirmed-my-career-path/,2024-07-12,blog,the-internship-that-confirmed-my-career-path,the internship that confirmed my career path,,content
productboard.com,https://www.productboard.com/blog/productboard-product-makers-summit-2023/,2025-01-03,blog,productboard-product-makers-summit-2023,productboard product makers summit 2023,2023,content
productboard.com,https://www.productboard.com/blog/3-ways-to-build-scalable-product-roadmapping-processes-and-grow-your-impact/,2024-07-12,blog,3-ways-to-build-scalable-product-roadmapping-processes-and-grow-your-impact,3 ways to build scalable product roadmapping processes and grow your impact,,content
productboard.com,https://www.productboard.com/blog/productboard-iso-27001-certified/,2025-03-11,blog,productboard-iso-27001-certified,productboard iso 27001 certified,,content
productboard.com,https://www.productboard.com/blog/productboard-available-aws-marketplace/,2025-03-11,blog,productboard-available-aws-marketplace,productboard available aws marketplace,,content
productboard.com,https://www.productboard.com/blog/7-insights-human-centered-solutions/,2024-11-27,blog,7-insights-human-centered-solutions,7 insights human centered solutions,,content
productboard.com,https://www.productboard.com/blog/how-to-build-a-product-lifecycle-management-strategy-productboard/,2025-12-01,blog,how-to-build-a-product-lifecycle-management-strategy-productboard,how to build a product lifecycle management strategy productboard,,content
productboard.com,https://www.productboard.com/blog/how-to-build-a-product-portfolio-roadmap-productboard/,2025-12-01,blog,how-to-build-a-product-portfolio-roadmap-productboard,how to build a product portfolio roadmap productboard,,content
productboard.com,https://www.productboard.com/blog/cpo-series-snow-software/,2024-08-28,blog,cpo-series-snow-software,cpo series snow software,,content
productboard.com,https://www.productboard.com/blog/areas-of-opportunity-for-product-managers-in-2023-how-productboard-can-help/,2025-11-17,blog,areas-of-opportunity-for-product-managers-in-2023-how-productboard-can-help,areas of opportunity for product managers in 2023 how productboard can help,2023,content
productboard.com,https://www.productboard.com/blog/how-to-choose-the-right-product-management-platform-to-scale-products-impact/,2024-07-12,blog,how-to-choose-the-right-product-management-platform-to-scale-products-impact,how to choose the right product management platform to scale products impact,,content
productboard.com,https://www.productboard.com/blog/change-management-101-expert-tips-for-success/,2025-11-30,blog,change-management-101-expert-tips-for-success,change management 101 expert tips for success,,content
productboard.com,https://www.productboard.com/blog/how-to-do-a-code-review-some-tips-and-tricks-from-the-productboard-engineering-team/,2025-01-21,blog,how-to-do-a-code-review-some-tips-and-tricks-from-the-productboard-engineering-team,how to do a code review some tips and tricks from the productboard engineering team,,content
productboard.com,https://www.productboard.com/blog/deliver-on-customer-needs-faster-with-continuous-insights/,2024-07-11,blog,deliver-on-customer-needs-faster-with-continuous-insights,deliver on customer needs faster with continuous insights,,content
productboard.com,https://www.productboard.com/blog/25-amazing-women-in-product-management-to-follow/,2024-07-12,blog,25-amazing-women-in-product-management-to-follow,25 amazing women in product management to follow,,content
productboard.com,https://www.productboard.com/blog/8-examples-of-prototypes-to-build-for-your-mvp/,2025-03-11,blog,8-examples-of-prototypes-to-build-for-your-mvp,8 examples of prototypes to build for your mvp,,content
productboard.com,https://www.productboard.com/blog/product-management-structure-everything-you-need-to-know/,2025-03-10,blog,product-management-structure-everything-you-need-to-know,product management structure everything you need to know,,content
productboard.com,https://www.productboard.com/blog/four-product-management-love-languages/,2025-01-28,blog,four-product-management-love-languages,four product management love languages,,content
productboard.com,https://www.productboard.com/blog/spreadsheets-are-limiting-your-product-potential-infographic/,2025-03-10,blog,spreadsheets-are-limiting-your-product-potential-infographic,spreadsheets are limiting your product potential infographic,,content
productboard.com,https://www.productboard.com/blog/category/product-management-academy/,2024-06-05,blog,product-management-academy,product management academy,,noncontent
productboard.com,https://www.productboard.com/blog/category/product-leaders-product-management/,2024-06-05,blog,product-leaders-product-management,product leaders product management,,noncontent
productboard.com,https://www.productboard.com/blog/category/product-leaders/,2024-06-05,blog,product-leaders,product leaders,,noncontent
productboard.com,https://www.productboard.com/blog/product-leader-alignment-cheat-sheet-for-sales/,2024-05-19,blog,product-leader-alignment-cheat-sheet-for-sales,product leader alignment cheat sheet for sales,,content
productboard.com,https://www.productboard.com/blog/essential-product-discovery-questions-for-impactful-product-development/,2026-08-05,blog,essential-product-discovery-questions-for-impactful-product-development,essential product discovery questions for impactful product development,,content
productboard.com,https://www.productboard.com/blog/5-best-practices-for-optimizing-your-product-management-workflow/,2024-07-12,blog,5-best-practices-for-optimizing-your-product-management-workflow,5 best practices for optimizing your product management workflow,,content
productboard.com,https://www.productboard.com/blog/product-led-growth-strategy/,2024-08-28,blog,product-led-growth-strategy,product led growth strategy,,content
productboard.com,https://www.productboard.com/blog/top-product-discovery-techniques/,2026-05-11,blog,top-product-discovery-techniques,top product discovery techniques,,content
productboard.com,https://www.productboard.com/blog/why-user-experience-insights-are-crucial-in-product-development/,2024-07-11,blog,why-user-experience-insights-are-crucial-in-product-development,why user experience insights are crucial in product development,,content
productboard.com,https://www.productboard.com/blog/productboard-expanding-san-francisco-engineering-presence/,2025-01-21,blog,productboard-expanding-san-francisco-engineering-presence,productboard expanding san francisco engineering presence,,content
productboard.com,https://www.productboard.com/blog/what-are-user-insights/,2025-12-01,blog,what-are-user-insights,what are user insights,,content
productboard.com,https://www.productboard.com/blog/how-autodesk-builds-a-strong-product-mindset-culture-at-scale/,2024-07-12,blog,how-autodesk-builds-a-strong-product-mindset-culture-at-scale,how autodesk builds a strong product mindset culture at scale,,content
productboard.com,https://www.productboard.com/blog/strategic-product-backlog-refinement-tools-and-techniques-for-agile-success/,2024-07-12,blog,strategic-product-backlog-refinement-tools-and-techniques-for-agile-success,strategic product backlog refinement tools and techniques for agile success,,content
productboard.com,https://www.productboard.com/blog/the-architecture-of-analysis-how-to-use-product-management-data-for-discovery/,2025-12-01,blog,the-architecture-of-analysis-how-to-use-product-management-data-for-discovery,the architecture of analysis how to use product management data for discovery,,content
productboard.com,https://www.productboard.com/blog/investigating-product-market-fit-for-discovery-and-delivery/,2025-12-01,blog,investigating-product-market-fit-for-discovery-and-delivery,investigating product market fit for discovery and delivery,,content
productboard.com,https://www.productboard.com/blog/the-role-of-growth-engineering-at-productboard-key-skills-responsibilities-methodologies/,2025-01-21,blog,the-role-of-growth-engineering-at-productboard-key-skills-responsibilities-methodologies,the role of growth engineering at productboard key skills responsibilities methodologies,,content
productboard.com,https://www.productboard.com/blog/product-discovery-how-to-actionable-tips-and-strategies/,2025-12-01,blog,product-discovery-how-to-actionable-tips-and-strategies,product discovery how to actionable tips and strategies,,content
productboard.com,https://www.productboard.com/blog/best-practices-for-better-product-feature-prioritization/,2025-11-17,blog,best-practices-for-better-product-feature-prioritization,best practices for better product feature prioritization,,content
productboard.com,https://www.productboard.com/blog/unlocking-sustained-success-through-continuous-product-discovery/,2025-03-26,blog,unlocking-sustained-success-through-continuous-product-discovery,unlocking sustained success through continuous product discovery,,content
productboard.com,https://www.productboard.com/blog/tips-strategies-for-mastering-agile-product-management/,2025-01-03,blog,tips-strategies-for-mastering-agile-product-management,tips strategies for mastering agile product management,,content
productboard.com,https://www.productboard.com/blog/how-to-craft-an-effective-enterprise-product-strategy/,2025-11-30,blog,how-to-craft-an-effective-enterprise-product-strategy,how to craft an effective enterprise product strategy,,content
productboard.com,https://www.productboard.com/blog/product-discovery-how-to-actionable-tips-and-strategies-productboard-editorial/,2025-12-01,blog,product-discovery-how-to-actionable-tips-and-strategies-productboard-editorial,product discovery how to actionable tips and strategies productboard editorial,,content
productboard.com,https://www.productboard.com/blog/becoming-a-product-shokunin/,2024-07-12,blog,becoming-a-product-shokunin,becoming a product shokunin,,content
productboard.com,https://www.productboard.com/blog/having-customers-at-the-center-of-all-product-decisions/,2025-03-11,blog,having-customers-at-the-center-of-all-product-decisions,having customers at the center of all product decisions,,content
productboard.com,https://www.productboard.com/blog/introducing-customer-centric-ap-is-now-generally-available/,2025-12-01,blog,introducing-customer-centric-ap-is-now-generally-available,introducing customer centric ap is now generally available,,content
productboard.com,https://www.productboard.com/blog/90-of-vc-backed-companies-plan-to-launch-generative-ai-in-their-products-64-this-year/,2024-07-11,blog,90-of-vc-backed-companies-plan-to-launch-generative-ai-in-their-products-64-this-year,90 of vc backed companies plan to launch generative ai in their products 64 this year,,content
productboard.com,https://www.productboard.com/blog/6-ways-to-drive-growth-through-change-and-uncertainty/,2025-11-17,blog,6-ways-to-drive-growth-through-change-and-uncertainty,6 ways to drive growth through change and uncertainty,,content
productboard.com,https://www.productboard.com/blog/productboard-introduces-ai-solution-to-help-product-teams-make-the-right-decisions-and-deliver-faster/,2025-12-01,blog,productboard-introduces-ai-solution-to-help-product-teams-make-the-right-decisions-and-deliver-faster,productboard introduces ai solution to help product teams make the right decisions and deliver faster,,content
productboard.com,https://www.productboard.com/blog/introducing-productboard-ai-make-what-matters-even-faster/,2024-07-11,blog,introducing-productboard-ai-make-what-matters-even-faster,introducing productboard ai make what matters even faster,,content
productboard.com,https://www.productboard.com/blog/product-portfolio-management/,2025-12-01,blog,product-portfolio-management,product portfolio management,,content
productboard.com,https://www.productboard.com/blog/the-product-leaders-cheat-sheet-for-alignment-the-gtm-leadership-edition/,2025-12-01,blog,the-product-leaders-cheat-sheet-for-alignment-the-gtm-leadership-edition,the product leaders cheat sheet for alignment the gtm leadership edition,,content
productboard.com,https://www.productboard.com/blog/product-marketing-vs-product-management/,2025-12-01,blog,product-marketing-vs-product-management,product marketing vs product management,,content
productboard.com,https://www.productboard.com/blog/upgrading-our-testing-framework-to-cypress-12/,2025-01-21,blog,upgrading-our-testing-framework-to-cypress-12,upgrading our testing framework to cypress 12,,content
productboard.com,https://www.productboard.com/blog/behind-the-roadmap-with-sachin-rekhi/,2024-07-12,blog,behind-the-roadmap-with-sachin-rekhi,behind the roadmap with sachin rekhi,,content
productboard.com,https://www.productboard.com/blog/behind-the-roadmap-with-productboards-stephen-walker/,2024-07-12,blog,behind-the-roadmap-with-productboards-stephen-walker,behind the roadmap with productboards stephen walker,,content
productboard.com,https://www.productboard.com/blog/product-failure-is-expensive-heres-how-to-avoid-it/,2025-12-01,blog,product-failure-is-expensive-heres-how-to-avoid-it,product failure is expensive heres how to avoid it,,content
productboard.com,https://www.productboard.com/blog/product-or-playground-which-bet-would-you-make/,2024-07-11,blog,product-or-playground-which-bet-would-you-make,product or playground which bet would you make,,content
productboard.com,https://www.productboard.com/blog/product-leader-cheat-sheet/,2024-07-12,blog,product-leader-cheat-sheet,product leader cheat sheet,,content
productboard.com,https://www.productboard.com/blog/a-guide-to-mastering-user-driven-product-onboarding-with-real-life-examples-from-productboard/,2025-03-11,blog,a-guide-to-mastering-user-driven-product-onboarding-with-real-life-examples-from-productboard,a guide to mastering user driven product onboarding with real life examples from productboard,,content
productboard.com,https://www.productboard.com/blog/aggreko-transforms-their-product-organization-with-the-help-of-productboards-professional-service/,2024-07-11,blog,aggreko-transforms-their-product-organization-with-the-help-of-productboards-professional-service,aggreko transforms their product organization with the help of productboards professional service,,content
productboard.com,https://www.productboard.com/blog/productboard-wins-three-best-places-to-work-awards-from-comparably/,2024-07-12,blog,productboard-wins-three-best-places-to-work-awards-from-comparably,productboard wins three best places to work awards from comparably,,content
productboard.com,https://www.productboard.com/blog/why-product-managers-must-be-strategic-about-chasing-new-trends/,2024-07-12,blog,why-product-managers-must-be-strategic-about-chasing-new-trends,why product managers must be strategic about chasing new trends,,content
productboard.com,https://www.productboard.com/blog/roadmap-storytelling-how-to-share-your-roadmap-with-different-audiences/,2025-12-01,blog,roadmap-storytelling-how-to-share-your-roadmap-with-different-audiences,roadmap storytelling how to share your roadmap with different audiences,,content
productboard.com,https://www.productboard.com/blog/whats-life-like-on-the-productboard-sales-team-heres-everything-you-need-to-know/,2024-05-21,blog,whats-life-like-on-the-productboard-sales-team-heres-everything-you-need-to-know,whats life like on the productboard sales team heres everything you need to know,,content
productboard.com,https://www.productboard.com/blog/10-use-cases-for-productboards-dynamic-customer-segmentation/,2025-01-27,blog,10-use-cases-for-productboards-dynamic-customer-segmentation,10 use cases for productboards dynamic customer segmentation,,content
productboard.com,https://www.productboard.com/blog/why-the-future-is-bright-at-productboard/,2025-12-01,blog,why-the-future-is-bright-at-productboard,why the future is bright at productboard,,content
productboard.com,https://www.productboard.com/blog/uxdx-recap-product-design-experts-from-uber-mastercard-and-more-share-their-insights/,2024-07-12,blog,uxdx-recap-product-design-experts-from-uber-mastercard-and-more-share-their-insights,uxdx recap product design experts from uber mastercard and more share their insights,,content
productboard.com,https://www.productboard.com/blog/the-age-of-product-discovery-part-i/,2024-07-12,blog,the-age-of-product-discovery-part-i,the age of product discovery part i,,content
productboard.com,https://www.productboard.com/blog/how-383-used-productboard-and-mixpanel-to-enable-busy-bees-to-develop-an-industry-first-digital-platform/,2025-11-30,blog,how-383-used-productboard-and-mixpanel-to-enable-busy-bees-to-develop-an-industry-first-digital-platform,how 383 used productboard and mixpanel to enable busy bees to develop an industry first digital platform,,content
productboard.com,https://www.productboard.com/blog/11-product-management-metrics-you-should-care-about/,2025-11-17,blog,11-product-management-metrics-you-should-care-about,11 product management metrics you should care about,,content
productboard.com,https://www.productboard.com/blog/how-to-connect-can-i-use-with-your-google-analytics-to-show-real-browser-support/,2025-01-21,blog,how-to-connect-can-i-use-with-your-google-analytics-to-show-real-browser-support,how to connect can i use with your google analytics to show real browser support,,content
productboard.com,https://www.productboard.com/blog/uniting-teams-around-shared-objectives-4-tips-for-evangelizing-your-product-vision-and-strategy/,2024-07-12,blog,uniting-teams-around-shared-objectives-4-tips-for-evangelizing-your-product-vision-and-strategy,uniting teams around shared objectives 4 tips for evangelizing your product vision and strategy,,content
productboard.com,https://www.productboard.com/blog/born-to-sell-an-interview-with-productboards-elizabeth-chase/,2024-07-12,blog,born-to-sell-an-interview-with-productboards-elizabeth-chase,born to sell an interview with productboards elizabeth chase,,content
productboard.com,https://www.productboard.com/blog/product-discovery-best-practices-for-product-leaders-a-discussion-with-hope-gurion/,2025-12-01,blog,product-discovery-best-practices-for-product-leaders-a-discussion-with-hope-gurion,product discovery best practices for product leaders a discussion with hope gurion,,content
productboard.com,https://www.productboard.com/blog/3-ways-product-operations-can-up-level-your-product-organization/,2025-11-17,blog,3-ways-product-operations-can-up-level-your-product-organization,3 ways product operations can up level your product organization,,content
productboard.com,https://www.productboard.com/blog/vp-product-rachel-wolan-on-how-product-leaders-can-help-customers-adapt-during-unprecedented-times/,2025-12-01,blog,vp-product-rachel-wolan-on-how-product-leaders-can-help-customers-adapt-during-unprecedented-times,vp product rachel wolan on how product leaders can help customers adapt during unprecedented times,,content
productboard.com,https://www.productboard.com/blog/how-to-upgrade-your-product-strategy-and-tech-stack/,2025-12-01,blog,how-to-upgrade-your-product-strategy-and-tech-stack,how to upgrade your product strategy and tech stack,,content
productboard.com,https://www.productboard.com/blog/sc-moattis-mind-body-spirit-product-management-framework/,2025-08-20,blog,sc-moattis-mind-body-spirit-product-management-framework,sc moattis mind body spirit product management framework,,content
productboard.com,https://www.productboard.com/blog/making-the-most-of-valuable-product-insights-in-intercom-conversations/,2025-12-01,blog,making-the-most-of-valuable-product-insights-in-intercom-conversations,making the most of valuable product insights in intercom conversations,,content
productboard.com,https://www.productboard.com/blog/the-five-stages-of-product-strategy/,2024-07-12,blog,the-five-stages-of-product-strategy,the five stages of product strategy,,content
productboard.com,https://www.productboard.com/blog/the-problem-with-spreadsheets-and-why-high-performing-product-teams-are-switching-to-dynamic-software/,2025-12-01,blog,the-problem-with-spreadsheets-and-why-high-performing-product-teams-are-switching-to-dynamic-software,the problem with spreadsheets and why high performing product teams are switching to dynamic software,,content
productboard.com,https://www.productboard.com/blog/6-benefits-of-processing-research-feedback-in-productboard/,2024-07-12,blog,6-benefits-of-processing-research-feedback-in-productboard,6 benefits of processing research feedback in productboard,,content
productboard.com,https://www.productboard.com/blog/a-battle-tested-product-onboarding-framework-from-wes-bush/,2024-07-12,blog,a-battle-tested-product-onboarding-framework-from-wes-bush,a battle tested product onboarding framework from wes bush,,content
productboard.com,https://www.productboard.com/blog/applying-maslows-hierarchy-of-needs-to-product-management/,2025-11-17,blog,applying-maslows-hierarchy-of-needs-to-product-management,applying maslows hierarchy of needs to product management,,content
productboard.com,https://www.productboard.com/blog/millennials-are-not-spoiled-when-the-know-better-effect-comes-in-to-play/,2024-07-12,blog,millennials-are-not-spoiled-when-the-know-better-effect-comes-in-to-play,millennials are not spoiled when the know better effect comes in to play,,content
productboard.com,https://www.productboard.com/blog/how-to-build-excellent-products-in-the-age-of-remote-work/,2024-07-12,blog,how-to-build-excellent-products-in-the-age-of-remote-work,how to build excellent products in the age of remote work,,content
productboard.com,https://www.productboard.com/blog/ken-sandy-on-the-four-mindsets-of-influential-product-managers/,2024-07-12,blog,ken-sandy-on-the-four-mindsets-of-influential-product-managers,ken sandy on the four mindsets of influential product managers,,content
productboard.com,https://www.productboard.com/blog/a-discussion-with-product-leaders-from-personio-and-clubhouse/,2025-11-17,blog,a-discussion-with-product-leaders-from-personio-and-clubhouse,a discussion with product leaders from personio and clubhouse,,content
productboard.com,https://www.productboard.com/blog/vp-product-courtney-machi-on-why-working-remotely-makes-you-a-better-product-manager/,2024-07-12,blog,vp-product-courtney-machi-on-why-working-remotely-makes-you-a-better-product-manager,vp product courtney machi on why working remotely makes you a better product manager,,content
productboard.com,https://www.productboard.com/blog/4-important-product-discovery-steps-to-measure-success/,2025-11-17,blog,4-important-product-discovery-steps-to-measure-success,4 important product discovery steps to measure success,,content
productboard.com,https://www.productboard.com/blog/dangerous-animals-of-product-management-how-to-manage-challenging-stakeholders/,2025-11-30,blog,dangerous-animals-of-product-management-how-to-manage-challenging-stakeholders,dangerous animals of product management how to manage challenging stakeholders,,content
productboard.com,https://www.productboard.com/blog/in-it-together-why-productboard-offers-employee-stock-options/,2025-12-01,blog,in-it-together-why-productboard-offers-employee-stock-options,in it together why productboard offers employee stock options,,content
productboard.com,https://www.productboard.com/blog/kate-oneill-tech-humanism/,2025-08-20,blog,kate-oneill-tech-humanism,kate oneill tech humanism,,content
productboard.com,https://www.productboard.com/blog/faster-horses-and-the-model-t-flaws-in-the-classic-product-managers-adage/,2024-07-12,blog,faster-horses-and-the-model-t-flaws-in-the-classic-product-managers-adage,faster horses and the model t flaws in the classic product managers adage,,content
productboard.com,https://www.productboard.com/blog/how-we-implemented-svg-arrows-in-react-the-basics-1-3/,2025-01-21,blog,how-we-implemented-svg-arrows-in-react-the-basics-1-3,how we implemented svg arrows in react the basics 1 3,,content
productboard.com,https://www.productboard.com/blog/joining-the-fight-against-inequality-bigotry-and-intolerance/,2024-07-12,blog,joining-the-fight-against-inequality-bigotry-and-intolerance,joining the fight against inequality bigotry and intolerance,,content
productboard.com,https://www.productboard.com/blog/5-superpowers-outstanding-product-managers/,2025-10-09,blog,5-superpowers-outstanding-product-managers,5 superpowers outstanding product managers,,content
productboard.com,https://www.productboard.com/blog/5-reasons-spreadsheets-may-be-holding-back-your-product-team-and-a-better-alternative/,2025-11-17,blog,5-reasons-spreadsheets-may-be-holding-back-your-product-team-and-a-better-alternative,5 reasons spreadsheets may be holding back your product team and a better alternative,,content
productboard.com,https://www.productboard.com/blog/how-we-implemented-svg-arrows-in-react-the-curvature-2-3/,2025-01-21,blog,how-we-implemented-svg-arrows-in-react-the-curvature-2-3,how we implemented svg arrows in react the curvature 2 3,,content
productboard.com,https://www.productboard.com/blog/how-sales-and-product-teams-can-better-work-together/,2025-12-01,blog,how-sales-and-product-teams-can-better-work-together,how sales and product teams can better work together,,content
productboard.com,https://www.productboard.com/blog/how-to-tailor-product-discovery-to-your-organization-stage-size/,2025-12-01,blog,how-to-tailor-product-discovery-to-your-organization-stage-size,how to tailor product discovery to your organization stage size,,content
productboard.com,https://www.productboard.com/blog/john-cutler-explains-how-you-can-answer-tough-questions-with-your-product-story/,2024-07-12,blog,john-cutler-explains-how-you-can-answer-tough-questions-with-your-product-story,john cutler explains how you can answer tough questions with your product story,,content
productboard.com,https://www.productboard.com/blog/product-team-structure-6-ways-to-coordinate-a-reorg-that-benefits-everyone/,2025-12-01,blog,product-team-structure-6-ways-to-coordinate-a-reorg-that-benefits-everyone,product team structure 6 ways to coordinate a reorg that benefits everyone,,content
productboard.com,https://www.productboard.com/blog/everything-you-need-to-know-about-product-discovery/,2024-07-12,blog,everything-you-need-to-know-about-product-discovery,everything you need to know about product discovery,,content
productboard.com,https://www.productboard.com/blog/q-a-with-disney-vp-product-on-customer-centricity-effective-prioritization-building-excellent-products/,2025-12-01,blog,q-a-with-disney-vp-product-on-customer-centricity-effective-prioritization-building-excellent-products,q a with disney vp product on customer centricity effective prioritization building excellent products,,content
productboard.com,https://www.productboard.com/blog/what-is-a-minimum-viable-product-mvp/,2024-03-21,blog,what-is-a-minimum-viable-product-mvp,what is a minimum viable product mvp,,content
productboard.com,https://www.productboard.com/blog/how-we-implemented-svg-arrows-in-react-final-touches-3-3/,2025-01-21,blog,how-we-implemented-svg-arrows-in-react-final-touches-3-3,how we implemented svg arrows in react final touches 3 3,,content
productboard.com,https://www.productboard.com/blog/why-user-insights-are-a-crucial-piece-of-excellent-product-roadmaps/,2025-12-01,blog,why-user-insights-are-a-crucial-piece-of-excellent-product-roadmaps,why user insights are a crucial piece of excellent product roadmaps,,content
productboard.com,https://www.productboard.com/blog/product-owner-vs-product-manager-who-runs-the-show/,2026-10-05,blog,product-owner-vs-product-manager-who-runs-the-show,product owner vs product manager who runs the show,,content
productboard.com,https://www.productboard.com/blog/eight-tips-to-relieve-those-postgres-headaches/,2025-01-21,blog,eight-tips-to-relieve-those-postgres-headaches,eight tips to relieve those postgres headaches,,content
productboard.com,https://www.productboard.com/blog/barcelona-retreat-flux-js-and-cute-dogs-my-amazing-first-month-as-a-productboard-engineer/,2024-07-12,blog,barcelona-retreat-flux-js-and-cute-dogs-my-amazing-first-month-as-a-productboard-engineer,barcelona retreat flux js and cute dogs my amazing first month as a productboard engineer,,content
productboard.com,https://www.productboard.com/blog/15-best-books-for-product-managers/,2025-11-17,blog,15-best-books-for-product-managers,15 best books for product managers,,content
productboard.com,https://www.productboard.com/blog/what-do-users-need/,2025-10-09,blog,what-do-users-need,what do users need,,content
productboard.com,https://www.productboard.com/blog/never-stop-iterating-how-a-zillow-pm-perfects-a-highly-complicated-product/,2025-08-20,blog,never-stop-iterating-how-a-zillow-pm-perfects-a-highly-complicated-product,never stop iterating how a zillow pm perfects a highly complicated product,,content
productboard.com,https://www.productboard.com/blog/productboard-is-now-soc-2-type-ii-certified/,2024-07-12,blog,productboard-is-now-soc-2-type-ii-certified,productboard is now soc 2 type ii certified,,content
productboard.com,https://www.productboard.com/blog/product-research-rules-with-c-todd-lombardo/,2025-12-01,blog,product-research-rules-with-c-todd-lombardo,product research rules with c todd lombardo,,content
productboard.com,https://www.productboard.com/blog/how-we-revamped-our-rfc-process-at-productboard/,2025-01-21,blog,how-we-revamped-our-rfc-process-at-productboard,how we revamped our rfc process at productboard,,content
productboard.com,https://www.productboard.com/blog/how-to-pivot-your-product-strategy-and-anticipate-growth-during-a-crisis/,2025-12-01,blog,how-to-pivot-your-product-strategy-and-anticipate-growth-during-a-crisis,how to pivot your product strategy and anticipate growth during a crisis,,content
productboard.com,https://www.productboard.com/blog/introducing-the-notes-api/,2025-12-01,blog,introducing-the-notes-api,introducing the notes api,,content
productboard.com,https://www.productboard.com/blog/join-us-for-our-august-sf-happy-hour-featuring-p-ms-from-miro-grammarly-and-quantcast/,2024-07-12,blog,join-us-for-our-august-sf-happy-hour-featuring-p-ms-from-miro-grammarly-and-quantcast,join us for our august sf happy hour featuring p ms from miro grammarly and quantcast,,content
productboard.com,https://www.productboard.com/blog/sachin-rekhi-continuous-product-feedback-loops/,2025-12-01,blog,sachin-rekhi-continuous-product-feedback-loops,sachin rekhi continuous product feedback loops,,content
productboard.com,https://www.productboard.com/blog/deep-customer-insights-the-key-to-building-excellent-products/,2025-11-30,blog,deep-customer-insights-the-key-to-building-excellent-products,deep customer insights the key to building excellent products,,content
productboard.com,https://www.productboard.com/blog/product-manager-vs-project-manager-whats-the-difference/,2024-07-12,blog,product-manager-vs-project-manager-whats-the-difference,product manager vs project manager whats the difference,,content
productboard.com,https://www.productboard.com/blog/hang-out-with-productboard-at-industry-global-2019/,2024-07-12,blog,hang-out-with-productboard-at-industry-global-2019,hang out with productboard at industry global 2019,2019,content
productboard.com,https://www.productboard.com/blog/to-build-a-great-product-experience-prioritize-delighting-your-customer/,2024-07-12,blog,to-build-a-great-product-experience-prioritize-delighting-your-customer,to build a great product experience prioritize delighting your customer,,content
productboard.com,https://www.productboard.com/blog/a-review-of-inspired-the-product-management-classic-by-marty-cagan/,2025-11-17,blog,a-review-of-inspired-the-product-management-classic-by-marty-cagan,a review of inspired the product management classic by marty cagan,,content
productboard.com,https://www.productboard.com/blog/backlog-management/,2024-10-28,blog,backlog-management,backlog management,,content
productboard.com,https://www.productboard.com/blog/chloe-gibert-on-up-leveling-your-product-management-process/,2025-11-30,blog,chloe-gibert-on-up-leveling-your-product-management-process,chloe gibert on up leveling your product management process,,content
productboard.com,https://www.productboard.com/blog/my-first-18-months-on-the-productboard-design-team/,2025-12-01,blog,my-first-18-months-on-the-productboard-design-team,my first 18 months on the productboard design team,,content
productboard.com,https://www.productboard.com/blog/home-sweet-home-a-look-at-our-brand-new-office-space-in-prague/,2025-11-30,blog,home-sweet-home-a-look-at-our-brand-new-office-space-in-prague,home sweet home a look at our brand new office space in prague,,content
productboard.com,https://www.productboard.com/blog/why-every-product-manager-should-be-able-to-prototype/,2025-12-01,blog,why-every-product-manager-should-be-able-to-prototype,why every product manager should be able to prototype,,content
productboard.com,https://www.productboard.com/blog/the-problem-with-user-personas/,2024-07-12,blog,the-problem-with-user-personas,the problem with user personas,,content
productboard.com,https://www.productboard.com/blog/how-we-wrote-our-design-teams-charter-together/,2025-01-21,blog,how-we-wrote-our-design-teams-charter-together,how we wrote our design teams charter together,,content
productboard.com,https://www.productboard.com/blog/why-your-product-management-process-isnt-scaling-and-how-to-fix-it/,2025-12-01,blog,why-your-product-management-process-isnt-scaling-and-how-to-fix-it,why your product management process isnt scaling and how to fix it,,content
productboard.com,https://www.productboard.com/blog/gain-buy-in-product-management-system/,2025-10-09,blog,gain-buy-in-product-management-system,gain buy in product management system,,content
productboard.com,https://www.productboard.com/blog/paving-your-path-to-product-excellence/,2025-03-11,blog,paving-your-path-to-product-excellence,paving your path to product excellence,,content
productboard.com,https://www.productboard.com/blog/one-yarn-to-rule-them-all/,2025-01-21,blog,one-yarn-to-rule-them-all,one yarn to rule them all,,content
productboard.com,https://www.productboard.com/blog/talking-ux-and-product-discovery-with-the-prague-tech-community/,2024-07-12,blog,talking-ux-and-product-discovery-with-the-prague-tech-community,talking ux and product discovery with the prague tech community,,content
productboard.com,https://www.productboard.com/blog/how-five-product-leaders-approach-customer-centricity/,2024-07-12,blog,how-five-product-leaders-approach-customer-centricity,how five product leaders approach customer centricity,,content
productboard.com,https://www.productboard.com/blog/working-with-a-product-centric-ceo-lessons-from-figma-amplitude-and-launch-darkly/,2025-12-01,blog,working-with-a-product-centric-ceo-lessons-from-figma-amplitude-and-launch-darkly,working with a product centric ceo lessons from figma amplitude and launch darkly,,content
productboard.com,https://www.productboard.com/blog/rich-mironov-building-excellent-products/,2025-12-01,blog,rich-mironov-building-excellent-products,rich mironov building excellent products,,content
productboard.com,https://www.productboard.com/blog/an-interview-with-productboard-cto-daniel-hejl/,2024-07-12,blog,an-interview-with-productboard-cto-daniel-hejl,an interview with productboard cto daniel hejl,,content
productboard.com,https://www.productboard.com/blog/20-product-management-blogs/,2025-12-01,blog,20-product-management-blogs,20 product management blogs,,content
productboard.com,https://www.productboard.com/blog/lewis-c-lin-wrote-a-book-to-help-you-become-the-greatest-product-manager-ever/,2025-12-01,blog,lewis-c-lin-wrote-a-book-to-help-you-become-the-greatest-product-manager-ever,lewis c lin wrote a book to help you become the greatest product manager ever,,content
productboard.com,https://www.productboard.com/blog/the-benefits-of-being-transparent-about-your-product-management-process/,2024-07-12,blog,the-benefits-of-being-transparent-about-your-product-management-process,the benefits of being transparent about your product management process,,content
productboard.com,https://www.productboard.com/blog/to-build-delightful-products-focus-on-your-customers-problem-not-the-solution/,2024-07-12,blog,to-build-delightful-products-focus-on-your-customers-problem-not-the-solution,to build delightful products focus on your customers problem not the solution,,content
productboard.com,https://www.productboard.com/blog/shelley-perry-chief-product-officer-scaleup-companies/,2025-12-01,blog,shelley-perry-chief-product-officer-scaleup-companies,shelley perry chief product officer scaleup companies,,content
productboard.com,https://www.productboard.com/blog/gathering-synthesizing-deep-user-insights/,2025-12-01,blog,gathering-synthesizing-deep-user-insights,gathering synthesizing deep user insights,,content
productboard.com,https://www.productboard.com/blog/product-leader-hiten-shah-uses-stories-to-identify-customer-needs/,2024-07-12,blog,product-leader-hiten-shah-uses-stories-to-identify-customer-needs,product leader hiten shah uses stories to identify customer needs,,content
productboard.com,https://www.productboard.com/blog/our-top-12-product-management-blog-posts-of-2020/,2025-12-01,blog,our-top-12-product-management-blog-posts-of-2020,our top 12 product management blog posts of 2020,2020,content
productboard.com,https://www.productboard.com/blog/individual-contributor-vs-engineering-manager-a-comprehensive-guide-on-expectations/,2025-03-11,blog,individual-contributor-vs-engineering-manager-a-comprehensive-guide-on-expectations,individual contributor vs engineering manager a comprehensive guide on expectations,,content
productboard.com,https://www.productboard.com/blog/age-of-product-excellence-ynab/,2025-08-20,blog,age-of-product-excellence-ynab,age of product excellence ynab,,content
productboard.com,https://www.productboard.com/blog/the-global-product-community-weighs-in-on-product-excellence-at-mind-the-product/,2024-07-12,blog,the-global-product-community-weighs-in-on-product-excellence-at-mind-the-product,the global product community weighs in on product excellence at mind the product,,content
productboard.com,https://www.productboard.com/blog/user-segmentation-why-its-crucial-for-product-managers/,2025-12-01,blog,user-segmentation-why-its-crucial-for-product-managers,user segmentation why its crucial for product managers,,content
productboard.com,https://www.productboard.com/blog/join-us-for-productboards-july-happy-hour-in-san-francisco/,2024-07-12,blog,join-us-for-productboards-july-happy-hour-in-san-francisco,join us for productboards july happy hour in san francisco,,content
productboard.com,https://www.productboard.com/blog/what-core-and-growth-product-managers-can-teach-each-other/,2024-07-12,blog,what-core-and-growth-product-managers-can-teach-each-other,what core and growth product managers can teach each other,,content
productboard.com,https://www.productboard.com/blog/what-milkshakes-and-your-product-hierarchy-have-in-common/,2024-07-12,blog,what-milkshakes-and-your-product-hierarchy-have-in-common,what milkshakes and your product hierarchy have in common,,content
productboard.com,https://www.productboard.com/blog/transparency-at-productboard-5-ways-we-walk-the-walk/,2025-12-01,blog,transparency-at-productboard-5-ways-we-walk-the-walk,transparency at productboard 5 ways we walk the walk,,content
productboard.com,https://www.productboard.com/blog/align-your-product-roadmap-to-your-company-strategy/,2024-07-12,blog,align-your-product-roadmap-to-your-company-strategy,align your product roadmap to your company strategy,,content
productboard.com,https://www.productboard.com/blog/how-we-approach-remote-work-at-productboard/,2025-12-01,blog,how-we-approach-remote-work-at-productboard,how we approach remote work at productboard,,content
productboard.com,https://www.productboard.com/blog/set-yourself-up-for-success-during-prioritization/,2026-08-05,blog,set-yourself-up-for-success-during-prioritization,set yourself up for success during prioritization,,content
productboard.com,https://www.productboard.com/blog/the-secret-ingredient-to-building-a-product-roadmap-collaboration/,2025-12-01,blog,the-secret-ingredient-to-building-a-product-roadmap-collaboration,the secret ingredient to building a product roadmap collaboration,,content
productboard.com,https://www.productboard.com/blog/product-love-podcast-recap-productboard-ceo-hubert-palans-take-on-modern-product-management/,2024-07-12,blog,product-love-podcast-recap-productboard-ceo-hubert-palans-take-on-modern-product-management,product love podcast recap productboard ceo hubert palans take on modern product management,,content
productboard.com,https://www.productboard.com/blog/one-piece-of-advice-for-p-ms/,2024-07-12,blog,one-piece-of-advice-for-p-ms,one piece of advice for p ms,,content
productboard.com,https://www.productboard.com/blog/how-the-productboard-design-team-is-learning-from-the-best/,2025-01-21,blog,how-the-productboard-design-team-is-learning-from-the-best,how the productboard design team is learning from the best,,content
productboard.com,https://www.productboard.com/blog/dan-olsens-product-strategy-framework/,2024-07-12,blog,dan-olsens-product-strategy-framework,dan olsens product strategy framework,,content
productboard.com,https://www.productboard.com/blog/productboard-ceo-hubert-palan-shares-what-it-takes-to-achieve-true-product-excellence/,2025-12-01,blog,productboard-ceo-hubert-palan-shares-what-it-takes-to-achieve-true-product-excellence,productboard ceo hubert palan shares what it takes to achieve true product excellence,,content
productboard.com,https://www.productboard.com/blog/supporting-mental-health-the-productboard-way/,2024-07-12,blog,supporting-mental-health-the-productboard-way,supporting mental health the productboard way,,content
productboard.com,https://www.productboard.com/blog/using-product-metrics-to-build-the-right-features-in-the-right-way/,2024-07-12,blog,using-product-metrics-to-build-the-right-features-in-the-right-way,using product metrics to build the right features in the right way,,content
productboard.com,https://www.productboard.com/blog/hiten-shah-age-of-product-excellence/,2025-08-20,blog,hiten-shah-age-of-product-excellence,hiten shah age of product excellence,,content
productboard.com,https://www.productboard.com/blog/productboard-raises-a-45-m-series-b-led-by-sequoia-capital/,2025-12-01,blog,productboard-raises-a-45-m-series-b-led-by-sequoia-capital,productboard raises a 45 m series b led by sequoia capital,,content
productboard.com,https://www.productboard.com/blog/product-managers-are-turning-to-products-to-help-them-build-solutions-that-matter/,2024-07-12,blog,product-managers-are-turning-to-products-to-help-them-build-solutions-that-matter,product managers are turning to products to help them build solutions that matter,,content
productboard.com,https://www.productboard.com/blog/streamline-the-creation-of-notes-in-productboard-using-siri/,2024-05-22,blog,streamline-the-creation-of-notes-in-productboard-using-siri,streamline the creation of notes in productboard using siri,,content
productboard.com,https://www.productboard.com/blog/how-to-use-growth-accounting-to-measure-product-market-fit/,2024-07-12,blog,how-to-use-growth-accounting-to-measure-product-market-fit,how to use growth accounting to measure product market fit,,content
productboard.com,https://www.productboard.com/blog/why-you-need-a-product-strategy-framework-to-build-a-great-product/,2025-12-01,blog,why-you-need-a-product-strategy-framework-to-build-a-great-product,why you need a product strategy framework to build a great product,,content
productboard.com,https://www.productboard.com/blog/the-path-to-product-qualified-leads/,2024-07-12,blog,the-path-to-product-qualified-leads,the path to product qualified leads,,content
productboard.com,https://www.productboard.com/blog/what-are-your-top-requested-features-over-the-past-7-30-90-days/,2024-07-12,blog,what-are-your-top-requested-features-over-the-past-7-30-90-days,what are your top requested features over the past 7 30 90 days,,content
productboard.com,https://www.productboard.com/blog/customer-is-besieged-but-still-standing-unconquered/,2024-07-12,blog,customer-is-besieged-but-still-standing-unconquered,customer is besieged but still standing unconquered,,content
productboard.com,https://www.productboard.com/blog/why-is-product-management-hard/,2024-07-12,blog,why-is-product-management-hard,why is product management hard,,content
productboard.com,https://www.productboard.com/blog/a-cpo-on-scaling-product-management-by-focusing-only-on-what-matters-and-how-to-define-what-matters/,2025-11-17,blog,a-cpo-on-scaling-product-management-by-focusing-only-on-what-matters-and-how-to-define-what-matters,a cpo on scaling product management by focusing only on what matters and how to define what matters,,content
productboard.com,https://www.productboard.com/blog/demystifying-product-management/,2024-07-12,blog,demystifying-product-management,demystifying product management,,content
productboard.com,https://www.productboard.com/blog/5-failed-products-that-couldve-been-saved-by-better-product-management/,2025-11-17,blog,5-failed-products-that-couldve-been-saved-by-better-product-management,5 failed products that couldve been saved by better product management,,content
productboard.com,https://www.productboard.com/blog/funnel-user-insights-from-across-your-organization/,2024-07-12,blog,funnel-user-insights-from-across-your-organization,funnel user insights from across your organization,,content
productboard.com,https://www.productboard.com/blog/why-are-execs-product-managers-marketers-designers-and-engineers-so-often-not-on-the-same-page/,2024-07-12,blog,why-are-execs-product-managers-marketers-designers-and-engineers-so-often-not-on-the-same-page,why are execs product managers marketers designers and engineers so often not on the same page,,content
productboard.com,https://www.productboard.com/blog/10-questions-from-our-recent-ama-with-productboard-ceo-hubert-palan/,2025-03-26,blog,10-questions-from-our-recent-ama-with-productboard-ceo-hubert-palan,10 questions from our recent ama with productboard ceo hubert palan,,content
productboard.com,https://www.productboard.com/blog/why-we-are-now-in-the-golden-age-of-product-management/,2024-07-12,blog,why-we-are-now-in-the-golden-age-of-product-management,why we are now in the golden age of product management,,content
productboard.com,https://www.productboard.com/blog/new-features-for-b-2-b-teams/,2024-07-12,blog,new-features-for-b-2-b-teams,new features for b 2 b teams,,content
productboard.com,https://www.productboard.com/blog/personalization-and-the-rise-of-machine-learning-product-management/,2025-12-01,blog,personalization-and-the-rise-of-machine-learning-product-management,personalization and the rise of machine learning product management,,content
productboard.com,https://www.productboard.com/blog/how-feature-voting-forums-failed-us/,2026-08-04,blog,how-feature-voting-forums-failed-us,how feature voting forums failed us,,content
productboard.com,https://www.productboard.com/blog/product-management-solution-looming/,2024-07-12,blog,product-management-solution-looming,product management solution looming,,content
productboard.com,https://www.productboard.com/blog/4-ways-to-organize-your-scaling-product-teams/,2024-07-12,blog,4-ways-to-organize-your-scaling-product-teams,4 ways to organize your scaling product teams,,content
productboard.com,https://www.productboard.com/blog/nir-eyal-on-becoming-indistractable-how-to-get-the-best-from-technology-without-letting-it-get-the-best-of-you/,2024-07-12,blog,nir-eyal-on-becoming-indistractable-how-to-get-the-best-from-technology-without-letting-it-get-the-best-of-you,nir eyal on becoming indistractable how to get the best from technology without letting it get the best of you,,content
productboard.com,https://www.productboard.com/blog/a-year-in-review-productboards-top-10-posts-from-2017/,2024-07-12,blog,a-year-in-review-productboards-top-10-posts-from-2017,a year in review productboards top 10 posts from 2017,2017,content
productboard.com,https://www.productboard.com/blog/two-questions-for-more-effective-interviews-reference-calls/,2024-07-12,blog,two-questions-for-more-effective-interviews-reference-calls,two questions for more effective interviews reference calls,,content
productboard.com,https://www.productboard.com/blog/our-top-12-product-management-blog-posts-from-2019/,2024-07-12,blog,our-top-12-product-management-blog-posts-from-2019,our top 12 product management blog posts from 2019,2019,content
productboard.com,https://www.productboard.com/blog/3-common-product-discovery-mistakes/,2025-11-17,blog,3-common-product-discovery-mistakes,3 common product discovery mistakes,,content
productboard.com,https://www.productboard.com/blog/join-us-for-a-live-demo-of-productboard/,2024-05-22,blog,join-us-for-a-live-demo-of-productboard,join us for a live demo of productboard,,content
productboard.com,https://www.productboard.com/blog/see-which-feature-ideas-each-customer-company-needs/,2025-06-17,blog,see-which-feature-ideas-each-customer-company-needs,see which feature ideas each customer company needs,,content
productboard.com,https://www.productboard.com/blog/are-you-on-the-path-to-product-excellence/,2024-07-12,blog,are-you-on-the-path-to-product-excellence,are you on the path to product excellence,,content
productboard.com,https://www.productboard.com/blog/productboard-is-now-even-better-for-entire-product-organizations/,2024-05-22,blog,productboard-is-now-even-better-for-entire-product-organizations,productboard is now even better for entire product organizations,,content
productboard.com,https://www.productboard.com/blog/from-0-to-100-million-readers-how-highlights-on-medium-changed-publishing-forever/,2025-11-30,blog,from-0-to-100-million-readers-how-highlights-on-medium-changed-publishing-forever,from 0 to 100 million readers how highlights on medium changed publishing forever,,content
productboard.com,https://www.productboard.com/blog/why-top-product-organizations-are-adopting-dedicated-product-management-systems/,2025-12-01,blog,why-top-product-organizations-are-adopting-dedicated-product-management-systems,why top product organizations are adopting dedicated product management systems,,content
productboard.com,https://www.productboard.com/blog/7-reasons-to-join-the-productboard-sales-team/,2025-11-17,blog,7-reasons-to-join-the-productboard-sales-team,7 reasons to join the productboard sales team,,content
productboard.com,https://www.productboard.com/blog/what-does-a-product-manager-do/,2024-07-12,blog,what-does-a-product-manager-do,what does a product manager do,,content
productboard.com,https://www.productboard.com/blog/what-does-a-chief-product-officer-do-a-close-look-at-an-up-and-coming-role/,2025-12-01,blog,what-does-a-chief-product-officer-do-a-close-look-at-an-up-and-coming-role,what does a chief product officer do a close look at an up and coming role,,content
productboard.com,https://www.productboard.com/blog/how-we-designed-a-unique-memorable-and-personable-private-beta-signup/,2024-07-12,blog,how-we-designed-a-unique-memorable-and-personable-private-beta-signup,how we designed a unique memorable and personable private beta signup,,content
productboard.com,https://www.productboard.com/blog/agile-product-roadmaps-4-principles-you-need-to-know/,2024-07-12,blog,agile-product-roadmaps-4-principles-you-need-to-know,agile product roadmaps 4 principles you need to know,,content
productboard.com,https://www.productboard.com/blog/tap-into-a-goldmine-of-customer-insights-with-the-productboard-integration-for-intercom/,2024-07-12,blog,tap-into-a-goldmine-of-customer-insights-with-the-productboard-integration-for-intercom,tap into a goldmine of customer insights with the productboard integration for intercom,,content
productboard.com,https://www.productboard.com/blog/open-letter-from-the-ceo-2016-will-be-a-defining-year/,2024-07-12,blog,open-letter-from-the-ceo-2016-will-be-a-defining-year,open letter from the ceo 2016 will be a defining year,2016,content
productboard.com,https://www.productboard.com/blog/productboard-raises-8-million-series-a-led-by-kleiner-perkins-to-help-product-managers-get-the-right-products-to-market-faster/,2024-07-12,blog,productboard-raises-8-million-series-a-led-by-kleiner-perkins-to-help-product-managers-get-the-right-products-to-market-faster,productboard raises 8 million series a led by kleiner perkins to help product managers get the right products to market faster,,content
productboard.com,https://www.productboard.com/blog/introducing-age-of-product-excellence-a-new-webinar-series-from-productboard/,2025-12-01,blog,introducing-age-of-product-excellence-a-new-webinar-series-from-productboard,introducing age of product excellence a new webinar series from productboard,,content
productboard.com,https://www.productboard.com/blog/what-are-we-really-talking-about-when-we-say-customer-empathy/,2024-07-12,blog,what-are-we-really-talking-about-when-we-say-customer-empathy,what are we really talking about when we say customer empathy,,content
productboard.com,https://www.productboard.com/blog/what-makes-a-great-product-manager/,2024-07-12,blog,what-makes-a-great-product-manager,what makes a great product manager,,content
productboard.com,https://www.productboard.com/blog/behind-our-series-a/,2025-11-17,blog,behind-our-series-a,behind our series a,,content
productboard.com,https://www.productboard.com/blog/focus-your-roadmaps-on-outcomes-not-outputs/,2024-07-12,blog,focus-your-roadmaps-on-outcomes-not-outputs,focus your roadmaps on outcomes not outputs,,content
productboard.com,https://www.productboard.com/blog/5-rules-for-creating-effective-product-backlogs/,2024-07-12,blog,5-rules-for-creating-effective-product-backlogs,5 rules for creating effective product backlogs,,content
productboard.com,https://www.productboard.com/blog/10-ways-custom-columns-can-help-you-prioritize-and-plan/,2024-07-12,blog,10-ways-custom-columns-can-help-you-prioritize-and-plan,10 ways custom columns can help you prioritize and plan,,content
productboard.com,https://www.productboard.com/blog/5-great-product-manager-skills/,2025-10-09,blog,5-great-product-manager-skills,5 great product manager skills,,content
productboard.com,https://www.productboard.com/blog/leading-your-organization-toward-product-excellence/,2025-05-30,blog,leading-your-organization-toward-product-excellence,leading your organization toward product excellence,,content
productboard.com,https://www.productboard.com/blog/nir-eyal-habit-forming-products/,2025-12-01,blog,nir-eyal-habit-forming-products,nir eyal habit forming products,,content
productboard.com,https://www.productboard.com/blog/the-key-to-overcoming-imposter-syndrome-is-to-find-a-community/,2024-07-12,blog,the-key-to-overcoming-imposter-syndrome-is-to-find-a-community,the key to overcoming imposter syndrome is to find a community,,content
productboard.com,https://www.productboard.com/blog/make-your-product-sing-the-importance-of-ux-writing-and-how-to-do-it-well/,2024-07-12,blog,make-your-product-sing-the-importance-of-ux-writing-and-how-to-do-it-well,make your product sing the importance of ux writing and how to do it well,,content
productboard.com,https://www.productboard.com/blog/how-to-do-a-competitive-analysis-to-differentiate-your-product/,2024-07-12,blog,how-to-do-a-competitive-analysis-to-differentiate-your-product,how to do a competitive analysis to differentiate your product,,content
productboard.com,https://www.productboard.com/blog/the-difference-between-product-development-and-product-management-tools-and-why-you-need-both/,2025-12-01,blog,the-difference-between-product-development-and-product-management-tools-and-why-you-need-both,the difference between product development and product management tools and why you need both,,content
productboard.com,https://www.productboard.com/blog/15-slack-communities-groups-for-product-managers/,2026-10-05,blog,15-slack-communities-groups-for-product-managers,15 slack communities groups for product managers,,content
productboard.com,https://www.productboard.com/blog/hiten-shahs-tips-for-remote-product-management/,2024-07-12,blog,hiten-shahs-tips-for-remote-product-management,hiten shahs tips for remote product management,,content
productboard.com,https://www.productboard.com/blog/sharing-prodmgmt-best-practices-and-strategies-at-mind-the-product-london/,2024-07-12,blog,sharing-prodmgmt-best-practices-and-strategies-at-mind-the-product-london,sharing prodmgmt best practices and strategies at mind the product london,,content
productboard.com,https://www.productboard.com/blog/the-case-for-organizing-feature-ideas-by-user-need/,2024-07-12,blog,the-case-for-organizing-feature-ideas-by-user-need,the case for organizing feature ideas by user need,,content
productboard.com,https://www.productboard.com/blog/learn-from-the-best-in-our-new-product-management-e-book/,2024-07-12,blog,learn-from-the-best-in-our-new-product-management-e-book,learn from the best in our new product management e book,,content
productboard.com,https://www.productboard.com/blog/3-frameworks-for-making-better-decisions-around-product-releases/,2024-07-12,blog,3-frameworks-for-making-better-decisions-around-product-releases,3 frameworks for making better decisions around product releases,,content
productboard.com,https://www.productboard.com/blog/taking-a-look-back-at-2018-happy-holidays/,2024-07-12,blog,taking-a-look-back-at-2018-happy-holidays,taking a look back at 2018 happy holidays,2018,content
productboard.com,https://www.productboard.com/blog/top-10-product-management-podcasts/,2024-07-12,blog,top-10-product-management-podcasts,top 10 product management podcasts,,content
productboard.com,https://www.productboard.com/blog/3-tips-to-stop-the-anxiety-and-focus-on-your-product-management-tasks/,2024-07-12,blog,3-tips-to-stop-the-anxiety-and-focus-on-your-product-management-tasks,3 tips to stop the anxiety and focus on your product management tasks,,content
productboard.com,https://www.productboard.com/blog/productboard-raises-1-3-million-in-seed-funding-to-build-system-of-record-for-product-management/,2024-07-12,blog,productboard-raises-1-3-million-in-seed-funding-to-build-system-of-record-for-product-management,productboard raises 1 3 million in seed funding to build system of record for product management,,content
productboard.com,https://www.productboard.com/blog/we-think-product-managers-deserve-a-product-of-their-own-investors-agree/,2024-08-16,blog,we-think-product-managers-deserve-a-product-of-their-own-investors-agree,we think product managers deserve a product of their own investors agree,,content
productboard.com,https://www.productboard.com/blog/engineering-leadership-how-productboards-new-podcast-is-spreading-the-word/,2025-01-21,blog,engineering-leadership-how-productboards-new-podcast-is-spreading-the-word,engineering leadership how productboards new podcast is spreading the word,,content
productboard.com,https://www.productboard.com/blog/what-makes-a-good-product-manager-tips/,2025-10-09,blog,what-makes-a-good-product-manager-tips,what makes a good product manager tips,,content
productboard.com,https://www.productboard.com/blog/a-recap-of-our-amazing-january-product-feedback-event-in-prague/,2024-07-12,blog,a-recap-of-our-amazing-january-product-feedback-event-in-prague,a recap of our amazing january product feedback event in prague,,content
productboard.com,https://www.productboard.com/blog/productboard-expands-its-series-a-and-raises-an-additional-10-million-led-by-index-ventures/,2024-07-12,blog,productboard-expands-its-series-a-and-raises-an-additional-10-million-led-by-index-ventures,productboard expands its series a and raises an additional 10 million led by index ventures,,content
productboard.com,https://www.productboard.com/blog/london-takeover-team-productboard-at-mtpcon-and-checkout-coms-product-development-week/,2024-07-12,blog,london-takeover-team-productboard-at-mtpcon-and-checkout-coms-product-development-week,london takeover team productboard at mtpcon and checkout coms product development week,,content
productboard.com,https://www.productboard.com/blog/c-todd-lombardo-on-the-strategic-role-of-product-roadmaps/,2025-11-30,blog,c-todd-lombardo-on-the-strategic-role-of-product-roadmaps,c todd lombardo on the strategic role of product roadmaps,,content
productboard.com,https://www.productboard.com/blog/how-productboard-is-helping-companies-make-the-best-products-in-2019/,2024-07-12,blog,how-productboard-is-helping-companies-make-the-best-products-in-2019,how productboard is helping companies make the best products in 2019,2019,content
productboard.com,https://www.productboard.com/blog/the-dangerous-animals-of-product-management-and-how-to-tame-them/,2025-12-01,blog,the-dangerous-animals-of-product-management-and-how-to-tame-them,the dangerous animals of product management and how to tame them,,content
productboard.com,https://www.productboard.com/blog/7-habits-that-will-help-you-stay-engaged-and-focused-on-delivering-a-great-product-experience/,2024-07-12,blog,7-habits-that-will-help-you-stay-engaged-and-focused-on-delivering-a-great-product-experience,7 habits that will help you stay engaged and focused on delivering a great product experience,,content
productboard.com,https://www.productboard.com/blog/how-user-research-has-always-driven-product-decision-making/,2024-07-12,blog,how-user-research-has-always-driven-product-decision-making,how user research has always driven product decision making,,content
productboard.com,https://www.productboard.com/blog/spinners-versus-skeletons-in-the-battle-of-hasting/,2025-01-21,blog,spinners-versus-skeletons-in-the-battle-of-hasting,spinners versus skeletons in the battle of hasting,,content
productboard.com,https://www.productboard.com/blog/roadmap-vs-release-plan-whats-the-difference/,2025-12-01,blog,roadmap-vs-release-plan-whats-the-difference,roadmap vs release plan whats the difference,,content
productboard.com,https://www.productboard.com/blog/new-dynamic-customer-segmentation-enables-a-deeper-understanding-of-customer-needs/,2024-07-12,blog,new-dynamic-customer-segmentation-enables-a-deeper-understanding-of-customer-needs,new dynamic customer segmentation enables a deeper understanding of customer needs,,content
productboard.com,https://www.productboard.com/blog/to-return-to-the-office-or-not-heres-how-were-approaching-this-question-at-productboard/,2025-12-01,blog,to-return-to-the-office-or-not-heres-how-were-approaching-this-question-at-productboard,to return to the office or not heres how were approaching this question at productboard,,content
productboard.com,https://www.productboard.com/blog/the-age-of-product-discovery-part-ii/,2024-07-12,blog,the-age-of-product-discovery-part-ii,the age of product discovery part ii,,content
productboard.com,https://www.productboard.com/blog/how-does-hubert-palan-juggle-being-ceo-of-productboard-and-a-new-father/,2024-07-12,blog,how-does-hubert-palan-juggle-being-ceo-of-productboard-and-a-new-father,how does hubert palan juggle being ceo of productboard and a new father,,content
productboard.com,https://www.productboard.com/blog/how-productboard-monitors-frontend-applications/,2025-01-21,blog,how-productboard-monitors-frontend-applications,how productboard monitors frontend applications,,content
productboard.com,https://www.productboard.com/blog/how-we-used-customer-feedback-to-launch-our-slack-integration-in-20-days/,2024-07-12,blog,how-we-used-customer-feedback-to-launch-our-slack-integration-in-20-days,how we used customer feedback to launch our slack integration in 20 days,,content
productboard.com,https://www.productboard.com/blog/lessons-in-digital-transformation-from-swarovski-gymshark-compassion-international/,2025-12-01,blog,lessons-in-digital-transformation-from-swarovski-gymshark-compassion-international,lessons in digital transformation from swarovski gymshark compassion international,,content
productboard.com,https://www.productboard.com/blog/what-ive-done-learned-and-taught-during-my-first-4-weeks-as-a-front-end-engineer-at-productboard/,2024-07-12,blog,what-ive-done-learned-and-taught-during-my-first-4-weeks-as-a-front-end-engineer-at-productboard,what ive done learned and taught during my first 4 weeks as a front end engineer at productboard,,content
productboard.com,https://www.productboard.com/blog/make-onboarding-a-breeze-with-a-30-60-90-plan/,2025-01-21,blog,make-onboarding-a-breeze-with-a-30-60-90-plan,make onboarding a breeze with a 30 60 90 plan,,content
productboard.com,https://www.productboard.com/blog/before-asking-how-to-make-a-better-roadmap-ask-how-you-can-communicate-better-first/,2024-07-12,blog,before-asking-how-to-make-a-better-roadmap-ask-how-you-can-communicate-better-first,before asking how to make a better roadmap ask how you can communicate better first,,content
productboard.com,https://www.productboard.com/blog/building-an-outcome-driven-product-roadmap-strategy/,2025-11-30,blog,building-an-outcome-driven-product-roadmap-strategy,building an outcome driven product roadmap strategy,,content
productboard.com,https://www.productboard.com/blog/how-product-leaders-at-slack-zendesk-approach-excellent-product-management/,2025-12-01,blog,how-product-leaders-at-slack-zendesk-approach-excellent-product-management,how product leaders at slack zendesk approach excellent product management,,content
productboard.com,https://www.productboard.com/blog/the-power-of-nps-in-your-product-strategy/,2024-07-12,blog,the-power-of-nps-in-your-product-strategy,the power of nps in your product strategy,,content
productboard.com,https://www.productboard.com/blog/3-helpful-things-you-should-do-in-an-interview-to-to-find-out-what-someone-really-wants/,2025-10-09,blog,3-helpful-things-you-should-do-in-an-interview-to-to-find-out-what-someone-really-wants,3 helpful things you should do in an interview to to find out what someone really wants,,content
productboard.com,https://www.productboard.com/blog/be-the-best-author/,2024-05-22,blog,be-the-best-author,be the best author,,content
productboard.com,https://www.productboard.com/blog/how-we-built-this-user-interviews-document-signing-feature/,2025-12-01,blog,how-we-built-this-user-interviews-document-signing-feature,how we built this user interviews document signing feature,,content
productboard.com,https://www.productboard.com/blog/what-jon-stewart-and-the-daily-show-can-teach-you-about-managing-your-time/,2024-07-12,blog,what-jon-stewart-and-the-daily-show-can-teach-you-about-managing-your-time,what jon stewart and the daily show can teach you about managing your time,,content
productboard.com,https://www.productboard.com/blog/30-30-30-product-management-rule/,2025-10-09,blog,30-30-30-product-management-rule,30 30 30 product management rule,,content
productboard.com,https://www.productboard.com/blog/can-there-be-an-all-in-one-product-management-tool/,2024-07-12,blog,can-there-be-an-all-in-one-product-management-tool,can there be an all in one product management tool,,content
productboard.com,https://www.productboard.com/blog/hiten-shah-on-mastering-the-art-of-distributed-product-management/,2025-11-30,blog,hiten-shah-on-mastering-the-art-of-distributed-product-management,hiten shah on mastering the art of distributed product management,,content
productboard.com,https://www.productboard.com/blog/why-we-are-launching-our-diversity-council/,2025-01-25,blog,why-we-are-launching-our-diversity-council,why we are launching our diversity council,,content
productboard.com,https://www.productboard.com/blog/productboard-is-now-even-better-for-large-scaling-organizations/,2024-07-12,blog,productboard-is-now-even-better-for-large-scaling-organizations,productboard is now even better for large scaling organizations,,content
productboard.com,https://www.productboard.com/blog/culture-rocks-what-we-learned-about-building-a-great-company-culture/,2024-07-12,blog,culture-rocks-what-we-learned-about-building-a-great-company-culture,culture rocks what we learned about building a great company culture,,content
productboard.com,https://www.productboard.com/blog/its-time-for-better-roadmaps-take-a-roadtrip-with-productboard/,2025-12-01,blog,its-time-for-better-roadmaps-take-a-roadtrip-with-productboard,its time for better roadmaps take a roadtrip with productboard,,content
productboard.com,https://www.productboard.com/blog/the-secret-to-a-potent-and-practical-product-strategy-lessons-from-growing-zendesk-to-700-m/,2024-07-12,blog,the-secret-to-a-potent-and-practical-product-strategy-lessons-from-growing-zendesk-to-700-m,the secret to a potent and practical product strategy lessons from growing zendesk to 700 m,,content
productboard.com,https://www.productboard.com/blog/making-the-switch-to-sell-for-a-product-led-company/,2024-07-12,blog,making-the-switch-to-sell-for-a-product-led-company,making the switch to sell for a product led company,,content
productboard.com,https://www.productboard.com/blog/srinivas-krishnamurti-sk-joins-productboard-as-svp-of-product/,2024-07-12,blog,srinivas-krishnamurti-sk-joins-productboard-as-svp-of-product,srinivas krishnamurti sk joins productboard as svp of product,,content
productboard.com,https://www.productboard.com/blog/your-biggest-product-manager-responsibilities-are-not-the-ones-you-think/,2024-07-12,blog,your-biggest-product-manager-responsibilities-are-not-the-ones-you-think,your biggest product manager responsibilities are not the ones you think,,content
productboard.com,https://www.productboard.com/blog/good-vs-bad-roadmaps-infographic/,2024-07-12,blog,good-vs-bad-roadmaps-infographic,good vs bad roadmaps infographic,,content
productboard.com,https://www.productboard.com/blog/easier-than-ever-roadmaps-one-roadmap-any-use-case/,2025-11-30,blog,easier-than-ever-roadmaps-one-roadmap-any-use-case,easier than ever roadmaps one roadmap any use case,,content
productboard.com,https://www.productboard.com/blog/how-to-improve-your-product-management-process-to-ensure-buy-in/,2024-07-12,blog,how-to-improve-your-product-management-process-to-ensure-buy-in,how to improve your product management process to ensure buy in,,content
productboard.com,https://www.productboard.com/blog/engineering-life-at-productboard-the-interview-process-and-how-to-prep/,2025-01-21,blog,engineering-life-at-productboard-the-interview-process-and-how-to-prep,engineering life at productboard the interview process and how to prep,,content
productboard.com,https://www.productboard.com/blog/hang-out-with-productboard-at-product-craft/,2024-07-12,blog,hang-out-with-productboard-at-product-craft,hang out with productboard at product craft,,content
productboard.com,https://www.productboard.com/blog/productboard-excellence-award-winners-announced/,2024-07-12,blog,productboard-excellence-award-winners-announced,productboard excellence award winners announced,,content
productboard.com,https://www.productboard.com/blog/scaling-monorepo-to-infinity-and-beyond/,2025-01-21,blog,scaling-monorepo-to-infinity-and-beyond,scaling monorepo to infinity and beyond,,content
productboard.com,https://www.productboard.com/blog/use-productboard-to-manage-all-ideas-requests-and-feedback-in-one-place/,2024-07-12,blog,use-productboard-to-manage-all-ideas-requests-and-feedback-in-one-place,use productboard to manage all ideas requests and feedback in one place,,content
productboard.com,https://www.productboard.com/blog/san-francisco-happy-hour-with-productboard/,2024-07-12,blog,san-francisco-happy-hour-with-productboard,san francisco happy hour with productboard,,content
productboard.com,https://www.productboard.com/blog/how-4-organizations-use-productboard-for-customer-centric-roadmapping/,2024-07-12,blog,how-4-organizations-use-productboard-for-customer-centric-roadmapping,how 4 organizations use productboard for customer centric roadmapping,,content
productboard.com,https://www.productboard.com/blog/productboard-launches-new-capabilities-to-empower-customer-centric-product-teams/,2025-12-01,blog,productboard-launches-new-capabilities-to-empower-customer-centric-product-teams,productboard launches new capabilities to empower customer centric product teams,,content
productboard.com,https://www.productboard.com/blog/a-review-of-empowered-marty-cagans-latest-deep-dive-into-product-leadership/,2025-11-17,blog,a-review-of-empowered-marty-cagans-latest-deep-dive-into-product-leadership,a review of empowered marty cagans latest deep dive into product leadership,,content
productboard.com,https://www.productboard.com/blog/new-book-product-management-for-babies/,2025-12-01,blog,new-book-product-management-for-babies,new book product management for babies,,content
productboard.com,https://www.productboard.com/blog/building-a-united-front-between-product-and-engineering/,2024-07-12,blog,building-a-united-front-between-product-and-engineering,building a united front between product and engineering,,content
productboard.com,https://www.productboard.com/blog/6-steps-for-conducting-better-product-discovery/,2024-07-12,blog,6-steps-for-conducting-better-product-discovery,6 steps for conducting better product discovery,,content
productboard.com,https://www.productboard.com/blog/making-a-dent-in-the-universe-when-your-awesome-new-feature-is-already-so-three-months-ago/,2024-07-12,blog,making-a-dent-in-the-universe-when-your-awesome-new-feature-is-already-so-three-months-ago,making a dent in the universe when your awesome new feature is already so three months ago,,content
productboard.com,https://www.productboard.com/blog/the-ecosystem-driving-productboards-next-phase-of-growth/,2025-12-01,blog,the-ecosystem-driving-productboards-next-phase-of-growth,the ecosystem driving productboards next phase of growth,,content
productboard.com,https://www.productboard.com/blog/best-first-day-ever-kicking-off-my-productboard-journey-in-barcelona/,2024-07-12,blog,best-first-day-ever-kicking-off-my-productboard-journey-in-barcelona,best first day ever kicking off my productboard journey in barcelona,,content
productboard.com,https://www.productboard.com/blog/engineering-life-at-productboard-a-deep-dive-into-our-workflow-and-team-dynamics/,2025-01-21,blog,engineering-life-at-productboard-a-deep-dive-into-our-workflow-and-team-dynamics,engineering life at productboard a deep dive into our workflow and team dynamics,,content
productboard.com,https://www.productboard.com/blog/how-fig-jams-dedication-to-delight-helped-build-a-thriving-design-community/,2025-11-30,blog,how-fig-jams-dedication-to-delight-helped-build-a-thriving-design-community,how fig jams dedication to delight helped build a thriving design community,,content
productboard.com,https://www.productboard.com/blog/a-frank-discussion-about-diversity-inclusion-and-allyship/,2024-07-12,blog,a-frank-discussion-about-diversity-inclusion-and-allyship,a frank discussion about diversity inclusion and allyship,,content
productboard.com,https://www.productboard.com/blog/how-to-write-a-product-spec/,2024-07-12,blog,how-to-write-a-product-spec,how to write a product spec,,content
productboard.com,https://www.productboard.com/blog/how-to-product-manage-yourself-5-steps-to-drive-better-outcomes-in-work-and-life/,2024-07-12,blog,how-to-product-manage-yourself-5-steps-to-drive-better-outcomes-in-work-and-life,how to product manage yourself 5 steps to drive better outcomes in work and life,,content
productboard.com,https://www.productboard.com/blog/new-analyst-report-digital-product-management-tools-and-tech/,2025-12-01,blog,new-analyst-report-digital-product-management-tools-and-tech,new analyst report digital product management tools and tech,,content
productboard.com,https://www.productboard.com/blog/how-7-leading-organizations-use-productboard-to-become-more-customer-driven/,2025-11-30,blog,how-7-leading-organizations-use-productboard-to-become-more-customer-driven,how 7 leading organizations use productboard to become more customer driven,,content
productboard.com,https://www.productboard.com/blog/engineering-life-at-productboard-personal-benefits-and-professional-growth/,2025-01-21,blog,engineering-life-at-productboard-personal-benefits-and-professional-growth,engineering life at productboard personal benefits and professional growth,,content
productboard.com,https://www.productboard.com/blog/create-your-product-roadmap-in-productboard/,2024-07-12,blog,create-your-product-roadmap-in-productboard,create your product roadmap in productboard,,content
productboard.com,https://www.productboard.com/blog/5-reasons-i-joined-productboard-emea-sales-team/,2025-11-17,blog,5-reasons-i-joined-productboard-emea-sales-team,5 reasons i joined productboard emea sales team,,content
productboard.com,https://www.productboard.com/blog/how-to-write-release-notes/,2024-07-12,blog,how-to-write-release-notes,how to write release notes,,content
productboard.com,https://www.productboard.com/blog/product-manager-vs-program-manager-whats-the-difference/,2025-12-01,blog,product-manager-vs-program-manager-whats-the-difference,product manager vs program manager whats the difference,,content
productboard.com,https://www.productboard.com/blog/30-product-management-thought-leaders-to-follow/,2025-11-17,blog,30-product-management-thought-leaders-to-follow,30 product management thought leaders to follow,,content
productboard.com,https://www.productboard.com/blog/join-us-for-productboards-monthly-happy-hour-in-san-francisco/,2024-07-12,blog,join-us-for-productboards-monthly-happy-hour-in-san-francisco,join us for productboards monthly happy hour in san francisco,,content
productboard.com,https://www.productboard.com/blog/what-is-product-led-growth-how-it-works-and-5-companies-that-are-doing-it-right/,2024-07-12,blog,what-is-product-led-growth-how-it-works-and-5-companies-that-are-doing-it-right,what is product led growth how it works and 5 companies that are doing it right,,content
productboard.com,https://www.productboard.com/blog/hang-out-with-productboard-at-mind-the-product-sf/,2024-07-12,blog,hang-out-with-productboard-at-mind-the-product-sf,hang out with productboard at mind the product sf,,content
productboard.com,https://www.productboard.com/blog/the-modern-product-managers-tech-stack/,2025-12-01,blog,the-modern-product-managers-tech-stack,the modern product managers tech stack,,content
productboard.com,https://www.productboard.com/blog/16-product-management-resolutions-from-leaders-at-amplitude-loom-gong-miro-more/,2025-11-30,blog,16-product-management-resolutions-from-leaders-at-amplitude-loom-gong-miro-more,16 product management resolutions from leaders at amplitude loom gong miro more,,content
productboard.com,https://www.productboard.com/blog/gather-customer-feedback-see-roadmaps-all-in-microsoft-teams/,2025-11-30,blog,gather-customer-feedback-see-roadmaps-all-in-microsoft-teams,gather customer feedback see roadmaps all in microsoft teams,,content
productboard.com,https://www.productboard.com/blog/building-better-products-through-continuous-product-discovery/,2025-11-30,blog,building-better-products-through-continuous-product-discovery,building better products through continuous product discovery,,content
productboard.com,https://www.productboard.com/blog/life-as-a-productboard-engineering-manager-an-interview-with-ivo-klimsa/,2025-01-21,blog,life-as-a-productboard-engineering-manager-an-interview-with-ivo-klimsa,life as a productboard engineering manager an interview with ivo klimsa,,content
productboard.com,https://www.productboard.com/blog/collect-auto-categorized-votes-feedback-from-colleagues/,2024-07-12,blog,collect-auto-categorized-votes-feedback-from-colleagues,collect auto categorized votes feedback from colleagues,,content
productboard.com,https://www.productboard.com/blog/series-c-announcement/,2025-03-06,blog,series-c-announcement,series c announcement,,content
productboard.com,https://www.productboard.com/blog/productboard-wins-three-more-best-places-to-work-awards-from-comparably/,2024-11-07,blog,productboard-wins-three-more-best-places-to-work-awards-from-comparably,productboard wins three more best places to work awards from comparably,,content
productboard.com,https://www.productboard.com/blog/9-ingredients-of-an-excellent-engineering-manager/,2025-01-21,blog,9-ingredients-of-an-excellent-engineering-manager,9 ingredients of an excellent engineering manager,,content
productboard.com,https://www.productboard.com/blog/how-to-build-an-outcome-driven-product-roadmap-a-step-by-step-guide/,2025-12-01,blog,how-to-build-an-outcome-driven-product-roadmap-a-step-by-step-guide,how to build an outcome driven product roadmap a step by step guide,,content
productboard.com,https://www.productboard.com/blog/the-ultimate-guide-to-mapping-your-product-management-career-path/,2025-12-01,blog,the-ultimate-guide-to-mapping-your-product-management-career-path,the ultimate guide to mapping your product management career path,,content
productboard.com,https://www.productboard.com/blog/how-zendesk-launched-embeddables-and-changed-the-customer-service-industry-forever/,2025-12-01,blog,how-zendesk-launched-embeddables-and-changed-the-customer-service-industry-forever,how zendesk launched embeddables and changed the customer service industry forever,,content
productboard.com,https://www.productboard.com/blog/introducing-productboards-azure-dev-ops-integration-with-2-way-sync/,2025-12-01,blog,introducing-productboards-azure-dev-ops-integration-with-2-way-sync,introducing productboards azure dev ops integration with 2 way sync,,content
productboard.com,https://www.productboard.com/blog/product-excellence-product-management/,2025-12-01,blog,product-excellence-product-management,product excellence product management,,content
productboard.com,https://www.productboard.com/blog/a-guide-to-building-effective-product-feedback-loops/,2024-08-12,blog,a-guide-to-building-effective-product-feedback-loops,a guide to building effective product feedback loops,,content
productboard.com,https://www.productboard.com/blog/inside-productboards-platform-tribe/,2025-01-21,blog,inside-productboards-platform-tribe,inside productboards platform tribe,,content
productboard.com,https://www.productboard.com/blog/why-you-should-bet-your-career-on-productboard/,2024-07-12,blog,why-you-should-bet-your-career-on-productboard,why you should bet your career on productboard,,content
productboard.com,https://www.productboard.com/blog/product-operations-vs-product-management/,2025-12-01,blog,product-operations-vs-product-management,product operations vs product management,,content
productboard.com,https://www.productboard.com/blog/why-founder-insight-is-overrated-and-how-i-learned-to-trust-the-customer/,2025-12-01,blog,why-founder-insight-is-overrated-and-how-i-learned-to-trust-the-customer,why founder insight is overrated and how i learned to trust the customer,,content
productboard.com,https://www.productboard.com/blog/countering-microservice-disasters/,2025-01-21,blog,countering-microservice-disasters,countering microservice disasters,,content
productboard.com,https://www.productboard.com/blog/series-d-announcement/,2025-01-25,blog,series-d-announcement,series d announcement,,content
productboard.com,https://www.productboard.com/blog/4-best-practices-to-understand-what-users-really-need-from-your-product/,2025-11-17,blog,4-best-practices-to-understand-what-users-really-need-from-your-product,4 best practices to understand what users really need from your product,,content
productboard.com,https://www.productboard.com/blog/3-principles-for-successfully-driving-transformation-in-your-product-organization/,2024-07-12,blog,3-principles-for-successfully-driving-transformation-in-your-product-organization,3 principles for successfully driving transformation in your product organization,,content
productboard.com,https://www.productboard.com/blog/2022-1-product-analytics-release/,2025-11-04,blog,2022-1-product-analytics-release,2022 1 product analytics release,2022,content
productboard.com,https://www.productboard.com/blog/8-empowering-reads-on-diversity-written-by-women-in-product/,2025-11-17,blog,8-empowering-reads-on-diversity-written-by-women-in-product,8 empowering reads on diversity written by women in product,,content
productboard.com,https://www.productboard.com/blog/joining-productboard-as-an-associate-product-manager/,2025-01-21,blog,joining-productboard-as-an-associate-product-manager,joining productboard as an associate product manager,,content
productboard.com,https://www.productboard.com/blog/what-is-product-market-fit-5-startup-thought-leaders-weigh-in/,2024-07-12,blog,what-is-product-market-fit-5-startup-thought-leaders-weigh-in,what is product market fit 5 startup thought leaders weigh in,,content
productboard.com,https://www.productboard.com/blog/the-building-blocks-of-excellent-product-roadmaps/,2024-07-12,blog,the-building-blocks-of-excellent-product-roadmaps,the building blocks of excellent product roadmaps,,content
productboard.com,https://www.productboard.com/blog/locally-sourced-with-love-the-stories-behind-the-productboard-swag-store/,2024-07-12,blog,locally-sourced-with-love-the-stories-behind-the-productboard-swag-store,locally sourced with love the stories behind the productboard swag store,,content
productboard.com,https://www.productboard.com/blog/heres-how-to-harness-imposter-syndrome-in-product-management/,2024-07-12,blog,heres-how-to-harness-imposter-syndrome-in-product-management,heres how to harness imposter syndrome in product management,,content
productboard.com,https://www.productboard.com/blog/how-to-build-winning-freemium-products-using-the-kano-model/,2024-07-12,blog,how-to-build-winning-freemium-products-using-the-kano-model,how to build winning freemium products using the kano model,,content
productboard.com,https://www.productboard.com/blog/20-soft-skills-every-engineering-leader-should-have/,2025-01-21,blog,20-soft-skills-every-engineering-leader-should-have,20 soft skills every engineering leader should have,,content
productboard.com,https://www.productboard.com/blog/leveraging-communities-to-drive-product-growth-and-engagement/,2024-07-12,blog,leveraging-communities-to-drive-product-growth-and-engagement,leveraging communities to drive product growth and engagement,,content
productboard.com,https://www.productboard.com/blog/what-pm-does-all-day/,2025-10-09,blog,what-pm-does-all-day,what pm does all day,,content
productboard.com,https://www.productboard.com/blog/how-product-managers-can-foster-better-cross-functional-collaboration/,2025-12-01,blog,how-product-managers-can-foster-better-cross-functional-collaboration,how product managers can foster better cross functional collaboration,,content
productboard.com,https://www.productboard.com/blog/gibson-biddle-shares-customer-centric-product-strategy-lessons-from-netflix/,2024-07-12,blog,gibson-biddle-shares-customer-centric-product-strategy-lessons-from-netflix,gibson biddle shares customer centric product strategy lessons from netflix,,content
productboard.com,https://www.productboard.com/blog/moving-from-k-ops-to-eks/,2025-01-21,blog,moving-from-k-ops-to-eks,moving from k ops to eks,,content
productboard.com,https://www.productboard.com/blog/up-level-your-career-sharpening-your-product-management-skillset/,2025-12-01,blog,up-level-your-career-sharpening-your-product-management-skillset,up level your career sharpening your product management skillset,,content
productboard.com,https://www.productboard.com/blog/product-management-retention-closing-the-divide-between-customers-and-the-product-team/,2024-07-12,blog,product-management-retention-closing-the-divide-between-customers-and-the-product-team,product management retention closing the divide between customers and the product team,,content
productboard.com,https://www.productboard.com/blog/https-www-productboard-com-blog-product-centric-ceo/,2024-03-17,blog,https-www-productboard-com-blog-product-centric-ceo,https www productboard com blog product centric ceo,,content
productboard.com,https://www.productboard.com/blog/balancing-efficiency-with-experience-in-customer-support-the-story-of-intercom-macros/,2025-11-17,blog,balancing-efficiency-with-experience-in-customer-support-the-story-of-intercom-macros,balancing efficiency with experience in customer support the story of intercom macros,,content
productboard.com,https://www.productboard.com/blog/how-to-scale-and-build-high-functioning-teams/,2024-07-12,blog,how-to-scale-and-build-high-functioning-teams,how to scale and build high functioning teams,,content
productboard.com,https://www.productboard.com/blog/building-and-scaling-successful-product-ops-teams/,2024-07-12,blog,building-and-scaling-successful-product-ops-teams,building and scaling successful product ops teams,,content
productboard.com,https://www.productboard.com/blog/7-reasons-to-join-productboards-toastmasters-club/,2024-07-12,blog,7-reasons-to-join-productboards-toastmasters-club,7 reasons to join productboards toastmasters club,,content
productboard.com,https://www.productboard.com/blog/product-myths-vs-product-reality-why-misalignment-is-still-a-major-problem/,2024-07-12,blog,product-myths-vs-product-reality-why-misalignment-is-still-a-major-problem,product myths vs product reality why misalignment is still a major problem,,content
productboard.com,https://www.productboard.com/blog/alicia-hale-joins-productboard-as-svp-of-marketing/,2024-07-12,blog,alicia-hale-joins-productboard-as-svp-of-marketing,alicia hale joins productboard as svp of marketing,,content
productboard.com,https://www.productboard.com/blog/why-date-based-timeline-roadmaps-are-valuable-for-agile-product-teams/,2025-12-01,blog,why-date-based-timeline-roadmaps-are-valuable-for-agile-product-teams,why date based timeline roadmaps are valuable for agile product teams,,content
productboard.com,https://www.productboard.com/blog/building-customer-centric-products-processes-and-cultures/,2025-11-30,blog,building-customer-centric-products-processes-and-cultures,building customer centric products processes and cultures,,content
productboard.com,https://www.productboard.com/blog/structuring-scaling-product-teams-to-prevent-silos/,2025-12-01,blog,structuring-scaling-product-teams-to-prevent-silos,structuring scaling product teams to prevent silos,,content
productboard.com,https://www.productboard.com/blog/productboard-in-2021-another-great-year-of-building/,2025-12-01,blog,productboard-in-2021-another-great-year-of-building,productboard in 2021 another great year of building,2021,content
productboard.com,https://www.productboard.com/blog/7-ways-to-improve-your-designer-pm-collaboration/,2025-01-21,blog,7-ways-to-improve-your-designer-pm-collaboration,7 ways to improve your designer pm collaboration,,content
productboard.com,https://www.productboard.com/blog/2022-product-management-resolutions/,2025-12-01,blog,2022-product-management-resolutions,2022 product management resolutions,2022,content
productboard.com,https://www.productboard.com/blog/unlocking-the-value-of-product-innovation/,2025-12-01,blog,unlocking-the-value-of-product-innovation,unlocking the value of product innovation,,content
productboard.com,https://www.productboard.com/blog/productboard-scoops-prestigious-best-employer-awards-from-forbes-and-comparably/,2025-12-01,blog,productboard-scoops-prestigious-best-employer-awards-from-forbes-and-comparably,productboard scoops prestigious best employer awards from forbes and comparably,,content
productboard.com,https://www.productboard.com/blog/be-a-more-effective-product-manager-by-democratizing-feedback/,2024-07-12,blog,be-a-more-effective-product-manager-by-democratizing-feedback,be a more effective product manager by democratizing feedback,,content
productboard.com,https://www.productboard.com/blog/design-at-productboard-what-candidates-and-new-hires-can-expect/,2025-11-30,blog,design-at-productboard-what-candidates-and-new-hires-can-expect,design at productboard what candidates and new hires can expect,,content
productboard.com,https://www.productboard.com/blog/life-as-a-productboard-talent-scout/,2024-05-20,blog,life-as-a-productboard-talent-scout,life as a productboard talent scout,,content
productboard.com,https://www.productboard.com/blog/design-at-productboard-an-introduction-to-the-design-team/,2025-01-21,blog,design-at-productboard-an-introduction-to-the-design-team,design at productboard an introduction to the design team,,content
productboard.com,https://www.productboard.com/blog/theyre-back-5-more-dangerous-animals-of-product-management/,2024-07-12,blog,theyre-back-5-more-dangerous-animals-of-product-management,theyre back 5 more dangerous animals of product management,,content
productboard.com,https://www.productboard.com/blog/best-practices-for-sharing-roadmaps-and-how-productboard-can-help/,2024-07-12,blog,best-practices-for-sharing-roadmaps-and-how-productboard-can-help,best practices for sharing roadmaps and how productboard can help,,content
productboard.com,https://www.productboard.com/blog/what-lifes-really-like-as-a-designer-at-productboard/,2025-01-21,blog,what-lifes-really-like-as-a-designer-at-productboard,what lifes really like as a designer at productboard,,content
productboard.com,https://www.productboard.com/blog/6-product-prioritization-tips/,2025-09-29,blog,6-product-prioritization-tips,6 product prioritization tips,,content
productboard.com,https://www.productboard.com/blog/the-ab-cs-of-product-management-product-management-videos/,2025-12-01,blog,the-ab-cs-of-product-management-product-management-videos,the ab cs of product management product management videos,,content
productboard.com,https://www.productboard.com/blog/why-communities-help-you-build-better-products/,2024-07-12,blog,why-communities-help-you-build-better-products,why communities help you build better products,,content
productboard.com,https://www.productboard.com/blog/how-we-measure-adoption-of-a-design-system-at-productboard/,2025-12-01,blog,how-we-measure-adoption-of-a-design-system-at-productboard,how we measure adoption of a design system at productboard,,content
productboard.com,https://www.productboard.com/blog/overcoming-the-10-dysfunctions-of-product-management-pt-1/,2025-11-17,blog,overcoming-the-10-dysfunctions-of-product-management-pt-1,overcoming the 10 dysfunctions of product management pt 1,,content
productboard.com,https://www.productboard.com/blog/building-best-in-class-relationships-with-customer-facing-teams/,2025-11-30,blog,building-best-in-class-relationships-with-customer-facing-teams,building best in class relationships with customer facing teams,,content
productboard.com,https://www.productboard.com/blog/10-dysfunctions-product-management-pt2/,2025-12-01,blog,10-dysfunctions-product-management-pt2,10 dysfunctions product management pt2,,content
productboard.com,https://www.productboard.com/blog/creating-value-with-continuous-discovery-a-discussion-with-teresa-torres-part-1/,2025-11-17,blog,creating-value-with-continuous-discovery-a-discussion-with-teresa-torres-part-1,creating value with continuous discovery a discussion with teresa torres part 1,,content
productboard.com,https://www.productboard.com/blog/why-product-leaders-must-master-the-art-of-storytelling/,2025-12-01,blog,why-product-leaders-must-master-the-art-of-storytelling,why product leaders must master the art of storytelling,,content
productboard.com,https://www.productboard.com/blog/soft-skills-hard-work-managing-challenging-stakeholders/,2025-12-01,blog,soft-skills-hard-work-managing-challenging-stakeholders,soft skills hard work managing challenging stakeholders,,content
productboard.com,https://www.productboard.com/blog/cross-functional-collaboration-q-a-why-and-how-does-communication-break-down-pt-1/,2024-07-12,blog,cross-functional-collaboration-q-a-why-and-how-does-communication-break-down-pt-1,cross functional collaboration q a why and how does communication break down pt 1,,content
productboard.com,https://www.productboard.com/blog/can-product-leaders-manage-their-ceo/,2025-11-30,blog,can-product-leaders-manage-their-ceo,can product leaders manage their ceo,,content
productboard.com,https://www.productboard.com/blog/cross-functional-collaboration-q-a-practical-strategies-from-the-field-pt-2/,2025-11-30,blog,cross-functional-collaboration-q-a-practical-strategies-from-the-field-pt-2,cross functional collaboration q a practical strategies from the field pt 2,,content
productboard.com,https://www.productboard.com/blog/braden-kowitz-on-what-to-do-when-you-dont-know-how-to-fix-your-product/,2024-07-12,blog,braden-kowitz-on-what-to-do-when-you-dont-know-how-to-fix-your-product,braden kowitz on what to do when you dont know how to fix your product,,content
productboard.com,https://www.productboard.com/blog/creating-value-with-continuous-discovery-a-discussion-with-teresa-torres-part-2/,2025-11-17,blog,creating-value-with-continuous-discovery-a-discussion-with-teresa-torres-part-2,creating value with continuous discovery a discussion with teresa torres part 2,,content
productboard.com,https://www.productboard.com/blog/4-principles-for-optimizing-the-structure-of-your-product-organization/,2025-11-17,blog,4-principles-for-optimizing-the-structure-of-your-product-organization,4 principles for optimizing the structure of your product organization,,content
productboard.com,https://www.productboard.com/blog/productboards-portal-closes-the-gap-between-product-teams-and-their-customers/,2025-12-01,blog,productboards-portal-closes-the-gap-between-product-teams-and-their-customers,productboards portal closes the gap between product teams and their customers,,content
productboard.com,https://www.productboard.com/blog/productboards-top-5-features-from-2021/,2025-12-01,blog,productboards-top-5-features-from-2021,productboards top 5 features from 2021,2021,content
productboard.com,https://www.productboard.com/blog/product-excellence-summit-22-opportunity-in-the-face-of-uncertainty/,2024-07-11,blog,product-excellence-summit-22-opportunity-in-the-face-of-uncertainty,product excellence summit 22 opportunity in the face of uncertainty,,content
productboard.com,https://www.productboard.com/blog/two-tried-and-true-frameworks-for-achieving-product-market-fit/,2025-12-01,blog,two-tried-and-true-frameworks-for-achieving-product-market-fit,two tried and true frameworks for achieving product market fit,,content
productboard.com,https://www.productboard.com/blog/5-key-design-decisions-to-consider-in-your-product-process/,2025-11-17,blog,5-key-design-decisions-to-consider-in-your-product-process,5 key design decisions to consider in your product process,,content
productboard.com,https://www.productboard.com/blog/what-does-it-take-to-become-an-excellent-product-leader/,2024-07-12,blog,what-does-it-take-to-become-an-excellent-product-leader,what does it take to become an excellent product leader,,content
productboard.com,https://www.productboard.com/blog/shilpa-sarkar-explains-what-a-permanent-shift-to-remote-means-for-the-future-of-product-management/,2024-07-12,blog,shilpa-sarkar-explains-what-a-permanent-shift-to-remote-means-for-the-future-of-product-management,shilpa sarkar explains what a permanent shift to remote means for the future of product management,,content
productboard.com,https://www.productboard.com/blog/creating-product-strategy-as-a-dynamic-team-at-productboard/,2024-07-11,blog,creating-product-strategy-as-a-dynamic-team-at-productboard,creating product strategy as a dynamic team at productboard,,content
productboard.com,https://www.productboard.com/blog/3-best-practices-for-building-stakeholder-alignment-as-a-product-leader/,2025-11-17,blog,3-best-practices-for-building-stakeholder-alignment-as-a-product-leader,3 best practices for building stakeholder alignment as a product leader,,content
productboard.com,https://www.productboard.com/blog/5-ways-to-create-a-more-customer-centric-business/,2025-11-17,blog,5-ways-to-create-a-more-customer-centric-business,5 ways to create a more customer centric business,,content
productboard.com,https://www.productboard.com/blog/the-2022-4-product-update-is-here-from-uncertainty-to-opportunity/,2026-08-04,blog,the-2022-4-product-update-is-here-from-uncertainty-to-opportunity,the 2022 4 product update is here from uncertainty to opportunity,2022,content
productboard.com,https://www.productboard.com/blog/4-frameworks-to-train-your-coworkers-to-think-like-product-people/,2024-07-12,blog,4-frameworks-to-train-your-coworkers-to-think-like-product-people,4 frameworks to train your coworkers to think like product people,,content
productboard.com,https://www.productboard.com/blog/on-product-management-humanity/,2024-07-12,blog,on-product-management-humanity,on product management humanity,,content
productboard.com,https://www.productboard.com/blog/infographic-3-steps-that-put-product-roadmaps-in-overdrive/,2024-07-12,blog,infographic-3-steps-that-put-product-roadmaps-in-overdrive,infographic 3 steps that put product roadmaps in overdrive,,content
productboard.com,https://www.productboard.com/blog/the-21-best-agile-product-management-resources/,2025-03-10,blog,the-21-best-agile-product-management-resources,the 21 best agile product management resources,,content
productboard.com,https://www.productboard.com/blog/14-memesthatsumupthelifeofaproductmanager/,2026-08-05,blog,14-memesthatsumupthelifeofaproductmanager,14 memesthatsumupthelifeofaproductmanager,,content
productboard.com,https://www.productboard.com/blog/how-to-navigate-a-career-path-to-product-excellence/,2025-12-01,blog,how-to-navigate-a-career-path-to-product-excellence,how to navigate a career path to product excellence,,content
productboard.com,https://www.productboard.com/blog/5-ways-productboard-can-help-you-conduct-better-product-discovery/,2025-11-17,blog,5-ways-productboard-can-help-you-conduct-better-product-discovery,5 ways productboard can help you conduct better product discovery,,content
productboard.com,https://www.productboard.com/blog/6-product-management-nightmares-to-keep-you-up-at-night/,2025-11-17,blog,6-product-management-nightmares-to-keep-you-up-at-night,6 product management nightmares to keep you up at night,,content
productboard.com,https://www.productboard.com/blog/brain-science-101-using-psychology-principles-to-drive-product-success/,2024-07-12,blog,brain-science-101-using-psychology-principles-to-drive-product-success,brain science 101 using psychology principles to drive product success,,content
productboard.com,https://www.productboard.com/blog/forresters-definition-of-modern-product-management/,2025-11-30,blog,forresters-definition-of-modern-product-management,forresters definition of modern product management,,content
productboard.com,https://www.productboard.com/blog/2022-product-excellence-report-key-takeaways/,2025-10-09,blog,2022-product-excellence-report-key-takeaways,2022 product excellence report key takeaways,2022,content
productboard.com,https://www.productboard.com/blog/engineering-manager-vs-senior-engineering-manager-whats-the-difference/,2025-01-21,blog,engineering-manager-vs-senior-engineering-manager-whats-the-difference,engineering manager vs senior engineering manager whats the difference,,content
productboard.com,https://www.productboard.com/blog/productboards-product-makers-community-7000-and-growing/,2025-12-01,blog,productboards-product-makers-community-7000-and-growing,productboards product makers community 7000 and growing,,content
productboard.com,https://www.productboard.com/blog/forrester-consulting-study-investing-in-product-managements-business-impact/,2024-07-12,blog,forrester-consulting-study-investing-in-product-managements-business-impact,forrester consulting study investing in product managements business impact,,content
productboard.com,https://www.productboard.com/blog/product-roadmaps-can-fail-heres-how-to-prevent-it/,2025-12-01,blog,product-roadmaps-can-fail-heres-how-to-prevent-it,product roadmaps can fail heres how to prevent it,,content
productboard.com,https://www.productboard.com/blog/how-to-build-a-roadmap-for-customer-facing-analytics/,2025-12-01,blog,how-to-build-a-roadmap-for-customer-facing-analytics,how to build a roadmap for customer facing analytics,,content
productboard.com,https://www.productboard.com/blog/product-leadership-strategy-best-practices/,2025-12-01,blog,product-leadership-strategy-best-practices,product leadership strategy best practices,,content
productboard.com,https://www.productboard.com/blog/meet-the-productboard-team-behind-the-transformation-engagement-manager/,2024-07-12,blog,meet-the-productboard-team-behind-the-transformation-engagement-manager,meet the productboard team behind the transformation engagement manager,,content
productboard.com,https://www.productboard.com/blog/get-your-product-story-straight-with-david-riemer/,2024-07-12,blog,get-your-product-story-straight-with-david-riemer,get your product story straight with david riemer,,content
productboard.com,https://www.productboard.com/blog/the-roadmap-to-a-collaborative-culture-5-steps-from-a-product-exec/,2025-12-01,blog,the-roadmap-to-a-collaborative-culture-5-steps-from-a-product-exec,the roadmap to a collaborative culture 5 steps from a product exec,,content
productboard.com,https://www.productboard.com/blog/3-key-strategies-to-implement-product-leadership-in-your-organization/,2025-11-30,blog,3-key-strategies-to-implement-product-leadership-in-your-organization,3 key strategies to implement product leadership in your organization,,content
productboard.com,https://www.productboard.com/blog/meet-the-productboard-team-behind-the-transformation-solutions-architect/,2025-03-11,blog,meet-the-productboard-team-behind-the-transformation-solutions-architect,meet the productboard team behind the transformation solutions architect,,content
productboard.com,https://www.productboard.com/blog/product-management-conferences-in-2023-where-to-go-and-what-to-expect/,2025-12-01,blog,product-management-conferences-in-2023-where-to-go-and-what-to-expect,product management conferences in 2023 where to go and what to expect,2023,content
productboard.com,https://www.productboard.com/blog/behind-the-roadmap-with-oji-and-ezinne-udezue/,2024-07-11,blog,behind-the-roadmap-with-oji-and-ezinne-udezue,behind the roadmap with oji and ezinne udezue,,content
productboard.com,https://www.productboard.com/blog/grateful-to-our-customers-productboard-leads-again-in-product-management-software/,2025-11-30,blog,grateful-to-our-customers-productboard-leads-again-in-product-management-software,grateful to our customers productboard leads again in product management software,,content
productboard.com,https://www.productboard.com/blog/the-empty-promise-of-remote-work-and-why-it-falls-short/,2024-07-12,blog,the-empty-promise-of-remote-work-and-why-it-falls-short,the empty promise of remote work and why it falls short,,content
productboard.com,https://www.productboard.com/blog/6-trends-define-product-management-2023/,2025-11-17,blog,6-trends-define-product-management-2023,6 trends define product management 2023,2023,content
productboard.com,https://www.productboard.com/blog/3-key-ways-to-scale-your-product-management-practices/,2025-11-17,blog,3-key-ways-to-scale-your-product-management-practices,3 key ways to scale your product management practices,,content
productboard.com,https://www.productboard.com/blog/the-6-key-ingredients-for-effective-product-collaboration/,2025-05-30,blog,the-6-key-ingredients-for-effective-product-collaboration,the 6 key ingredients for effective product collaboration,,content
productboard.com,https://www.productboard.com/blog/how-to-avoid-the-10-dysfunctions-of-product-management/,2025-12-01,blog,how-to-avoid-the-10-dysfunctions-of-product-management,how to avoid the 10 dysfunctions of product management,,content
productboard.com,https://www.productboard.com/blog/benefits-of-a-product-roadmap/,2025-11-17,blog,benefits-of-a-product-roadmap,benefits of a product roadmap,,content
productboard.com,https://www.productboard.com/blog/digital-transformation-traps-use-cases/,2025-11-30,blog,digital-transformation-traps-use-cases,digital transformation traps use cases,,content
productboard.com,https://www.productboard.com/blog/4-ways-to-master-modern-product-leadership/,2024-07-12,blog,4-ways-to-master-modern-product-leadership,4 ways to master modern product leadership,,content
productboard.com,https://www.productboard.com/blog/digital-transformation-traps-track-value/,2025-11-30,blog,digital-transformation-traps-track-value,digital transformation traps track value,,content
productboard.com,https://www.productboard.com/blog/product-roadmap-planning-what-it-is-and-how-to-do-it/,2025-12-01,blog,product-roadmap-planning-what-it-is-and-how-to-do-it,product roadmap planning what it is and how to do it,,content
productboard.com,https://www.productboard.com/blog/digital-transformation-traps-slow-delivery/,2024-07-12,blog,digital-transformation-traps-slow-delivery,digital transformation traps slow delivery,,content
productboard.com,https://www.productboard.com/blog/product-development-strategy-tips-and-best-practice/,2025-12-01,blog,product-development-strategy-tips-and-best-practice,product development strategy tips and best practice,,content
productboard.com,https://www.productboard.com/blog/mastering-product-strategy-roadmaps-planning-and-execution/,2024-07-12,blog,mastering-product-strategy-roadmaps-planning-and-execution,mastering product strategy roadmaps planning and execution,,content
productboard.com,https://www.productboard.com/blog/data-driven-strategies-for-customer-success/,2024-07-11,blog,data-driven-strategies-for-customer-success,data driven strategies for customer success,,content
productboard.com,https://www.productboard.com/blog/building-an-agile-product-roadmap-tips-and-best-practices-productboard/,2025-11-30,blog,building-an-agile-product-roadmap-tips-and-best-practices-productboard,building an agile product roadmap tips and best practices productboard,,content
productboard.com,https://www.productboard.com/blog/what-is-product-development-building-an-effective-strategy/,2025-12-01,blog,what-is-product-development-building-an-effective-strategy,what is product development building an effective strategy,,content
productboard.com,https://www.productboard.com/blog/what-is-product-analysis/,2025-12-01,blog,what-is-product-analysis,what is product analysis,,content
productboard.com,https://www.productboard.com/blog/refactoring-productboards-design-system-to-the-next-level/,2025-01-21,blog,refactoring-productboards-design-system-to-the-next-level,refactoring productboards design system to the next level,,content
productboard.com,https://www.productboard.com/blog/how-to-build-a-product-launch-checklist/,2025-12-01,blog,how-to-build-a-product-launch-checklist,how to build a product launch checklist,,content
productboard.com,https://www.productboard.com/blog/building-a-bulletproof-product-launch-plan/,2025-11-17,blog,building-a-bulletproof-product-launch-plan,building a bulletproof product launch plan,,content
productboard.com,https://www.productboard.com/blog/product-discovery-template/,2026-08-05,blog,product-discovery-template,product discovery template,,content
productboard.com,https://www.productboard.com/blog/creating-agile-visual-product-roadmaps-that-scale/,2024-07-12,blog,creating-agile-visual-product-roadmaps-that-scale,creating agile visual product roadmaps that scale,,content
productboard.com,https://www.productboard.com/blog/product-launch-best-practices/,2025-01-28,blog,product-launch-best-practices,product launch best practices,,content
productboard.com,https://www.productboard.com/blog/5-project-to-product-transformation-challenges-and-solutions/,2025-11-17,blog,5-project-to-product-transformation-challenges-and-solutions,5 project to product transformation challenges and solutions,,content
productboard.com,https://www.productboard.com/blog/5-common-mistakes-that-lead-to-product-disconnect/,2025-01-27,blog,5-common-mistakes-that-lead-to-product-disconnect,5 common mistakes that lead to product disconnect,,content
productboard.com,https://www.productboard.com/blog/tips-and-tricks-from-product-makers-how-to-design-more-resilient-products/,2025-12-01,blog,tips-and-tricks-from-product-makers-how-to-design-more-resilient-products,tips and tricks from product makers how to design more resilient products,,content
productboard.com,https://www.productboard.com/blog/a-fresh-new-brand-update-2020/,2025-11-17,blog,a-fresh-new-brand-update-2020,a fresh new brand update 2020,2020,content
productboard.com,https://www.productboard.com/blog/company-values-refresh/,2025-03-11,blog,company-values-refresh,company values refresh,,content
productboard.com,https://www.productboard.com/blog/10-qualities-of-a-great-product-designer/,2024-07-12,blog,10-qualities-of-a-great-product-designer,10 qualities of a great product designer,,content
productboard.com,https://www.productboard.com/blog/five-levels-product-excellence-maturity/,2024-08-12,blog,five-levels-product-excellence-maturity,five levels product excellence maturity,,content
productboard.com,https://www.productboard.com/blog/rich-mironov-soft-skills-product-leader/,2025-12-01,blog,rich-mironov-soft-skills-product-leader,rich mironov soft skills product leader,,content
productboard.com,https://www.productboard.com/blog/relocation-stories-prague-team/,2024-07-12,blog,relocation-stories-prague-team,relocation stories prague team,,content
productboard.com,https://www.productboard.com/blog/effective-tools-for-product-backlog-management/,2024-07-12,blog,effective-tools-for-product-backlog-management,effective tools for product backlog management,,content
productboard.com,https://www.productboard.com/blog/how-to-connect-the-dots-in-product-discovery/,2024-07-12,blog,how-to-connect-the-dots-in-product-discovery,how to connect the dots in product discovery,,content
productboard.com,https://www.productboard.com/blog/how-to-organize-customer-feedback/,2025-12-01,blog,how-to-organize-customer-feedback,how to organize customer feedback,,content
productboard.com,https://www.productboard.com/blog/project-roadmap-vs-product-roadmap/,2025-12-01,blog,project-roadmap-vs-product-roadmap,project roadmap vs product roadmap,,content
productboard.com,https://www.productboard.com/blog/what-is-a-product-roadmap/,2025-12-01,blog,what-is-a-product-roadmap,what is a product roadmap,,content
productboard.com,https://www.productboard.com/blog/digital-transformation-traps-program-governance/,2025-11-30,blog,digital-transformation-traps-program-governance,digital transformation traps program governance,,content
productboard.com,https://www.productboard.com/blog/elevating-product-management-with-a-dedicated-platform/,2025-08-29,blog,elevating-product-management-with-a-dedicated-platform,elevating product management with a dedicated platform,,content
productboard.com,https://www.productboard.com/blog/how-management-consultancy-skills-can-help-create-great-pms/,2024-07-12,blog,how-management-consultancy-skills-can-help-create-great-pms,how management consultancy skills can help create great pms,,content
productboard.com,https://www.productboard.com/blog/digital-transformation-traps-insufficient-expertise/,2025-11-30,blog,digital-transformation-traps-insufficient-expertise,digital transformation traps insufficient expertise,,content
productboard.com,https://www.productboard.com/blog/digital-transformation-traps-idea-management/,2025-11-30,blog,digital-transformation-traps-idea-management,digital transformation traps idea management,,content
productboard.com,https://www.productboard.com/blog/what-is-digital-product-development/,2024-07-12,blog,what-is-digital-product-development,what is digital product development,,content
productboard.com,https://www.productboard.com/blog/product-management-onboarding-best-practices/,2025-04-28,blog,product-management-onboarding-best-practices,product management onboarding best practices,,content
productboard.com,https://www.productboard.com/blog/5-secrets-success-stakeholder-alignment-roadmaps/,2025-11-17,blog,5-secrets-success-stakeholder-alignment-roadmaps,5 secrets success stakeholder alignment roadmaps,,content
productboard.com,https://www.productboard.com/blog/design-at-productboard-how-we-work-2-3/,2025-11-30,blog,design-at-productboard-how-we-work-2-3,design at productboard how we work 2 3,,content
productboard.com,https://www.productboard.com/blog/orchestrating-ml-workflows-with-airflow/,2025-01-21,blog,orchestrating-ml-workflows-with-airflow,orchestrating ml workflows with airflow,,content
productboard.com,https://www.productboard.com/blog/2022-2-product-release-automation-roadmaps-prioritization/,2025-11-04,blog,2022-2-product-release-automation-roadmaps-prioritization,2022 2 product release automation roadmaps prioritization,2022,content
productboard.com,https://www.productboard.com/blog/dedicated-support-from-the-backstage/,2025-10-09,blog,dedicated-support-from-the-backstage,dedicated support from the backstage,,content
productboard.com,https://www.productboard.com/blog/dangerous-animals-webinar-recap/,2025-11-30,blog,dangerous-animals-webinar-recap,dangerous animals webinar recap,,content
productboard.com,https://www.productboard.com/blog/scaling-our-permission-model/,2025-03-11,blog,scaling-our-permission-model,scaling our permission model,,content
productboard.com,https://www.productboard.com/blog/product-ops-distributed-teams/,2025-03-11,blog,product-ops-distributed-teams,product ops distributed teams,,content
productboard.com,https://www.productboard.com/blog/dangerous-animals-video/,2024-07-12,blog,dangerous-animals-video,dangerous animals video,,content
productboard.com,https://www.productboard.com/blog/how-architecture-guild-plays-central-role-in-crafting-big-tech-initiatives/,2024-07-11,blog,how-architecture-guild-plays-central-role-in-crafting-big-tech-initiatives,how architecture guild plays central role in crafting big tech initiatives,,content
productboard.com,https://www.productboard.com/blog/building-products-collaboratively-productboard/,2025-01-28,blog,building-products-collaboratively-productboard,building products collaboratively productboard,,content
productboard.com,https://www.productboard.com/blog/productboard-senior-leadership-cfo-and-coo/,2024-07-11,blog,productboard-senior-leadership-cfo-and-coo,productboard senior leadership cfo and coo,,content
productboard.com,https://www.productboard.com/blog/best-practices-delivering-innovation-product-excellence/,2025-11-17,blog,best-practices-delivering-innovation-product-excellence,best practices delivering innovation product excellence,,content
productboard.com,https://www.productboard.com/blog/satismeter-acquisition-announcement/,2025-12-01,blog,satismeter-acquisition-announcement,satismeter acquisition announcement,,content
productboard.com,https://www.productboard.com/blog/introducing-the-productboard-platform/,2026-08-04,blog,introducing-the-productboard-platform,introducing the productboard platform,,content
productboard.com,https://www.productboard.com/blog/6-steps-to-revive-a-failed-feedback-program/,2024-07-11,blog,6-steps-to-revive-a-failed-feedback-program,6 steps to revive a failed feedback program,,content
productboard.com,https://www.productboard.com/blog/introducing-clubhouse-integration/,2026-08-05,blog,introducing-clubhouse-integration,introducing clubhouse integration,,content
productboard.com,https://www.productboard.com/blog/2022-3-product-release-accelerate-product-development/,2024-07-11,blog,2022-3-product-release-accelerate-product-development,2022 3 product release accelerate product development,2022,content
productboard.com,https://www.productboard.com/blog/the-dos-and-donts-of-product-roadmapping/,2025-12-01,blog,the-dos-and-donts-of-product-roadmapping,the dos and donts of product roadmapping,,content
productboard.com,https://www.productboard.com/blog/strikethrough-brand-campaign/,2024-07-11,blog,strikethrough-brand-campaign,strikethrough brand campaign,,content
productboard.com,https://www.productboard.com/blog/behind-the-roadmap-group-product-manager/,2024-07-11,blog,behind-the-roadmap-group-product-manager,behind the roadmap group product manager,,content
productboard.com,https://www.productboard.com/blog/5-step-checklist-to-transform-from-project-to-product-management/,2025-11-17,blog,5-step-checklist-to-transform-from-project-to-product-management,5 step checklist to transform from project to product management,,content
productboard.com,https://www.productboard.com/blog/product-failure-cost/,2025-12-01,blog,product-failure-cost,product failure cost,,content
productboard.com,https://www.productboard.com/blog/the-5-key-design-decisions-to-drive-change-management-in-your-organization/,2025-05-14,blog,the-5-key-design-decisions-to-drive-change-management-in-your-organization,the 5 key design decisions to drive change management in your organization,,content
productboard.com,https://www.productboard.com/blog/announcing-productboards-2022-product-excellence-survey-with-product-collective/,2024-07-11,blog,announcing-productboards-2022-product-excellence-survey-with-product-collective,announcing productboards 2022 product excellence survey with product collective,2022,content
productboard.com,https://www.productboard.com/blog/behind-the-roadmap-with-hope-gurion/,2024-07-11,blog,behind-the-roadmap-with-hope-gurion,behind the roadmap with hope gurion,,content
productboard.com,https://www.productboard.com/blog/roadmap-prioritization-product-survival-kit/,2024-07-11,blog,roadmap-prioritization-product-survival-kit,roadmap prioritization product survival kit,,content
productboard.com,https://www.productboard.com/blog/structuring-scaling-product-teams-prevent-silos-productboard-svp-of-product/,2024-07-11,blog,structuring-scaling-product-teams-prevent-silos-productboard-svp-of-product,structuring scaling product teams prevent silos productboard svp of product,,content
productboard.com,https://www.productboard.com/blog/tips-and-tricks-from-product-makers-how-to-navigate-the-product-job-market/,2025-12-01,blog,tips-and-tricks-from-product-makers-how-to-navigate-the-product-job-market,tips and tricks from product makers how to navigate the product job market,,content
productboard.com,https://www.productboard.com/blog/product-leader-alignment-cheat-sheet-for-the-ceo-and-board/,2024-07-12,blog,product-leader-alignment-cheat-sheet-for-the-ceo-and-board,product leader alignment cheat sheet for the ceo and board,,content
productboard.com,https://www.productboard.com/blog/behind-the-roadmap-alon-bartur/,2025-11-17,blog,behind-the-roadmap-alon-bartur,behind the roadmap alon bartur,,content
productboard.com,https://www.productboard.com/blog/digital-transformation-traps-change-resistance/,2024-07-12,blog,digital-transformation-traps-change-resistance,digital transformation traps change resistance,,content
productboard.com,https://www.productboard.com/blog/3-persuasive-communication-skills-product-managers-need/,2025-11-17,blog,3-persuasive-communication-skills-product-managers-need,3 persuasive communication skills product managers need,,content
productboard.com,https://www.productboard.com/blog/3-tactics-drive-results-product-roadmaps/,2025-11-17,blog,3-tactics-drive-results-product-roadmaps,3 tactics drive results product roadmaps,,content
productboard.com,https://www.productboard.com/blog/transforming-project-to-product-mindset/,2025-12-01,blog,transforming-project-to-product-mindset,transforming project to product mindset,,content
productboard.com,https://www.productboard.com/blog/how-payfit-trained-teams-productboard-5-steps-switch-tools/,2025-11-30,blog,how-payfit-trained-teams-productboard-5-steps-switch-tools,how payfit trained teams productboard 5 steps switch tools,,content
productboard.com,https://www.productboard.com/blog/sharpen-product-management-skills/,2025-11-17,blog,sharpen-product-management-skills,sharpen product management skills,,content
productboard.com,https://www.productboard.com/blog/boosting-product-roi-through-agile-development/,2025-11-17,blog,boosting-product-roi-through-agile-development,boosting product roi through agile development,,content
productboard.com,https://www.productboard.com/blog/infographic-6-factors-high-performing-product-orgs/,2025-12-01,blog,infographic-6-factors-high-performing-product-orgs,infographic 6 factors high performing product orgs,,content
productboard.com,https://www.productboard.com/blog/4-easy-steps-to-become-a-master-roadmap-storyteller/,2025-11-17,blog,4-easy-steps-to-become-a-master-roadmap-storyteller,4 easy steps to become a master roadmap storyteller,,content
productboard.com,https://www.productboard.com/blog/6-key-tips-for-more-effective-cross-pillar-collaborations/,2025-01-28,blog,6-key-tips-for-more-effective-cross-pillar-collaborations,6 key tips for more effective cross pillar collaborations,,content
productboard.com,https://www.productboard.com/blog/category/life-at-productboard/,2024-06-05,blog,life-at-productboard,life at productboard,,noncontent
productboard.com,https://www.productboard.com/blog/category/product-excellence/,2024-06-05,blog,product-excellence,product excellence,,noncontent
productboard.com,https://www.productboard.com/blog/tag/engineering/,2024-01-30,blog,engineering,engineering,,noncontent
productboard.com,https://www.productboard.com/blog/product-leader-alignment-cheat-sheet-for-sales-engineering/,2024-08-06,blog,product-leader-alignment-cheat-sheet-for-sales-engineering,product leader alignment cheat sheet for sales engineering,,content
productboard.com,https://www.productboard.com/blog/new-podcast-series-explores-staff-engineering/,2025-01-21,blog,new-podcast-series-explores-staff-engineering,new podcast series explores staff engineering,,content
productboard.com,https://www.productboard.com/blog/cpo-series-gainsight/,2024-08-28,blog,cpo-series-gainsight,cpo series gainsight,,content
productboard.com,https://www.productboard.com/blog/product-leader-alignment-cheat-sheet-for-customer-success/,2025-03-11,blog,product-leader-alignment-cheat-sheet-for-customer-success,product leader alignment cheat sheet for customer success,,content
productboard.com,https://www.productboard.com/blog/creating-digital-first-products-processes-and-culture/,2025-01-28,blog,creating-digital-first-products-processes-and-culture,creating digital first products processes and culture,,content
productboard.com,https://www.productboard.com/blog/what-productboard-delivered-in-2022/,2024-07-11,blog,what-productboard-delivered-in-2022,what productboard delivered in 2022,2022,content
productboard.com,https://www.productboard.com/blog/why-you-should-build-for-your-actual-user-not-your-aspirational-one/,2026-08-05,blog,why-you-should-build-for-your-actual-user-not-your-aspirational-one,why you should build for your actual user not your aspirational one,,content
productboard.com,https://www.productboard.com/blog/product-leader-alignment-cheat-sheet-for-customer-support/,2024-07-12,blog,product-leader-alignment-cheat-sheet-for-customer-support,product leader alignment cheat sheet for customer support,,content
productboard.com,https://www.productboard.com/blog/30-60-90-plan/,2024-08-12,blog,30-60-90-plan,30 60 90 plan,,content
productboard.com,https://www.productboard.com/blog/my-path-to-the-productboard-design-team-an-interview-with-julia-rosich/,2026-08-04,blog,my-path-to-the-productboard-design-team-an-interview-with-julia-rosich,my path to the productboard design team an interview with julia rosich,,content
productboard.com,https://www.productboard.com/blog/improve-your-product-roadmapping-process/,2025-01-28,blog,improve-your-product-roadmapping-process,improve your product roadmapping process,,content
productboard.com,https://www.productboard.com/blog/productboard-is-soc-2-certified/,2026-08-04,blog,productboard-is-soc-2-certified,productboard is soc 2 certified,,content
productboard.com,https://www.productboard.com/blog/john-cutler-data-webinar-recap/,2025-12-01,blog,john-cutler-data-webinar-recap,john cutler data webinar recap,,content
productboard.com,https://www.productboard.com/blog/how-to-turn-insights-into-excellent-products/,2025-12-01,blog,how-to-turn-insights-into-excellent-products,how to turn insights into excellent products,,content
productboard.com,https://www.productboard.com/blog/product-management-with-shape-up/,2025-03-11,blog,product-management-with-shape-up,product management with shape up,,content
productboard.com,https://www.productboard.com/blog/foster-product-design-and-engineering-collaboration-with-user-story-mapping/,2025-01-28,blog,foster-product-design-and-engineering-collaboration-with-user-story-mapping,foster product design and engineering collaboration with user story mapping,,content
productboard.com,https://www.productboard.com/blog/shelley-perry-ama-recap/,2024-07-12,blog,shelley-perry-ama-recap,shelley perry ama recap,,content
productboard.com,https://www.productboard.com/blog/product-leader-alignment-cheat-sheet-for-marketing-teams/,2024-07-12,blog,product-leader-alignment-cheat-sheet-for-marketing-teams,product leader alignment cheat sheet for marketing teams,,content
productboard.com,https://www.productboard.com/blog/greater-productivity-faster-execution-new-collaborative-capabilities/,2025-01-28,blog,greater-productivity-faster-execution-new-collaborative-capabilities,greater productivity faster execution new collaborative capabilities,,content
productboard.com,https://www.productboard.com/blog/5-ways-product-leaders-can-increase-productivity-and-outcomes-productboard/,2024-07-12,blog,5-ways-product-leaders-can-increase-productivity-and-outcomes-productboard,5 ways product leaders can increase productivity and outcomes productboard,,content
productboard.com,https://www.productboard.com/blog/the-benchmarking-data-that-can-lead-your-team-to-success/,2025-03-11,blog,the-benchmarking-data-that-can-lead-your-team-to-success,the benchmarking data that can lead your team to success,,content
productboard.com,https://www.productboard.com/blog/4-ways-product-leaders-can-embrace-uncertainty-to-uncover-opportunity/,2024-07-11,blog,4-ways-product-leaders-can-embrace-uncertainty-to-uncover-opportunity,4 ways product leaders can embrace uncertainty to uncover opportunity,,content
productboard.com,https://www.productboard.com/blog/welcome-to-productboard/,2026-08-04,blog,welcome-to-productboard,welcome to productboard,,content
productboard.com,https://www.productboard.com/customers/service-express/,2026-08-18,customers,service-express,service express,,content
productboard.com,https://www.productboard.com/customers/skillingup/,2026-03-18,customers,skillingup,skillingup,,content
productboard.com,https://www.productboard.com/customers/bigchange/,2026-03-11,customers,bigchange,bigchange,,content
productboard.com,https://www.productboard.com/customers/azuga/,2026-03-03,customers,azuga,azuga,,content
productboard.com,https://www.productboard.com/customers/reputation/,2025-12-22,customers,reputation,reputation,,content
productboard.com,https://www.productboard.com/customers/aro-flo/,2025-04-30,customers,aro-flo,aro flo,,content
productboard.com,https://www.productboard.com/customers/huntr/,2025-06-12,customers,huntr,huntr,,content
productboard.com,https://www.productboard.com/customers/aetos-imaging/,2025-03-11,customers,aetos-imaging,aetos imaging,,content
productboard.com,https://www.productboard.com/customers/arena/,2025-03-05,customers,arena,arena,,content
productboard.com,https://www.productboard.com/customers/fathom/,2025-03-05,customers,fathom,fathom,,content
productboard.com,https://www.productboard.com/customers/evercast/,2025-03-05,customers,evercast,evercast,,content
productboard.com,https://www.productboard.com/customers/autodesk-scaling-product-operations/,2025-03-05,customers,autodesk-scaling-product-operations,autodesk scaling product operations,,content
productboard.com,https://www.productboard.com/customers/esri/,2025-02-25,customers,esri,esri,,content
productboard.com,https://www.productboard.com/customers/120water/,2026-03-26,customers,120water,120water,,noncontent
productboard.com,https://www.productboard.com/customers/vermeer/,2025-08-29,customers,vermeer,vermeer,,content
productboard.com,https://www.productboard.com/customers/industry/health/,2024-05-24,customers,health,health,,content
productboard.com,https://www.productboard.com/customers/use_case/roadmap-alignment/,2024-05-24,customers,roadmap-alignment,roadmap alignment,,content
productboard.com,https://www.productboard.com/customers/use_case/feature-prioritization/,2024-05-24,customers,feature-prioritization,feature prioritization,,content
productboard.com,https://www.productboard.com/customers/use_case/customer-insights/,2024-05-24,customers,customer-insights,customer insights,,content
productboard.com,https://www.productboard.com/customers/integration/zendesk/,2024-05-24,customers,zendesk,zendesk,,content
productboard.com,https://www.productboard.com/customers/integration/zapier/,2024-05-24,customers,zapier,zapier,,content
productboard.com,https://www.productboard.com/customers/integration/trello/,2024-05-24,customers,trello,trello,,content
productboard.com,https://www.productboard.com/customers/integration/slack/,2024-05-24,customers,slack,slack,,content
productboard.com,https://www.productboard.com/customers/integration/salesforce/,2024-05-24,customers,salesforce,salesforce,,content
productboard.com,https://www.productboard.com/customers/integration/jira/,2024-05-24,customers,jira,jira,,content
productboard.com,https://www.productboard.com/customers/integration/intercom/,2024-05-24,customers,intercom,intercom,,content
productboard.com,https://www.productboard.com/customers/integration/gong/,2024-05-24,customers,gong,gong,,content
productboard.com,https://www.productboard.com/customers/integration/github/,2024-05-24,customers,github,github,,content
productboard.com,https://www.productboard.com/customers/integration/gainsight/,2024-05-24,customers,gainsight,gainsight,,content
productboard.com,https://www.productboard.com/customers/integration/email/,2024-05-24,customers,email,email,,content
productboard.com,https://www.productboard.com/customers/integration/azure-devops/,2024-05-24,customers,azure-devops,azure devops,,content
productboard.com,https://www.productboard.com/customers/industry/web-services/,2024-05-24,customers,web-services,web services,,content
productboard.com,https://www.productboard.com/customers/industry/software/,2025-01-21,customers,software,software,,content
productboard.com,https://www.productboard.com/customers/industry/retail/,2024-05-24,customers,retail,retail,,content
productboard.com,https://www.productboard.com/customers/industry/information-technology/,2024-05-24,customers,information-technology,information technology,,content
productboard.com,https://www.productboard.com/customers/industry/human-resources/,2024-05-24,customers,human-resources,human resources,,content
productboard.com,https://www.productboard.com/customers/industry/high-tech/,2024-05-24,customers,high-tech,high tech,,content
productboard.com,https://www.productboard.com/customers/industry/healthcare/,2024-05-24,customers,healthcare,healthcare,,content
productboard.com,https://www.productboard.com/customers/industry/financial-services/,2024-05-24,customers,financial-services,financial services,,content
productboard.com,https://www.productboard.com/customers/industry/entertainment/,2024-05-24,customers,entertainment,entertainment,,content
productboard.com,https://www.productboard.com/customers/industry/communications/,2024-05-24,customers,communications,communications,,content
productboard.com,https://www.productboard.com/customers/industry/education/,2024-04-05,customers,education,education,,content
productboard.com,https://www.productboard.com/customers/relativity/,2024-10-01,customers,relativity,relativity,,content
productboard.com,https://www.productboard.com/customers/autodesk/,2024-05-24,customers,autodesk,autodesk,,content
productboard.com,https://www.productboard.com/customers/compu-group-medical/,2024-12-17,customers,compu-group-medical,compu group medical,,content
productboard.com,https://www.productboard.com/customers/zapier/,2025-12-01,customers,zapier,zapier,,content
productboard.com,https://www.productboard.com/customers/adevinta/,2024-05-24,customers,adevinta,adevinta,,content
productboard.com,https://www.productboard.com/customers/tray-io/,2024-12-17,customers,tray-io,tray io,,content
productboard.com,https://www.productboard.com/customers/livestorm/,2024-12-17,customers,livestorm,livestorm,,content
productboard.com,https://www.productboard.com/customers/kentico-cloud/,2024-12-17,customers,kentico-cloud,kentico cloud,,content
productboard.com,https://www.productboard.com/customers/sprout-social/,2024-12-17,customers,sprout-social,sprout social,,content
productboard.com,https://www.productboard.com/customers/iadvize/,2026-03-26,customers,iadvize,iadvize,,content
productboard.com,https://www.productboard.com/customers/clicksend/,2024-04-10,customers,clicksend,clicksend,,content
productboard.com,https://www.productboard.com/customers/ringdna/,2024-04-10,customers,ringdna,ringdna,,content
productboard.com,https://www.productboard.com/customers/cloudinary/,2024-05-24,customers,cloudinary,cloudinary,,content
productboard.com,https://www.productboard.com/customers/dana/,2026-03-26,customers,dana,dana,,content
productboard.com,https://www.productboard.com/customers/meltwater/,2024-05-24,customers,meltwater,meltwater,,content
productboard.com,https://www.productboard.com/customers/barco/,2024-05-24,customers,barco,barco,,content
productboard.com,https://www.productboard.com/customers/outsystems/,2025-03-31,customers,outsystems,outsystems,,content
productboard.com,https://www.productboard.com/customers/salesforce/,2025-03-11,customers,salesforce,salesforce,,content
productboard.com,https://www.productboard.com/customers/canto/,2024-05-24,customers,canto,canto,,content
productboard.com,https://www.productboard.com/customers/aggreko/,2025-09-17,customers,aggreko,aggreko,,content
productboard.com,https://www.productboard.com/customers/egnyte/,2024-05-24,customers,egnyte,egnyte,,content
productboard.com,https://www.productboard.com/customers/firstbase/,2024-05-24,customers,firstbase,firstbase,,content
productboard.com,https://www.productboard.com/customers/tomtom/,2025-11-04,customers,tomtom,tomtom,,content
productboard.com,https://www.productboard.com/customers/immuta/,2024-05-24,customers,immuta,immuta,,content
productboard.com,https://www.productboard.com/customers/combocurve-umbrage/,2024-05-24,customers,combocurve-umbrage,combocurve umbrage,,content
productboard.com,https://www.productboard.com/customers/leanix/,2024-05-24,customers,leanix,leanix,,content
productboard.com,https://www.productboard.com/customers/pay-fit/,2025-09-17,customers,pay-fit,pay fit,,content
productboard.com,https://www.productboard.com/ebook/mastering-product-okrs/,2025-12-15,ebook,mastering-product-okrs,mastering product okrs,,content
productboard.com,https://www.productboard.com/ebook/product-operations-buying-guide/,2025-10-30,ebook,product-operations-buying-guide,product operations buying guide,,content
productboard.com,https://www.productboard.com/ebook/the-state-of-ai-product-management/,2025-12-03,ebook,the-state-of-ai-product-management,the state of ai product management,,content
productboard.com,https://www.productboard.com/ebook/state-of-product-operations-report/,2025-09-02,ebook,state-of-product-operations-report,state of product operations report,,content
productboard.com,https://www.productboard.com/ebook/product-leadership-trends-and-insights/,2026-01-15,ebook,product-leadership-trends-and-insights,product leadership trends and insights,,content
productboard.com,https://www.productboard.com/ebook/how-to-build-an-agentic-ai-workflow-for-product-management/,2025-11-26,ebook,how-to-build-an-agentic-ai-workflow-for-product-management,how to build an agentic ai workflow for product management,,content
productboard.com,https://www.productboard.com/ebook/product-leader-guide-to-building-a-customer-centric-org/,2025-02-26,ebook,product-leader-guide-to-building-a-customer-centric-org,product leader guide to building a customer centric org,,content
productboard.com,https://www.productboard.com/ebook/dangerous-animals-product-management-2-0/,2025-02-25,ebook,dangerous-animals-product-management-2-0,dangerous animals product management 2 0,,content
productboard.com,https://www.productboard.com/ebook/solving-the-top-challenges-for-product-leaders/,2025-02-26,ebook,solving-the-top-challenges-for-product-leaders,solving the top challenges for product leaders,,content
productboard.com,https://www.productboard.com/ebook/how-productboard-drives-roi-for-product-teams/,2025-02-26,ebook,how-productboard-drives-roi-for-product-teams,how productboard drives roi for product teams,,content
productboard.com,https://www.productboard.com/ebook/the-product-operations-wishlist-insights-and-strategies/,2025-02-26,ebook,the-product-operations-wishlist-insights-and-strategies,the product operations wishlist insights and strategies,,content
productboard.com,https://www.productboard.com/ebook/ai-product-framework/,2025-02-26,ebook,ai-product-framework,ai product framework,,content
productboard.com,https://www.productboard.com/ebook/2024-product-management-trends/,2025-01-28,ebook,2024-product-management-trends,2024 product management trends,2024,content
productboard.com,https://www.productboard.com/ebook/jobs-to-be-done-product-framework/,2025-02-26,ebook,jobs-to-be-done-product-framework,jobs to be done product framework,,content
productboard.com,https://www.productboard.com/ebook/guide-4-secrets-to-successful-product-leadership/,2025-03-03,ebook,guide-4-secrets-to-successful-product-leadership,guide 4 secrets to successful product leadership,,content
productboard.com,https://www.productboard.com/ebook/product-leadership-handbook-2-0/,2025-02-26,ebook,product-leadership-handbook-2-0,product leadership handbook 2 0,,content
productboard.com,https://www.productboard.com/ebook/building-case-for-productboard-worksheet/,2025-02-10,ebook,building-case-for-productboard-worksheet,building case for productboard worksheet,,content
productboard.com,https://www.productboard.com/ebook/success-kit-roadmap-prioritization/,2025-02-26,ebook,success-kit-roadmap-prioritization,success kit roadmap prioritization,,content
productboard.com,https://www.productboard.com/ebook/2022-study-why-investing-in-product-management-pays-off/,2025-01-02,ebook,2022-study-why-investing-in-product-management-pays-off,2022 study why investing in product management pays off,2022,content
productboard.com,https://www.productboard.com/ebook/success-kit-building-roadmaps/,2025-02-10,ebook,success-kit-building-roadmaps,success kit building roadmaps,,content
productboard.com,https://www.productboard.com/ebook/success-kit-roadmap-storytelling/,2025-02-10,ebook,success-kit-roadmap-storytelling,success kit roadmap storytelling,,content
productboard.com,https://www.productboard.com/ebook/mini-guide-fix-your-product-tech-stack-inefficiencies/,2025-02-10,ebook,mini-guide-fix-your-product-tech-stack-inefficiencies,mini guide fix your product tech stack inefficiencies,,content
productboard.com,https://www.productboard.com/ebook/product-nightmares/,2025-02-10,ebook,product-nightmares,product nightmares,,content
productboard.com,https://www.productboard.com/ebook/guide-to-streamlining-product-operations/,2025-02-10,ebook,guide-to-streamlining-product-operations,guide to streamlining product operations,,content
productboard.com,https://www.productboard.com/ebook/the-enterprise-buyers-guide-2-0/,2025-03-14,ebook,the-enterprise-buyers-guide-2-0,the enterprise buyers guide 2 0,,content
productboard.com,https://www.productboard.com/ebook/dual-track-agile-product-framework/,2025-05-29,ebook,dual-track-agile-product-framework,dual track agile product framework,,content
productboard.com,https://www.productboard.com/ebook/double-diamond-product-framework/,2025-01-30,ebook,double-diamond-product-framework,double diamond product framework,,content
productboard.com,https://www.productboard.com/ebook/product-framework-minimum-viable-product/,2025-09-18,ebook,product-framework-minimum-viable-product,product framework minimum viable product,,content
productboard.com,https://www.productboard.com/ebook/2024-product-excellence-report/,2025-03-03,ebook,2024-product-excellence-report,2024 product excellence report,2024,content
productboard.com,https://www.productboard.com/ebook/essential-guide-prioritization/,2025-03-03,ebook,essential-guide-prioritization,essential guide prioritization,,content
productboard.com,https://www.productboard.com/ebook/building-excellent-products-remotely/,2025-03-03,ebook,building-excellent-products-remotely,building excellent products remotely,,content
productboard.com,https://www.productboard.com/ebook/building-ai-team/,2025-02-26,ebook,building-ai-team,building ai team,,content
productboard.com,https://www.productboard.com/ebook/7-digital-transformation-traps/,2025-02-10,ebook,7-digital-transformation-traps,7 digital transformation traps,,content
productboard.com,https://www.productboard.com/ebook/dysfunctions-product-management-2-0/,2025-02-10,ebook,dysfunctions-product-management-2-0,dysfunctions product management 2 0,,content
productboard.com,https://www.productboard.com/ebook/collaborative-product-roadmapping/,2025-02-10,ebook,collaborative-product-roadmapping,collaborative product roadmapping,,content
productboard.com,https://www.productboard.com/ebook/from-insights-to-roadmaps/,2025-02-10,ebook,from-insights-to-roadmaps,from insights to roadmaps,,content
productboard.com,https://www.productboard.com/ebook/uniting-product-and-go-to-market-teams/,2025-02-10,ebook,uniting-product-and-go-to-market-teams,uniting product and go to market teams,,content
productboard.com,https://www.productboard.com/ebook/roadmap-to-mission-criticality/,2024-05-16,ebook,roadmap-to-mission-criticality,roadmap to mission criticality,,content
productboard.com,https://www.productboard.com/ebook/product-roadmap-playbook/,2025-03-03,ebook,product-roadmap-playbook,product roadmap playbook,,content
productboard.com,https://www.productboard.com/ebook/2023-product-trends-opportunities/,2025-12-16,ebook,2023-product-trends-opportunities,2023 product trends opportunities,2023,content
productboard.com,https://www.productboard.com/ebook/product-discovery-playbook-2/,2026-02-26,ebook,product-discovery-playbook-2,product discovery playbook 2,,content
productboard.com,https://www.productboard.com/ebook/2022-product-excellence-report/,2025-01-31,ebook,2022-product-excellence-report,2022 product excellence report,2022,content
productboard.com,https://www.productboard.com/ebook/10-dysfunctions-product-management/,2025-02-10,ebook,10-dysfunctions-product-management,10 dysfunctions product management,,content
productboard.com,https://www.productboard.com/ebook/product-strategy-template/,2025-05-29,ebook,product-strategy-template,product strategy template,,content
productboard.com,https://www.productboard.com/ebook/customer-centricity-playbook/,2025-02-10,ebook,customer-centricity-playbook,customer centricity playbook,,content
productboard.com,https://www.productboard.com/ebook/2021-product-excellence-report/,2025-03-03,ebook,2021-product-excellence-report,2021 product excellence report,2021,content
productboard.com,https://www.productboard.com/ebook/product-strategy-playbook/,2026-01-21,ebook,product-strategy-playbook,product strategy playbook,,content
productboard.com,https://www.productboard.com/ebook/2021-remote-product-management-report/,2025-03-03,ebook,2021-remote-product-management-report,2021 remote product management report,2021,content
productboard.com,https://www.productboard.com/ebook/defining-product-excellence/,2025-02-10,ebook,defining-product-excellence,defining product excellence,,content
productboard.com,https://www.productboard.com/ebook/building-blocks-excellent-product-roadmaps/,2025-02-10,ebook,building-blocks-excellent-product-roadmaps,building blocks excellent product roadmaps,,content
productboard.com,https://www.productboard.com/ebook/2020-product-excellence-report/,2025-03-03,ebook,2020-product-excellence-report,2020 product excellence report,2020,content
productboard.com,https://www.productboard.com/ebook/product-excellence-maturity-model/,2025-03-03,ebook,product-excellence-maturity-model,product excellence maturity model,,content
productboard.com,https://www.productboard.com/ebook/productexcellence/,2025-03-03,ebook,productexcellence,productexcellence,,content
productboard.com,https://www.productboard.com/ebook/productboard-jira/,2025-03-05,ebook,productboard-jira,productboard jira,,content
productboard.com,https://www.productboard.com/ebook/abcs-product-management/,2025-01-31,ebook,abcs-product-management,abcs product management,,content
productboard.com,https://www.productboard.com/ebook/deep-user-insights-guide/,2025-02-10,ebook,deep-user-insights-guide,deep user insights guide,,content
productboard.com,https://www.productboard.com/ebook/product-discovery-essential-guide/,2025-03-03,ebook,product-discovery-essential-guide,product discovery essential guide,,content
productboard.com,https://www.productboard.com/events/spark-forge-ama-emea/,2026-08-13,events,spark-forge-ama-emea,spark forge ama emea,,content
productboard.com,https://www.productboard.com/events/spark-forge-ama-nam/,2026-08-13,events,spark-forge-ama-nam,spark forge ama nam,,content
productboard.com,https://www.productboard.com/events/spark-forge-measure-what-worked/,2026-07-16,events,spark-forge-measure-what-worked,spark forge measure what worked,,content
productboard.com,https://www.productboard.com/events/spark-forge-from-signal-to-spec/,2026-07-16,events,spark-forge-from-signal-to-spec,spark forge from signal to spec,,content
productboard.com,https://www.productboard.com/events/spark-forge-surface-what-matters/,2026-07-14,events,spark-forge-surface-what-matters,spark forge surface what matters,,content
productboard.com,https://www.productboard.com/events/spark-forge-product-teams-series/,2026-06-30,events,spark-forge-product-teams-series,spark forge product teams series,,content
productboard.com,https://www.productboard.com/events/spark-forge-product-leaders-session/,2026-06-30,events,spark-forge-product-leaders-session,spark forge product leaders session,,content
productboard.com,https://www.productboard.com/events/spark-product-agentic-system/,2026-06-24,events,spark-product-agentic-system,spark product agentic system,,content
productboard.com,https://www.productboard.com/events/real-world-ai-workflows-for-product-teams/,2026-04-28,events,real-world-ai-workflows-for-product-teams,real world ai workflows for product teams,,content
productboard.com,https://www.productboard.com/events/the-spec-is-the-product-nyc-may-2026/,2026-04-17,events,the-spec-is-the-product-nyc-may-2026,the spec is the product nyc may 2026,2026,content
productboard.com,https://www.productboard.com/events/how-ai-agents-rewire-product-discovery/,2026-04-07,events,how-ai-agents-rewire-product-discovery,how ai agents rewire product discovery,,content
productboard.com,https://www.productboard.com/events/product-and-business-strategies-for-the-new-era/,2026-04-22,events,product-and-business-strategies-for-the-new-era,product and business strategies for the new era,,content
productboard.com,https://www.productboard.com/events/pb-fenway-april-2026/,2026-04-16,events,pb-fenway-april-2026,pb fenway april 2026,2026,content
productboard.com,https://www.productboard.com/events/community-meet-up-beyond-the-ai-hype/,2026-03-13,events,community-meet-up-beyond-the-ai-hype,community meet up beyond the ai hype,,content
productboard.com,https://www.productboard.com/events/pb-pla-denver-happy-hour/,2026-03-12,events,pb-pla-denver-happy-hour,pb pla denver happy hour,,content
productboard.com,https://www.productboard.com/events/pb-pla-nyc-butter-reception/,2026-03-10,events,pb-pla-nyc-butter-reception,pb pla nyc butter reception,,content
productboard.com,https://www.productboard.com/events/product-discovery-for-ai-products/,2026-03-11,events,product-discovery-for-ai-products,product discovery for ai products,,content
productboard.com,https://www.productboard.com/events/vip-product-dinner-paris/,2026-03-18,events,vip-product-dinner-paris,vip product dinner paris,,content
productboard.com,https://www.productboard.com/events/rethinking-product-discovery-2026/,2026-02-06,events,rethinking-product-discovery-2026,rethinking product discovery 2026,2026,content
productboard.com,https://www.productboard.com/events/vip-pb-wine-tasting-dinner-london/,2026-03-18,events,vip-pb-wine-tasting-dinner-london,vip pb wine tasting dinner london,,content
productboard.com,https://www.productboard.com/events/product-ops-wishlist-2026/,2026-03-24,events,product-ops-wishlist-2026,product ops wishlist 2026,2026,content
productboard.com,https://www.productboard.com/events/lessons-from-building-customer-centric-ai-products/,2025-11-24,events,lessons-from-building-customer-centric-ai-products,lessons from building customer centric ai products,,content
productboard.com,https://www.productboard.com/events/annual-planning-with-sachin-rekhi/,2025-10-14,events,annual-planning-with-sachin-rekhi,annual planning with sachin rekhi,,content
productboard.com,https://www.productboard.com/events/scaling-ai-strategy-through-product-ops/,2025-08-18,events,scaling-ai-strategy-through-product-ops,scaling ai strategy through product ops,,content
productboard.com,https://www.productboard.com/events/product-management-skills-for-the-ai-era/,2025-08-04,events,product-management-skills-for-the-ai-era,product management skills for the ai era,,content
productboard.com,https://www.productboard.com/events/leading-change-in-product-tiago-leao/,2025-07-25,events,leading-change-in-product-tiago-leao,leading change in product tiago leao,,content
productboard.com,https://www.productboard.com/events/the-ai-product-summit-2025/,2025-07-09,events,the-ai-product-summit-2025,the ai product summit 2025,2025,content
productboard.com,https://www.productboard.com/events/product-leadership-lessons-from-seed-to-ipo/,2025-06-10,events,product-leadership-lessons-from-seed-to-ipo,product leadership lessons from seed to ipo,,content
productboard.com,https://www.productboard.com/events/building-customer-centric-product-teams-at-scale/,2025-02-25,events,building-customer-centric-product-teams-at-scale,building customer centric product teams at scale,,content
productboard.com,https://www.productboard.com/events/connecting-daily-product-decisions-to-revenue/,2025-01-23,events,connecting-daily-product-decisions-to-revenue,connecting daily product decisions to revenue,,content
productboard.com,https://www.productboard.com/events/from-plans-to-progress-how-autodesk-executes-annual-planning-at-scale/,2025-03-19,events,from-plans-to-progress-how-autodesk-executes-annual-planning-at-scale,from plans to progress how autodesk executes annual planning at scale,,content
productboard.com,https://www.productboard.com/events/event-virtual-hosted-2025-product-operations-wishlist-from-wishes-to-action/,2025-03-19,events,event-virtual-hosted-2025-product-operations-wishlist-from-wishes-to-action,event virtual hosted 2025 product operations wishlist from wishes to action,2025,content
productboard.com,https://www.productboard.com/events/transform-your-product-strategy-the-new-productboard-unleashed/,2025-01-20,events,transform-your-product-strategy-the-new-productboard-unleashed,transform your product strategy the new productboard unleashed,,content
productboard.com,https://www.productboard.com/events/autodesk-fireside-chat-winning-stakeholder-and-customer-trust-in-your-product-strategy/,2025-01-23,events,autodesk-fireside-chat-winning-stakeholder-and-customer-trust-in-your-product-strategy,autodesk fireside chat winning stakeholder and customer trust in your product strategy,,content
productboard.com,https://www.productboard.com/events/event-virtual-hosted-using-storytelling-to-create-a-strong-product-culture/,2024-07-23,events,event-virtual-hosted-using-storytelling-to-create-a-strong-product-culture,event virtual hosted using storytelling to create a strong product culture,,content
productboard.com,https://www.productboard.com/events/charting-your-career-in-product-management/,2024-07-23,events,charting-your-career-in-product-management,charting your career in product management,,content
productboard.com,https://www.productboard.com/events/the-top-reasons-a-product-strategy-fails-and-how-to-fix-it/,2024-07-23,events,the-top-reasons-a-product-strategy-fails-and-how-to-fix-it,the top reasons a product strategy fails and how to fix it,,content
productboard.com,https://www.productboard.com/events/event-virtual-hosted-building-impactful-roadmaps-from-creation-to-communication/,2025-06-13,events,event-virtual-hosted-building-impactful-roadmaps-from-creation-to-communication,event virtual hosted building impactful roadmaps from creation to communication,,content
productboard.com,https://www.productboard.com/events/product-management-predictions-for-2024/,2025-12-01,events,product-management-predictions-for-2024,product management predictions for 2024,2024,content
productboard.com,https://www.productboard.com/events/make-what-matters-aligning-purpose-and-practice/,2025-12-01,events,make-what-matters-aligning-purpose-and-practice,make what matters aligning purpose and practice,,content
productboard.com,https://www.productboard.com/events/product-excellence-summit-2023/,2024-07-23,events,product-excellence-summit-2023,product excellence summit 2023,2023,content
productboard.com,https://www.productboard.com/events/event-virtual-hosted-decoding-product-coaching-harnessing-the-power-of-guidance-for-better-products/,2024-07-23,events,event-virtual-hosted-decoding-product-coaching-harnessing-the-power-of-guidance-for-better-products,event virtual hosted decoding product coaching harnessing the power of guidance for better products,,content
productboard.com,https://www.productboard.com/events/event-virtual-hosted-the-leaders-journey-a-fireside-chat-with-donna-lichaw/,2024-07-23,events,event-virtual-hosted-the-leaders-journey-a-fireside-chat-with-donna-lichaw,event virtual hosted the leaders journey a fireside chat with donna lichaw,,content
productboard.com,https://www.productboard.com/events/event-virtual-hosted-make-community-the-heart-of-your-product-strategy/,2024-07-23,events,event-virtual-hosted-make-community-the-heart-of-your-product-strategy,event virtual hosted make community the heart of your product strategy,,content
productboard.com,https://www.productboard.com/events/event-virtual-hosted-how-to-succeed-as-0-1-product-manager/,2024-07-23,events,event-virtual-hosted-how-to-succeed-as-0-1-product-manager,event virtual hosted how to succeed as 0 1 product manager,,content
productboard.com,https://www.productboard.com/events/event-virtual-hosted-ease-the-transition-between-product-discovery-and-delivery-with-user-story-mapping/,2024-07-23,events,event-virtual-hosted-ease-the-transition-between-product-discovery-and-delivery-with-user-story-mapping,event virtual hosted ease the transition between product discovery and delivery with user story mapping,,content
productboard.com,https://www.productboard.com/glossary/competitor-analysis/,2026-08-07,glossary,competitor-analysis,competitor analysis,,content
productboard.com,https://www.productboard.com/glossary/product-brief/,2026-04-07,glossary,product-brief,product brief,,content
productboard.com,https://www.productboard.com/glossary/customer-feedback-analysis/,2026-08-07,glossary,customer-feedback-analysis,customer feedback analysis,,content
productboard.com,https://www.productboard.com/glossary/prd-vs-product-spec/,2026-08-04,glossary,prd-vs-product-spec,prd vs product spec,,content
productboard.com,https://www.productboard.com/glossary/product-management-tools/,2026-08-04,glossary,product-management-tools,product management tools,,content
productboard.com,https://www.productboard.com/glossary/backlog-grooming/,2026-08-04,glossary,backlog-grooming,backlog grooming,,content
productboard.com,https://www.productboard.com/glossary/jobs-to-be-done-framework/,2026-08-04,glossary,jobs-to-be-done-framework,jobs to be done framework,,content
productboard.com,https://www.productboard.com/glossary/dual-track-agile/,2026-10-05,glossary,dual-track-agile,dual track agile,,content
productboard.com,https://www.productboard.com/glossary/product-prioritization-frameworks/,2026-10-05,glossary,product-prioritization-frameworks,product prioritization frameworks,,content
productboard.com,https://www.productboard.com/glossary/agile-values/,2026-08-04,glossary,agile-values,agile values,,content
productboard.com,https://www.productboard.com/glossary/agile-definition-of-done/,2025-11-04,glossary,agile-definition-of-done,agile definition of done,,content
productboard.com,https://www.productboard.com/glossary/agile-manifesto/,2026-08-04,glossary,agile-manifesto,agile manifesto,,content
productboard.com,https://www.productboard.com/glossary/epics/,2025-11-04,glossary,epics,epics,,content
productboard.com,https://www.productboard.com/glossary/minimum-viable-product-mvp/,2026-08-04,glossary,minimum-viable-product-mvp,minimum viable product mvp,,content
productboard.com,https://www.productboard.com/glossary/product-backlog/,2026-08-04,glossary,product-backlog,product backlog,,content
productboard.com,https://www.productboard.com/glossary/product-development-process/,2026-08-04,glossary,product-development-process,product development process,,content
productboard.com,https://www.productboard.com/glossary/product-market-fit/,2026-08-04,glossary,product-market-fit,product market fit,,content
productboard.com,https://www.productboard.com/glossary/product-features/,2026-08-04,glossary,product-features,product features,,content
productboard.com,https://www.productboard.com/glossary/product-led-growth/,2026-08-04,glossary,product-led-growth,product led growth,,content
productboard.com,https://www.productboard.com/glossary/product-requirements-document/,2024-03-17,glossary,product-requirements-document,product requirements document,,content
productboard.com,https://www.productboard.com/glossary/scrum-master/,2025-11-30,glossary,scrum-master,scrum master,,content
productboard.com,https://www.productboard.com/glossary/user-story/,2026-08-04,glossary,user-story,user story,,content
productboard.com,https://www.productboard.com/glossary/product-roadmap/,2026-10-05,glossary,product-roadmap,product roadmap,,content
productboard.com,https://www.productboard.com/glossary/stakeholder-analysis/,2026-08-04,glossary,stakeholder-analysis,stakeholder analysis,,content
productboard.com,https://www.productboard.com/glossary/product-strategy/,2026-08-04,glossary,product-strategy,product strategy,,content
productboard.com,https://www.productboard.com/glossary/product-portfolio/,2025-11-30,glossary,product-portfolio,product portfolio,,content
productboard.com,https://www.productboard.com/glossary/product-operations/,2025-11-30,glossary,product-operations,product operations,,content
productboard.com,https://www.productboard.com/glossary/product-differentiation/,2026-08-04,glossary,product-differentiation,product differentiation,,content
productboard.com,https://www.productboard.com/glossary/five-whys-5-whys/,2026-08-04,glossary,five-whys-5-whys,five whys 5 whys,,content
productboard.com,https://www.productboard.com/glossary/agile-principles/,2026-10-05,glossary,agile-principles,agile principles,,content
productboard.com,https://www.productboard.com/glossary/,2025-01-20,glossary,glossary,glossary,,content
productboard.com,https://www.productboard.com/integrations/lovable-connector/,2026-09-16,integrations,lovable-connector,lovable connector,,content
productboard.com,https://www.productboard.com/integrations/claude/,2026-09-16,integrations,claude,claude,,content
productboard.com,https://www.productboard.com/integrations/chatgpt/,2026-09-16,integrations,chatgpt,chatgpt,,content
productboard.com,https://www.productboard.com/integrations/mixpanel-connector/,2026-09-16,integrations,mixpanel-connector,mixpanel connector,,content
productboard.com,https://www.productboard.com/integrations/userevidence-connector/,2026-09-16,integrations,userevidence-connector,userevidence connector,,content
productboard.com,https://www.productboard.com/integrations/pendo-connector/,2026-09-16,integrations,pendo-connector,pendo connector,,content
productboard.com,https://www.productboard.com/integrations/launchdarkly-connector/,2026-09-16,integrations,launchdarkly-connector,launchdarkly connector,,content
productboard.com,https://www.productboard.com/integrations/braintrust-connector/,2026-09-16,integrations,braintrust-connector,braintrust connector,,content
productboard.com,https://www.productboard.com/integrations/rovo-connector/,2026-09-16,integrations,rovo-connector,rovo connector,,content
productboard.com,https://www.productboard.com/integrations/notion-connector/,2026-09-11,integrations,notion-connector,notion connector,,content
productboard.com,https://www.productboard.com/integrations/github-connector/,2026-09-11,integrations,github-connector,github connector,,content
productboard.com,https://www.productboard.com/integrations/lovable/,2026-08-17,integrations,lovable,lovable,,content
productboard.com,https://www.productboard.com/integrations/survicate/,2026-07-15,integrations,survicate,survicate,,content
productboard.com,https://www.productboard.com/integrations/zapier/,2026-08-14,integrations,zapier,zapier,,content
productboard.com,https://www.productboard.com/integrations/codex/,2026-08-16,integrations,codex,codex,,content
productboard.com,https://www.productboard.com/integrations/product-docs/,2026-08-14,integrations,product-docs,product docs,,content
productboard.com,https://www.productboard.com/integrations/cursor/,2026-08-16,integrations,cursor,cursor,,content
productboard.com,https://www.productboard.com/integrations/mural/,2026-07-14,integrations,mural,mural,,content
productboard.com,https://www.productboard.com/integrations/email/,2026-08-14,integrations,email,email,,content
productboard.com,https://www.productboard.com/integrations/gainsight-px/,2026-08-14,integrations,gainsight-px,gainsight px,,content
productboard.com,https://www.productboard.com/integrations/chrome-extension/,2026-07-14,integrations,chrome-extension,chrome extension,,content
productboard.com,https://www.productboard.com/integrations/gdpr-api/,2026-08-14,integrations,gdpr-api,gdpr api,,content
productboard.com,https://www.productboard.com/integrations/microsoft-teams/,2026-08-14,integrations,microsoft-teams,microsoft teams,,content
productboard.com,https://www.productboard.com/integrations/api/,2026-08-31,integrations,api,api,,content
productboard.com,https://www.productboard.com/integrations/miro/,2026-07-14,integrations,miro,miro,,content
productboard.com,https://www.productboard.com/integrations/gainsight-cs/,2026-07-14,integrations,gainsight-cs,gainsight cs,,content
productboard.com,https://www.productboard.com/integrations/satismeter/,2026-08-14,integrations,satismeter,satismeter,,content
productboard.com,https://www.productboard.com/integrations/salesforce/,2026-08-14,integrations,salesforce,salesforce,,content
productboard.com,https://www.productboard.com/integrations/attio/,2026-09-01,integrations,attio,attio,,content
productboard.com,https://www.productboard.com/integrations/google-play/,2026-08-14,integrations,google-play,google play,,content
productboard.com,https://www.productboard.com/integrations/app-store/,2026-08-14,integrations,app-store,app store,,content
productboard.com,https://www.productboard.com/integrations/g2/,2026-08-14,integrations,g2,g2,,noncontent
productboard.com,https://www.productboard.com/integrations/mixpanel/,2026-08-14,integrations,mixpanel,mixpanel,,content
productboard.com,https://www.productboard.com/integrations/trello/,2026-08-14,integrations,trello,trello,,content
productboard.com,https://www.productboard.com/integrations/shortcut/,2026-08-14,integrations,shortcut,shortcut,,content
productboard.com,https://www.productboard.com/integrations/azure-devops/,2026-08-14,integrations,azure-devops,azure devops,,content
productboard.com,https://www.productboard.com/integrations/github/,2026-08-14,integrations,github,github,,content
productboard.com,https://www.productboard.com/integrations/linear-connector/,2026-09-11,integrations,linear-connector,linear connector,,content
productboard.com,https://www.productboard.com/integrations/hex-connector/,2026-09-11,integrations,hex-connector,hex connector,,content
productboard.com,https://www.productboard.com/integrations/slack-connector/,2026-09-11,integrations,slack-connector,slack connector,,content
productboard.com,https://www.productboard.com/integrations/google-drive/,2026-09-01,integrations,google-drive,google drive,,content
productboard.com,https://www.productboard.com/integrations/confluence/,2026-09-01,integrations,confluence,confluence,,content
productboard.com,https://www.productboard.com/integrations/notion/,2026-09-01,integrations,notion,notion,,content
productboard.com,https://www.productboard.com/integrations/amplitude-connector/,2026-09-11,integrations,amplitude-connector,amplitude connector,,content
productboard.com,https://www.productboard.com/integrations/amplitude/,2026-09-18,integrations,amplitude,amplitude,,content
productboard.com,https://www.productboard.com/integrations/slack/,2026-08-14,integrations,slack,slack,,content
productboard.com,https://www.productboard.com/integrations/claude-code/,2026-08-16,integrations,claude-code,claude code,,content
productboard.com,https://www.productboard.com/integrations/mcp-server/,2026-08-17,integrations,mcp-server,mcp server,,content
productboard.com,https://www.productboard.com/integrations/jira/,2026-09-18,integrations,jira,jira,,content
productboard.com,https://www.productboard.com/integrations/codebase-analysis/,2026-09-25,integrations,codebase-analysis,codebase analysis,,content
productboard.com,https://www.productboard.com/integrations/gong/,2026-09-18,integrations,gong,gong,,content
productboard.com,https://www.productboard.com/integrations/zendesk/,2026-09-18,integrations,zendesk,zendesk,,content
productboard.com,https://www.productboard.com/integrations/figma/,2026-08-14,integrations,figma,figma,,content
productboard.com,https://www.productboard.com/integrations/product-analytics-integrations/,2024-05-03,integrations,product-analytics-integrations,product analytics integrations,,content
productboard.com,https://www.productboard.com/integrations/cobbai/,2024-05-14,integrations,cobbai,cobbai,,content
productboard.com,https://www.productboard.com/integrations/jira-better-together/,2025-03-31,integrations,jira-better-together,jira better together,,content
productboard.com,https://www.productboard.com/integrations/notes-api/,2025-09-12,integrations,notes-api,notes api,,content
productboard.com,https://www.productboard.com/integrations/features-api/,2025-09-12,integrations,features-api,features api,,content
productboard.com,https://www.productboard.com/integrations/fullstory/,2026-08-07,integrations,fullstory,fullstory,,content
productboard.com,https://www.productboard.com/integrations/tray/,2024-04-10,integrations,tray,tray,,content
productboard.com,https://www.productboard.com/integrations/frame/,2024-04-10,integrations,frame,frame,,content
productboard.com,https://www.productboard.com/integrations/pivotal-tracker-integration/,2024-04-10,integrations,pivotal-tracker-integration,pivotal tracker integration,,content
productboard.com,https://www.productboard.com/integrations/gainsight/,2024-02-14,integrations,gainsight,gainsight,,content
productboard.com,https://www.productboard.com/integrations/grain/,2024-04-10,integrations,grain,grain,,content
productboard.com,https://www.productboard.com/integrations/screeb/,2024-04-10,integrations,screeb,screeb,,content
productboard.com,https://www.productboard.com/integrations/loom/,2025-09-29,integrations,loom,loom,,content
productboard.com,https://www.productboard.com/resources/infographic/5-common-mistakes-that-lead-to-product-disconnect/,2025-03-10,resources,5-common-mistakes-that-lead-to-product-disconnect,5 common mistakes that lead to product disconnect,,content
productboard.com,https://www.productboard.com/resources/infographic/spreadsheets-are-limiting-your-product-teams-potential/,2026-08-04,resources,spreadsheets-are-limiting-your-product-teams-potential,spreadsheets are limiting your product teams potential,,content
productboard.com,https://www.productboard.com/resources/infographic/6-factors-that-put-high-performing-product-organizations-above-the-rest/,2025-03-10,resources,6-factors-that-put-high-performing-product-organizations-above-the-rest,6 factors that put high performing product organizations above the rest,,content
productboard.com,https://www.productboard.com/resources/infographic/how-investing-in-product-management-pays-dividends/,2024-12-19,resources,how-investing-in-product-management-pays-dividends,how investing in product management pays dividends,,content
productboard.com,https://www.productboard.com/resources/infographic/3-steps-that-put-product-roadmaps-in-overdrive/,2025-01-11,resources,3-steps-that-put-product-roadmaps-in-overdrive,3 steps that put product roadmaps in overdrive,,content
productboard.com,https://www.productboard.com/resources/infographic/the-four-love-languages-of-product-management/,2025-01-13,resources,the-four-love-languages-of-product-management,the four love languages of product management,,content
productboard.com,https://www.productboard.com/resources/infographic/the-dangerous-animals-of-product-management/,2024-12-19,resources,the-dangerous-animals-of-product-management,the dangerous animals of product management,,content
productboard.com,https://www.productboard.com/resources/infographic/good-vs-bad-roadmaps/,2025-01-13,resources,good-vs-bad-roadmaps,good vs bad roadmaps,,content
productboard.com,https://www.productboard.com/resources/infographic/what-does-a-product-manager-do/,2026-08-04,resources,what-does-a-product-manager-do,what does a product manager do,,content
productboard.com,https://www.productboard.com/resources/product-demo/introducing-productboard-ai/,2026-08-04,resources,introducing-productboard-ai,introducing productboard ai,,content
productboard.com,https://www.productboard.com/resources/product-demo/productboard-product-overview/,2026-08-07,resources,productboard-product-overview,productboard product overview,,content
productboard.com,https://www.productboard.com/resources/product-demo/productboards-microsoft-azure-dev-ops-integration/,2026-08-04,resources,productboards-microsoft-azure-dev-ops-integration,productboards microsoft azure dev ops integration,,content
productboard.com,https://www.productboard.com/resources/product-demo/productboards-jira-integration/,2026-08-04,resources,productboards-jira-integration,productboards jira integration,,content
productboard.com,https://www.productboard.com/resources/product-demo/review-feedback-faster-with-ai-summaries/,2026-08-04,resources,review-feedback-faster-with-ai-summaries,review feedback faster with ai summaries,,content
productboard.com,https://www.productboard.com/resources/product-demo/monitor-customer-feedback-trends-with-ai/,2026-08-04,resources,monitor-customer-feedback-trends-with-ai,monitor customer feedback trends with ai,,content
productboard.com,https://www.productboard.com/resources/product-demo/turbocharge-feature-specification-with-ai/,2026-08-04,resources,turbocharge-feature-specification-with-ai,turbocharge feature specification with ai,,content
productboard.com,https://www.productboard.com/resources/product-demo/keyboard-shortcuts-for-feature-boards/,2026-08-04,resources,keyboard-shortcuts-for-feature-boards,keyboard shortcuts for feature boards,,content
productboard.com,https://www.productboard.com/resources/product-demo/intro-to-the-product-portal/,2026-08-04,resources,intro-to-the-product-portal,intro to the product portal,,content
productboard.com,https://www.productboard.com/resources/product-demo/intro-to-insights-boards/,2026-08-04,resources,intro-to-insights-boards,intro to insights boards,,content
productboard.com,https://www.productboard.com/resources/product-demo/intro-to-the-features-board/,2026-08-04,resources,intro-to-the-features-board,intro to the features board,,content
productboard.com,https://www.productboard.com/resources/product-demo/intro-to-the-roadmap/,2026-08-04,resources,intro-to-the-roadmap,intro to the roadmap,,content
productboard.com,https://www.productboard.com/resources/product-demo/video-aha-implementation-stalled-productboard-is-worth-another-look/,2026-08-04,resources,video-aha-implementation-stalled-productboard-is-worth-another-look,video aha implementation stalled productboard is worth another look,,content
productboard.com,https://www.productboard.com/resources/product-demo/collaborate-better-with-teamspaces/,2026-08-04,resources,collaborate-better-with-teamspaces,collaborate better with teamspaces,,content
productboard.com,https://www.productboard.com/resources/webinar/spark-forge-ama-emea-on-demand/,2026-09-04,resources,spark-forge-ama-emea-on-demand,spark forge ama emea on demand,,content
productboard.com,https://www.productboard.com/resources/webinar/spark-forge-ama-nam-on-demand/,2026-09-04,resources,spark-forge-ama-nam-on-demand,spark forge ama nam on demand,,content
productboard.com,https://www.productboard.com/resources/webinar/spark-forge-measure-what-worked-on-demand/,2026-08-04,resources,spark-forge-measure-what-worked-on-demand,spark forge measure what worked on demand,,content
productboard.com,https://www.productboard.com/resources/webinar/spark-forge-from-signal-to-spec-on-demand/,2026-08-04,resources,spark-forge-from-signal-to-spec-on-demand,spark forge from signal to spec on demand,,content
productboard.com,https://www.productboard.com/resources/webinar/spark-forge-surface-what-matters-on-demand/,2026-08-04,resources,spark-forge-surface-what-matters-on-demand,spark forge surface what matters on demand,,content
productboard.com,https://www.productboard.com/resources/webinar/spark-forge-product-teams-series-on-demand/,2026-08-04,resources,spark-forge-product-teams-series-on-demand,spark forge product teams series on demand,,content
productboard.com,https://www.productboard.com/resources/webinar/enabling-your-team-on-spark-on-demand/,2026-08-04,resources,enabling-your-team-on-spark-on-demand,enabling your team on spark on demand,,content
productboard.com,https://www.productboard.com/resources/webinar/spark-product-agentic-system-on-demand/,2026-08-04,resources,spark-product-agentic-system-on-demand,spark product agentic system on demand,,content
productboard.com,https://www.productboard.com/resources/webinar/how-ai-agents-rewire-product-discover-on-demand/,2026-08-04,resources,how-ai-agents-rewire-product-discover-on-demand,how ai agents rewire product discover on demand,,content
productboard.com,https://www.productboard.com/resources/webinar/product-discovery-for-ai-products-on-demand/,2026-08-04,resources,product-discovery-for-ai-products-on-demand,product discovery for ai products on demand,,content
productboard.com,https://www.productboard.com/resources/webinar/rethinking-product-discovery-2026-on-demand/,2026-08-04,resources,rethinking-product-discovery-2026-on-demand,rethinking product discovery 2026 on demand,2026,content
productboard.com,https://www.productboard.com/resources/webinar/product-ops-wishlist-2026-on-demand/,2026-08-04,resources,product-ops-wishlist-2026-on-demand,product ops wishlist 2026 on demand,2026,content
productboard.com,https://www.productboard.com/resources/webinar/building-customer-centric-ai-products-on-demand/,2026-08-17,resources,building-customer-centric-ai-products-on-demand,building customer centric ai products on demand,,content
productboard.com,https://www.productboard.com/resources/webinar/annual-planning-with-sachin-rekhi-on-demand/,2026-08-04,resources,annual-planning-with-sachin-rekhi-on-demand,annual planning with sachin rekhi on demand,,content
productboard.com,https://www.productboard.com/resources/webinar/scaling-ai-strategy-through-product-ops-on-demand/,2026-08-04,resources,scaling-ai-strategy-through-product-ops-on-demand,scaling ai strategy through product ops on demand,,content
productboard.com,https://www.productboard.com/resources/webinar/product-management-skills-for-the-ai-era-on-demand/,2026-08-04,resources,product-management-skills-for-the-ai-era-on-demand,product management skills for the ai era on demand,,content
productboard.com,https://www.productboard.com/resources/webinar/leading-change-in-product-tiago-leao-on-demand/,2026-08-04,resources,leading-change-in-product-tiago-leao-on-demand,leading change in product tiago leao on demand,,content
productboard.com,https://www.productboard.com/resources/webinar/the-future-of-product-ops-with-ai-automation-on-demand/,2026-08-04,resources,the-future-of-product-ops-with-ai-automation-on-demand,the future of product ops with ai automation on demand,,content
productboard.com,https://www.productboard.com/resources/webinar/navigating-the-agile-transformation-digital-first-products-on-demand/,2026-08-04,resources,navigating-the-agile-transformation-digital-first-products-on-demand,navigating the agile transformation digital first products on demand,,content
productboard.com,https://www.productboard.com/resources/webinar/ai-product-summit-on-demand/,2025-03-28,resources,ai-product-summit-on-demand,ai product summit on demand,,content
productboard.com,https://www.productboard.com/resources/webinar/product-leadership-lessons-from-seed-to-ipo-on-demand/,2025-03-26,resources,product-leadership-lessons-from-seed-to-ipo-on-demand,product leadership lessons from seed to ipo on demand,,content
productboard.com,https://www.productboard.com/resources/webinar/on-demand-2025-product-operations-wishlist/,2026-08-04,resources,on-demand-2025-product-operations-wishlist,on demand 2025 product operations wishlist,2025,content
productboard.com,https://www.productboard.com/resources/webinar/from-plans-to-progress-auto-desk-on-demand/,2025-03-19,resources,from-plans-to-progress-auto-desk-on-demand,from plans to progress auto desk on demand,,content
productboard.com,https://www.productboard.com/resources/webinar/autodesk-winning-stakeholder-and-customer-trust-on-demand/,2026-08-04,resources,autodesk-winning-stakeholder-and-customer-trust-on-demand,autodesk winning stakeholder and customer trust on demand,,content
productboard.com,https://www.productboard.com/resources/webinar/connecting-daily-product-decisions-to-revenue-on-demand/,2026-08-04,resources,connecting-daily-product-decisions-to-revenue-on-demand,connecting daily product decisions to revenue on demand,,content
productboard.com,https://www.productboard.com/resources/webinar/building-customer-centric-product-teams-at-scale-on-demand/,2026-08-04,resources,building-customer-centric-product-teams-at-scale-on-demand,building customer centric product teams at scale on demand,,content
productboard.com,https://www.productboard.com/resources/webinar/understanding-remote-product-management-amp-collaboration-in-2021/,2025-01-23,resources,understanding-remote-product-management-amp-collaboration-in-2021,understanding remote product management amp collaboration in 2021,2021,content
productboard.com,https://www.productboard.com/product-management-prompts-library/annual-strategic-planning-facilitator/,2026-04-13,product-management-prompts-library,annual-strategic-planning-facilitator,annual strategic planning facilitator,,content
productboard.com,https://www.productboard.com/product-management-prompts-library/market-opportunity-sizing/,2026-04-10,product-management-prompts-library,market-opportunity-sizing,market opportunity sizing,,content
productboard.com,https://www.productboard.com/product-management-prompts-library/design-review-feedback-guide/,2026-04-10,product-management-prompts-library,design-review-feedback-guide,design review feedback guide,,content
productboard.com,https://www.productboard.com/product-management-prompts-library/acceptance-criteria-generator/,2026-04-13,product-management-prompts-library,acceptance-criteria-generator,acceptance criteria generator,,content
productboard.com,https://www.productboard.com/product-management-prompts-library/definition-of-done-checklist/,2026-04-13,product-management-prompts-library,definition-of-done-checklist,definition of done checklist,,content
productboard.com,https://www.productboard.com/product-management-prompts-library/async-communication-upgrade/,2026-04-13,product-management-prompts-library,async-communication-upgrade,async communication upgrade,,content
productboard.com,https://www.productboard.com/product-management-prompts-library/weekly-planning-ritual/,2026-04-10,product-management-prompts-library,weekly-planning-ritual,weekly planning ritual,,content
productboard.com,https://www.productboard.com/product-management-prompts-library/tamsamsom-calculator/,2026-04-06,product-management-prompts-library,tamsamsom-calculator,tamsamsom calculator,,content
productboard.com,https://www.productboard.com/product-management-prompts-library/retention-cohort-analysis-guide/,2026-04-06,product-management-prompts-library,retention-cohort-analysis-guide,retention cohort analysis guide,,content
productboard.com,https://www.productboard.com/product-management-prompts-library/experiment-results-interpreter/,2026-04-06,product-management-prompts-library,experiment-results-interpreter,experiment results interpreter,,content
productboard.com,https://www.productboard.com/product-management-prompts-library/continuous-discovery-habit-builder/,2026-04-06,product-management-prompts-library,continuous-discovery-habit-builder,continuous discovery habit builder,,content
productboard.com,https://www.productboard.com/product-management-prompts-library/planning-anti-patterns-checker/,2026-04-06,product-management-prompts-library,planning-anti-patterns-checker,planning anti patterns checker,,content
productboard.com,https://www.productboard.com/product-management-prompts-library/competitive-landscape-mapper/,2026-04-13,product-management-prompts-library,competitive-landscape-mapper,competitive landscape mapper,,content
productboard.com,https://www.productboard.com/product-management-prompts-library/launch-metrics-dashboard/,2026-04-10,product-management-prompts-library,launch-metrics-dashboard,launch metrics dashboard,,content
productboard.com,https://www.productboard.com/product-management-prompts-library/strategic-bet-framing/,2026-04-06,product-management-prompts-library,strategic-bet-framing,strategic bet framing,,content
productboard.com,https://www.productboard.com/product-management-prompts-library/design-principle-generator/,2026-04-06,product-management-prompts-library,design-principle-generator,design principle generator,,content
productboard.com,https://www.productboard.com/product-management-prompts-library/technical-feasibility-questionnaire/,2026-04-06,product-management-prompts-library,technical-feasibility-questionnaire,technical feasibility questionnaire,,content
productboard.com,https://www.productboard.com/product-management-prompts-library/milestone-definition-workshop/,2026-04-06,product-management-prompts-library,milestone-definition-workshop,milestone definition workshop,,content
productboard.com,https://www.productboard.com/product-management-prompts-library/pm-energy-management-system/,2026-04-06,product-management-prompts-library,pm-energy-management-system,pm energy management system,,content
productboard.com,https://www.productboard.com/product-management-prompts-library/weekly-review-and-planning-ritual/,2026-04-06,product-management-prompts-library,weekly-review-and-planning-ritual,weekly review and planning ritual,,content
productboard.com,https://www.productboard.com/product-management-prompts-library/quarterly-planning-framework/,2026-04-06,product-management-prompts-library,quarterly-planning-framework,quarterly planning framework,,content
productboard.com,https://www.productboard.com/product-management-prompts-library/tech-debt-negotiation-framework/,2026-04-06,product-management-prompts-library,tech-debt-negotiation-framework,tech debt negotiation framework,,content
productboard.com,https://www.productboard.com/product-management-prompts-library/lean-story-writer/,2026-04-06,product-management-prompts-library,lean-story-writer,lean story writer,,content
productboard.com,https://www.productboard.com/product-management-prompts-library/deep-work-planner/,2026-04-06,product-management-prompts-library,deep-work-planner,deep work planner,,content
productboard.com,https://www.productboard.com/product-management-prompts-library/promotion-case-builder/,2026-04-06,product-management-prompts-library,promotion-case-builder,promotion case builder,,content
productboard.com,https://www.productboard.com/product-management-prompts-library/rollout-strategy-planner/,2026-04-06,product-management-prompts-library,rollout-strategy-planner,rollout strategy planner,,content
productboard.com,https://www.productboard.com/product-management-prompts-library/channel-strategy-planner/,2026-04-06,product-management-prompts-library,channel-strategy-planner,channel strategy planner,,content
productboard.com,https://www.productboard.com/product-management-prompts-library/anomaly-investigation-framework/,2026-04-06,product-management-prompts-library,anomaly-investigation-framework,anomaly investigation framework,,content
productboard.com,https://www.productboard.com/product-management-prompts-library/all-hands-product-update/,2026-04-06,product-management-prompts-library,all-hands-product-update,all hands product update,,content
productboard.com,https://www.productboard.com/product-management-prompts-library/competitive-intelligence-briefing/,2026-04-06,product-management-prompts-library,competitive-intelligence-briefing,competitive intelligence briefing,,content
productboard.com,https://www.productboard.com/product-management-prompts-library/beta-program-designer/,2026-04-06,product-management-prompts-library,beta-program-designer,beta program designer,,content
productboard.com,https://www.productboard.com/product-management-prompts-library/winloss-analysis-framework/,2026-04-06,product-management-prompts-library,winloss-analysis-framework,winloss analysis framework,,content
productboard.com,https://www.productboard.com/product-management-prompts-library/faq-document-builder/,2026-04-06,product-management-prompts-library,faq-document-builder,faq document builder,,content
productboard.com,https://www.productboard.com/product-management-prompts-library/executive-update-generator/,2026-04-06,product-management-prompts-library,executive-update-generator,executive update generator,,content
productboard.com,https://www.productboard.com/product-management-prompts-library/difficult-conversation-prep/,2026-04-06,product-management-prompts-library,difficult-conversation-prep,difficult conversation prep,,content
productboard.com,https://www.productboard.com/product-management-prompts-library/operational-review-template/,2026-04-06,product-management-prompts-library,operational-review-template,operational review template,,content
productboard.com,https://www.productboard.com/product-management-prompts-library/technical-dependency-mapper/,2026-04-06,product-management-prompts-library,technical-dependency-mapper,technical dependency mapper,,content
productboard.com,https://www.productboard.com/product-management-prompts-library/product-analytics-audit/,2026-04-06,product-management-prompts-library,product-analytics-audit,product analytics audit,,content
productboard.com,https://www.productboard.com/product-management-prompts-library/ux-metrics-framework/,2026-04-06,product-management-prompts-library,ux-metrics-framework,ux metrics framework,,content
productboard.com,https://www.productboard.com/product-management-prompts-library/product-town-hall-narrative/,2026-04-06,product-management-prompts-library,product-town-hall-narrative,product town hall narrative,,content
productboard.com,https://www.productboard.com/product-management-prompts-library/quick-moat-check/,2026-04-06,product-management-prompts-library,quick-moat-check,quick moat check,,content
productboard.com,https://www.productboard.com/product-management-prompts-library/metric-check-in/,2026-04-06,product-management-prompts-library,metric-check-in,metric check in,,content
productboard.com,https://www.productboard.com/product-management-prompts-library/technical-spec-reviewer/,2026-04-06,product-management-prompts-library,technical-spec-reviewer,technical spec reviewer,,content
productboard.com,https://www.productboard.com/product-management-prompts-library/strategic-pivot-evaluation/,2026-04-06,product-management-prompts-library,strategic-pivot-evaluation,strategic pivot evaluation,,content
productboard.com,https://www.productboard.com/product-management-prompts-library/positioning-in-5-minutes/,2026-04-06,product-management-prompts-library,positioning-in-5-minutes,positioning in 5 minutes,,content
productboard.com,https://www.productboard.com/product-management-prompts-library/error-state-library-builder/,2026-04-06,product-management-prompts-library,error-state-library-builder,error state library builder,,content
productboard.com,https://www.productboard.com/product-management-prompts-library/insight-to-opportunity-translation/,2026-04-06,product-management-prompts-library,insight-to-opportunity-translation,insight to opportunity translation,,content
productboard.com,https://www.productboard.com/product-management-prompts-library/jobs-to-be-done-opportunity-miner/,2026-04-06,product-management-prompts-library,jobs-to-be-done-opportunity-miner,jobs to be done opportunity miner,,content
productboard.com,https://www.productboard.com/product-management-prompts-library/engineering-capacity-conversation/,2026-04-06,product-management-prompts-library,engineering-capacity-conversation,engineering capacity conversation,,content
productboard.com,https://www.productboard.com/product-management-prompts-library/decision-log-template/,2026-04-06,product-management-prompts-library,decision-log-template,decision log template,,content
productboard.com,https://www.productboard.com/product-management-prompts-library/ux-debt-prioritizer/,2026-04-06,product-management-prompts-library,ux-debt-prioritizer,ux debt prioritizer,,content
productboard.com,https://www.productboard.com/product-management-prompts-library/api-design-review-for-pms/,2026-04-06,product-management-prompts-library,api-design-review-for-pms,api design review for pms,,content
productboard.com,https://www.productboard.com/product-management-prompts-library/incident-post-mortem-partner/,2026-04-06,product-management-prompts-library,incident-post-mortem-partner,incident post mortem partner,,content
productboard.com,https://www.productboard.com/product-management-prompts-library/stakeholder-update-memo/,2026-04-06,product-management-prompts-library,stakeholder-update-memo,stakeholder update memo,,content
productboard.com,https://www.productboard.com/product-management-prompts-library/pricing-and-packaging-refresh/,2026-04-06,product-management-prompts-library,pricing-and-packaging-refresh,pricing and packaging refresh,,content
productboard.com,https://www.productboard.com/product-management-prompts-library/pm-interview-prep-coach/,2026-04-06,product-management-prompts-library,pm-interview-prep-coach,pm interview prep coach,,content
productboard.com,https://www.productboard.com/product-management-prompts-library/research-question-generator/,2026-04-06,product-management-prompts-library,research-question-generator,research question generator,,content
productboard.com,https://www.productboard.com/product-management-prompts-library/weekly-pm-digest-builder/,2026-04-06,product-management-prompts-library,weekly-pm-digest-builder,weekly pm digest builder,,content
productboard.com,https://www.productboard.com/product-management-prompts-library/portfolio-strategy-review/,2026-04-06,product-management-prompts-library,portfolio-strategy-review,portfolio strategy review,,content
productboard.com,https://www.productboard.com/product-management-prompts-library/winloss-interview-guide/,2026-04-06,product-management-prompts-library,winloss-interview-guide,winloss interview guide,,content
productboard.com,https://www.productboard.com/product-management-prompts-library/meeting-audit-and-reduction-plan/,2026-04-06,product-management-prompts-library,meeting-audit-and-reduction-plan,meeting audit and reduction plan,,content
productboard.com,https://www.productboard.com/product-management-prompts-library/feature-discoverability-audit/,2026-04-06,product-management-prompts-library,feature-discoverability-audit,feature discoverability audit,,content
productboard.com,https://www.productboard.com/product-management-prompts-library/stakeholder-context-switching-toolkit/,2026-04-06,product-management-prompts-library,stakeholder-context-switching-toolkit,stakeholder context switching toolkit,,content
productboard.com,https://www.productboard.com/product-management-prompts-library/problem-reframing-workshop/,2026-04-06,product-management-prompts-library,problem-reframing-workshop,problem reframing workshop,,content
productboard.com,https://www.productboard.com/product-management-prompts-library/dependency-mapping/,2026-04-06,product-management-prompts-library,dependency-mapping,dependency mapping,,content
productboard.com,https://www.productboard.com/product-management-prompts-library/roadmap-communication-deck/,2026-04-06,product-management-prompts-library,roadmap-communication-deck,roadmap communication deck,,content
productboard.com,https://www.productboard.com/product-management-prompts-library/usability-test-plan/,2026-04-06,product-management-prompts-library,usability-test-plan,usability test plan,,content
productboard.com,https://www.productboard.com/product-management-prompts-library/process-documentation-generator/,2026-04-06,product-management-prompts-library,process-documentation-generator,process documentation generator,,content
productboard.com,https://www.productboard.com/product-management-prompts-library/discovery-research-plan/,2026-04-06,product-management-prompts-library,discovery-research-plan,discovery research plan,,content
productboard.com,https://www.productboard.com/product-management-prompts-library/prd-generator/,2026-04-06,product-management-prompts-library,prd-generator,prd generator,,content
productboard.com,https://www.productboard.com/product-management-prompts-library/data-story-generator/,2026-04-06,product-management-prompts-library,data-story-generator,data story generator,,content
productboard.com,https://www.productboard.com/product-management-prompts-library/leading-vs-lagging-indicator-map/,2026-04-06,product-management-prompts-library,leading-vs-lagging-indicator-map,leading vs lagging indicator map,,content
productboard.com,https://www.productboard.com/product-management-prompts-library/launch-communication-cascade/,2026-04-06,product-management-prompts-library,launch-communication-cascade,launch communication cascade,,content
productboard.com,https://www.productboard.com/product-management-prompts-library/pricing-sensitivity-analysis/,2026-04-06,product-management-prompts-library,pricing-sensitivity-analysis,pricing sensitivity analysis,,content
productboard.com,https://www.productboard.com/product-management-prompts-library/need-validation-framework/,2026-04-06,product-management-prompts-library,need-validation-framework,need validation framework,,content
productboard.com,https://www.productboard.com/product-management-prompts-library/pm-skill-gap-analysis/,2026-04-06,product-management-prompts-library,pm-skill-gap-analysis,pm skill gap analysis,,content
productboard.com,https://www.productboard.com/product-management-prompts-library/release-notes-writer/,2026-04-06,product-management-prompts-library,release-notes-writer,release notes writer,,content
productboard.com,https://www.productboard.com/product-management-prompts-library/competitive-response-playbook/,2026-04-06,product-management-prompts-library,competitive-response-playbook,competitive response playbook,,content
productboard.com,https://www.productboard.com/product-management-prompts-library/okr-setting-workshop/,2026-04-06,product-management-prompts-library,okr-setting-workshop,okr setting workshop,,content
productboard.com,https://www.productboard.com/product-management-prompts-library/customer-escalation-response/,2026-04-06,product-management-prompts-library,customer-escalation-response,customer escalation response,,content
productboard.com,https://www.productboard.com/product-management-prompts-library/ab-test-design-advisor/,2026-04-06,product-management-prompts-library,ab-test-design-advisor,ab test design advisor,,content
productboard.com,https://www.productboard.com/product-management-prompts-library/user-pain-point-synthesis/,2026-04-06,product-management-prompts-library,user-pain-point-synthesis,user pain point synthesis,,content
productboard.com,https://www.productboard.com/product-management-prompts-library/crazy-8s-speed-ideation/,2026-04-06,product-management-prompts-library,crazy-8s-speed-ideation,crazy 8s speed ideation,,content
productboard.com,https://www.productboard.com/product-management-prompts-library/lean-feature-brief/,2026-04-06,product-management-prompts-library,lean-feature-brief,lean feature brief,,content
productboard.com,https://www.productboard.com/product-management-prompts-library/problem-statement-generator/,2026-04-06,product-management-prompts-library,problem-statement-generator,problem statement generator,,content
productboard.com,https://www.productboard.com/product-management-prompts-library/icp-ideal-customer-profile-builder/,2026-04-06,product-management-prompts-library,icp-ideal-customer-profile-builder,icp ideal customer profile builder,,content
productboard.com,https://www.productboard.com/product-management-prompts-library/post-launch-review-template/,2026-04-06,product-management-prompts-library,post-launch-review-template,post launch review template,,content
productboard.com,https://www.productboard.com/product-management-prompts-library/market-entry-feasibility-assessment/,2026-04-06,product-management-prompts-library,market-entry-feasibility-assessment,market entry feasibility assessment,,content
productboard.com,https://www.productboard.com/product-management-prompts-library/user-story-writer/,2026-04-06,product-management-prompts-library,user-story-writer,user story writer,,content
productboard.com,https://www.productboard.com/product-management-prompts-library/feature-usage-deep-dive/,2026-04-06,product-management-prompts-library,feature-usage-deep-dive,feature usage deep dive,,content
productboard.com,https://www.productboard.com/product-management-prompts-library/sprint-planning-facilitator/,2026-04-06,product-management-prompts-library,sprint-planning-facilitator,sprint planning facilitator,,content
productboard.com,https://www.productboard.com/product-management-prompts-library/product-market-fit-diagnostic/,2026-04-06,product-management-prompts-library,product-market-fit-diagnostic,product market fit diagnostic,,content
productboard.com,https://www.productboard.com/product-management-prompts-library/discovery-sprint-planner/,2026-04-06,product-management-prompts-library,discovery-sprint-planner,discovery sprint planner,,content
productboard.com,https://www.productboard.com/product-management-prompts-library/pm-career-narrative-builder/,2026-04-06,product-management-prompts-library,pm-career-narrative-builder,pm career narrative builder,,content
productboard.com,https://www.productboard.com/product-management-prompts-library/competitive-moat-analysis/,2026-04-06,product-management-prompts-library,competitive-moat-analysis,competitive moat analysis,,content
productboard.com,https://www.productboard.com/product-management-prompts-library/launch-checklist-audit/,2026-04-06,product-management-prompts-library,launch-checklist-audit,launch checklist audit,,content
productboard.com,https://www.productboard.com/product-management-prompts-library/async-decision-brief/,2026-04-06,product-management-prompts-library,async-decision-brief,async decision brief,,content
productboard.com,https://www.productboard.com/product-management-prompts-library/stakeholder-conflict-resolution/,2026-04-06,product-management-prompts-library,stakeholder-conflict-resolution,stakeholder conflict resolution,,content
productboard.com,https://www.productboard.com/product-management-prompts-library/platform-vs-product-decision/,2026-04-06,product-management-prompts-library,platform-vs-product-decision,platform vs product decision,,content
productboard.com,https://www.productboard.com/product-management-prompts-library/product-review-presentation/,2026-04-06,product-management-prompts-library,product-review-presentation,product review presentation,,content
productboard.com,https://www.productboard.com/product-management-prompts-library/gut-check-prioritization/,2026-04-06,product-management-prompts-library,gut-check-prioritization,gut check prioritization,,content
productboard.com,https://www.productboard.com/product-management-prompts-library/prototype-hypothesis-builder/,2026-04-06,product-management-prompts-library,prototype-hypothesis-builder,prototype hypothesis builder,,content
productboard.com,https://www.productboard.com/product-management-prompts-library/jobs-to-be-done-interview-guide/,2026-04-06,product-management-prompts-library,jobs-to-be-done-interview-guide,jobs to be done interview guide,,content
productboard.com,https://www.productboard.com/product-management-prompts-library/analogy-based-innovation-workshop/,2026-04-06,product-management-prompts-library,analogy-based-innovation-workshop,analogy based innovation workshop,,content
productboard.com,https://www.productboard.com/product-management-prompts-library/incident-response-playbook/,2026-04-06,product-management-prompts-library,incident-response-playbook,incident response playbook,,content
productboard.com,https://www.productboard.com/product-management-prompts-library/engineering-alignment-memo/,2026-04-06,product-management-prompts-library,engineering-alignment-memo,engineering alignment memo,,content
productboard.com,https://www.productboard.com/product-management-prompts-library/launch-narrative-builder/,2026-04-06,product-management-prompts-library,launch-narrative-builder,launch narrative builder,,content
productboard.com,https://www.productboard.com/product-management-prompts-library/one-sentence-problem-statement/,2026-04-06,product-management-prompts-library,one-sentence-problem-statement,one sentence problem statement,,content
productboard.com,https://www.productboard.com/product-management-prompts-library/bug-triage-framework/,2026-04-06,product-management-prompts-library,bug-triage-framework,bug triage framework,,content
productboard.com,https://www.productboard.com/product-management-prompts-library/market-trend-signal-scanner/,2026-04-06,product-management-prompts-library,market-trend-signal-scanner,market trend signal scanner,,content
productboard.com,https://www.productboard.com/product-management-prompts-library/analytics-dashboard-design-for-pms/,2026-04-06,product-management-prompts-library,analytics-dashboard-design-for-pms,analytics dashboard design for pms,,content
productboard.com,https://www.productboard.com/product-management-prompts-library/positioning-statement-sharpener/,2026-04-06,product-management-prompts-library,positioning-statement-sharpener,positioning statement sharpener,,content
productboard.com,https://www.productboard.com/product-management-prompts-library/decision-fatigue-reducer/,2026-04-06,product-management-prompts-library,decision-fatigue-reducer,decision fatigue reducer,,content
productboard.com,https://www.productboard.com/product-management-prompts-library/competitive-moat-builder/,2026-04-06,product-management-prompts-library,competitive-moat-builder,competitive moat builder,,content
productboard.com,https://www.productboard.com/product-management-prompts-library/metric-tree-builder/,2026-04-06,product-management-prompts-library,metric-tree-builder,metric tree builder,,content
productboard.com,https://www.productboard.com/product-management-prompts-library/feature-brainstorm-facilitator/,2026-04-06,product-management-prompts-library,feature-brainstorm-facilitator,feature brainstorm facilitator,,content
productboard.com,https://www.productboard.com/product-management-prompts-library/opportunity-scoring-framework/,2026-04-06,product-management-prompts-library,opportunity-scoring-framework,opportunity scoring framework,,content
productboard.com,https://www.productboard.com/product-management-prompts-library/roadmap-sequencing-logic/,2026-04-06,product-management-prompts-library,roadmap-sequencing-logic,roadmap sequencing logic,,content
productboard.com,https://www.productboard.com/product-management-prompts-library/stakeholder-discovery-interview/,2026-04-06,product-management-prompts-library,stakeholder-discovery-interview,stakeholder discovery interview,,content
productboard.com,https://www.productboard.com/product-management-prompts-library/competitor-intelligence-brief/,2026-04-06,product-management-prompts-library,competitor-intelligence-brief,competitor intelligence brief,,content
productboard.com,https://www.productboard.com/product-management-prompts-library/assumption-inversion-generator/,2026-04-06,product-management-prompts-library,assumption-inversion-generator,assumption inversion generator,,content
productboard.com,https://www.productboard.com/product-management-prompts-library/build-effort-estimator/,2026-04-06,product-management-prompts-library,build-effort-estimator,build effort estimator,,content
productboard.com,https://www.productboard.com/product-management-prompts-library/user-onboarding-flow-designer/,2026-04-06,product-management-prompts-library,user-onboarding-flow-designer,user onboarding flow designer,,content
productboard.com,https://www.productboard.com/product-management-prompts-library/feedback-loop-designer/,2026-04-06,product-management-prompts-library,feedback-loop-designer,feedback loop designer,,content
productboard.com,https://www.productboard.com/product-management-prompts-library/competitive-pricing-strategy-analyzer/,2026-04-06,product-management-prompts-library,competitive-pricing-strategy-analyzer,competitive pricing strategy analyzer,,content
productboard.com,https://www.productboard.com/product-management-prompts-library/pm-onboarding-accelerator/,2026-04-06,product-management-prompts-library,pm-onboarding-accelerator,pm onboarding accelerator,,content
productboard.com,https://www.productboard.com/product-management-prompts-library/architecture-decision-support/,2026-04-06,product-management-prompts-library,architecture-decision-support,architecture decision support,,content
productboard.com,https://www.productboard.com/product-management-prompts-library/product-principles-document/,2026-04-06,product-management-prompts-library,product-principles-document,product principles document,,content
productboard.com,https://www.productboard.com/product-management-prompts-library/retrospective-summary-writer/,2026-04-06,product-management-prompts-library,retrospective-summary-writer,retrospective summary writer,,content
productboard.com,https://www.productboard.com/product-management-prompts-library/defensibility-assessment/,2026-04-06,product-management-prompts-library,defensibility-assessment,defensibility assessment,,content
productboard.com,https://www.productboard.com/product-management-prompts-library/build-vs-buy-vs-partner-analysis/,2026-04-06,product-management-prompts-library,build-vs-buy-vs-partner-analysis,build vs buy vs partner analysis,,content
productboard.com,https://www.productboard.com/product-management-prompts-library/sla-definition-workshop/,2026-04-06,product-management-prompts-library,sla-definition-workshop,sla definition workshop,,content
productboard.com,https://www.productboard.com/product-management-prompts-library/launch-readiness-checklist/,2026-04-06,product-management-prompts-library,launch-readiness-checklist,launch readiness checklist,,content
productboard.com,https://www.productboard.com/product-management-prompts-library/product-wiki-structure-designer/,2026-04-06,product-management-prompts-library,product-wiki-structure-designer,product wiki structure designer,,content
productboard.com,https://www.productboard.com/product-management-prompts-library/competitive-positioning-statement/,2026-04-06,product-management-prompts-library,competitive-positioning-statement,competitive positioning statement,,content
productboard.com,https://www.productboard.com/product-management-prompts-library/kickoff-brief-generator/,2026-04-06,product-management-prompts-library,kickoff-brief-generator,kickoff brief generator,,content
productboard.com,https://www.productboard.com/product-management-prompts-library/epic-breakdown-workshop/,2026-04-06,product-management-prompts-library,epic-breakdown-workshop,epic breakdown workshop,,content
productboard.com,https://www.productboard.com/product-management-prompts-library/gtm-calendar-builder/,2026-04-06,product-management-prompts-library,gtm-calendar-builder,gtm calendar builder,,content
productboard.com,https://www.productboard.com/product-management-prompts-library/10x-improvement-thought-experiment/,2026-04-06,product-management-prompts-library,10x-improvement-thought-experiment,10x improvement thought experiment,,content
productboard.com,https://www.productboard.com/product-management-prompts-library/user-journey-mapping/,2026-04-06,product-management-prompts-library,user-journey-mapping,user journey mapping,,content
productboard.com,https://www.productboard.com/product-management-prompts-library/funnel-analysis-diagnostic/,2026-04-06,product-management-prompts-library,funnel-analysis-diagnostic,funnel analysis diagnostic,,content
productboard.com,https://www.productboard.com/product-management-prompts-library/problem-space-explorer/,2026-04-06,product-management-prompts-library,problem-space-explorer,problem space explorer,,content
productboard.com,https://www.productboard.com/product-management-prompts-library/support-ticket-pattern-analyzer/,2026-04-06,product-management-prompts-library,support-ticket-pattern-analyzer,support ticket pattern analyzer,,content
productboard.com,https://www.productboard.com/product-management-prompts-library/cross-team-planning-sync/,2026-04-06,product-management-prompts-library,cross-team-planning-sync,cross team planning sync,,content
productboard.com,https://www.productboard.com/product-management-prompts-library/sales-enablement-kit/,2026-04-06,product-management-prompts-library,sales-enablement-kit,sales enablement kit,,content
productboard.com,https://www.productboard.com/product-management-prompts-library/accessibility-audit-framework/,2026-04-06,product-management-prompts-library,accessibility-audit-framework,accessibility audit framework,,content
productboard.com,https://www.productboard.com/product-management-prompts-library/cross-functional-raci-builder/,2026-04-06,product-management-prompts-library,cross-functional-raci-builder,cross functional raci builder,,content
productboard.com,https://www.productboard.com/product-management-prompts-library/product-vision-statement-generator/,2026-04-06,product-management-prompts-library,product-vision-statement-generator,product vision statement generator,,content
productboard.com,https://www.productboard.com/product-management-prompts-library/pm-performance-review-self-assessment/,2026-04-06,product-management-prompts-library,pm-performance-review-self-assessment,pm performance review self assessment,,content
productboard.com,https://www.productboard.com/product-management-prompts-library/risk-register-builder/,2026-04-06,product-management-prompts-library,risk-register-builder,risk register builder,,content
productboard.com,https://www.productboard.com/product-management-prompts-library/competitor-feature-gap-analyzer/,2026-04-06,product-management-prompts-library,competitor-feature-gap-analyzer,competitor feature gap analyzer,,content
productboard.com,https://www.productboard.com/product-management-prompts-library/capacity-planning-calculator/,2026-04-06,product-management-prompts-library,capacity-planning-calculator,capacity planning calculator,,content
productboard.com,https://www.productboard.com/product-management-prompts-library/assumption-mapping-workshop/,2026-04-06,product-management-prompts-library,assumption-mapping-workshop,assumption mapping workshop,,content
productboard.com,https://www.productboard.com/product-management-prompts-library/north-star-metric-selection/,2026-04-06,product-management-prompts-library,north-star-metric-selection,north star metric selection,,content
productboard.com,https://www.productboard.com/product-management-prompts-library/meeting-agenda-generator/,2026-04-06,product-management-prompts-library,meeting-agenda-generator,meeting agenda generator,,content
productboard.com,https://www.productboard.com/product-management-prompts-library/blue-ocean-opportunity-scanner/,2026-04-06,product-management-prompts-library,blue-ocean-opportunity-scanner,blue ocean opportunity scanner,,content
productboard.com,https://www.productboard.com/product-management-prompts-library/one-pager-generator/,2026-04-06,product-management-prompts-library,one-pager-generator,one pager generator,,content
productboard.com,https://www.productboard.com/blog/category/ai-product-management/,2026-03-19,blog,ai-product-management,ai product management,,noncontent
productboard.com,https://www.productboard.com/blog/category/spark/,2026-03-19,blog,spark,spark,,noncontent
productboard.com,https://www.productboard.com/blog/category/engineering/,2025-01-21,blog,engineering,engineering,,noncontent
productboard.com,https://www.productboard.com/resources/thought-leadership/,2025-01-13,resources,thought-leadership,thought leadership,,content
productboard.com,https://www.productboard.com/resources/productboard-ai/,2025-01-13,resources,productboard-ai,productboard ai,,content
productboard.com,https://www.productboard.com/resources/product-updates/,2025-01-13,resources,product-updates,product updates,,content
productboard.com,https://www.productboard.com/resources/product-excellence/,2025-01-13,resources,product-excellence,product excellence,,content
productboard.com,https://www.productboard.com/resources/pm-best-practices/,2025-01-13,resources,pm-best-practices,pm best practices,,content
productboard.com,https://www.productboard.com/resources/company/,2025-01-13,resources,company,company,,content
