name,url,domain,source_list,source_section,description,license,also_in,list_count
Figma,https://www.figma.com,figma.com,dend/awesome-product-management,Tools > Design & Prototyping,"A better way to design. Design, prototype, and collaborate all in the browser—with Figma.",CC0-1.0,ProductHired/open-product-management;bradtraversy/design-resources-for-developers;gztchan/awesome-design;LisaDziuba/Awesome-Design-Tools;batoreh/awesome-ux,6
Taskade,https://www.taskade.com,taskade.com,dend/awesome-product-management,Tools > Task & Project Management,"Get work done with collaborative task lists, notes and video chat. Taskade is beautifully designed for remote teams.",CC0-1.0,gztchan/awesome-design;LisaDziuba/Awesome-Design-Tools;ttt30ga/awesome-product-design;domenicosolazzo/awesome-okr,5
Adobe XD,https://www.adobe.com/tr/products/xd.html,adobe.com,ProductHired/open-product-management,Design,An end-to-end free solution for designing & prototyping,none stated,bradtraversy/design-resources-for-developers;gztchan/awesome-design;LisaDziuba/Awesome-Design-Tools,4
Color Hunt,https://colorhunt.co/,colorhunt.co,bradtraversy/design-resources-for-developers,Colors,A free and open platform for color inspiration with thousands of trendy hand-picked color palettes,MIT,gztchan/awesome-design;LisaDziuba/Awesome-Design-Tools;ttt30ga/awesome-product-design,4
Coolors,https://coolors.co,coolors.co,bradtraversy/design-resources-for-developers,Colors,Create the perfect palette or get inspired by thousands of beautiful color schemes,MIT,gztchan/awesome-design;LisaDziuba/Awesome-Design-Tools;ttt30ga/awesome-product-design,4
Font Squirrel,https://www.fontsquirrel.com/,fontsquirrel.com,bradtraversy/design-resources-for-developers,Fonts,"Font Squirrel scours the internet for high quality, legitimately free fonts",MIT,gztchan/awesome-design;LisaDziuba/Awesome-Design-Tools;ttt30ga/awesome-product-design,4
Iconfinder,https://www.iconfinder.com/,iconfinder.com,bradtraversy/design-resources-for-developers,Icons,"Free and premium vector icons in SVG, PNG, CSH and AI format",MIT,gztchan/awesome-design;LisaDziuba/Awesome-Design-Tools;ttt30ga/awesome-product-design,4
Iconmonstr,https://iconmonstr.com/,iconmonstr.com,bradtraversy/design-resources-for-developers,Icons,Discover 4496+ free icons in 313 collections,MIT,gztchan/awesome-design;LisaDziuba/Awesome-Design-Tools;ttt30ga/awesome-product-design,4
Pexels,https://www.pexels.com/,pexels.com,bradtraversy/design-resources-for-developers,Stock Photos,Free stock photos shared by talented creators,MIT,gztchan/awesome-design;LisaDziuba/Awesome-Design-Tools;ttt30ga/awesome-product-design,4
Sketch,https://www.sketchapp.com/,sketchapp.com,dend/awesome-product-management,Tools > Design & Prototyping,"Mocking and prototyping made efficient. Offers many downloadable components that can help one create high-fidelity designs for websites, apps and other experiences.",CC0-1.0,gztchan/awesome-design;LisaDziuba/Awesome-Design-Tools;batoreh/awesome-ux,4
Unsplash,https://unsplash.com/,unsplash.com,bradtraversy/design-resources-for-developers,Stock Photos,stock photos free to use,MIT,gztchan/awesome-design;LisaDziuba/Awesome-Design-Tools;ttt30ga/awesome-product-design,4
UXPin,https://www.uxpin.com/,uxpin.com,gztchan/awesome-design,Prototyping,High fidelity animated prototypes created in minutes,CC0-1.0 (stated in README),LisaDziuba/Awesome-Design-Tools;ttt30ga/awesome-product-design;batoreh/awesome-ux,4
AllTheFreeStock,https://allthefreestock.com/,allthefreestock.com,bradtraversy/design-resources-for-developers,Stock Photos,"Get all the Free Stock Images, Videos, Music and Icons in one location",MIT,gztchan/awesome-design;ttt30ga/awesome-product-design,3
Ant Design,https://ant.design/,ant.design,bradtraversy/design-resources-for-developers,React UI Libraries,Open source design React UI library,MIT,gztchan/awesome-design;ttt30ga/awesome-product-design,3
Behance,https://www.behance.net/,behance.net,bradtraversy/design-resources-for-developers,Design Inspiration,Design projects featured by different creators,MIT,gztchan/awesome-design;LisaDziuba/Awesome-Design-Tools,3
BrandColors,http://brandcolors.net/,brandcolors.net,bradtraversy/design-resources-for-developers,Colors,The biggest collection of official brand color codes,MIT,gztchan/awesome-design;LisaDziuba/Awesome-Design-Tools,3
Calltoidea,https://www.calltoidea.com/,calltoidea.com,bradtraversy/design-resources-for-developers,Design Inspiration,Collection of different web Components for inspiration,MIT,gztchan/awesome-design;ttt30ga/awesome-product-design,3
Colorable,https://colorable.jxnblk.com/,colorable.jxnblk.com,bradtraversy/design-resources-for-developers,Colors,Color combination contrast tester,MIT,gztchan/awesome-design;LisaDziuba/Awesome-Design-Tools,3
Device Shots,https://deviceshots.com/,deviceshots.com,bradtraversy/design-resources-for-developers,Product & Image Mockups,"Create high-resolution device mockups for social media, for free",MIT,gztchan/awesome-design;LisaDziuba/Awesome-Design-Tools,3
Dribbble,https://dribbble.com/,dribbble.com,bradtraversy/design-resources-for-developers,Design Inspiration,Design projects featured by different creators,MIT,gztchan/awesome-design;LisaDziuba/Awesome-Design-Tools,3
Flat Icon,https://www.flaticon.com/,flaticon.com,bradtraversy/design-resources-for-developers,Icons,"The largest database of free icons in PNG, SVG, EPS, PSD and BASE 64 formats",MIT,gztchan/awesome-design;LisaDziuba/Awesome-Design-Tools,3
Flinto,https://www.flinto.com/,flinto.com,gztchan/awesome-design,Prototyping,App prototyping tools for designers,CC0-1.0 (stated in README),LisaDziuba/Awesome-Design-Tools;ttt30ga/awesome-product-design,3
Font Fabric,https://www.fontfabric.com/free-fonts/,fontfabric.com,bradtraversy/design-resources-for-developers,Fonts,A digital type foundry crafting retail fonts and custom typography for various brands,MIT,LisaDziuba/Awesome-Design-Tools;ttt30ga/awesome-product-design,3
Google Fonts,https://fonts.google.com/,fonts.google.com,bradtraversy/design-resources-for-developers,Fonts,Library of around 1000 free licensed font families,MIT,gztchan/awesome-design;LisaDziuba/Awesome-Design-Tools,3
FoodiesFeed,https://www.foodiesfeed.com/,foodiesfeed.com,bradtraversy/design-resources-for-developers,Stock Photos,Food photo stock,MIT,gztchan/awesome-design;LisaDziuba/Awesome-Design-Tools,3
Framer,https://www.framer.com/,framer.com,bradtraversy/design-resources-for-developers,Online Design Tools,Is prototyping tool for teams,MIT,ttt30ga/awesome-product-design;batoreh/awesome-ux,3
FullStory,https://www.fullstory.com/,fullstory.com,LisaDziuba/Awesome-Design-Tools,Experience Monitoring,"an app that captures all your customer experience data in one powerful, easy-to-use platform",MIT,ttt30ga/awesome-product-design;samber/awesome-user-research,3
gradienta,https://gradienta.io/,gradienta.io,bradtraversy/design-resources-for-developers,Colors,A pure css and jpg gradients,MIT,gztchan/awesome-design;LisaDziuba/Awesome-Design-Tools,3
Gratisography,https://gratisography.com/,gratisography.com,bradtraversy/design-resources-for-developers,Stock Photos,Free collection of free high-resolution pictures,MIT,gztchan/awesome-design;LisaDziuba/Awesome-Design-Tools,3
HotJar,https://www.hotjar.com/,hotjar.com,gztchan/awesome-design,User Testing,"Includes screen recordings, heatmapping, form and funnel analysis and user feedback polls & surveys",CC0-1.0 (stated in README),LisaDziuba/Awesome-Design-Tools;samber/awesome-user-research,3
Httpster,https://httpster.net/2020/apr/,httpster.net,bradtraversy/design-resources-for-developers,Design Inspiration,Showcases websites made by people from all over the world,MIT,gztchan/awesome-design;LisaDziuba/Awesome-Design-Tools,3
Icons8,https://icons8.com/,icons8.com,bradtraversy/design-resources-for-developers,Icons,"Free icons, photos, vectors and tools",MIT,gztchan/awesome-design;LisaDziuba/Awesome-Design-Tools,3
IconStore,http://iconstore.co/,iconstore.co,ProductHired/open-product-management,Design,Free icon packs by first-class designers,none stated,gztchan/awesome-design;LisaDziuba/Awesome-Design-Tools,3
Inkscape,https://inkscape.org/,inkscape.org,bradtraversy/design-resources-for-developers,Downloadable Design Software,Powerful free design tool,MIT,gztchan/awesome-design;LisaDziuba/Awesome-Design-Tools,3
InVision,https://www.invisionapp.com/,invisionapp.com,gztchan/awesome-design,Prototyping,"The world's leading prototyping, collaboration & workflow platform",CC0-1.0 (stated in README),LisaDziuba/Awesome-Design-Tools;ttt30ga/awesome-product-design,3
Life of Pix,https://www.lifeofpix.com/,lifeofpix.com,bradtraversy/design-resources-for-developers,Stock Photos,Free high-resolution photography,MIT,gztchan/awesome-design;LisaDziuba/Awesome-Design-Tools,3
Magdeleine,https://magdeleine.co/,magdeleine.co,bradtraversy/design-resources-for-developers,Stock Photos,Gallery & free high-resolution photo everyday,MIT,gztchan/awesome-design;LisaDziuba/Awesome-Design-Tools,3
Material Design Icons,https://materialdesignicons.com/,materialdesignicons.com,bradtraversy/design-resources-for-developers,Icons,"An icon collection allowing designers and developers targeting various platforms to download icons in the format, color and size they need for any project",MIT,gztchan/awesome-design;LisaDziuba/Awesome-Design-Tools,3
Mockup World,https://www.mockupworld.co/,mockupworld.co,bradtraversy/design-resources-for-developers,Product & Image Mockups,The biggest source of free photo-realistic Mockups online,MIT,gztchan/awesome-design;LisaDziuba/Awesome-Design-Tools,3
Onepagelove,https://onepagelove.com/,onepagelove.com,bradtraversy/design-resources-for-developers,HTML & CSS Templates,"One-page websites, templates and resources",MIT,gztchan/awesome-design;LisaDziuba/Awesome-Design-Tools,3
Paletton,https://paletton.com/,paletton.com,bradtraversy/design-resources-for-developers,Colors,Paletton.com is a designer color tool designed for creating color combinations that work together well,MIT,gztchan/awesome-design;LisaDziuba/Awesome-Design-Tools,3
Pic Jumbo,https://picjumbo.com/,picjumbo.com,bradtraversy/design-resources-for-developers,Stock Photos,Good collections of different types of photos,MIT,gztchan/awesome-design;LisaDziuba/Awesome-Design-Tools,3
Pixabay,https://pixabay.com/,pixabay.com,bradtraversy/design-resources-for-developers,Stock Photos,Over 1.7 million+ high-quality stock images and videos,MIT,gztchan/awesome-design;LisaDziuba/Awesome-Design-Tools,3
Protopie,https://www.protopie.io/,protopie.io,gztchan/awesome-design,Prototyping,"Interactive prototypes with simple triggers, connects to phone features like vibration, proximity, and camera",CC0-1.0 (stated in README),LisaDziuba/Awesome-Design-Tools;ttt30ga/awesome-product-design,3
Pttrns,https://pttrns.com/,pttrns.com,gztchan/awesome-design,Read and Digest,design patterns for popular mobile apps,CC0-1.0 (stated in README),LisaDziuba/Awesome-Design-Tools;ttt30ga/awesome-product-design,3
Simple Icons,https://simpleicons.org/,simpleicons.org,bradtraversy/design-resources-for-developers,Icons,1307 Free SVG icons for popular brands,MIT,gztchan/awesome-design;LisaDziuba/Awesome-Design-Tools,3
Smashing Magazine,https://www.smashingmagazine.com/,smashingmagazine.com,gztchan/awesome-design,Read and Digest,"founded in September 2006 in Germany, Smashing Magazine delivers reliable, useful, but most importantly practical articles to web designers and developers. 🌟",CC0-1.0 (stated in README),ttt30ga/awesome-product-design;batoreh/awesome-ux,3
The Noun Project,https://thenounproject.com/,thenounproject.com,bradtraversy/design-resources-for-developers,Icons,"Over 2 Million curated icons, created by a global community",MIT,gztchan/awesome-design;ttt30ga/awesome-product-design,3
Trello,https://trello.com/,trello.com,dend/awesome-product-management,Tools > Task & Project Management,"A visual project and task management tool based on Kanban boards. Suitable for lightweight workflows and collaborative product planning. Offers integrations with Slack, Jira, GitHub, and more.",CC0-1.0,ProductHired/open-product-management;LisaDziuba/Awesome-Design-Tools,3
UI Gradients,https://uigradients.com/,uigradients.com,bradtraversy/design-resources-for-developers,Colors,UI gradients color generator,MIT,gztchan/awesome-design;LisaDziuba/Awesome-Design-Tools,3
UserTesting,https://www.usertesting.com/,usertesting.com,gztchan/awesome-design,User Testing,Get videos of real people speaking their thoughts as they use your website or mobile app. Go beyond analytics and understand why users do what they do,CC0-1.0 (stated in README),ttt30ga/awesome-product-design;samber/awesome-user-research,3
UXBooth,http://www.uxbooth.com/,uxbooth.com,gztchan/awesome-design,Read and Digest,is a publication by and for the user experience community,CC0-1.0 (stated in README),ttt30ga/awesome-product-design;batoreh/awesome-ux,3
UX Movement,http://uxmovement.com/,uxmovement.com,gztchan/awesome-design,Read and Digest,shows you which way gives the best user experience,CC0-1.0 (stated in README),ttt30ga/awesome-product-design;batoreh/awesome-ux,3
Web Gradients,https://webgradients.com/,webgradients.com,bradtraversy/design-resources-for-developers,Colors,A free website to find good CSS gradients,MIT,gztchan/awesome-design;LisaDziuba/Awesome-Design-Tools,3
52 Weeks of UX,https://52weeksofux.com/,52weeksofux.com,ttt30ga/awesome-product-design,UX > Articles,Discourse on the process of designing for real people,CC0-1.0,batoreh/awesome-ux,2
A11ygator,https://a11ygator.chialab.io/,a11ygator.chialab.io,bradtraversy/design-resources-for-developers,Others,A web tool to scan websites against WCAG rules,MIT,LisaDziuba/Awesome-Design-Tools,2
Abduzeedo,http://abduzeedo.com/,abduzeedo.com,gztchan/awesome-design,Read and Digest,"Abduzeedo is a collective of individual writers sharing articles about architecture, design, photography and UX",CC0-1.0 (stated in README),batoreh/awesome-ux,2
Absurd.design,https://absurd.design/,absurd.design,bradtraversy/design-resources-for-developers,UI Graphics,Free surrealist illustrations for designers and developers,MIT,LisaDziuba/Awesome-Design-Tools,2
Affinity Designer,https://affinity.serif.com/en-gb/designer/,affinity.serif.com,gztchan/awesome-design,Toolkit,Professional graphic design software for Mac,CC0-1.0 (stated in README),LisaDziuba/Awesome-Design-Tools,2
Reflector,http://www.airsquirrels.com/reflector/,airsquirrels.com,gztchan/awesome-design,User Testing,Wireless mirroring and streaming receiver,CC0-1.0 (stated in README),LisaDziuba/Awesome-Design-Tools,2
Airtable,https://airtable.com,airtable.com,ProductHired/open-product-management,Team Management,"Spreadsheet, meet database",none stated,LisaDziuba/Awesome-Design-Tools,2
A List Apart,https://alistapart.com/,alistapart.com,gztchan/awesome-design,Read and Digest,"has been discussing design, development and meaning of web content since 1997 and remains a great resource for designers and programmers alike",CC0-1.0 (stated in README),ttt30ga/awesome-product-design,2
Hooked: How to build habit forming products,http://www.amazon.com/Hooked-How-Build-Habit-Forming-Products-ebook/dp/B00HJ4A43S,amazon.com,ProductHired/open-product-management,Books > Startups,Nir Eyal,none stated,bekatom/awesome-growth-hacking,2
Amplitude,https://amplitude.com/,amplitude.com,LisaDziuba/Awesome-Design-Tools,Experience Monitoring,"understand your users, rapidly release better product experiences, and grow your business",MIT,samber/awesome-user-research,2
Google Analytics,https://analytics.google.com/analytics/web/,analytics.google.com,LisaDziuba/Awesome-Design-Tools,Experience Monitoring,measure your advertising ROI and track your sites and applications,MIT,samber/awesome-user-research,2
Keynote,https://www.apple.com/keynote/,apple.com,ProductHired/open-product-management,Team Management,Make awesome presentations quickly,none stated,LisaDziuba/Awesome-Design-Tools,2
Awwwards,https://www.awwwards.com/,awwwards.com,bradtraversy/design-resources-for-developers,Design Inspiration,A website that rate and collects the best websites in the world in UI,MIT,gztchan/awesome-design,2
Balsamiq,https://balsamiq.com/,balsamiq.com,dend/awesome-product-management,Tools > Design & Prototyping,Wireframing tool that allows building mocks without a strong focus on details. Extremely useful for situations where you don't want others to over-index on pixels and instead focus on the content.,CC0-1.0,ProductHired/open-product-management,2
Befonts,https://befonts.com/,befonts.com,bradtraversy/design-resources-for-developers,Fonts,High quality fonts for free,MIT,LisaDziuba/Awesome-Design-Tools,2
Bensound,https://www.bensound.com/,bensound.com,bradtraversy/design-resources-for-developers,Stock Music & Sound Effects,Download Royalty Free Music for free and use it in your project,MIT,LisaDziuba/Awesome-Design-Tools,2
The Black Box of Product Management,https://blackboxofpm.com/the-black-box-of-product-management-3feb65db6ddb,blackboxofpm.com,dend/awesome-product-management,Articles > Product Fundamentals & Philosophy,By Brandon Chu,CC0-1.0,ProductHired/open-product-management,2
Blender,https://www.blender.org/download/,blender.org,bradtraversy/design-resources-for-developers,Downloadable Design Software,"Open source, free animation, 3D modeling, etc",MIT,LisaDziuba/Awesome-Design-Tools,2
Blobmaker,https://www.blobmaker.app/,blobmaker.app,bradtraversy/design-resources-for-developers,Online Design Tools,"Blobmaker is a free generative design tool, to help you quickly create random, unique, and organic-looking SVG shapes",MIT,LisaDziuba/Awesome-Design-Tools,2
Blush,https://blush.design/,blush.design,bradtraversy/design-resources-for-developers,UI Graphics,Free customizable illustrations with Figma Plugin,MIT,LisaDziuba/Awesome-Design-Tools,2
Bootstrap Studio,https://bootstrapstudio.io/,bootstrapstudio.io,gztchan/awesome-design,Prototyping,A powerful desktop app for creating responsive websites using the Bootstrap framework,CC0-1.0 (stated in README),LisaDziuba/Awesome-Design-Tools,2
Burst,https://burst.shopify.com/,burst.shopify.com,bradtraversy/design-resources-for-developers,Stock Photos,Free stock photos collections,MIT,LisaDziuba/Awesome-Design-Tools,2
Canva,https://www.canva.com/,canva.com,bradtraversy/design-resources-for-developers,Online Design Tools,Create beautiful designs (Free & Paid),MIT,LisaDziuba/Awesome-Design-Tools,2
Chakra UI,https://chakra-ui.com/,chakra-ui.com,bradtraversy/design-resources-for-developers,React UI Libraries,Build accessible React apps & websites with speed. Openchakra,MIT,alexpate/awesome-design-systems,2
Clarity,https://clarity.design/,clarity.design,bradtraversy/design-resources-for-developers,Angular UI Libraries,CSS based Angular UI framework developed by VMware group,MIT,gztchan/awesome-design,2
Clean Mock,https://cleanmock.com/,cleanmock.com,bradtraversy/design-resources-for-developers,Product & Image Mockups,"Create stunning mockups using latest device frames like iPhone X & custom backgrounds that make your mobile or website design standout, right from your browser quickly & for free",MIT,LisaDziuba/Awesome-Design-Tools,2
CodeMyUI,https://codemyui.com/,codemyui.com,gztchan/awesome-design,Read and Digest,Web Design & UI Inspiration with Code Snippets,CC0-1.0 (stated in README),LisaDziuba/Awesome-Design-Tools,2
Collab Shot,https://www.collabshot.com/,collabshot.com,bradtraversy/design-resources-for-developers,Product & Image Mockups,Real-time screen grabs and image sharing,MIT,LisaDziuba/Awesome-Design-Tools,2
Collect UI,http://collectui.com/,collectui.com,bradtraversy/design-resources-for-developers,Design Inspiration,"Daily inspiration collected from daily ui archive and beyond. Handpicked, and updating daily",MIT,LisaDziuba/Awesome-Design-Tools,2
ColorBox,https://www.colorbox.io,colorbox.io,bradtraversy/design-resources-for-developers,Colors,A free website to produce color set,MIT,LisaDziuba/Awesome-Design-Tools,2
Color Hex Picker,https://colorhexpicker.com,colorhexpicker.com,bradtraversy/design-resources-for-developers,Colors,Tool to get hex code along with name of the color,MIT,LisaDziuba/Awesome-Design-Tools,2
Colors & Fonts,https://www.colorsandfonts.com/,colorsandfonts.com,bradtraversy/design-resources-for-developers,Colors,"A curated library of colors, fonts and resources",MIT,LisaDziuba/Awesome-Design-Tools,2
ColorsWall,https://colorswall.com/,colorswall.com,bradtraversy/design-resources-for-developers,Colors,Place to store your color palettes and generate palette in one click,MIT,LisaDziuba/Awesome-Design-Tools,2
CoreUI Icons,http://coreui.io/icons/,coreui.io,gztchan/awesome-design,Icon and Logo,"Premium designed free icon set with marks in SVG, Webfont and raster formats",CC0-1.0 (stated in README),LisaDziuba/Awesome-Design-Tools,2
Coverr,http://www.coverr.co/,coverr.co,ProductHired/open-product-management,Design,"Beautiful, free videos for your homepage background",none stated,LisaDziuba/Awesome-Design-Tools,2
CrazyEgg,https://www.crazyegg.com/,crazyegg.com,gztchan/awesome-design,User Testing,Heatmapping software,CC0-1.0 (stated in README),bekatom/awesome-growth-hacking,2
CSS gradient,https://cssgradient.io/,cssgradient.io,bradtraversy/design-resources-for-developers,Colors,A free website to make custom gradient and some examples of gradient,MIT,LisaDziuba/Awesome-Design-Tools,2
DaFont,https://www.dafont.com/,dafont.com,bradtraversy/design-resources-for-developers,Fonts,Archive of freely downloadable fonts,MIT,LisaDziuba/Awesome-Design-Tools,2
daisyUI,https://daisyui.com/,daisyui.com,bradtraversy/design-resources-for-developers,UI Components & Kits,Tailwind CSS Components,MIT,alexpate/awesome-design-systems,2
Death to Stock,http://deathtothestockphoto.com/,deathtothestockphoto.com,gztchan/awesome-design,Stock,"paid-for stock photo service with a mailing list for occasional free packs, and a focus on not looking like stock photography",CC0-1.0 (stated in README),LisaDziuba/Awesome-Design-Tools,2
How to build great products,https://www.defmacro.org/2013/09/26/products.html,defmacro.org,dend/awesome-product-management,Articles > Product Fundamentals & Philosophy,By Slava Akhmechet,CC0-1.0,ProductHired/open-product-management,2
Pluralsight Design System,https://design-system.pluralsight.com/,design-system.pluralsight.com,bradtraversy/design-resources-for-developers,Design Systems & Style Guides,Design guide with components for designing with Pluralsight,MIT,alexpate/awesome-design-systems,2
Google Design,https://design.google.com/,design.google.com,gztchan/awesome-design,Read and Digest,"is a cooperative effort led by a group of designers, writers, and developers at Google. 🌟",CC0-1.0 (stated in README),ttt30ga/awesome-product-design,2
Design+code,https://designcode.io/,designcode.io,ProductHired/open-product-management,Development,Learn design with courses,none stated,LisaDziuba/Awesome-Design-Tools,2
Designer Mill,https://www.designermill.com/,designermill.com,ProductHired/open-product-management,Design,Collection of free design resources,none stated,gztchan/awesome-design,2
designmodo,https://designmodo.com/inspiration/,designmodo.com,gztchan/awesome-design,Read and Digest,"provides articles, tutorials and industry news about trends and techniques",CC0-1.0 (stated in README),batoreh/awesome-ux,2
DeviantArt,https://www.deviantart.com/,deviantart.com,bradtraversy/design-resources-for-developers,Design Inspiration,Access to 370 million pieces of art for inspiration,MIT,gztchan/awesome-design,2
Draw.io,https://www.draw.io/,draw.io,bradtraversy/design-resources-for-developers,Online Design Tools,Free online diagram editor tool,MIT,LisaDziuba/Awesome-Design-Tools,2
Duotone,https://duotone.shapefactory.co/,duotone.shapefactory.co,bradtraversy/design-resources-for-developers,Colors,"Find beautiful free duotone images to use in any project, or make custom duotone images by uploading your own image and applying a duotone effect in seconds",MIT,LisaDziuba/Awesome-Design-Tools,2
Excalidraw,https://excalidraw.com/,excalidraw.com,bradtraversy/design-resources-for-developers,Online Design Tools,Virtual whiteboard for sketching hand-drawn like diagrams,MIT,LisaDziuba/Awesome-Design-Tools,2
Facebook Devices,https://facebook.design/devices,facebook.design,bradtraversy/design-resources-for-developers,Product & Image Mockups,Images and Sketch files of popular devices,MIT,gztchan/awesome-design,2
Feather Icons,https://feathericons.com/,feathericons.com,bradtraversy/design-resources-for-developers,Icons,"Beautiful, customizable open source icons",MIT,LisaDziuba/Awesome-Design-Tools,2
Font Awesome,https://fontawesome.com/,fontawesome.com,bradtraversy/design-resources-for-developers,Icon Fonts,The web's most popular icon set and toolkit,MIT,LisaDziuba/Awesome-Design-Tools,2
Fontello,http://fontello.com/,fontello.com,bradtraversy/design-resources-for-developers,Icon Fonts,200+ web icons where you can customize the names or codes of icons,MIT,LisaDziuba/Awesome-Design-Tools,2
FontGet,https://www.fontget.com/,fontget.com,bradtraversy/design-resources-for-developers,Fonts,Has a variety of fonts available to download and sorted neatly with tags,MIT,LisaDziuba/Awesome-Design-Tools,2
FontPair,https://fontpair.co/,fontpair.co,bradtraversy/design-resources-for-developers,Fonts,a simple tool that helps you pair Google Fonts together,MIT,LisaDziuba/Awesome-Design-Tools,2
Fonts Arena,https://fontsarena.com/,fontsarena.com,bradtraversy/design-resources-for-developers,Fonts,Free curated fonts,MIT,LisaDziuba/Awesome-Design-Tools,2
Framer X,https://framer.com/,framer.com,gztchan/awesome-design,Toolkit,"Design tool for creating interactive designs, interfaces and animations",CC0-1.0 (stated in README),LisaDziuba/Awesome-Design-Tools,2
Freebiesbug,https://freebiesbug.com/,freebiesbug.com,bradtraversy/design-resources-for-developers,UI Graphics,"Hand-picked resources for web designers and developers, constantly updated",MIT,gztchan/awesome-design,2
Freepik,https://www.freepik.com,freepik.com,bradtraversy/design-resources-for-developers,Vectors & Clip Art,"Free vectors, stock photos, PSD and icons",MIT,LisaDziuba/Awesome-Design-Tools,2
Freesound,https://freesound.org/,freesound.org,bradtraversy/design-resources-for-developers,Stock Music & Sound Effects,Free stock music and sounds,MIT,LisaDziuba/Awesome-Design-Tools,2
Froala Design Blocks,https://froala.com/design-blocks,froala.com,bradtraversy/design-resources-for-developers,UI Components & Kits,Over 170 responsive design blocks ready to be used in your web or mobile apps,MIT,gztchan/awesome-design,2
Foundation,https://get.foundation/,get.foundation,bradtraversy/design-resources-for-developers,CSS Frameworks,Mobile first framework with clean markup,MIT,alexpate/awesome-design-systems,2
Iconjar,https://geticonjar.com/,geticonjar.com,gztchan/awesome-design,Toolkit,"Organize, search and use icons the easy way",CC0-1.0 (stated in README),LisaDziuba/Awesome-Design-Tools,2
Gimp,https://www.gimp.org/,gimp.org,bradtraversy/design-resources-for-developers,Downloadable Design Software,Free & open source image editor similar to Photoshop,MIT,LisaDziuba/Awesome-Design-Tools,2
Google Webfonts Helper,https://google-webfonts-helper.herokuapp.com/fonts,google-webfonts-helper.herokuapp.com,bradtraversy/design-resources-for-developers,Fonts,A Hassle-Free Way to Self-Host Google Fonts,MIT,LisaDziuba/Awesome-Design-Tools,2
Grabient,https://www.grabient.com/,grabient.com,bradtraversy/design-resources-for-developers,Colors,Gradient Selector,MIT,LisaDziuba/Awesome-Design-Tools,2
Gradient Hunt,https://gradienthunt.com/,gradienthunt.com,bradtraversy/design-resources-for-developers,Colors,A free and open platform for gradient inspiration with thousands of trendy hand-picked color gradients,MIT,LisaDziuba/Awesome-Design-Tools,2
Graphic Burger,https://graphicburger.com/,graphicburger.com,bradtraversy/design-resources-for-developers,Design Inspiration,"A site offering a free and pain icons, mock-ups, Ui-Kits, text effect and backgrounds. This site's resource are a mix of free and paid resources. Icons is on a mix of PNG, SVG, EPS and Sketch Format. Some resources are confusing as there are sponsored content in the middle of the free sets",MIT,batoreh/awesome-ux,2
HTML Color Codes,https://htmlcolorcodes.com/,htmlcolorcodes.com,bradtraversy/design-resources-for-developers,Colors,"Get HTML color codes, Hex color codes, RGB and HSL values with our color picker, color chart and HTML color names",MIT,gztchan/awesome-design,2
Humaaans,https://www.humaaans.com/,humaaans.com,bradtraversy/design-resources-for-developers,UI Graphics,Cool illustrations of people with the ability to mix and match,MIT,LisaDziuba/Awesome-Design-Tools,2
Lunacy,https://icons8.com/lunacy,icons8.com,bradtraversy/design-resources-for-developers,Product & Image Mockups,Create mockups from scratch for free,MIT,LisaDziuba/Awesome-Design-Tools,2
Iconscout,https://iconscout.com/,iconscout.com,bradtraversy/design-resources-for-developers,Icons,Free Download Icons illustrations stock photos at one place,MIT,LisaDziuba/Awesome-Design-Tools,2
Unicons,https://iconscout.com/unicons,iconscout.com,bradtraversy/design-resources-for-developers,Icon Fonts,"A set of 1100+ Free line style icons available as web font, SVG icons, and as components for JS frameworks like React, Vue and React Native",MIT,LisaDziuba/Awesome-Design-Tools,2
Ikonate,https://ikonate.com/,ikonate.com,bradtraversy/design-resources-for-developers,Icons,Fully customizable & accessible vector icons,MIT,LisaDziuba/Awesome-Design-Tools,2
Image Color Picker,https://image-color.com/,image-color.com,bradtraversy/design-resources-for-developers,Colors,Image color picker and palette generator,MIT,LisaDziuba/Awesome-Design-Tools,2
Inspectlet,https://www.inspectlet.com/,inspectlet.com,gztchan/awesome-design,User Testing,"Captures user actions and browsing, generates heatmaps, records with a realtime timeline",CC0-1.0 (stated in README),LisaDziuba/Awesome-Design-Tools,2
InvisionApp,https://www.invisionapp.com/inside-design/design-resources/,invisionapp.com,bradtraversy/design-resources-for-developers,UI Graphics,"Library of free, high-quality UI kits, icon packs, and mockups",MIT,batoreh/awesome-ux,2
Ionicons,https://ionicons.com,ionicons.com,bradtraversy/design-resources-for-developers,Icons,"Beautifully crafted open source icons for use in web, iOS, Android, and desktop apps",MIT,LisaDziuba/Awesome-Design-Tools,2
IRA Design,https://iradesign.io/,iradesign.io,bradtraversy/design-resources-for-developers,UI Graphics,An open-source gradient illustrations collection by creative tim,MIT,LisaDziuba/Awesome-Design-Tools,2
ISO Republic,https://isorepublic.com/,isorepublic.com,bradtraversy/design-resources-for-developers,Stock Photos,Get Thousands of Free High-Resolution Stock CC0 Photos,MIT,ttt30ga/awesome-product-design,2
JAY MANTRI,http://jaymantri.com/,jaymantri.com,gztchan/awesome-design,Stock,free pics. do anything(CC0). make magic,CC0-1.0 (stated in README),LisaDziuba/Awesome-Design-Tools,2
Kaboom Pics,https://kaboompics.com/,kaboompics.com,bradtraversy/design-resources-for-developers,Stock Photos,Stock photography and color palettes. Good for product images,MIT,LisaDziuba/Awesome-Design-Tools,2
Khroma,http://khroma.co/,khroma.co,bradtraversy/design-resources-for-developers,Colors,"Khroma uses AI to learn which colors you like and creates limitless palettes for you to discover, search, and save",MIT,LisaDziuba/Awesome-Design-Tools,2
Krita,https://krita.org/en/download/krita-desktop/,krita.org,bradtraversy/design-resources-for-developers,Downloadable Design Software,Sketching and painting program designed for digital artists,MIT,LisaDziuba/Awesome-Design-Tools,2
Land Book,https://land-book.com/,land-book.com,bradtraversy/design-resources-for-developers,Design Inspiration,Displays a large collection of websites to help find inspiration,MIT,gztchan/awesome-design,2
lapa ninja,https://www.lapa.ninja/,lapa.ninja,bradtraversy/design-resources-for-developers,Design Inspiration,Best landing page inspiration,MIT,LisaDziuba/Awesome-Design-Tools,2
Laws of UX,https://lawsofux.com/,lawsofux.com,bradtraversy/design-resources-for-developers,Design Systems & Style Guides,A collection of the key maxims that designers must consider when building user interfaces,MIT,LisaDziuba/Awesome-Design-Tools,2
Life Of Vids,https://www.lifeofvids.com/,lifeofvids.com,bradtraversy/design-resources-for-developers,Stock Videos,Free video clips and loops,MIT,LisaDziuba/Awesome-Design-Tools,2
Little Big Details,http://littlebigdetails.com/,littlebigdetails.com,gztchan/awesome-design,Read and Digest,"is a curated collection of the finer details of design, updated every day",CC0-1.0 (stated in README),batoreh/awesome-ux,2
Lookback,https://lookback.io/,lookback.io,LisaDziuba/Awesome-Design-Tools,User Research Tools,"remotely run, record, and take notes for your user research sessions, either with a live product or with a prototype",MIT,ttt30ga/awesome-product-design,2
Lost Type,http://www.losttype.com/browse/,losttype.com,gztchan/awesome-design,Typography,is a collaborative digital type foundry,CC0-1.0 (stated in README),LisaDziuba/Awesome-Design-Tools,2
Lovely UI,https://www.lovelyui.com/,lovelyui.com,ttt30ga/awesome-product-design,UI > Inspiration,Collection of mobile UI elements,CC0-1.0,batoreh/awesome-ux,2
Lucidchart,https://www.lucidchart.com/pages/,lucidchart.com,bradtraversy/design-resources-for-developers,Online Design Tools,"Diagramming and visualization tools that allows creating databases, flowcharts, boards, floor-maps, and much more. 3 multi-page documents on the free tier",MIT,LisaDziuba/Awesome-Design-Tools,2
Lukaszadam,https://lukaszadam.com/,lukaszadam.com,bradtraversy/design-resources-for-developers,Vectors & Clip Art,Free Vector artworks,MIT,LisaDziuba/Awesome-Design-Tools,2
Mantine,https://mantine.dev/,mantine.dev,bradtraversy/design-resources-for-developers,React UI Libraries,"React components and hooks library with native dark theme support focused on usability, accessibility and developer experience",MIT,alexpate/awesome-design-systems,2
Marvel,https://marvelapp.com/,marvelapp.com,gztchan/awesome-design,Prototyping,"Simple design, prototyping and collaboration",CC0-1.0 (stated in README),ttt30ga/awesome-product-design,2
Marvel Style Guide,https://marvelapp.com/styleguide/overview/introduction,marvelapp.com,bradtraversy/design-resources-for-developers,Design Systems & Style Guides,Set of design principles and components,MIT,alexpate/awesome-design-systems,2
POP,https://marvelapp.com/pop/?popref=1,marvelapp.com,gztchan/awesome-design,Prototyping,Transform pen and paper ideas into a real working prototype,CC0-1.0 (stated in README),ttt30ga/awesome-product-design,2
Google Material Design,https://material.io/guidelines/,material.io,gztchan/awesome-design,Styleguide and Branding,,CC0-1.0 (stated in README),alexpate/awesome-design-systems,2
Media Modifier,https://mediamodifier.com/,mediamodifier.com,bradtraversy/design-resources-for-developers,Product & Image Mockups,beautiful design mockups service for your products (free & premium),MIT,LisaDziuba/Awesome-Design-Tools,2
How to Work with Designers,https://medium.com/the-year-of-the-looking-glass/how-to-work-with-designers-6c975dede146#.e81zu5ql7,medium.com,dend/awesome-product-management,Articles > Team Collaboration & Leadership,By Julie Zhuo,CC0-1.0,ProductHired/open-product-management,2
Medium,https://medium.com/,medium.com,gztchan/awesome-design,Community,"is a place to read, write, and interact with the stories that matter most to you. 🌟",CC0-1.0 (stated in README),ttt30ga/awesome-product-design,2
Quality is not a tradeoff,https://medium.com/the-year-of-the-looking-glass/quality-is-not-a-tradeoff-bcddf7c85553,medium.com,dend/awesome-product-management,Articles > Product Fundamentals & Philosophy,By Julie Zhuo,CC0-1.0,ProductHired/open-product-management,2
Mix Kit,https://mixkit.co/,mixkit.co,bradtraversy/design-resources-for-developers,Stock Videos,Stock video clips & music,MIT,LisaDziuba/Awesome-Design-Tools,2
Mixpanel,https://mixpanel.com/,mixpanel.com,LisaDziuba/Awesome-Design-Tools,Experience Monitoring,get insights across all of your user-centric data to make smarter decisions and act faster based on how customers use your product or website,MIT,samber/awesome-user-research,2
Mobbin,https://mobbin.design/,mobbin.design,dend/awesome-product-management,Additional resources,Hand-picked collection of mobile app design patterns,CC0-1.0,LisaDziuba/Awesome-Design-Tools,2
Mobirise,https://mobirise.com/html-templates/,mobirise.com,bradtraversy/design-resources-for-developers,HTML & CSS Templates,Great looking HTML5/CSS3 templates,MIT,LisaDziuba/Awesome-Design-Tools,2
Mock.Video,https://www.mock.video/,mock.video,bradtraversy/design-resources-for-developers,Product & Image Mockups,Instantly create mockups by adding a device frame to your videos,MIT,LisaDziuba/Awesome-Design-Tools,2
moqups,https://moqups.com/,moqups.com,ProductHired/open-product-management,Mockups and Marketing,A streamlined web app that helps you create and collaborate on,none stated,LisaDziuba/Awesome-Design-Tools,2
ColorSpace,https://mycolor.space/,mycolor.space,bradtraversy/design-resources-for-developers,Colors,Generate nice color palettes from one color,MIT,LisaDziuba/Awesome-Design-Tools,2
NinjaMock,https://ninjamock.com/,ninjamock.com,gztchan/awesome-design,Mockup,"is a small startup based in Denmark, a country famous for its strong attitude towards design and quality",CC0-1.0 (stated in README),LisaDziuba/Awesome-Design-Tools,2
New Old Stock,https://nos.twnsnd.co/,nos.twnsnd.co,bradtraversy/design-resources-for-developers,Stock Photos,Stock vintage photos,MIT,LisaDziuba/Awesome-Design-Tools,2
Notion,https://notion.so/,notion.so,dend/awesome-product-management,Tools > Note-taking & Knowledge Management,All-in-one workspace for teams and individuals.,CC0-1.0,LisaDziuba/Awesome-Design-Tools,2
Nucleo App,https://nucleoapp.com/,nucleoapp.com,bradtraversy/design-resources-for-developers,Icons,"Nucleo is a beautiful library of 27500 icons, and a powerful application to collect, customize and export all your icons. (Free & Paid)",MIT,gztchan/awesome-design,2
Open Foundry,https://open-foundry.com,open-foundry.com,bradtraversy/design-resources-for-developers,Fonts,FREE platform for curated open-source typefaces,MIT,ttt30ga/awesome-product-design,2
Open Doodles,https://www.opendoodles.com/,opendoodles.com,bradtraversy/design-resources-for-developers,UI Graphics,A Free Set of Sketchy Illustrations,MIT,LisaDziuba/Awesome-Design-Tools,2
Optimizely,https://www.optimizely.com/,optimizely.com,bekatom/awesome-growth-hacking,Tools,A/B testing and feature experimentation at enterprise scale,other (see repo LICENSE),samber/awesome-user-research,2
Origami,http://origami.design/,origami.design,gztchan/awesome-design,Prototyping,Design Prototyping,CC0-1.0 (stated in README),LisaDziuba/Awesome-Design-Tools,2
Origami Studio,https://origami.design,origami.design,bradtraversy/design-resources-for-developers,Downloadable Design Software,Interactive interface design tool created by Facebook: For mac only,MIT,ttt30ga/awesome-product-design,2
"Maker's Schedule, Manager's Schedule",http://www.paulgraham.com/makersschedule.html,paulgraham.com,dend/awesome-product-management,Articles > Team Collaboration & Leadership,By Paul Graham,CC0-1.0,ProductHired/open-product-management,2
Pendo,https://www.pendo.io/,pendo.io,LisaDziuba/Awesome-Design-Tools,Experience Monitoring,measure and elevate the customer experience within their applications,MIT,samber/awesome-user-research,2
Photopea,https://www.photopea.com,photopea.com,bradtraversy/design-resources-for-developers,Online Design Tools,An Online Photoshop editor,MIT,LisaDziuba/Awesome-Design-Tools,2
Photo Creator,https://photos.icons8.com/creator,photos.icons8.com,bradtraversy/design-resources-for-developers,Online Design Tools,Create your own photos instead of searching for stock,MIT,LisaDziuba/Awesome-Design-Tools,2
PicoGraphy,https://picography.co/,picography.co,bradtraversy/design-resources-for-developers,Stock Photos,"Gorgeous, High-Resolution, Free Photos",MIT,LisaDziuba/Awesome-Design-Tools,2
Picular,https://picular.co/,picular.co,gztchan/awesome-design,Color,a rocket fast primary color generator using Google's image search,CC0-1.0 (stated in README),LisaDziuba/Awesome-Design-Tools,2
PixelBuddha,https://pixelbuddha.net/,pixelbuddha.net,LisaDziuba/Awesome-Design-Tools,Mockup Tools,free and premium high-quality resources for web designers and developers,MIT,batoreh/awesome-ux,2
PNGTree,https://pngtree.com/free-vectors,pngtree.com,bradtraversy/design-resources-for-developers,Vectors & Clip Art,"png, backgrounds, templates, text effects",MIT,LisaDziuba/Awesome-Design-Tools,2
Principle,http://principleformac.com/,principleformac.com,gztchan/awesome-design,Prototyping,"Animate Your Ideas, Design Better Apps",CC0-1.0 (stated in README),LisaDziuba/Awesome-Design-Tools,2
productboard,https://productboard.com,productboard.com,dend/awesome-product-management,Tools > Product Roadmapping & Feedback,"productboard is the product management system that helps you understand what users need, prioritize what to build, and rally everyone around your roadmap.",CC0-1.0,samber/awesome-user-research,2
Product School,https://www.productschool.com/,productschool.com,dend/awesome-product-management,Communities,(using Slack),CC0-1.0,ProductHired/open-product-management,2
ProductCon,https://www.productschool.com/productcon/,productschool.com,dend/awesome-product-management,Conferences,"Organized by Product School, ProductCon takes place five times a year with events in San Francisco, Los Angeles, New York, Seattle and London. The speaker lineup features product leaders from Google, Slack, Amazon, Airbnb, Netflix, Facebook and more. You’ll learn best practices behind the most succe",CC0-1.0,ProductHired/open-product-management,2
Product Talk,http://www.producttalk.org/,producttalk.org,ProductHired/open-product-management,Online Blogs,Make better product decisions,none stated,samber/awesome-user-research,2
Proto.io,https://proto.io/,proto.io,gztchan/awesome-design,Prototyping,Prototypes that feel real,CC0-1.0 (stated in README),LisaDziuba/Awesome-Design-Tools,2
Mozilla Protocol,https://protocol.mozilla.org/,protocol.mozilla.org,bradtraversy/design-resources-for-developers,Design Systems & Style Guides,Protocol is a design system for Mozilla and Firefox websites,MIT,alexpate/awesome-design-systems,2
Prott,https://prottapp.com/,prottapp.com,gztchan/awesome-design,Prototyping,"Prototyping tool for Web, iOS, Android apps",CC0-1.0 (stated in README),LisaDziuba/Awesome-Design-Tools,2
PxHere,https://pxhere.com/,pxhere.com,bradtraversy/design-resources-for-developers,Stock Photos,Free Images & Free stock photos - PxHere,MIT,LisaDziuba/Awesome-Design-Tools,2
Really Good Emails,https://reallygoodemails.com/,reallygoodemails.com,bradtraversy/design-resources-for-developers,Design Inspiration,A site offering users a ton of company e-mails from customer service to marketing,MIT,LisaDziuba/Awesome-Design-Tools,2
Form,https://relativewave.com/form/,relativewave.com,ProductHired/open-product-management,Design,Interaction & prototyping design tool for iOS apps,none stated,gztchan/awesome-design,2
RemoveBG,https://www.remove.bg/,remove.bg,bradtraversy/design-resources-for-developers,Online Design Tools,Remove image backgrounds,MIT,LisaDziuba/Awesome-Design-Tools,2
Reshot,https://www.reshot.com/,reshot.com,bradtraversy/design-resources-for-developers,Stock Photos,a massive library of handpicked free stock photos you won’t find elsewhere,MIT,LisaDziuba/Awesome-Design-Tools,2
RightFont,https://rightfontapp.com/,rightfontapp.com,gztchan/awesome-design,Toolkit,The future of font manager software for Mac OS X,CC0-1.0 (stated in README),LisaDziuba/Awesome-Design-Tools,2
SaaS Landing Page,https://saaslandingpage.com/,saaslandingpage.com,bradtraversy/design-resources-for-developers,Design Inspiration,Discover the best landing page examples created by top-class SaaS companies,MIT,LisaDziuba/Awesome-Design-Tools,2
How Am I Going To Move My Product Forward Today?,https://www.sachinrekhi.com/how-am-i-going-to-move-my-product-forward-today,sachinrekhi.com,dend/awesome-product-management,Articles > Career Development & Skills,By Sachin Rekhi,CC0-1.0,ProductHired/open-product-management,2
Screeb,https://screeb.app,screeb.app,dend/awesome-product-management,Tools > Product Roadmapping & Feedback,Screeb is a product-led user research platform helping product teams to build better products by helping understand their users.,CC0-1.0,samber/awesome-user-research,2
Screely,https://www.screely.com/,screely.com,bradtraversy/design-resources-for-developers,Product & Image Mockups,Instantly turn your screenshot into a mockup,MIT,LisaDziuba/Awesome-Design-Tools,2
ScreenSpace,https://www.screenspace.io,screenspace.io,gztchan/awesome-design,Mockup,3D devices videos for motion designer,CC0-1.0 (stated in README),LisaDziuba/Awesome-Design-Tools,2
Semi Design,https://semi.design/en-US,semi.design,bradtraversy/design-resources-for-developers,React UI Libraries,"A modern, comprehensive, flexible design system that gives you all modular blocks you need to build sensible web apps & SaaS products",MIT,alexpate/awesome-design-systems,2
Sip,http://sipapp.io/,sipapp.io,gztchan/awesome-design,Toolkit,"The best way to collect, organize & share your colors",CC0-1.0 (stated in README),LisaDziuba/Awesome-Design-Tools,2
Site Inspire,https://www.siteinspire.com/,siteinspire.com,bradtraversy/design-resources-for-developers,Design Inspiration,siteInspire is a showcase of the finest web and interactive design,MIT,gztchan/awesome-design,2
Sketchize,https://www.sketchize.com/,sketchize.com,bradtraversy/design-resources-for-developers,Others,"Sketchize is built for UI/UX Designers to help them design lovely apps for mobile, tablet, and desktop devices",MIT,LisaDziuba/Awesome-Design-Tools,2
SkitterPhoto,https://skitterphoto.com/,skitterphoto.com,bradtraversy/design-resources-for-developers,Stock Photos,Free high-resolution photography,MIT,LisaDziuba/Awesome-Design-Tools,2
Slack,https://slack.com,slack.com,ProductHired/open-product-management,Team Management,Team communication for the 21st century,none stated,LisaDziuba/Awesome-Design-Tools,2
Smartlook,https://www.smartlook.com,smartlook.com,LisaDziuba/Awesome-Design-Tools,Experience Monitoring,user session replay and user engagement analytics,MIT,samber/awesome-user-research,2
Smart Mockups,https://smartmockups.com/,smartmockups.com,bradtraversy/design-resources-for-developers,Product & Image Mockups,Create stunning product mockups (free & premium),MIT,LisaDziuba/Awesome-Design-Tools,2
SplitShire,https://www.splitshire.com/,splitshire.com,bradtraversy/design-resources-for-developers,Stock Videos,Beautiful & exclusive free stock videos & photos,MIT,gztchan/awesome-design,2
Startup Stock Photos,http://startupstockphotos.com/,startupstockphotos.com,gztchan/awesome-design,Stock,"Free photos for startups, bloggers, publishers, websites, designers, developers, creators",CC0-1.0 (stated in README),LisaDziuba/Awesome-Design-Tools,2
Stock Snap,https://stocksnap.io/,stocksnap.io,bradtraversy/design-resources-for-developers,Stock Photos,Hundreds of high quality photos added weekly,MIT,ttt30ga/awesome-product-design,2
VTEX Styleguide,https://styleguide.vtex.com/,styleguide.vtex.com,bradtraversy/design-resources-for-developers,Design Systems & Style Guides,"Reusable patterns, components and assets related to product design in VTEX",MIT,alexpate/awesome-design-systems,2
Survey Monkey,https://www.surveymonkey.com/,surveymonkey.com,LisaDziuba/Awesome-Design-Tools,User Research Tools,online survey tool to capture the voices and opinions of the people who matter most to you,MIT,ttt30ga/awesome-product-design,2
SVGPorn,https://svgporn.com,svgporn.com,bradtraversy/design-resources-for-developers,Logos,1000+ high-quality SVG logos,MIT,gztchan/awesome-design,2
SVG Repo,https://www.svgrepo.com/,svgrepo.com,bradtraversy/design-resources-for-developers,Icons,Download free SVG Vectors for commercial use,MIT,LisaDziuba/Awesome-Design-Tools,2
Codrops,https://tympanus.net/codrops/,tympanus.net,bradtraversy/design-resources-for-developers,Design Inspiration,A website that collects the best UI ideas and patterns and make tutorials of it,MIT,gztchan/awesome-design,2
Typeform,https://www.typeform.com/,typeform.com,ProductHired/open-product-management,Mockups and Marketing,Generate surveys in seconds,none stated,LisaDziuba/Awesome-Design-Tools,2
Typewolf,https://www.typewolf.com/,typewolf.com,gztchan/awesome-design,Typography,what’s trending in type,CC0-1.0 (stated in README),LisaDziuba/Awesome-Design-Tools,2
shadcn/ui,https://ui.shadcn.com/,ui.shadcn.com,bradtraversy/design-resources-for-developers,React UI Libraries,Beautifully designed components built with Radix UI and Tailwind CSS,MIT,alexpate/awesome-design-systems,2
UI Faces,https://uifaces.co/,uifaces.co,gztchan/awesome-design,Stock,UI Faces aggregates thousands of avatars which you can carefully filter to create your perfect personas or just generate random avatars,CC0-1.0 (stated in README),LisaDziuba/Awesome-Design-Tools,2
UI Garage,https://uigarage.net/,uigarage.net,bradtraversy/design-resources-for-developers,Design Inspiration,Daily handpicked UI inspiration & patterns,MIT,LisaDziuba/Awesome-Design-Tools,2
uiverse,https://uiverse.io,uiverse.io,bradtraversy/design-resources-for-developers,UI Components & Kits,"Hundreds Open-Source UI elements, made with HTML & CSS. Anyone can contribute. Includes buttons, checkboxes, spinners, cards, inputs and more",MIT,alexpate/awesome-design-systems,2
unDraw,https://undraw.co,undraw.co,LisaDziuba/Awesome-Design-Tools,Illustrations,a collection of beautiful SVG images,MIT,ttt30ga/awesome-product-design,2
Usability.Gov,https://www.usability.gov/how-to-and-tools/methods/personas.html,usability.gov,ttt30ga/awesome-product-design,Research > Methods > Personas,The purpose of personas is to create reliable and realistic representations of your key audience,CC0-1.0,batoreh/awesome-ux,2
Usabilla,https://usabilla.com/,usabilla.com,gztchan/awesome-design,User Testing,Customer feedback and survey tool,CC0-1.0 (stated in README),LisaDziuba/Awesome-Design-Tools,2
Use & Modify,https://usemodify.com/,usemodify.com,bradtraversy/design-resources-for-developers,Fonts,"Personal selection of beautiful, classy, punk, professional, incomplete, weird typefaces",MIT,ttt30ga/awesome-product-design,2
User Interviews,https://www.userinterviews.com/,userinterviews.com,LisaDziuba/Awesome-Design-Tools,User Research Tools,"recruit participants from a community of 125,000 members based on profession, demographics, geography and more, for any kind of research",MIT,samber/awesome-user-research,2
UX Stackexchange,https://ux.stackexchange.com/,ux.stackexchange.com,ttt30ga/awesome-product-design,UX > Tools,UX Stack Exchange is a question and answer site,CC0-1.0,batoreh/awesome-ux,2
UX Apprentice,https://www.uxapprentice.com/resources/stakeholder-interview-template/,uxapprentice.com,ttt30ga/awesome-product-design,Research > Methods > Stakeholder Interviews,Stakeholder Interview Template,CC0-1.0,batoreh/awesome-ux,2
UX Project Checklist,http://uxchecklist.github.io/,uxchecklist.github.io,gztchan/awesome-design,Read and Digest,A checklist to use as guide for an UX project;,CC0-1.0 (stated in README),batoreh/awesome-ux,2
UX Mag,https://uxmag.com/articles/personas-the-foundation-of-a-great-user-experience,uxmag.com,ttt30ga/awesome-product-design,Research > Methods > Personas,Personas: The Foundation of a Great User Experience,CC0-1.0,batoreh/awesome-ux,2
UX Magazine,http://uxmag.com/,uxmag.com,gztchan/awesome-design,Read and Digest,is a free community resource exploring all facets of experience design,CC0-1.0 (stated in README),ttt30ga/awesome-product-design,2
Vectr,https://vectr.com/,vectr.com,bradtraversy/design-resources-for-developers,Online Design Tools,Free vector graphics software,MIT,LisaDziuba/Awesome-Design-Tools,2
Veranda Color,https://verandacolor.com,verandacolor.com,bradtraversy/design-resources-for-developers,Colors,"Browse color palettes made by other designers, generate and submit your own",MIT,gztchan/awesome-design,2
Videezy,https://www.videezy.com/,videezy.com,bradtraversy/design-resources-for-developers,Stock Videos,Free HD stock footage & 4K videos,MIT,LisaDziuba/Awesome-Design-Tools,2
Videvo,https://www.videvo.net/stock-video-footage/,videvo.net,bradtraversy/design-resources-for-developers,Stock Videos,Free and premium stock videos,MIT,LisaDziuba/Awesome-Design-Tools,2
WAVE,https://wave.webaim.org/,wave.webaim.org,LisaDziuba/Awesome-Design-Tools,Accessibility Tools,allows you to evaluate web content for accessibility issues directly within Chrome and Firefox. It's a web accessibility checker,MIT,ttt30ga/awesome-product-design,2
Webflow,https://webflow.com/,webflow.com,bradtraversy/design-resources-for-developers,Online Design Tools,"Break the code barrier, Build better business websites, faster. Without coding",MIT,LisaDziuba/Awesome-Design-Tools,2
Wireframe.cc,https://wireframe.cc/,wireframe.cc,bradtraversy/design-resources-for-developers,Online Design Tools,Wireframing tool (free & paid),MIT,LisaDziuba/Awesome-Design-Tools,2
Wix,https://www.wix.com/,wix.com,bradtraversy/design-resources-for-developers,Online Design Tools,Create a Website You’re Proud Of,MIT,LisaDziuba/Awesome-Design-Tools,2
Yelp Style Guide,https://www.yelp.com/styleguide,yelp.com,bradtraversy/design-resources-for-developers,Design Systems & Style Guides,"Yelp style guide, components and toolkit",MIT,alexpate/awesome-design-systems,2
You Won't Regret Positive Feedback,https://zachholman.com/posts/positive-feedback/,zachholman.com,dend/awesome-product-management,Articles > Team Collaboration & Leadership,By Zach Holman,CC0-1.0,ProductHired/open-product-management,2
Material Design Iconic Font,http://zavoloklom.github.io/material-design-iconic-font/index.html,zavoloklom.github.io,bradtraversy/design-resources-for-developers,Icon Fonts,Material design icon font,MIT,gztchan/awesome-design,2
Zenkit,https://zenkit.com/,zenkit.com,ProductHired/open-product-management,Team Management,"Better Trello, with Mindmaps",none stated,LisaDziuba/Awesome-Design-Tools,2
Zeplin,https://zeplin.io/,zeplin.io,gztchan/awesome-design,Toolkit,Build pixel perfect apps in peace,CC0-1.0 (stated in README),LisaDziuba/Awesome-Design-Tools,2
0to255,https://www.0to255.com/,0to255.com,bradtraversy/design-resources-for-developers,Colors,"A color tool that makes it easy to lighten and darken colors. It’s perfect for hover states, borders, gradients, and more",MIT,,1
1001 Free Fonts,https://www.1001freefonts.com/,1001freefonts.com,bradtraversy/design-resources-for-developers,Fonts,I think the name speaks for itself,MIT,,1
100 Daily UI,https://100dailyui.webflow.io/,100dailyui.webflow.io,bradtraversy/design-resources-for-developers,UI Graphics,"Free Figma library of products, elements, and screens",MIT,,1
1200px Grid System,https://1200px.com/,1200px.com,LisaDziuba/Awesome-Design-Tools,Wireframing Tools,helps you build a grid system for much wider website designs than the 960-pixel style,MIT,,1
123RF,https://www.123rf.com/,123rf.com,LisaDziuba/Awesome-Design-Tools,Stock Videos,"over 100,000 daily new content & 24/7 online support",MIT,,1
15five,http://www.15five.com/,15five.com,domenicosolazzo/awesome-okr,Software,,CC0-1.0,,1
1stwebdesigner,https://1stwebdesigner.com,1stwebdesigner.com,gztchan/awesome-design,Read and Digest,"By web design professionals, for web design professionals. We're on a mission to help you build a better web",CC0-1.0 (stated in README),,1
1x,https://1x.com/,1x.com,gztchan/awesome-design,Stock,Shop wall art by 16000+ Curated Artists. 🌟,CC0-1.0 (stated in README),,1
CARGO,https://2.cargocollective.com,2.cargocollective.com,gztchan/awesome-design,Community,,CC0-1.0 (stated in README),,1
Flexiple,https://2.flexiple.com/scale/all-illustrations,2.flexiple.com,bradtraversy/design-resources-for-developers,UI Graphics,"One new high-quality, open-source illustration each day",MIT,,1
Flare,https://www.2dimensions.com/about-flare,2dimensions.com,LisaDziuba/Awesome-Design-Tools,Animation Tools,"a powerful design and animation tool, which allows designers and developers to create animations for their app or game",MIT,,1
30secondsofcode.org,https://www.30secondsofcode.org/,30secondsofcode.org,bradtraversy/design-resources-for-developers,Others,"A wide variety of snippet and article collections for CSS, JavaScript, Python and more",MIT,,1
360 Mockups,https://360mockups.com/,360mockups.com,gztchan/awesome-design,Mockup,Totally FREE to download PSD Mockups to present your works,CC0-1.0 (stated in README),,1
3DICONS,https://3dicons.co,3dicons.co,bradtraversy/design-resources-for-developers,Icons,Beautifully crafted open source 3D icons,MIT,,1
Dokyu Motion,https://3dmybusiness.com,3dmybusiness.com,LisaDziuba/Awesome-Design-Tools,Animation Tools,simplifies motion design in After Effects so any editor can tell stories that won′t be ignored,MIT,,1
3D Slash,https://www.3dslash.net,3dslash.net,LisaDziuba/Awesome-Design-Tools,Three D Modeling Software,"3D modeling tool, available on all devices and all OS, online and offline",MIT,,1
Thirty percent feedback,https://42floors.com/blog/startups/thirty-percent-feedback,42floors.com,ProductHired/open-product-management,Give and Receive Feedback,Jason Freedman,none stated,,1
Contrast Ratio,https://6220119.github.io/contrast-ratio/#/black-on-white,6220119.github.io,ttt30ga/awesome-product-design,Accessibility > Tools,A tool to calculate the contrast ratio between any two valid CSS colors,CC0-1.0,,1
99% INVISIBLE,http://99percentinvisible.org/,99percentinvisible.org,gztchan/awesome-design,Podcast,,CC0-1.0 (stated in README),,1
PNG Compressor,https://99tools.net/png-compressor/,99tools.net,bradtraversy/design-resources-for-developers,Image Compression,"A fast and simple PNG Compressor that reduces image file size without noticeable quality loss. Optimize PNGs instantly in your browser—no uploads, secure, and developer-friendly",MIT,,1
Fancy Border Radius,https://9elements.github.io/fancy-border-radius/full-control.html,9elements.github.io,bradtraversy/design-resources-for-developers,Online Design Tools,Eight values specifying border-radius in CSS ( border-radius generator ),MIT,,1
a-fresh.website,https://a-fresh.website,a-fresh.website,bradtraversy/design-resources-for-developers,Design Inspiration,Hand—picked website and component inspiration library,MIT,,1
A1 Gallery,https://www.a1.gallery,a1.gallery,bradtraversy/design-resources-for-developers,Design Inspiration,"Hand-curated gallery of 1,000+ websites filterable by technology stack, font, style, colour, creator, type, and category",MIT,,1
A11y Starter Kit,https://a11y-starter-kit.vercel.app/,a11y-starter-kit.vercel.app,bradtraversy/design-resources-for-developers,Others,"A free, open-source Next.js accessibility starter kit with WCAG 2.1 AA compliant components, keyboard navigation, and screen reader support",MIT,,1
Shipping is a feature,http://a16z.com/2014/04/16/shipping-is-a-feature-some-guiding-principals-for-people-that-build-things/,a16z.com,ProductHired/open-product-management,Shipping and Measuring Products,Steven Sinofsky,none stated,,1
Shipping is a Feature: Some Guiding Principles for People That Build Things,https://a16z.com/2014/04/16/shipping-is-a-feature-some-guiding-principals-for-people-that-build-things/,a16z.com,dend/awesome-product-management,Articles > Product Development & Process,By Michael Copeland,CC0-1.0,,1
A1Lab,https://a1lab.tech,a1lab.tech,bradtraversy/design-resources-for-developers,Others,"Free interactive coding tutorials and browser-based practice for Python, C++, SQL, and web development",MIT,,1
Just Enough Research,https://abookapart.com/products/just-enough-research,abookapart.com,samber/awesome-user-research,Learn > Books,"Erika Hall. A practical guide to doing research that is useful, timely, and cost-effective",CC-BY-4.0,,1
GitLab: Objectives and Key Results (OKRs),https://about.gitlab.com/company/okrs/,about.gitlab.com,domenicosolazzo/awesome-okr,Examples,A comprehensive guide and real OKRs at GitLab,CC0-1.0,,1
AboutCG,http://www.aboutcg.com/,aboutcg.com,gztchan/awesome-design,Tutorial,"前身是 CG 共和国（CGGHG）, 是成立于2004年的计算机图形图像教学服务网站，也是国内最早的原创CG视频教学的制作者。",CC0-1.0 (stated in README),,1
Compress Image to Target Size,https://abox.tools/compress-image/,abox.tools,bradtraversy/design-resources-for-developers,Image Compression,"Compress a JPEG, PNG or WebP down to an exact file size — 100 KB, 2 MB, whatever the upload limit is — instead of guessing at a quality slider. Runs entirely in the browser, nothing is uploaded, and it works offline. Free and open source",MIT,,1
Abstract,https://www.abstract.com/,abstract.com,LisaDziuba/Awesome-Design-Tools,Design Version Control,"a platform for design teams to version, manage and collaborate on Sketch files",MIT,,1
Abstract User Avatar API,https://www.abstractapi.com/user-avatar-api,abstractapi.com,bradtraversy/design-resources-for-developers,UI Graphics,API to create simple yet flexible user avatars from user names or emails,MIT,,1
Abstract Fonts,http://www.abstractfonts.com/,abstractfonts.com,bradtraversy/design-resources-for-developers,Fonts,Fonts free for personal and commercial use,MIT,,1
Accessibility Insights,https://accessibilityinsights.io/,accessibilityinsights.io,LisaDziuba/Awesome-Design-Tools,Accessibility Tools,helps developers quickly find and fix accessibility issues,MIT,,1
Aceternity UI Svelte,https://aceternity.sveltekit.io/,aceternity.sveltekit.io,bradtraversy/design-resources-for-developers,Svelte UI Libraries,Free Incredible Animated Components,MIT,,1
AChecker,https://achecker.ca,achecker.ca,LisaDziuba/Awesome-Design-Tools,Accessibility Tools,accessibility testing web app used to evaluate HTML content for accessibility problems,MIT,,1
Firefox Acorn Design System,https://acorn.firefox.com/,acorn.firefox.com,alexpate/awesome-design-systems,Design Systems,,Unlicense,,1
Atomic CSS,https://acss.io/,acss.io,bradtraversy/design-resources-for-developers,CSS Methodologies,"Atomic CSS is the approach to CSS architecture that favors small, single-purpose classes with names based on visual function",MIT,,1
AniX,https://adajuly.github.io/AniX/,adajuly.github.io,bradtraversy/design-resources-for-developers,CSS Animations,Super easy and lightweight css animation library,MIT,,1
Adam Mathes - Sample PM Resume,http://www.adammathes.com/resume/,adammathes.com,ProductHired/open-product-management,Career Prep: Resume,Sample Resume Website from a PM,none stated,,1
Awesome Screenshot & Screen Recorder,https://addons.mozilla.org/en-US/firefox/addon/screenshot-capture-annotate/,addons.mozilla.org,bradtraversy/design-resources-for-developers,Firefox Extensions,Capture and annotate screenshots,MIT,,1
BrowserStack,https://addons.mozilla.org/en-US/firefox/addon/browserstack-toolbar-toggle/,addons.mozilla.org,bradtraversy/design-resources-for-developers,Firefox Extensions,Instantly preview websites on different devices,MIT,,1
ColorPick Eyedropper,https://addons.mozilla.org/en-US/firefox/addon/colorpick-eyedropper/,addons.mozilla.org,bradtraversy/design-resources-for-developers,Firefox Extensions,Simple color picker and eyedropper,MIT,,1
ColorZilla,https://addons.mozilla.org/en-US/firefox/addon/colorzilla/,addons.mozilla.org,bradtraversy/design-resources-for-developers,Firefox Extensions,Advanced color picker and eyedropper,MIT,,1
daily.dev - News for Busy Developers,https://addons.mozilla.org/en-US/firefox/addon/daily/,addons.mozilla.org,bradtraversy/design-resources-for-developers,Firefox Extensions,Developer news and resources,MIT,,1
Fake Filler,https://addons.mozilla.org/en-US/firefox/addon/fake-filler/,addons.mozilla.org,bradtraversy/design-resources-for-developers,Firefox Extensions,Fill out web forms with dummy data,MIT,,1
Fireshot - Full Page Screen Capture,https://addons.mozilla.org/en-US/firefox/addon/fireshot/,addons.mozilla.org,bradtraversy/design-resources-for-developers,Firefox Extensions,Capture full web pages,MIT,,1
Imageye - Image downloader,https://addons.mozilla.org/en-US/firefox/addon/imageye_image_downloader/,addons.mozilla.org,bradtraversy/design-resources-for-developers,Firefox Extensions,Download images from web pages,MIT,,1
JavaScript and CSS Code Beautifier,https://addons.mozilla.org/en-US/firefox/addon/beautifer-minify/,addons.mozilla.org,bradtraversy/design-resources-for-developers,Firefox Extensions,Beautify and minify JavaScript and CSS code,MIT,,1
JSONView,https://addons.mozilla.org/en-US/firefox/addon/jsonview/,addons.mozilla.org,bradtraversy/design-resources-for-developers,Firefox Extensions,Format and syntax highlight JSON,MIT,,1
Kontrast - WCAG Contrast Checker,https://addons.mozilla.org/en-US/firefox/addon/wcag-contrast-checker/,addons.mozilla.org,bradtraversy/design-resources-for-developers,Firefox Extensions,Check contrast levels for accessibility,MIT,,1
Lorem Ipsum Generator (Default Text),https://addons.mozilla.org/en-US/firefox/addon/openlorem/,addons.mozilla.org,bradtraversy/design-resources-for-developers,Firefox Extensions,Generate lorem ipsum text,MIT,,1
PerfectPixel,https://addons.mozilla.org/en-US/firefox/addon/pixel-perfect-pro/,addons.mozilla.org,bradtraversy/design-resources-for-developers,Firefox Extensions,Overlay an image over a web page to compare,MIT,,1
Pesticide,https://addons.mozilla.org/en-US/firefox/addon/pesticide-for-firefox/,addons.mozilla.org,bradtraversy/design-resources-for-developers,Firefox Extensions,Outline elements on web page for easy visualization,MIT,,1
React Developer Tool,https://addons.mozilla.org/en-US/firefox/addon/react-devtools/,addons.mozilla.org,bradtraversy/design-resources-for-developers,Firefox Extensions,Inspect React component hierarchy,MIT,,1
Responsive Viewer,https://addons.mozilla.org/en-US/firefox/addon/responsify-viewer/,addons.mozilla.org,bradtraversy/design-resources-for-developers,Firefox Extensions,Test responsive design of websites,MIT,,1
Site Palette,https://addons.mozilla.org/en-US/firefox/addon/website-color-palette/,addons.mozilla.org,bradtraversy/design-resources-for-developers,Firefox Extensions,Extract color palette from website,MIT,,1
Stylebot,https://addons.mozilla.org/en-US/firefox/addon/stylebot-web/,addons.mozilla.org,bradtraversy/design-resources-for-developers,Firefox Extensions,Customize the appearance of web pages,MIT,,1
VisBug,https://addons.mozilla.org/en-US/firefox/addon/visbug/,addons.mozilla.org,bradtraversy/design-resources-for-developers,Firefox Extensions,Web design debugging tool,MIT,,1
Wappalyzer,https://addons.mozilla.org/en-US/firefox/addon/wappalyzer/,addons.mozilla.org,bradtraversy/design-resources-for-developers,Firefox Extensions,Identify technologies used on websites,MIT,,1
Web Developer,https://addons.mozilla.org/en-US/firefox/addon/web-developer/,addons.mozilla.org,bradtraversy/design-resources-for-developers,Firefox Extensions,Toolbar for web development tasks,MIT,,1
WhatFont,https://addons.mozilla.org/en-US/firefox/addon/zjm-whatfont/,addons.mozilla.org,bradtraversy/design-resources-for-developers,Firefox Extensions,Identify fonts on web pages,MIT,,1
WhatRuns,https://addons.mozilla.org/en-US/firefox/addon/whatruns/,addons.mozilla.org,bradtraversy/design-resources-for-developers,Firefox Extensions,Discover technologies used on websites,MIT,,1
Window Resizer,https://addons.mozilla.org/en-US/firefox/addon/window-resizer-webextension/,addons.mozilla.org,bradtraversy/design-resources-for-developers,Firefox Extensions,Resize browser window to predefined dimensions,MIT,,1
AdminLTE,https://adminlte.io/,adminlte.io,bradtraversy/design-resources-for-developers,UI Components & Kits,Best open source admin dashboard & control panel theme,MIT,,1
Admire the Web,https://www.admiretheweb.com/,admiretheweb.com,gztchan/awesome-design,Read and Digest,,CC0-1.0 (stated in README),,1
Adobe After Effects,http://www.adobe.com/products/aftereffects.html,adobe.com,gztchan/awesome-design,Toolkit,Bold new ways to put your ideas in motion. v,CC0-1.0 (stated in README),,1
Adobe Experience Design,http://www.adobe.com/products/experience-design.html,adobe.com,gztchan/awesome-design,Prototyping,"Design, prototype and quickly share user experiences",CC0-1.0 (stated in README),,1
Adobe Illustrator,http://www.adobe.com/products/illustrator.html,adobe.com,gztchan/awesome-design,Toolkit,"The industry-standard vector graphics app lets you create logos, icons, sketches, typography, and complex illustrations for print, web, interactive, video, and mobile. 🌟",CC0-1.0 (stated in README),,1
Adobe Photoshop,http://www.adobe.com/products/photoshop.html,adobe.com,gztchan/awesome-design,Toolkit,"Best imaging and design app is at the core of almost every creative project. PSD Repo, PSDDD. 🌟",CC0-1.0 (stated in README),,1
Adobe Project Felix,http://www.adobe.com/products/project-felix.html,adobe.com,gztchan/awesome-design,Toolkit,"A new app for working with 3D models, materials, and lights with 2D background images to create fully rendered, high-quality images with photorealistic effects",CC0-1.0 (stated in README),,1
After Effects,https://www.adobe.com/products/aftereffects.html,adobe.com,LisaDziuba/Awesome-Design-Tools,Animation Tools,"digital visual effects, motion graphics, and compositing application developed by Adobe",MIT,,1
Illustrator,https://www.adobe.com/products/illustrator.html,adobe.com,LisaDziuba/Awesome-Design-Tools,UI Design Tools,"create logos, icons, drawings, typography, and illustrations for print, web, video, and mobile. Made by Adobe",MIT,,1
Photoshop,https://www.adobe.com/products/photoshop.html,adobe.com,LisaDziuba/Awesome-Design-Tools,UI Design Tools,imaging and graphic design software developed by Adobe,MIT,,1
Adventures in Design,http://www.adventuresindesignmarket.com/,adventuresindesignmarket.com,gztchan/awesome-design,Podcast,,CC0-1.0 (stated in README),,1
Midnight.js,https://aerolab.github.io/midnight.js/,aerolab.github.io,bradtraversy/design-resources-for-developers,Javascript Animation Libraries,Midnight.js lets you switch fixed headers on the fly,MIT,,1
EMOJI CSS,https://afeld.github.io/emoji-css/?ref=webdesignernews.com,afeld.github.io,gztchan/awesome-design,Read and Digest,,CC0-1.0 (stated in README),,1
Agile Principles,https://www.agilealliance.org/agile101/12-principles-behind-the-agile-manifesto,agilealliance.org,lorabv/awesome-agile,The Fundamentals,,CC0-1.0,,1
Blog - Agile Alliance,https://www.agilealliance.org/community/blog,agilealliance.org,lorabv/awesome-agile,Blogs and Podcasts,,CC0-1.0,,1
7 Lessons Agile Can Teach Us about Leadership,https://www.agileconnection.com/article/7-lessons-agile-can-teach-us-about-leadership,agileconnection.com,lorabv/awesome-agile,Agile Leadership,by Ryan Ripley,CC0-1.0,,1
Agile Manifesto,http://agilemanifesto.org,agilemanifesto.org,lorabv/awesome-agile,The Fundamentals,,CC0-1.0,,1
AgnosticUI,https://www.agnosticui.com/,agnosticui.com,bradtraversy/design-resources-for-developers,UI Components & Kits,"Accessible React component primitives that also work with Vue 3, Svelte, and Angular",MIT,,1
AI Logo Collection,https://ailogocollection.com/,ailogocollection.com,bradtraversy/design-resources-for-developers,Logos,Free SVG and PNG downloads for 340+ AI company logos. No signup required,MIT,,1
Airbnb Design,https://airbnb.design/,airbnb.design,gztchan/awesome-design,Read and Digest,"is a cross-disciplinary group of experience and production designers, researchers, technologists, writers and content strategists, graphic designers, filmmakers, producers, interior architects, project managers, photographers and more. 🌟",CC0-1.0 (stated in README),,1
Lottie,https://airbnb.design/lottie/,airbnb.design,ttt30ga/awesome-product-design,Prototype > Tools,Easily add high-quality animation to any native app,CC0-1.0,,1
Lottie,https://airbnb.io/lottie/,airbnb.io,LisaDziuba/Awesome-Design-Tools,Animation Tools,a mobile library for Android and iOS that parses Adobe After Effects animations exported as JSON with Bodymovin and renders them natively on mobile and the web,MIT,,1
AiSeka,https://www.aiseka.com/,aiseka.com,bradtraversy/design-resources-for-developers,Colors,Discover Created the best Color Palette & Color Tools,MIT,,1
Akendi Blog,http://akendi.com/blog/general-ux/,akendi.com,batoreh/awesome-ux,Blogs,The Official Akendi's blog,CC0-1.0,,1
Eva Icons,https://akveo.github.io/eva-icons/#/,akveo.github.io,bradtraversy/design-resources-for-developers,Icons,Eva Icons is a pack of more than 480 beautifully crafted Open Source icons for common actions and items,MIT,,1
Nebular,https://akveo.github.io/nebular/,akveo.github.io,bradtraversy/design-resources-for-developers,Angular UI Libraries,"Customizable UI Kit, Auth & Security for Angular",MIT,,1
ngx-admin,https://akveo.github.io/ngx-admin/,akveo.github.io,bradtraversy/design-resources-for-developers,Angular UI Libraries,Admin template based on Angular 10+ and Nebular,MIT,,1
UI Kitten,https://akveo.github.io/react-native-ui-kitten/,akveo.github.io,bradtraversy/design-resources-for-developers,React Native UI Libraries,"UI Kitten is React Native framework for creating stunning cross-platform mobile applications. Design system based, brings your product from MVP to enterprise",MIT,,1
Albumarium,http://albumarium.com/,albumarium.com,gztchan/awesome-design,Stock,"""The best place to find & share beautiful images.""",CC0-1.0 (stated in README),,1
Colorize,https://alexbeals.com/projects/colorize/,alexbeals.com,gztchan/awesome-design,Color,is a website that turns any word or phrase into a hex color,CC0-1.0 (stated in README),,1
All-Free-Download,https://all-free-download.com/free-website-templates/free-html-css-templates.html,all-free-download.com,bradtraversy/design-resources-for-developers,HTML & CSS Templates,Download free-website-templates,MIT,,1
All SVG Icons,https://allsvgicons.com/,allsvgicons.com,bradtraversy/design-resources-for-developers,Icons,"Browse and download 250,000+ free SVG icons from 220 carefully curated icon libraries",MIT,,1
All The Tags,https://allthetags.com/,allthetags.com,bradtraversy/design-resources-for-developers,Others,All HTML tags briefly explained,MIT,,1
AllTools Design Tools,https://alltools.dev/tools/design/,alltools.dev,bradtraversy/design-resources-for-developers,Online Design Tools,"Free browser-based design suite with accessibility checkers, CSS generators and color tools. No signup required, and processing runs client-side",MIT,,1
Ally.io,https://ally.io/,ally.io,domenicosolazzo/awesome-okr,Software,,CC0-1.0,,1
CSS Shadow Gradients,https://alvarotrigo.com/shadow-gradients/,alvarotrigo.com,bradtraversy/design-resources-for-developers,UI Graphics,Generate CSS Gradients For Shadows,MIT,,1
Alyle UI,https://alyle.io/,alyle.io,bradtraversy/design-resources-for-developers,Angular UI Libraries,Minimal components set for Angular,MIT,,1
EasyPNG,https://amanghuman.com/easypng.html,amanghuman.com,bradtraversy/design-resources-for-developers,Image Compression,"Free, 100% offline, client-side image compressor and converter for WebP, JPEG, PNG, and AVIF with zero server uploads and no file limits",MIT,,1
Product Leadership: How Top Product Managers Launch Awesome Products and Build Successful Teams,https://www.amazon.ca/dp/1491960604,amazon.ca,ProductHired/open-product-management,Books > Product Development,"Richard Banfield, Martin Eriksson, and Nate Walkingshaw",none stated,,1
100 Things Every Designer Needs to Know About People,https://www.amazon.com/Things-Designer-People-Voices-Matter/dp/0321767535,amazon.com,gztchan/awesome-design,Book,,CC0-1.0 (stated in README),,1
A Project Guide to UX Design by Russ Unger,https://www.amazon.com/Project-Guide-Design-Experience-Designers/dp/0321607376,amazon.com,batoreh/awesome-ux,Books,,CC0-1.0,,1
About Face: The Essentials of Interaction Design,https://www.amazon.com/gp/product/1118766571/ref=as_li_qf_sp_asin_il_tl?ie=UTF8&camp=1789&creative=9325&creativeASIN=1118766571&linkCode=as2&tag=office03a70-20&linkId=I5TMKUXHZ43SHHPE,amazon.com,gztchan/awesome-design,Book,,CC0-1.0 (stated in README),,1
"About Face: The Essentials of Interaction Design, 4th Edition",https://www.amazon.com/About-Face-Essentials-Interaction-Design/dp/1118766571,amazon.com,ProductHired/open-product-management,Books > Design,"Alan Cooper, Robert Reimann, David Cronin, Christopher Noessel",none stated,,1
Algorithms of the Intelligent Web,http://www.amazon.com/Algorithms-Intelligent-Web-Haralambos-Marmanis/dp/1933988665,amazon.com,ProductHired/open-product-management,Books > Product Development,Haralambos Marmanis and Dmitry Babenko,none stated,,1
Blink: The Power of Thinking Without Thinking,http://www.amazon.com/Blink-The-Power-Thinking-Without/dp/0316010669/ref=sr_1_1?ie=UTF8&qid=1407249234&sr=8-1&keywords=blink&tag=zeef-20,amazon.com,bekatom/awesome-growth-hacking,Books,,other (see repo LICENSE),,1
"Business Model Generation: A Handbook for Visionaries, Game Changers, and Challengers",http://www.amazon.com/Business-Model-Generation-Visionaries-Challengers/dp/0470876417,amazon.com,ProductHired/open-product-management,Books > Startups,A handbook for designing tomorrow’s enterprises,none stated,,1
Cracking the PM Interview,http://www.amazon.com/Cracking-PM-Interview-Product-Technology/dp/0984782818,amazon.com,ProductHired/open-product-management,Books > Product Development,Jackie Bavaro,none stated,,1
Crossing the Chasm: Marketing and Selling High-Tech Products to Mainstream Customers,http://www.amazon.com/Crossing-Chasm-Marketing-High-Tech-Mainstream/dp/0060517123,amazon.com,ProductHired/open-product-management,Books > Startups,Geoffrey A. Moore,none stated,,1
Designing Interfaces,https://www.amazon.com/Designing-Interfaces-Jenifer-Tidwell/dp/1449379702,amazon.com,gztchan/awesome-design,Book,,CC0-1.0 (stated in README),,1
Don't Make Me Think,https://www.amazon.com/gp/product/0321965515/ref=as_li_qf_sp_asin_il_tl?ie=UTF8&camp=1789&creative=9325&creativeASIN=0321965515&linkCode=as2&tag=office03a70-20&linkId=PF4EASLP4EM62N73,amazon.com,gztchan/awesome-design,Book,,CC0-1.0 (stated in README),,1
Don't make me think by Steve Krug,http://www.amazon.com/Dont-Make-Me-Think-Usability/dp/0321344758,amazon.com,batoreh/awesome-ux,Books,,CC0-1.0,,1
"Don't Make Me Think: A Common Sense Approach to Web Usability, 2nd Edition",http://www.amazon.com/Dont-Make-Me-Think-Usability/dp/0321344758,amazon.com,ProductHired/open-product-management,Books > Design,Steve Krug,none stated,,1
Drive: The Surprising Truth About What Motivates Us,http://www.amazon.com/Drive-Surprising-Truth-About-Motivates/dp/1594484805/ref=pd_sim_b_6?ie=UTF8&refRID=0V9ZYPFT91VZ451BGEEJ&tag=zeef-20,amazon.com,bekatom/awesome-growth-hacking,Books,,other (see repo LICENSE),,1
Emotional Design: Why We Love (or Hate) Everyday Things by Don Norman,https://www.amazon.com/Emotional-Design-Love-Everyday-Things/dp/0465051367,amazon.com,batoreh/awesome-ux,Books,,CC0-1.0,,1
Freakonomics,http://www.amazon.com/Freakonomics-Economist-Explores-Hidden-Everything/dp/0060731338/ref=sr_1_1?s=books&ie=UTF8&qid=1451455126&sr=1-1&keywords=freakonomics,amazon.com,ProductHired/open-product-management,Books > Leadership,Steven Levitt and Stephen J. Dubner,none stated,,1
"Growth Hacker Marketing: A Primer on the Future of PR, Marketing and Advertising",http://www.amazon.com/Growth-Hacker-Marketing-Primer-Advertising-ebook/dp/B00EWPMUKM/ref=sr_1_1?ie=UTF8&qid=1406711248&sr=8-1&keywords=growth+hacking&tag=zeef-20,amazon.com,bekatom/awesome-growth-hacking,Books,,other (see repo LICENSE),,1
How to Be a Graphic Designer without Losing Your Soul,https://www.amazon.com/Graphic-Designer-without-Losing-Expanded/dp/1568989830,amazon.com,gztchan/awesome-design,Book,,CC0-1.0 (stated in README),,1
How To Measure Anything,http://www.amazon.com/How-Measure-Anything-Intangibles-Business/dp/1118539273,amazon.com,ProductHired/open-product-management,Books > Leadership,Douglas W. Hubbard,none stated,,1
"Influence: The Psychology of Persuasion, Revised Edition",http://www.amazon.com/Influence-Psychology-Persuasion-Revised-Edition/dp/006124189X/ref=sr_1_1?ie=UTF8&qid=1407249302&sr=8-1&keywords=the+psychology+of+persuasion&tag=zeef-20,amazon.com,bekatom/awesome-growth-hacking,Books,,other (see repo LICENSE),,1
Inspired - How to Create Products Customers Love,http://www.amazon.com/gp/product/B001AQ95UY?btkr=1,amazon.com,ProductHired/open-product-management,Books > Design,Marty Cagan,none stated,,1
It’s Your Ship: Management Techniques from the Best Damn Ship in the Navy​,http://www.amazon.com/Its-Your-Ship-Management-Techniques/dp/145552302X,amazon.com,ProductHired/open-product-management,Books > Startups,Michael Abrashoff,none stated,,1
JavaScript and JQuery,https://www.amazon.com/JavaScript-JQuery-Interactive-Front-End-Development/dp/1118531647/ref=as_li_ss_tl?ie=UTF8&qid=1443455024&sr=8-1&keywords=javascript&linkCode=sl1&tag=amazonbook10-20&linkId=e2058acefb720ac58495e18a0567a33b,amazon.com,ProductHired/open-product-management,Books > Product Development,Interactive front-end web development book,none stated,,1
Joel on Software,http://www.amazon.com/Joel-Software-Occasionally-Developers-Designers/dp/1590593898,amazon.com,ProductHired/open-product-management,Books > Product Development,Joel Spolsky,none stated,,1
Lean Analytics: Use Data to Build a Better Startup Faster,http://www.amazon.com/Lean-Analytics-Better-Startup-Faster-ebook/dp/B00AG66LTM/ref=sr_1_1?s=digital-text&ie=UTF8&qid=1407249124&sr=1-1&keywords=lean+analytics&tag=zeef-20,amazon.com,bekatom/awesome-growth-hacking,Books,,other (see repo LICENSE),,1
Lean UX: Applying Lean Principles to Improve User Experience,https://www.amazon.com/Lean-UX-Applying-Principles-Experience/dp/1449311652,amazon.com,gztchan/awesome-design,Book,,CC0-1.0 (stated in README),,1
Lovability: How to Build a Business That People Love and Be Happy Doing It,https://amazon.com/Lovability-Build-Business-People-Happy-ebook/dp/B06XJ9RGNY/,amazon.com,ProductHired/open-product-management,Books > Product Development,Brian de Haaff,none stated,,1
Making It Right: Product Management For A Startup World,https://www.amazon.com/dp/B00M0KTVTO/?tag=leavethegreat-20,amazon.com,ProductHired/open-product-management,Books > Product Development,Rian Van Der Merwe,none stated,,1
Managing Humans,http://www.amazon.com/gp/product/1430243147/ref=as_li_ss_tl?ie=UTF8&camp=1789&creative=390957&creativeASIN=1430243147&linkCode=as2&tag=httpstwit071f-20,amazon.com,ProductHired/open-product-management,Books > Leadership,Former Manager at Apple,none stated,,1
Peopleware,http://www.amazon.com/gp/product/0321934113/ref=pd_lpo_sbs_dp_ss_3?pf_rd_p=1944687462&pf_rd_s=lpo-top-stripe-1&pf_rd_t=201&pf_rd_i=0201835959&pf_rd_m=ATVPDKIKX0DER&pf_rd_r=1E20VC37Q8W2VN696453,amazon.com,ProductHired/open-product-management,Books > Marketing,Tom DeMarco,none stated,,1
Persuasive Technology: Using Computers to Change What We Think and Do,http://www.amazon.com/Persuasive-Technology-Computers-Interactive-Technologies/dp/1558606432/ref=sr_1_1?s=books&ie=UTF8&qid=1331129541&sr=1-1&tag=zeef-20,amazon.com,bekatom/awesome-growth-hacking,Books,,other (see repo LICENSE),,1
Predictably Irrational,http://www.amazon.com/Predictably-Irrational-Revised-Expanded-Decisions/dp/0061353248,amazon.com,ProductHired/open-product-management,Books > Leadership,Dan Ariely,none stated,,1
Seductive Interaction Design,http://www.amazon.com/gp/product/0321725522/,amazon.com,batoreh/awesome-ux,Books,,CC0-1.0,,1
"Simple and Usable Web, Mobile, and Interaction Design",https://www.amazon.com/gp/product/0321703545,amazon.com,gztchan/awesome-design,Book,,CC0-1.0 (stated in README),,1
Startup Growth Engines: Case Studies of How Today's Most Successful Startups Unlock Extraordinary Growth,http://www.amazon.com/Startup-Growth-Engines-Successful-Extraordinary-ebook/dp/B00LA95B68/ref=sr_1_2?ie=UTF8&qid=1407249188&sr=8-2&keywords=growth+hacking&tag=zeef-20,amazon.com,bekatom/awesome-growth-hacking,Books,,other (see repo LICENSE),,1
Switch: How to Change Things When Change is Hard​,http://www.amazon.com/Switch-Change-Things-When-Hard/dp/0385528752,amazon.com,ProductHired/open-product-management,Books > Leadership,Chip and Dan Heath,none stated,,1
Team Geek,http://www.amazon.com/Team-Geek-Software-Developers-Working/dp/1449302440/ref=sr_1_1?s=books&ie=UTF8&qid=1414877530&sr=1-1&keywords=team+geek,amazon.com,ProductHired/open-product-management,Books > Product Development,Brian Fitzpatrick,none stated,,1
The 4 steps to the Epiphany,http://www.amazon.com/Four-Steps-Epiphany-Steve-Blank/dp/0989200507,amazon.com,ProductHired/open-product-management,Books > Startups,Steve Blank,none stated,,1
The 7 Habits of Highly Effective People,http://www.amazon.com/Habits-Highly-Effective-People-Powerful/dp/1451639619,amazon.com,ProductHired/open-product-management,Books > Leadership,Stephen R. Covey,none stated,,1
The Art of Product Management: Lessons from a Silicon Valley Innovator,http://www.amazon.com/The-Art-Product-Management-Innovator/dp/1439216061,amazon.com,ProductHired/open-product-management,Books > Product Development,Rich Mironov,none stated,,1
The Black Swan,http://www.amazon.com/gp/product/081297381X/ref=wsirn_dp_u_b_T2_20_1_d?tag=zeef-20,amazon.com,bekatom/awesome-growth-hacking,Books,,other (see repo LICENSE),,1
The Death and Life of Great American Cities,http://www.amazon.com/Death-Life-Great-American-Cities/dp/067974195X,amazon.com,ProductHired/open-product-management,Books > Leadership,Jane Jacobs,none stated,,1
The Design of Everyday Things by Don Norman,http://www.amazon.com/dp/0465050654/,amazon.com,batoreh/awesome-ux,Books,,CC0-1.0,,1
The Elements of Graphic Design,https://www.amazon.com/Elements-Graphic-Design-Second/dp/1581157622/,amazon.com,gztchan/awesome-design,Book,,CC0-1.0 (stated in README),,1
"The Elements of User Experience: User-Centered Design for the Web and Beyond, 2nd Edition",https://www.amazon.com/Elements-User-Experience-User-Centered-Design/dp/0321683684,amazon.com,ProductHired/open-product-management,Books > Design,Jesse James Garrett,none stated,,1
The Everything Store: Jeff Bezos and the Age of Amazon,http://www.amazon.com/gp/product/0316219266/ref=as_li_ss_tl?ie=UTF8&camp=1789&creative=390957&creativeASIN=0316219266&linkCode=as2&tag=httpstwit071f-20,amazon.com,ProductHired/open-product-management,Books > Leadership,Brad Stone,none stated,,1
The Four Steps to the Epiphany,http://www.amazon.com/Four-Steps-Epiphany-Steve-Blank/dp/0989200507/ref=sr_1_1?ie=UTF8&qid=1407249162&sr=8-1&keywords=steps+to+the+epiphany&tag=zeef-20,amazon.com,bekatom/awesome-growth-hacking,Books,,other (see repo LICENSE),,1
The Go Programming Language,https://www.amazon.com/Programming-Language-Addison-Wesley-Professional-Computing/dp/0134190440,amazon.com,ProductHired/open-product-management,Books > Product Development,The authoritative resource for learning Go,none stated,,1
The Hard Thing About Hard Things,http://www.amazon.com/Hard-Thing-About-Things-Building/dp/0062273205/,amazon.com,ProductHired/open-product-management,Books > Startups,Ben Horowitz,none stated,,1
The Hard Thing About Hard Things: Building a Business When There Are No Easy Answers,http://www.amazon.com/The-Hard-Thing-About-Things/dp/0062273205/ref=sr_1_1?ie=UTF8&qid=1407249356&sr=8-1&keywords=the+hard+thing+about+hard+things&tag=zeef-20,amazon.com,bekatom/awesome-growth-hacking,Books,,other (see repo LICENSE),,1
The Hidden Forces That Shape Our Decisions,http://www.amazon.com/Predictably-Irrational-Revised-Expanded-Edition/dp/0061353248/ref=sr_1_1?ie=UTF8&qid=1407249326&sr=8-1&keywords=predictably+irrational&tag=zeef-20,amazon.com,bekatom/awesome-growth-hacking,Books,,other (see repo LICENSE),,1
The Innovator's DNA: Mastering the Five Skills of Disruptive Innovators,https://www.amazon.com/Innovators-DNA-Mastering-Skills-Disruptive/dp/1422134814/ref=asap_bc?ie=UTF8,amazon.com,ProductHired/open-product-management,Books > Startups,Clayton Christensen,none stated,,1
The Innovator's Solution: Creating and Sustaining Successful Growth,https://www.amazon.com/Innovators-Solution-Creating-Sustaining-Successful/dp/1578518520,amazon.com,ProductHired/open-product-management,Books > Startups,Clayton Christensen,none stated,,1
The Lean Product Playbook,http://www.amazon.com/The-Lean-Product-Playbook-Innovate/dp/1118960874,amazon.com,ProductHired/open-product-management,Books > Startups,Dan Olsen,none stated,,1
The Lean Startup,http://www.amazon.com/The-Lean-Startup-Entrepreneurs-Continuous/dp/0307887898/ref=sr_1_1?ie=UTF8&qid=1407249176&sr=8-1&keywords=lean+startup&tag=zeef-20,amazon.com,bekatom/awesome-growth-hacking,Books,,other (see repo LICENSE),,1
The Mythical Man-Month,http://www.amazon.com/The-Mythical-Man-Month-Engineering-Anniversary/dp/0201835959,amazon.com,ProductHired/open-product-management,Books > Product Development,Frederick Brooks,none stated,,1
The Score Takes Care of Itself​,http://www.amazon.com/Score-Takes-Care-Itself-Philosophy/dp/1591843472/,amazon.com,ProductHired/open-product-management,Books > Leadership,"Bill Walsh, Steve Jamison & Craig Walsh",none stated,,1
The Timeless Way of Building,http://www.amazon.com/Timeless-Way-Building-Christopher-Alexander/dp/0195024028,amazon.com,ProductHired/open-product-management,Books > Product Development,Christopher Alexander,none stated,,1
The Tipping Point: How Little Things Can Make a Big Difference,http://www.amazon.com/The-Tipping-Point-Little-Difference-ebook/dp/B000OT8GD0,amazon.com,ProductHired/open-product-management,Books > Leadership,Malcolm Gladwell,none stated,,1
The User Experience Team Of One,https://www.amazon.com/User-Experience-Team-One-Research/dp/1933820187,amazon.com,batoreh/awesome-ux,Books,,CC0-1.0,,1
The UX Book: Process and Guidelines for Ensuring a Quality User Experience,https://www.amazon.com/UX-Book-Guidelines-Ensuring-Experience/dp/0123852412,amazon.com,gztchan/awesome-design,Book,,CC0-1.0 (stated in README),,1
The Wisdom of Crowds,http://www.amazon.com/The-Wisdom-Crowds-James-Surowiecki/dp/0385721706/ref=sr_1_1?ie=UTF8&qid=1407249217&sr=8-1&keywords=wisdom+of+the+crowd&tag=zeef-20,amazon.com,bekatom/awesome-growth-hacking,Books,,other (see repo LICENSE),,1
Thinking with Type,https://www.amazon.com/gp/product/1568989695/,amazon.com,gztchan/awesome-design,Book,,CC0-1.0 (stated in README),,1
"Thinking, Fast and Slow",http://www.amazon.com/Thinking-Fast-Slow-Daniel-Kahneman/dp/0374533555/ref=sr_1_1?ie=UTF8&qid=1407249259&sr=8-1&keywords=thinking+fast+and+slow&tag=zeef-20,amazon.com,bekatom/awesome-growth-hacking,Books,,other (see repo LICENSE),,1
Traction,http://www.amazon.com/Traction-Startup-Achieve-Explosive-Customer-ebook/dp/B00TY3ZOMS,amazon.com,ProductHired/open-product-management,Books > Startups,Gabriel Weinberg,none stated,,1
Universal Methods of Design,https://www.amazon.com/Universal-Methods-Design-Innovative-Effective/dp/1592537561/ref=pd_sim_14_3?ie=UTF8&psc=1&refRID=2NG71RWR7MKGXE1B8GZ3,amazon.com,gztchan/awesome-design,Book,,CC0-1.0 (stated in README),,1
Universal Principles of Design,https://www.amazon.com/Universal-Principles-Design-Revised-Updated/dp/1592535879/ref=sr_1_2?s=books&ie=UTF8&qid=1473096298&sr=1-2&keywords=Universal+Methods+of+Design,amazon.com,gztchan/awesome-design,Book,,CC0-1.0 (stated in README),,1
"UX for Lean Startups: Faster, Smarter User Experience Research and Design",http://www.amazon.com/UX-Lean-Startups-Experience-Research-ebook/dp/B00CMFJZ1Q/ref=sr_1_2?s=digital-text&ie=UTF8&qid=1407249124&sr=1-2&keywords=lean+analytics&tag=zeef-20,amazon.com,bekatom/awesome-growth-hacking,Books,,other (see repo LICENSE),,1
Web Form Design: Filling in the Blanks by Luke Wroblewski,http://www.amazon.com/gp/product/1933820241,amazon.com,batoreh/awesome-ux,Books,,CC0-1.0,,1
What Every BODY Is Saying​,http://www.amazon.com/What-Every-BODY-Saying-Speed-Reading/dp/0061438294/,amazon.com,ProductHired/open-product-management,Books > Leadership,Joe Navarro,none stated,,1
The Determinants of Goal Commitment,http://amr.aom.org/content/13/1/23.abstract,amr.aom.org,domenicosolazzo/awesome-okr,Research,"The concept and measurement of commitment to goals, a key aspect of goal-setting theory, are discussed. The strength of the relationship between commitment and performance is asserted to depend on the amount of variance in commitment",CC0-1.0,,1
Android Niceties,https://androidniceties.tumblr.com/,androidniceties.tumblr.com,ttt30ga/awesome-product-design,UI > Inspiration,Aiming to provide inspiration and insight into Android UI conventions,CC0-1.0,,1
MVP.css,https://andybrewer.github.io/mvp/,andybrewer.github.io,bradtraversy/design-resources-for-developers,CSS Frameworks,"A minimalist stylesheet for HTML elements. No class names, no frameworks, just semantic HTML and you're done",MIT,,1
Angry Tools,https://angrytools.com/,angrytools.com,bradtraversy/design-resources-for-developers,Others,Free web tools for speed up your development,MIT,,1
AniJS,http://anijs.github.io/,anijs.github.io,bradtraversy/design-resources-for-developers,CSS Animations,AniJS is an animation library that allows you to add animations to elements in a simple ‘sentence-like’ structure,MIT,,1
Anima,https://www.animaapp.com/,animaapp.com,LisaDziuba/Awesome-Design-Tools,Design to Code Tools,a web app with a Sketch plugin that converts Sketch to HTML,MIT,,1
Animate.css,https://animate.style/,animate.style,bradtraversy/design-resources-for-developers,CSS Animations,Just-add-water CSS animations,MIT,,1
Animaticons,http://animaticons.co/,animaticons.co,LisaDziuba/Awesome-Design-Tools,Icons Tools,"a growing set of beautiful, high-resolution, animated GIF icons that you can customize",MIT,,1
Anime.js,https://animejs.com/,animejs.com,bradtraversy/design-resources-for-developers,CSS Animations,"Anime.js (/ˈæn.ə.meɪ/) is a lightweight JavaScript animation library with a simple, yet powerful API. It works with CSS properties, SVG, DOM attributes and JavaScript Objects",MIT,,1
Animista,http://animista.net/,animista.net,bradtraversy/design-resources-for-developers,CSS Animations,CSS Animations On Demand,MIT,,1
Animoto Video Maker,https://animoto.com/apps/online-video-maker,animoto.com,bradtraversy/design-resources-for-developers,Online Design Tools,Make videos online,MIT,,1
AnimXYZ,https://animxyz.com/,animxyz.com,bradtraversy/design-resources-for-developers,CSS Animations,"AnimXYZ helps you create, customize, and compose animations for your website. Built for Vue, React, SCSS, and CSS",MIT,,1
Just Color Picker,http://annystudio.com/software/colorpicker/,annystudio.com,LisaDziuba/Awesome-Design-Tools,Color Picker Tools,Free portable offline color picker and color editor,MIT,,1
AntV,https://ant-design-charts.antgroup.com/en/,ant-design-charts.antgroup.com,bradtraversy/design-resources-for-developers,Javascript Chart Libraries,"Ant Design Charts, free JS Charts library for dynamic data with excellent documentation",MIT,,1
Alibaba Ant Design,https://ant.design,ant.design,alexpate/awesome-design-systems,Design Systems,,Unlicense,,1
Antdv,https://antdv.com/,antdv.com,bradtraversy/design-resources-for-developers,Vue UI Libraries,UI library for Vue based on Ant Design,MIT,,1
Wave UI,https://antoniandre.github.io/wave-ui/,antoniandre.github.io,bradtraversy/design-resources-for-developers,Vue UI Libraries,A Vue.js UI framework with only the bright side,MIT,,1
Anyway.fm - 设计杂谈,http://anyway.fm/,anyway.fm,gztchan/awesome-design,Podcast,是一档播客节目，由 UI 设计师 JJ Ying 和 Leon Gao 主播，我们的目标是让你的听觉更懂视觉。,CC0-1.0 (stated in README),,1
ApexCharts.Js,https://apexcharts.com/,apexcharts.com,bradtraversy/design-resources-for-developers,Javascript Chart Libraries,Modern & Interactive Open-source Charts,MIT,,1
Apifox,https://apifox.cn,apifox.cn,bradtraversy/design-resources-for-developers,Others,Apifox = Postman + Swagger + Mock + JMeter,MIT,,1
APMList Resume Reviews,https://apmlist.com/resources,apmlist.com,ProductHired/open-product-management,Career Prep: Resume,$25 resume reviews by a PM at Yahoo,none stated,,1
Beginning Customer Development,https://app.convertkit.com/kevindewalt/beginning-customer-development_ebook,app.convertkit.com,ProductHired/open-product-management,Books > Startups,Kevin Dewalt,none stated,,1
DB Designer,https://app.dbdesigner.net/,app.dbdesigner.net,bradtraversy/design-resources-for-developers,Online Design Tools,Design your database for free online,MIT,,1
Haikei,https://app.haikei.app/,app.haikei.app,bradtraversy/design-resources-for-developers,Vectors & Clip Art,An awesome multishape web app,MIT,,1
Heazy,https://app.heazy.studio/,app.heazy.studio,bradtraversy/design-resources-for-developers,Vectors & Clip Art,Unique vector assets within seconds,MIT,,1
Naker.Back,https://app.naker.io/back,app.naker.io,LisaDziuba/Awesome-Design-Tools,Animation Tools,integrate an interactive background for free to draw more attention to your website,MIT,,1
Poxi,http://app.poxi.rocks/,app.poxi.rocks,LisaDziuba/Awesome-Design-Tools,Pixel Art Tools,a flat pixel art editor,MIT,,1
AnswerLens,https://app.sfdj.net/,app.sfdj.net,bekatom/awesome-growth-hacking,Tools,"Audits public B2B SaaS evidence gaps before growth teams rewrite pricing, proof, docs, or trust pages",other (see repo LICENSE),,1
Beginning iOS Programming,https://www.appcoda.com/,appcoda.com,ProductHired/open-product-management,Development,"Books and courses, learn to build an iOS app from scratch",none stated,,1
Appcues,https://appcues.com,appcues.com,samber/awesome-user-research,Product tours & onboarding,No-code user onboarding and product tours,CC-BY-4.0,,1
appicon,https://appicon.co/,appicon.co,bradtraversy/design-resources-for-developers,Icons,"Quickly generate app icons in different sizes for your IOS, macOS and Android projects",MIT,,1
App Motion,https://appmotion.design/,appmotion.design,bradtraversy/design-resources-for-developers,Design Inspiration,"Explore the best, hand-picked app motion design",MIT,,1
Appoint.ly,https://appoint.ly,appoint.ly,LisaDziuba/Awesome-Design-Tools,User Research Tools,a web-based scheduling tool that helps to schedule meetings quickly through the integration with calendars online,MIT,,1
Appsounds,https://appsounds.pro/,appsounds.pro,LisaDziuba/Awesome-Design-Tools,Sound Design,"UI Sound packs for apps, games, and any product",MIT,,1
twilighter,http://www.appsumo.com/twilighter/?rf=brws,appsumo.com,bekatom/awesome-growth-hacking,Tools,,other (see repo LICENSE),,1
appydev,https://appydev.co/,appydev.co,bradtraversy/design-resources-for-developers,Others,"A collection of awesome tools, resources and products for people who create and live on the internet",MIT,,1
Arabic fonts,https://arabicfonts.net/,arabicfonts.net,bradtraversy/design-resources-for-developers,Fonts,Arabic fonts for free,MIT,,1
Arco Design,https://arco.design/en-US,arco.design,bradtraversy/design-resources-for-developers,React UI Libraries,A comprehensive React UI components library based on the Arco Design system,MIT,,1
Arco Design Vue,https://arco.design/vue/en-US/docs/start,arco.design,bradtraversy/design-resources-for-developers,Vue UI Libraries,A comprehensive Vue UI components library based on the Arco Design system,MIT,,1
Arena by Dravensoft,https://arena.dravensoft.org,arena.dravensoft.org,alexpate/awesome-design-systems,Design Systems,,Unlicense,,1
Artboard Studio,https://artboard.studio/,artboard.studio,LisaDziuba/Awesome-Design-Tools,Mockup Tools,online graphic design application mainly focused on product mockups,MIT,,1
ArtboardLab,https://artboardlab.com/tools/,artboardlab.com,bradtraversy/design-resources-for-developers,Online Design Tools,"Open Adobe Illustrator .ai files without Illustrator: preview every artboard and export it as SVG, PNG (up to 4x, transparent) or PDF. Also image compression, halftone and noise-texture generators, and print/pixel unit converters. Everything runs in the browser, so files are never uploaded",MIT,,1
Starting user research,https://articles.uie.com/starting_user_research/,articles.uie.com,batoreh/awesome-ux,Articles > User Research,,CC0-1.0,,1
UIE,https://articles.uie.com/,articles.uie.com,gztchan/awesome-design,Read and Digest,helps people have the expertise they need to deliver better design,CC0-1.0 (stated in README),,1
Artwxrk,https://www.artwxrk.com,artwxrk.com,gztchan/awesome-design,Read and Digest,,CC0-1.0 (stated in README),,1
Asana,https://asana.com/,asana.com,LisaDziuba/Awesome-Design-Tools,Collaboration Tools,"the work management platform teams use to stay focused on the goals, projects, and daily tasks that grow business",MIT,,1
Aseprite,https://www.aseprite.org/,aseprite.org,LisaDziuba/Awesome-Design-Tools,Pixel Art Tools,animated sprite editor & pixel art tool,MIT,,1
Asphalt,https://asphalt.gojek.io/,asphalt.gojek.io,bradtraversy/design-resources-for-developers,Design Systems & Style Guides,Gojek’s design language system. A collection of guidelines and components to create amazing user experiences,MIT,,1
Asset Melt,https://assetmelt.com,assetmelt.com,bradtraversy/design-resources-for-developers,Image Compression,"Free browser-based image compressor & converter with batch processing, size budgets and AVIF/WebP/JXL/MozJPEG/Oxipng codecs (runs fully in the browser)",MIT,,1
Astro UXDS,https://astrouxds.com/,astrouxds.com,alexpate/awesome-design-systems,Design Systems,,Unlicense,,1
Meta Astryx,https://astryx.atmeta.com/,astryx.atmeta.com,alexpate/awesome-design-systems,Design Systems,,Unlicense,,1
asvg,https://asvg.app/,asvg.app,bradtraversy/design-resources-for-developers,Logos,"Free SVG, PNG, and WebP logos, icons, and flags",MIT,,1
AT UIKIT,https://at-ui.github.io/at-ui/#/en,at-ui.github.io,alexpate/awesome-design-systems,Design Systems,,Unlicense,,1
AT-UI,https://at-ui.github.io/at-ui/#/en,at-ui.github.io,bradtraversy/design-resources-for-developers,Vue UI Libraries,AT-UI is a modular front-end UI framework for developing fast and powerful web interfaces based on Vue.js,MIT,,1
15 great insights from the Google OKR video,https://www.atiim.com/blog/15-great-insights-from-the-google-okr-video/,atiim.com,domenicosolazzo/awesome-okr,Articles,Great insights from the most famous video about OKR,CC0-1.0,,1
Definitive guide to OKRs (Ebook) by Atiim,https://www.atiim.com/resources/definitive-guide-to-okrs/,atiim.com,domenicosolazzo/awesome-okr,Guides,Ebook describing how to set OKRs,CC0-1.0,,1
Full Transcription of Google OKR Video – How Google Sets Goals Using OKRs,https://www.atiim.com/google-okr-objectives-key-results-video-transcript/,atiim.com,domenicosolazzo/awesome-okr,Articles,The full transcript from the most famous video about OKRs,CC0-1.0,,1
Google Releases a New Guide to Setting Goals with OKRs,https://www.atiim.com/blog/google-releases-a-new-guide-to-setting-goals-with-okrs/,atiim.com,domenicosolazzo/awesome-okr,Articles,Great insights from the new Google's guide about OKRs,CC0-1.0,,1
How to Set OKR Goals like Google: Top 10 Tips by Atiim,https://www.atiim.com/resources/okr-top-10-tips/,atiim.com,domenicosolazzo/awesome-okr,Guides,10 tips about how to set OKRs like Google,CC0-1.0,,1
How to Use KPIs with OKRs,https://www.atiim.com/blog/how-to-use-kpis-with-okrs/,atiim.com,domenicosolazzo/awesome-okr,Articles,How to connect KPI and OKRs together,CC0-1.0,,1
List of companies that use OKRs,https://www.atiim.com/blog/top-companies-that-use-okrs/,atiim.com,domenicosolazzo/awesome-okr,Articles,A list of the top companies using OKRs,CC0-1.0,,1
OKR Goals Examples,https://www.atiim.com/okr-goals-examples/,atiim.com,domenicosolazzo/awesome-okr,Examples,A comprehensive list of OKR goal examples for all kind of teams and levels,CC0-1.0,,1
OKRs: The New Solution to Managing Your Freelancers,https://www.atiim.com/blog/okrs-new-solution-managing-freelancers/,atiim.com,domenicosolazzo/awesome-okr,Articles,How to hire and align freelancers using OKRs,CC0-1.0,,1
The biggest pitfalls of OKRs and how to avoid them,https://www.atiim.com/blog/the-biggest-pitfalls-of-okrs-and-how-to-avoid-them/,atiim.com,domenicosolazzo/awesome-okr,Articles,Some common issues while adopting OKRs,CC0-1.0,,1
The Smart Way to Set OKR,https://www.atiim.com/download-okr-checklist/,atiim.com,domenicosolazzo/awesome-okr,Guides,Simple checklist about how to set OKRs,CC0-1.0,,1
What are OKRs?,https://www.atiim.com/okr/,atiim.com,domenicosolazzo/awesome-okr,Articles,Basics about what OKRs are,CC0-1.0,,1
What Twitter’s CEO Learned from Google,https://www.atiim.com/blog/what-twitters-ceo-learned-from-google/,atiim.com,domenicosolazzo/awesome-okr,Articles,An interview with Dick Costolo about OKRs at Twitter,CC0-1.0,,1
Jobber,https://atlantis.getjobber.com,atlantis.getjobber.com,alexpate/awesome-design-systems,Design Systems,(🔱 Atlantis),Unlicense,,1
Adjust Atlas,https://atlas.adeven.com,atlas.adeven.com,alexpate/awesome-design-systems,Design Systems,,Unlicense,,1
AtlasKit,https://atlaskit.atlassian.com/,atlaskit.atlassian.com,bradtraversy/design-resources-for-developers,Design Systems & Style Guides,"Atlassian's official UI library, built according to the Atlassian Design Guidelines",MIT,,1
Agile Archives - Atlassian Blog,https://www.atlassian.com/blog/agile,atlassian.com,lorabv/awesome-agile,Blogs and Podcasts,,CC0-1.0,,1
Jira,https://www.atlassian.com/software/jira,atlassian.com,LisaDziuba/Awesome-Design-Tools,Collaboration Tools,software development tool used by agile teams,MIT,,1
Remote Product Management Tips,https://www.atlassian.com/agile/product-management/remote-product-management,atlassian.com,dend/awesome-product-management,Articles > Product Strategy & Planning,By Atlassian,CC0-1.0,,1
Atlassian,https://www.atlassian.design/,atlassian.design,gztchan/awesome-design,Styleguide and Branding,,CC0-1.0 (stated in README),,1
Atlassian Design System,https://atlassian.design,atlassian.design,alexpate/awesome-design-systems,Design Systems,,Unlicense,,1
Atmos,https://atmos.style/,atmos.style,ttt30ga/awesome-product-design,Visual > Colors,Everything you need to create color palettes,CC0-1.0,,1
Atomic,https://www.atomic.io/,atomic.io,gztchan/awesome-design,Prototyping,The prototyping tool designed for teams,CC0-1.0 (stated in README),,1
AtomicMotion UI,https://atomicmotion.dev/,atomicmotion.dev,bradtraversy/design-resources-for-developers,React UI Libraries,"Open-source collection of copy-paste micro-interactions and animated UI components built with React, TypeScript, Framer Motion, and Tailwind CSS",MIT,,1
Atomize,https://atomizecode.com/,atomizecode.com,bradtraversy/design-resources-for-developers,Design Systems & Style Guides,UI framework that helps developers collaborate with designers and build consistent user interfaces effortlessly,MIT,,1
Atropos,https://atroposjs.com/,atroposjs.com,bradtraversy/design-resources-for-developers,Javascript Animation Libraries,"Atropos is a lightweight, free and open-source JavaScript library to create stunning touch-friendly 3D parallax hover effects",MIT,,1
Attack the Front,http://attackthefront.com,attackthefront.com,gztchan/awesome-design,Read and Digest,,CC0-1.0 (stated in README),,1
End-End Product Management Lifecycle,http://attackwithnumbers.com/i-love-product-management,attackwithnumbers.com,ProductHired/open-product-management,Resource Repositories,A list of articles from what is it to becoming a great Product Manager,none stated,,1
Audi,https://www.audi.com/ci/en/renewed-brand.html,audi.com,gztchan/awesome-design,Styleguide and Branding,Audi Corporate Identity Portal,CC0-1.0 (stated in README),,1
Audi Design Resources,https://www.audi.com/ci/en/guides/user-interface/introduction.html,audi.com,bradtraversy/design-resources-for-developers,Design Systems & Style Guides,Audi UI design system and toolkit,MIT,,1
AudioJungle,https://audiojungle.net/,audiojungle.net,LisaDziuba/Awesome-Design-Tools,Sound Design,"836,206 tracks and sounds from the community of musicians and sound engineers",MIT,,1
Alaska Airlines,https://auro.alaskaair.com/,auro.alaskaair.com,alexpate/awesome-design-systems,Design Systems,,Unlicense,,1
The Hacker's Guide to User Acquisition,http://austenallred.com/user-acquisition/book/chapter/press/,austenallred.com,bekatom/awesome-growth-hacking,Articles,,other (see repo LICENSE),,1
Austin Voice of Product,https://austinvop.com,austinvop.com,ProductHired/open-product-management,Newsletters,Product newsletter making the Austin product community stronger,none stated,,1
Autodesk,https://www.autodesk.com/products/fusion-360/overview,autodesk.com,LisaDziuba/Awesome-Design-Tools,Three D Modeling Software,"integrated CAD, CAM, and CAE software. Unify design, engineering, and manufacturing into a single platform",MIT,,1
Maya,https://www.autodesk.com/products/maya/overview,autodesk.com,LisaDziuba/Awesome-Design-Tools,Three D Modeling Software,"make animations, environments, motion graphics, virtual reality, and character creation, all in one toolset",MIT,,1
Ultimate Growth Hacker Resources,http://autosend.io/growth-hacker-resources/,autosend.io,bekatom/awesome-growth-hacking,Resources,,other (see repo LICENSE),,1
Avataaars,https://avataaars.com/,avataaars.com,bradtraversy/design-resources-for-developers,UI Graphics,Free sketch library of avatars illustrations by Pablo Stanley,MIT,,1
Avocode,https://avocode.com,avocode.com,LisaDziuba/Awesome-Design-Tools,Design Handoff Tools,open designs without design tools. Export images without preparing layers. Click on layers to get code,MIT,,1
Axure,https://www.axure.com/,axure.com,gztchan/awesome-design,Prototyping,Design the right solution and align your team,CC0-1.0 (stated in README),,1
Axure RP,https://www.axure.com/,axure.com,LisaDziuba/Awesome-Design-Tools,Prototyping Tools,"wireframing, prototyping, collaboration & specifications generation",MIT,,1
Baianat,https://www.baianat.com/resources/,baianat.com,gztchan/awesome-design,Read and Digest,,CC0-1.0 (stated in README),,1
Balsamiq Cloud,https://balsamiq.cloud/,balsamiq.cloud,LisaDziuba/Awesome-Design-Tools,Wireframing Tools,"effortless UI sketching. Capture your ideas, collaborate on your designs, get everyone on board",MIT,,1
barba.js,https://barba.js.org/,barba.js.org,bradtraversy/design-resources-for-developers,Javascript Animation Libraries,Create fluid and smooth transitions between your website’s pages,MIT,,1
Baremetrics for Slack,https://baremetrics.com/features/slack-tools,baremetrics.com,ProductHired/open-product-management,Analytics,"Subscription analytics, insights & notifications in Slack",none stated,,1
7 Powers: The Foundations of Business Strategy,https://www.barnesandnoble.com/w/7-powers-hamilton-helmer/1125041039,barnesandnoble.com,dend/awesome-product-management,Books > Engineering & Technical,By Hamilton Helmer,CC0-1.0,,1
Build: An Unorthodox Guide to Making Things Worth Making,https://www.barnesandnoble.com/w/build-tony-fadell/1140408161,barnesandnoble.com,dend/awesome-product-management,Books > Product Development & Process,By Tony Fadell,CC0-1.0,,1
"Business Model Generation: A Handbook for Visionaries, Game Changers, and Challengers",https://www.barnesandnoble.com/w/business-model-generation-alexander-osterwalder/1020903233,barnesandnoble.com,dend/awesome-product-management,Books > Product Strategy & Planning,By Alexander Osterwalder and Yves Pigneur,CC0-1.0,,1
Continuous Discovery Habits: Discover Products that Create Customer Value and Business Value,https://www.barnesandnoble.com/w/continuous-discovery-habits-teresa-torres/1139454943,barnesandnoble.com,dend/awesome-product-management,Books > Customer Research & User Experience,By Teresa Torres,CC0-1.0,,1
"Creativity, Inc.: Overcoming the Unseen Forces That Stand in the Way of True Inspiration",https://www.barnesandnoble.com/w/creativity-inc-ed-catmull/1115696843,barnesandnoble.com,dend/awesome-product-management,Books > Team Leadership & Management,By Ed Catmull and Amy Wallace,CC0-1.0,,1
Crossing The Chasm,https://www.barnesandnoble.com/w/crossing-the-chasm-3rd-edition-geoffrey-a-moore/1116092388?ean=9780062292988,barnesandnoble.com,dend/awesome-product-management,Books > Product Strategy & Planning,By Geoffrey A. Moore,CC0-1.0,,1
Don't Make Me Think: A Common Sense Approach to Web Usability,https://www.barnesandnoble.com/w/dont-make-me-think-revisited-steve-krug/1116173905,barnesandnoble.com,dend/awesome-product-management,Books > Customer Research & User Experience,By Steve Krug,CC0-1.0,,1
"EMPOWERED: Ordinary People, Extraordinary Products",https://www.barnesandnoble.com/w/empowered-marty-cagan/1137059391?ean=9781119691297,barnesandnoble.com,dend/awesome-product-management,Books > Product Management Fundamentals,"By Marty Cagan, Chris Jones",CC0-1.0,,1
Evidence-Guided: Creating High Impact Products in the Face of Uncertainty,https://www.barnesandnoble.com/w/evidence-guided-itamar-gilad/1144237485,barnesandnoble.com,dend/awesome-product-management,Books > Customer Research & User Experience,By Itamar Gilad,CC0-1.0,,1
"Good Strategy, Bad Strategy",https://www.barnesandnoble.com/w/good-strategy-bad-strategy-richard-rumelt/1101087922?ean=9780307886231,barnesandnoble.com,dend/awesome-product-management,Books > Product Strategy & Planning,By Richard Rumelt,CC0-1.0,,1
High Output Management,https://www.barnesandnoble.com/w/high-output-management-andrew-s-grove/1000970775,barnesandnoble.com,dend/awesome-product-management,Books > Engineering & Technical,By Andrew S. Grove,CC0-1.0,,1
Hooked: How to Build Habit-Forming Products,https://www.barnesandnoble.com/w/hooked-nir-eyal/1119342753,barnesandnoble.com,dend/awesome-product-management,Books > Product Development & Process,By Nir Eyal,CC0-1.0,,1
Influence: The Psychology of Persuasion,https://www.barnesandnoble.com/w/influence-new-and-expanded-robert-b-cialdini-phd/1137838452,barnesandnoble.com,dend/awesome-product-management,Books > Psychology & Behavioral Change,By Robert B. Cialdini,CC0-1.0,,1
Inspired: How to Create Tech Products Customers Love,https://www.barnesandnoble.com/w/inspired-marty-cagan/1127308294,barnesandnoble.com,dend/awesome-product-management,Books > Product Management Fundamentals,By Marty Cagan,CC0-1.0,,1
Made to Stick: Why Some Ideas Survive and Others Die,https://www.barnesandnoble.com/w/made-to-stick-chip-heath/1102808718,barnesandnoble.com,dend/awesome-product-management,Books > Psychology & Behavioral Change,By Chip Heath and Dan Heath,CC0-1.0,,1
"Measure What Matters: How Google, Bono, and the Gates Foundation Rock the World with OKRs",https://www.barnesandnoble.com/w/measure-what-matters-john-doerr/1127681175,barnesandnoble.com,dend/awesome-product-management,Books > Product Strategy & Planning,By John Doerr,CC0-1.0,,1
Observing the User Experience: A Practitioner's Guide to User Research,https://www.barnesandnoble.com/w/observing-the-user-experience-mike-kuniavsky/1110784914,barnesandnoble.com,dend/awesome-product-management,Books > Customer Research & User Experience,By Mike Kuniavsky,CC0-1.0,,1
Positioning: The Battle for Your Mind,https://www.barnesandnoble.com/w/positioning-al-ries/1117107645,barnesandnoble.com,dend/awesome-product-management,Books > Product Strategy & Planning,By Al Ries and Jack Trout,CC0-1.0,,1
Product Operations: How successful companies build better products at scale,https://www.barnesandnoble.com/w/product-operations-melissa-perri/1144201706,barnesandnoble.com,dend/awesome-product-management,Books > Product Management Fundamentals,By Melissa Perri and Denise Tilles,CC0-1.0,,1
Radical Candor: Be a Kick-Ass Boss Without Losing Your Humanity,https://www.barnesandnoble.com/w/radical-candor-kim-malone-scott/1123749305,barnesandnoble.com,dend/awesome-product-management,Books > Team Leadership & Management,By Kim Scott,CC0-1.0,,1
Sprint: How to Solve Big Problems and Test New Ideas in Just Five Days,https://www.barnesandnoble.com/w/sprint-jake-knapp/1123177843,barnesandnoble.com,dend/awesome-product-management,Books > Product Development & Process,"By Jake Knapp, John Zeratsky, Braden Kowitz",CC0-1.0,,1
Switch: How to Change Things When Change Is Hard,https://www.barnesandnoble.com/w/switch-chip-heath/1100203647,barnesandnoble.com,dend/awesome-product-management,Books > Psychology & Behavioral Change,By Chip Heath and Dan Heath,CC0-1.0,,1
The Design of Everyday Things: Revised and Expanded Edition,https://www.barnesandnoble.com/w/the-design-of-everyday-things-donald-a-norman/1114591337,barnesandnoble.com,dend/awesome-product-management,Books > Customer Research & User Experience,By Don Norman,CC0-1.0,,1
The Four Steps to the Epiphany,https://www.barnesandnoble.com/w/the-four-steps-to-the-epiphany-steve-blank/1116075934,barnesandnoble.com,dend/awesome-product-management,Books > Product Strategy & Planning,By Steve Blank,CC0-1.0,,1
The Innovator's Dilemma: When New Technologies Cause Great Firms to Fail (Management of Innovation and Change),https://www.barnesandnoble.com/w/the-innovators-dilemma-clayton-m-christensen/1100196911,barnesandnoble.com,dend/awesome-product-management,Books > Product Strategy & Planning,By Clayton M. Christensen,CC0-1.0,,1
The Lean Product Playbook: How to Innovate with Minimum Viable Products and Rapid Customer Feedback,https://www.barnesandnoble.com/w/the-lean-product-playbook-dan-olsen/1124337316,barnesandnoble.com,dend/awesome-product-management,Books > Product Development & Process,By Dan Olsen,CC0-1.0,,1
The Lean Startup: How Today's Entrepreneurs Use Continuous Innovation to Create Radically Successful Businesses,https://www.barnesandnoble.com/w/the-lean-startup-eric-ries/1100642052,barnesandnoble.com,dend/awesome-product-management,Books > Product Strategy & Planning,By Eric Ries,CC0-1.0,,1
The Mom Test: How to talk to customers & learn if your business is a good idea when everyone is lying to you,https://www.barnesandnoble.com/w/the-mom-test-rob-fitzpatrick/1138124916,barnesandnoble.com,dend/awesome-product-management,Books > Customer Research & User Experience,By Rob Fitzpatrick,CC0-1.0,,1
The Mythical Man-Month: Essays on Software Engineering,https://www.barnesandnoble.com/w/the-mythical-man-month-frederick-brooks-jr/1126893908,barnesandnoble.com,dend/awesome-product-management,Books > Product Development & Process,By Frederick P. Brooks Jr,CC0-1.0,,1
The Power of Habit: Why We Do What We Do in Life and Business,https://www.barnesandnoble.com/w/the-power-of-habit-charles-duhigg/1103588638,barnesandnoble.com,dend/awesome-product-management,Books > Psychology & Behavioral Change,By Charles Duhigg,CC0-1.0,,1
The Startup Owner's Manual: The Step-By-Step Guide for Building a Great Company,https://www.barnesandnoble.com/w/the-startup-owners-manual-steve-blank/1116176524,barnesandnoble.com,dend/awesome-product-management,Books > Product Strategy & Planning,By Steve Blank and Bob Dorf,CC0-1.0,,1
Thinking in Systems: A Primer,https://www.barnesandnoble.com/w/thinking-in-systems-donella-meadows/1138462657,barnesandnoble.com,dend/awesome-product-management,Books > Product Development & Process,By Donella H. Meadows,CC0-1.0,,1
Transformed: Moving to the Product Operating Model,https://www.barnesandnoble.com/w/transformed-marty-cagan/1143825957,barnesandnoble.com,dend/awesome-product-management,Books > Product Management Fundamentals,By Marty Cagan,CC0-1.0,,1
Value Proposition Design: How to Create Products and Services Customers Want (Strategyzer),https://www.barnesandnoble.com/w/value-proposition-design-alexander-osterwalder/1124336924,barnesandnoble.com,dend/awesome-product-management,Books > Product Strategy & Planning,By Alexander Osterwalder and Yves Pigneur,CC0-1.0,,1
BARNIMAGES,https://barnimages.com/,barnimages.com,gztchan/awesome-design,Stock,Free high-resolution images for everyone,CC0-1.0 (stated in README),,1
MUI: Base UI,https://base-ui.com/,base-ui.com,alexpate/awesome-design-systems,Design Systems,,Unlicense,,1
Basecamp,https://basecamp.com/,basecamp.com,LisaDziuba/Awesome-Design-Tools,Collaboration Tools,"the project management suite designed to organize employees, delegate tasks, and monitor progress right from one place",MIT,,1
Shape Up,https://basecamp.com/shapeup,basecamp.com,dend/awesome-product-management,Books > Product Development & Process,By Ryan Singer,CC0-1.0,,1
Base Web,https://baseweb.design/,baseweb.design,bradtraversy/design-resources-for-developers,React UI Libraries,Base Web provides a robust suite of components out of the box,MIT,,1
Uber's Base Web,https://baseweb.design/,baseweb.design,alexpate/awesome-design-systems,Design Systems,,Unlicense,,1
Basis Design System,https://basis.now.sh,basis.now.sh,alexpate/awesome-design-systems,Design Systems,,Unlicense,,1
Baubauhaus,http://www.baubauhaus.com/,baubauhaus.com,gztchan/awesome-design,Stock,"feed your daily need of design, illustration, photography, fashion and of all else art-related",CC0-1.0 (stated in README),,1
BBC,http://www.bbc.co.uk/gel,bbc.co.uk,gztchan/awesome-design,Styleguide and Branding,,CC0-1.0 (stated in README),,1
BBC GEL (Global Experience Language),https://www.bbc.co.uk/gel,bbc.co.uk,alexpate/awesome-design-systems,Design Systems,,Unlicense,,1
Beam,https://beam.venngage.com,beam.venngage.com,ProductHired/open-product-management,Analytics,Tell your stories with beautiful charts,none stated,,1
Bear,https://bear.app/,bear.app,dend/awesome-product-management,Tools > Note-taking & Knowledge Management,"Note-taking in Markdown format, with tag-based organizational capabilities.",CC0-1.0,,1
BeatFlyer,https://beatflyer.com/,beatflyer.com,LisaDziuba/Awesome-Design-Tools,Animation Tools,a web tool that lets you create very quickly loopy and catchy animations from your multi-layer compositions,MIT,,1
BeerCSS,https://www.beercss.com,beercss.com,bradtraversy/design-resources-for-developers,CSS Frameworks,"Build Material Design interfaces in record time, without stress for devs 🍻. The first CSS framework that implements Material Design 3",MIT,,1
Be Funky,https://www.befunky.com/features/graphic-designer/,befunky.com,bradtraversy/design-resources-for-developers,Downloadable Design Software,Online design program,MIT,,1
Behance Free Fonts,https://www.behance.net/search/?search=free%20font,behance.net,LisaDziuba/Awesome-Design-Tools,Font Tools,a list of free fonts uploaded on Behance,MIT,,1
Google Visual Assets Guidelines,https://www.behance.net/gallery/9028077/Google-Visual-Assets-Guidelines-Part-2,behance.net,gztchan/awesome-design,Styleguide and Branding,,CC0-1.0 (stated in README),,1
Medium,https://www.behance.net/gallery/7226653/Medium-Brand-Development,behance.net,gztchan/awesome-design,Styleguide and Branding,,CC0-1.0 (stated in README),,1
"Good Product Manager, Bad Product Manager",http://benhorowitz.files.wordpress.com/2010/05/good-product-manager.pdf,benhorowitz.files.wordpress.com,ProductHired/open-product-management,Become The Best In The Field,Ben Horowitz,none stated,,1
Clippy,https://bennettfeely.com/clippy/,bennettfeely.com,bradtraversy/design-resources-for-developers,Online Design Tools,Easy CSS clip-path maker,MIT,,1
Bento DS,https://bento-ds.com,bento-ds.com,alexpate/awesome-design-systems,Design Systems,,Unlicense,,1
Bento Grids,https://bentogrids.com/,bentogrids.com,bradtraversy/design-resources-for-developers,Design Inspiration,Bento Grids is a curated collection of tiles-based layouts that were popularized by Apple with their summary slides,MIT,,1
SvelteStrap,https://bestguy.github.io/sveltestrap/,bestguy.github.io,bradtraversy/design-resources-for-developers,Svelte UI Libraries,UI library for Svelte based on the Bootstrap framework,MIT,,1
BestJSON,https://bestjson.com/,bestjson.com,bradtraversy/design-resources-for-developers,Others,"Free browser tools to format, validate, repair, compare and convert JSON locally, with no account required",MIT,,1
bestwebdesigntools,https://www.bestwebdesigntools.com/,bestwebdesigntools.com,bradtraversy/design-resources-for-developers,Design Inspiration,"Discover latest design tools, agencies and landing pages templates across web",MIT,,1
Best Website,https://bestwebsite.gallery/,bestwebsite.gallery,gztchan/awesome-design,Read and Digest,The most beautiful websites handpicked for you — since 2008!,CC0-1.0 (stated in README),,1
Better Error Pages,https://better-error-pages.statuspage.io/,better-error-pages.statuspage.io,ProductHired/open-product-management,Design,"Build free 404, 503 and maintenance pages in 60 seconds",none stated,,1
Better by Design,http://betterbydesignconference.com/,betterbydesignconference.com,gztchan/awesome-design,Conference and Festival,is about conference & workshops,CC0-1.0 (stated in README),,1
BGjar,https://bgjar.com,bgjar.com,bradtraversy/design-resources-for-developers,Vectors & Clip Art,"Free svg background generator for your websites, blogs and app",MIT,,1
Bit,https://bit.dev/components,bit.dev,bradtraversy/design-resources-for-developers,UI Components & Kits,"Provides a huge library of reuseable UI Components for React, Angular, Vue, React Native. Also can be used for sharing UI Components among other team members",MIT,,1
Product Management Toolkit,http://bit.ly/2LF34CO,bit.ly,ProductHired/open-product-management,Resource Repositories,Curated directory of tools and resources for Product Managers by Product Managers,none stated,,1
bits-ui,https://www.bits-ui.com/,bits-ui.com,bradtraversy/design-resources-for-developers,Svelte UI Libraries,The headless components for Svelte,MIT,,1
Skala Color,https://bjango.com/mac/skalacolor/,bjango.com,LisaDziuba/Awesome-Design-Tools,Color Picker Tools,"works with a huge variety of formats, covering everything you’re likely to need for web, iOS, Android, and macOS development",MIT,,1
Shipping beats perfection explained,http://bjk5.com/post/60760280107/shipping-beats-perfection-explained,bjk5.com,ProductHired/open-product-management,Shipping and Measuring Products,Ben Kamens,none stated,,1
Deadlines,https://blackboxofpm.com/deadlines-d6925e5c694f,blackboxofpm.com,dend/awesome-product-management,Articles > Product Strategy & Planning,By Brandon Chu,CC0-1.0,,1
MVPM: Minimum Viable Product Manager,https://blackboxofpm.com/mvpm-minimum-viable-product-manager-e1aeb8dd421,blackboxofpm.com,ProductHired/open-product-management,Minimum Viable Product Manager (MVPM),Brandon Chu,none stated,,1
Product Management Mental Models for Everyone,https://blackboxofpm.com/product-management-mental-models-for-everyone-31e7828cb50b,blackboxofpm.com,dend/awesome-product-management,Articles > Product Fundamentals & Philosophy,By Brandon Chu,CC0-1.0,,1
Ruthless Prioritization,https://blackboxofpm.com/ruthless-prioritization-e4256e3520a9,blackboxofpm.com,dend/awesome-product-management,Articles > Product Strategy & Planning,By Brandon Chu,CC0-1.0,,1
The Time Value of Shipping,https://blackboxofpm.com/the-time-value-of-shipping-6deaf8d7d565,blackboxofpm.com,dend/awesome-product-management,Articles > Product Development & Process,By Brandon Chu,CC0-1.0,,1
Black Illustrations,https://www.blackillustrations.com/,blackillustrations.com,bradtraversy/design-resources-for-developers,Vectors & Clip Art,Beautiful illustrations of black people (free and premium),MIT,,1
Blaze.css,http://blazecss.com/,blazecss.com,bradtraversy/design-resources-for-developers,CSS Frameworks,Open source modular CSS toolkit providing great structure for building websites quickly,MIT,,1
Blisk,https://blisk.io,blisk.io,LisaDziuba/Awesome-Design-Tools,Development Tools,provides a development workspace to develop and test modern web applications twice faster,MIT,,1
blob,https://blobs.app/,blobs.app,bradtraversy/design-resources-for-developers,Vectors & Clip Art,Generate Blob shapes for Web and Flutter apps,MIT,,1
Blocs,https://blocsapp.com/,blocsapp.com,LisaDziuba/Awesome-Design-Tools,Design to Code Tools,"a fast, easy to use and powerful visual web design tool, that lets you create responsive websites without writing code",MIT,,1
Be a great product leader,http://blog.adamnash.com/2011/12/16/be-a-great-product-leader/,blog.adamnash.com,ProductHired/open-product-management,Become The Best In The Field,Adam Nash,none stated,,1
Great product leaders win games,http://blog.adamnash.com/2012/02/29/great-product-leaders-win-games/,blog.adamnash.com,ProductHired/open-product-management,Shipping and Measuring Products,Adam Nash,none stated,,1
Guide to Product Planning: Three Feature Buckets,http://blog.adamnash.com/2009/07/22/guide-to-product-planning-three-feature-buckets/,blog.adamnash.com,ProductHired/open-product-management,"Roadmaps, Planning, and Prioritization",Adam Nash,none stated,,1
Make things as simple as possible but not simpler,http://blog.adamnash.com/2013/09/25/make-things-as-simple-as-possible-but-not-simpler/,blog.adamnash.com,ProductHired/open-product-management,Building Great Products,Adam Nash,none stated,,1
Top 10 product leadership lessons,http://blog.adamnash.com/2012/03/06/top-10-product-leadership-lessons/,blog.adamnash.com,ProductHired/open-product-management,Become The Best In The Field,Adam Nash,none stated,,1
Usage Analytics in appFigures,https://blog.appfigures.com/new-usage-reports-with-itunes-google-analytics/,blog.appfigures.com,ProductHired/open-product-management,Analytics,"Track usage for your app along side downloads, ranks & more",none stated,,1
"How Google Grew from 40 to 40,000 Employees",https://blog.betterworks.com/how-google-grew/,blog.betterworks.com,domenicosolazzo/awesome-okr,Articles,"How OKR helped a company like Google to grow from 40 to 40,000 employees",CC0-1.0,,1
John Doerr on success using OKR,http://blog.betterworks.com/keys-okr-success-qa-john-doerr/,blog.betterworks.com,domenicosolazzo/awesome-okr,Articles,"Keys to OKR Success: A Q&A with the Man Who Introduced OKRs to Google, John Doerr",CC0-1.0,,1
CodePen Blog,https://blog.codepen.io/,blog.codepen.io,gztchan/awesome-design,Read and Digest,"where CodePen post announcements, tips and tricks, new and updated features, fun roundups, new podcast episodes, and more",CC0-1.0 (stated in README),,1
CodePen Meetups,https://blog.codepen.io/meetups/,blog.codepen.io,gztchan/awesome-design,Conference and Festival,"for like-minded code people to hang out, do show-and-tell, and bask in the lovely culture that is front end",CC0-1.0 (stated in README),,1
CodePen Radio,https://blog.codepen.io/radio/,blog.codepen.io,gztchan/awesome-design,Podcast,"is a podcast all about what it's like running a small web software business. The good, the bad, and the ugly",CC0-1.0 (stated in README),,1
Do I need to be technical to be a PM,http://blog.ellenchisa.com/2014/10/04/need-technical-pm/,blog.ellenchisa.com,ProductHired/open-product-management,Is It Really For You?,Ellen Chisa,none stated,,1
Engineers: So your PM sucks? Here’s how to fix it.,http://blog.ellenchisa.com/2014/07/20/engineers-pm-sucks-heres-fix/,blog.ellenchisa.com,ProductHired/open-product-management,How To Work With X,Ellen Chisa,none stated,,1
How I became a PM,http://blog.ellenchisa.com/2014/01/10/how-i-became-a-pm/,blog.ellenchisa.com,ProductHired/open-product-management,Becoming A Product Guru,Ellen Chisa,none stated,,1
The Dark Side of PM,http://blog.ellenchisa.com/2014/02/20/the-dark-side-of-pm/,blog.ellenchisa.com,ProductHired/open-product-management,Is It Really For You?,Ellen Chisa,none stated,,1
Want to be a PM? Do a Project,http://blog.ellenchisa.com/2014/01/28/want-to-be-a-pm-do-a-project/,blog.ellenchisa.com,ProductHired/open-product-management,Becoming A Product Guru,Ellen Chisa,none stated,,1
Hootsuite,https://blog.hootsuite.com/the-ultimate-competitive-analysis-template/,blog.hootsuite.com,ttt30ga/awesome-product-design,Research > Methods > Competitive Analysis,Competitive Analysis Template To Help You Outsmart The Competition,CC0-1.0,,1
How to Calculate Customer Lifetime Value,https://blog.hubspot.com/service/how-to-calculate-customer-lifetime-value,blog.hubspot.com,dend/awesome-product-management,Articles > Product Metrics & Analytics,By Clint Fontanella,CC0-1.0,,1
"Bad Managers Talk, Good Managers Write",http://blog.idonethis.com/managers-write/,blog.idonethis.com,ProductHired/open-product-management,Become The Best In The Field,Walter Chen,none stated,,1
Intercom,https://blog.intercom.com/using-job-stories-design-features-ui-ux/,blog.intercom.com,ttt30ga/awesome-product-design,Research > Methods > Job to be Done,Designing features using Job Stories,CC0-1.0,,1
Before you plan your product roadmap,http://blog.intercom.io/before-you-plan-your-product-roadmap/,blog.intercom.io,ProductHired/open-product-management,"Roadmaps, Planning, and Prioritization",Des Traynor,none stated,,1
Product strategy means saying no,http://blog.intercom.io/product-strategy-means-saying-no/,blog.intercom.io,ProductHired/open-product-management,"Roadmaps, Planning, and Prioritization",Des Traynor,none stated,,1
The blind Product Manager,http://blog.intercom.io/the-blind-product-manager/,blog.intercom.io,ProductHired/open-product-management,Shipping and Measuring Products,Paul Adams,none stated,,1
The golden rule of A/B testing: look beyond validation,https://blog.intercom.io/why-ab-tests-should-yield-more-than-results/,blog.intercom.io,ProductHired/open-product-management,Analytics,"Run successful, statistically accurate A/B tests",none stated,,1
InvisionApp Blog,http://blog.invisionapp.com/,blog.invisionapp.com,batoreh/awesome-ux,Blogs,A blog by invisionApp,CC0-1.0,,1
justfont,http://blog.justfont.com/,blog.justfont.com,gztchan/awesome-design,Typography,,CC0-1.0 (stated in README),,1
3 Skillsets for PM Success,http://blog.kentonkivestu.com/3-skillsets-for-PM-success,blog.kentonkivestu.com,ProductHired/open-product-management,Is It Really For You?,Kenton Kivetsu,none stated,,1
How to set & achieve meaningful OKRs,http://blog.kentonkivestu.com/goals-how-to-get-things-done,blog.kentonkivestu.com,domenicosolazzo/awesome-okr,Articles,This article describes how to set & achieve meaningful OKRs,CC0-1.0,,1
The pyramid model & what it means for PM focus,http://blog.kentonkivestu.com/product-focus,blog.kentonkivestu.com,ProductHired/open-product-management,"Roadmaps, Planning, and Prioritization",Kenton Kivetsu,none stated,,1
18 Resources to Help You Become Amazing At User Acquisition,https://blog.kissmetrics.com/resources-for-customer-acquisition/,blog.kissmetrics.com,bekatom/awesome-growth-hacking,Articles,,other (see repo LICENSE),,1
35 Growth Hacking Tools,https://blog.kissmetrics.com/35-growth-hacking-tools/,blog.kissmetrics.com,bekatom/awesome-growth-hacking,Tools,,other (see repo LICENSE),,1
Become Growth Hacker,https://blog.kissmetrics.com/learn-growth-hacking/,blog.kissmetrics.com,bekatom/awesome-growth-hacking,Resources,35 Resources to Help You Become a Growth Hacker,other (see repo LICENSE),,1
Dropbox Growth Hacking,https://blog.kissmetrics.com/dropbox-hacked-growth/,blog.kissmetrics.com,bekatom/awesome-growth-hacking,Articles,,other (see repo LICENSE),,1
Lessons From Growth Hackers,https://blog.kissmetrics.com/lessons-from-growth-hackers/,blog.kissmetrics.com,bekatom/awesome-growth-hacking,Articles,,other (see repo LICENSE),,1
Hiring Your First Product Manager,https://blog.learningbyshipping.com/2015/04/07/hiring-your-first-product-manager/,blog.learningbyshipping.com,dend/awesome-product-management,Articles > Career Development & Skills,By Steven Sinofsky,CC0-1.0,,1
Management clichés that work,http://blog.learningbyshipping.com/2014/10/23/management-cliches-that-work/,blog.learningbyshipping.com,ProductHired/open-product-management,Become The Best In The Field,Steven Sinofsky,none stated,,1
Nicce on Medium,https://blog.niice.co/,blog.niice.co,gztchan/awesome-design,Read and Digest,"Gather, share & discuss ideas with your team",CC0-1.0 (stated in README),,1
Musings on Product Management,http://blog.parsely.com/post/907/musings-on-product-management/,blog.parsely.com,ProductHired/open-product-management,Become The Best In The Field,Mike Sukmanowsky,none stated,,1
PixelSquid Blog,https://blog.pixelsquid.com/,blog.pixelsquid.com,gztchan/awesome-design,Read and Digest,,CC0-1.0 (stated in README),,1
The Product-Minded Software Engineer,https://blog.pragmaticengineer.com/the-product-minded-engineer/,blog.pragmaticengineer.com,dend/awesome-product-management,Articles > Team Collaboration & Leadership,By Gergely Orosz,CC0-1.0,,1
11 Lead Generation Tactics,http://blog.proofhq.com/11-lead-generation-tactics-006449/,blog.proofhq.com,bekatom/awesome-growth-hacking,Articles,,other (see repo LICENSE),,1
User Experience Design — Best sources to learn UX,https://blog.prototypr.io/user-experience-design-best-sources-to-learn-ux-c67bf80484ce?gi=6461d61df424#.5hk6cjd57,blog.prototypr.io,batoreh/awesome-ux,Articles > General/Introdutions,,CC0-1.0,,1
How to Easily Set Quarterly Team Objectives with OKRs at Pusher,https://blog.pusher.com/how-to-set-quartely-okrs-for-your-teams/,blog.pusher.com,domenicosolazzo/awesome-okr,Articles,Another article by Pusher regarding how they set quarterly team objectives,CC0-1.0,,1
How we make OKRs work at Pusher,https://blog.pusher.com/make-okrs-work/,blog.pusher.com,domenicosolazzo/awesome-okr,Articles,A great article regarding alignment and trasparency of OKR and how it helped at Pusher,CC0-1.0,,1
Implementation and challanges at Pusher,https://blog.pusher.com/okrs-implementation-challenges/,blog.pusher.com,domenicosolazzo/awesome-okr,Articles,"Implementation, challenges and results at Pusher",CC0-1.0,,1
A Day in the Life of a Product Manager: Consumer and Enterprise,https://blog.tryexponent.com/day-in-life-pm/,blog.tryexponent.com,ProductHired/open-product-management,What Is Product Management?,Kevin Wei,none stated,,1
List of growth hacking tools,http://blog.twoodo.com/14/huge-epic-list-of-growth-hacking-tools-for-non-coders/,blog.twoodo.com,bekatom/awesome-growth-hacking,Tools,,other (see repo LICENSE),,1
How we set goals at Upstart,http://blog.upstart.com/okrs-and-projects-how-we-set-goals-at-upstart/,blog.upstart.com,domenicosolazzo/awesome-okr,Articles,How Upstart set OKRs and set goals for the entire company,CC0-1.0,,1
10 reasons you should ask for user feedback,http://blog.usabilla.com/10-reasons-you-should-ask-for-user-feedback/,blog.usabilla.com,batoreh/awesome-ux,Articles > User Research,,CC0-1.0,,1
Usabilla,http://blog.usabilla.com/,blog.usabilla.com,batoreh/awesome-ux,Blogs,A blog by Usabilla,CC0-1.0,,1
UX Pin,http://blog.uxpin.com/,blog.uxpin.com,batoreh/awesome-ux,Blogs,UX Pin blog,CC0-1.0,,1
Navigating Mid-Success,https://blog.ycombinator.com/navigating-mid-success/,blog.ycombinator.com,dend/awesome-product-management,Articles > Product Strategy & Planning,By Sam Altman,CC0-1.0,,1
"J.D. Meier's Blog - Agile Results, Digital Business Transformation, and Program Management",https://blogs.msdn.microsoft.com/jmeier,blogs.msdn.microsoft.com,lorabv/awesome-agile,Blogs and Podcasts,,CC0-1.0,,1
Microsoft,https://blogs.msdn.microsoft.com/techtalk/2005/12/16/pm-at-microsoft/,blogs.msdn.microsoft.com,ProductHired/open-product-management,Career Prep: Company Types,Microsoft PM Culture,none stated,,1
BLOKK,http://www.blokkfont.com/,blokkfont.com,LisaDziuba/Awesome-Design-Tools,Wireframing Tools,a font for quick mock-ups and wireframing for clients who do not understand Latin,MIT,,1
Appear Here Styleguide,https://bloom.appearhere.co.uk/,bloom.appearhere.co.uk,alexpate/awesome-design-systems,Design Systems,,Unlicense,,1
Blueprint CSS,https://blueprintcss.dev/,blueprintcss.dev,bradtraversy/design-resources-for-developers,CSS Frameworks,A lightweight layout library for building great responsive mobile first UIs that work everywhere,MIT,,1
Blueprint,https://blueprintjs.com/,blueprintjs.com,alexpate/awesome-design-systems,Design Systems,,Unlicense,,1
BlueprintJS,https://blueprintjs.com/,blueprintjs.com,bradtraversy/design-resources-for-developers,React UI Libraries,React-based UI toolkit for the web,MIT,,1
Boagworld,https://boagworld.com/usability/adapting-empathy-maps-for-ux-design/,boagworld.com,ttt30ga/awesome-product-design,Research > Methods > Empathy Map,Adapting empathy maps for UX design,CC0-1.0,,1
Boagworld UX Show,https://boagworld.com/show/,boagworld.com,gztchan/awesome-design,Podcast,Every Thursday Paul Boag and Marcus Lillington are joined by a variety of guests to discuss a range of web design related topics,CC0-1.0 (stated in README),,1
Bojler,https://bojler.slicejack.com/,bojler.slicejack.com,bradtraversy/design-resources-for-developers,CSS Frameworks,Bojler is an email framework for developing responsive and lightweight email templates that will render correctly across each of the most popular email clients,MIT,,1
Bold (Bridge Design System),https://bold.bridge.ufsc.tech/,bold.bridge.ufsc.tech,alexpate/awesome-design-systems,Design Systems,,Unlicense,,1
Bolt,https://boltdesignsystem.com/,boltdesignsystem.com,bradtraversy/design-resources-for-developers,Design Systems & Style Guides,Robust Twig and web component powered UI components,MIT,,1
Bolt Design System,https://boltdesignsystem.com/,boltdesignsystem.com,alexpate/awesome-design-systems,Design Systems,,Unlicense,,1
Google Ngram,https://books.google.com/ngrams/,books.google.com,ttt30ga/awesome-product-design,Writing,"Enter phrases into the Google Books Ngram Viewer, it displays a graph showing how those phrases have occurred in a corpus of books",CC0-1.0,,1
Booooooom,http://www.booooooom.com/blog/design/,booooooom.com,gztchan/awesome-design,Read and Digest,"was launched in 2008 by Vancouver-based artist Jeff Hamada. It is Canada’s highest traffic art platform, and one of the largest on the Internet",CC0-1.0 (stated in README),,1
Bootstrap CheatSheet,https://bootstrap-cheatsheet.themeselection.com/,bootstrap-cheatsheet.themeselection.com,bradtraversy/design-resources-for-developers,Others,"An interactive list of Bootstrap classes, variables, and mixins. The only Bootstrap CheatSheet you will ever need",MIT,,1
Bootstrap Vue,https://bootstrap-vue.org/,bootstrap-vue.org,bradtraversy/design-resources-for-developers,Vue UI Libraries,Use Bootstrap components with Vue,MIT,,1
BootstrapMade,https://bootstrapmade.com/,bootstrapmade.com,bradtraversy/design-resources-for-developers,HTML & CSS Templates,"Elegant, clean and beautiful free templates using Bootstrap",MIT,,1
BootstrapTaste,https://bootstraptaste.com/,bootstraptaste.com,bradtraversy/design-resources-for-developers,HTML & CSS Templates,Premium & Free Bootstrap Templates,MIT,,1
Bootswatch,https://bootswatch.com/,bootswatch.com,bradtraversy/design-resources-for-developers,HTML & CSS Templates,Free themes for Bootstrap,MIT,,1
Boring Avatars,https://boringavatars.com/,boringavatars.com,bradtraversy/design-resources-for-developers,UI Graphics,"SVG random, cutely avatars collections",MIT,,1
Understanding How The Innovator's Dilemma Affects You,https://bothsidesofthetable.com/understanding-how-the-innovator-s-dilemma-affects-you-75563219a58d,bothsidesofthetable.com,dend/awesome-product-management,Articles > Product Strategy & Planning,By Mark Suster,CC0-1.0,,1
Botmock,https://www.botmock.com,botmock.com,LisaDziuba/Awesome-Design-Tools,UI Design Tools,"design, prototype, and test voice and text conversational apps. Supports multiple platforms",MIT,,1
XP.css,https://botoxparty.github.io/XP.css/,botoxparty.github.io,bradtraversy/design-resources-for-developers,CSS Frameworks,XP.css is an extension of 98.css. A CSS library for building interfaces that look like old UIs,MIT,,1
Bounceexchange,http://www.bounceexchange.com/,bounceexchange.com,bekatom/awesome-growth-hacking,Tools,,other (see repo LICENSE),,1
Bounce.js,http://bouncejs.com/,bouncejs.com,bradtraversy/design-resources-for-developers,CSS Animations,Bounce.js is a tool and JS library that lets you create beautiful CSS3 powered animations,MIT,,1
Box Notes,https://www.box.com/en-gb/notes,box.com,ProductHired/open-product-management,Team Management,"Create documents, take notes and share ideas in real-time",none stated,,1
Boxes and Arrows,https://boxesandarrows.com/a-stakeholder-interview-checklist/,boxesandarrows.com,ttt30ga/awesome-product-design,Research > Methods > Stakeholder Interviews,Cheat Sheet For Interviewing Stakeholders,CC0-1.0,,1
Boxicons,https://boxicons.com/,boxicons.com,bradtraversy/design-resources-for-developers,Icon Fonts,Boxicons is a free collection of carefully crafted open source icons,MIT,,1
Enter the Matrix - Organizing Product Management,https://www.braintreepayments.com/braintrust/Enter-the-Matrix-Organizing-Product-Management,braintreepayments.com,ProductHired/open-product-management,Organizing Your Team,Mark Tattersall,none stated,,1
Aalto University,https://brand.aalto.fi/,brand.aalto.fi,alexpate/awesome-design-systems,Design Systems,,Unlicense,,1
Estonia Country Design Guidelines,https://brand.estonia.ee,brand.estonia.ee,alexpate/awesome-design-systems,Design Systems,,Unlicense,,1
Linkedin,https://brand.linkedin.com/,brand.linkedin.com,gztchan/awesome-design,Styleguide and Branding,,CC0-1.0 (stated in README),,1
Nordnet,https://brand.nordnet.se/,brand.nordnet.se,alexpate/awesome-design-systems,Design Systems,,Unlicense,,1
Twitter,https://brand.twitter.com/,brand.twitter.com,gztchan/awesome-design,Styleguide and Branding,,CC0-1.0 (stated in README),,1
Telefónica Mística,https://brandfactory.telefonica.com/mistica,brandfactory.telefonica.com,alexpate/awesome-design-systems,Design Systems,,Unlicense,,1
Branding5,https://www.branding5.com/,branding5.com,ttt30ga/awesome-product-design,Research > Methods > Research Plan,Make a brand positioning as a basis for your designs,CC0-1.0,,1
Logo Rank,https://brandmark.io/logo-rank/,brandmark.io,LisaDziuba/Awesome-Design-Tools,Logo Design,upload your logo to see how it rates on a number of objective measures,MIT,,1
BRAND PALETTES,https://brandpalettes.com/,brandpalettes.com,bradtraversy/design-resources-for-developers,Colors,Logo Color Codes and Palettes,MIT,,1
Branition Colors,https://branition.com/colors,branition.com,ttt30ga/awesome-product-design,Visual > Colors,Hand-curated collection of color palettes best fitted for branding,CC0-1.0,,1
Inside the 6 Hypotheses that Doubled Patreon's Activation Success,https://brianbalfour.com/essays/patreon-onboarding-growth,brianbalfour.com,dend/awesome-product-management,Articles > Customer Research & User Experience,By Brian Balfour,CC0-1.0,,1
Brian Lovin,https://www.brianlovin.com/,brianlovin.com,ttt30ga/awesome-product-design,UI > Inspiration,Visual exploration of the best products,CC0-1.0,,1
DESIGN DETAILS,http://www.brianlovin.com/design-details/,brianlovin.com,gztchan/awesome-design,Read and Digest,,CC0-1.0 (stated in README),,1
Brick,http://brick.im/,brick.im,gztchan/awesome-design,Typography,,CC0-1.0 (stated in README),,1
How to Listen to Customers,https://www.bringthedonuts.com/essays/how-to-listen-to-customers.html,bringthedonuts.com,dend/awesome-product-management,Articles > Customer Research & User Experience,By Ken Norton,CC0-1.0,,1
How to Work With Software Engineers,https://www.bringthedonuts.com/essays/how-to-work-with-software-engineers.html,bringthedonuts.com,dend/awesome-product-management,Articles > Team Collaboration & Leadership,By Ken Norton,CC0-1.0,,1
It's Time to Fight for a Dual Product Management Career Path,https://www.bringthedonuts.com/essays/dual-product-management-career-path/,bringthedonuts.com,dend/awesome-product-management,Articles > Career Development & Skills,By Ken Norton,CC0-1.0,,1
The Tools Don't Matter,https://www.bringthedonuts.com/essays/the-tools-dont-matter/,bringthedonuts.com,dend/awesome-product-management,Articles > Product Fundamentals & Philosophy,By Ken Norton,CC0-1.0,,1
British Gas Nucleus,https://britishgas.design/,britishgas.design,alexpate/awesome-design-systems,Design Systems,,Unlicense,,1
The Gender Spectrum Collection,https://broadlygenderphotos.vice.com/,broadlygenderphotos.vice.com,LisaDziuba/Awesome-Design-Tools,Stock Photos Tools,a stock photo library featuring images of trans and non-binary models that go beyond the clichés,MIT,,1
BrowserFrame,https://browserframe.com/,browserframe.com,gztchan/awesome-design,Mockup,"is the easiest way to wrap screenshots in browser frames. Supports multiple browsers, operating systems, and themes. Great for landing pages and mockups",CC0-1.0 (stated in README),,1
Brumm Shadow Maker,https://brumm.af/shadows,brumm.af,bradtraversy/design-resources-for-developers,UI Components & Kits,An online tool to make css shadows,MIT,,1
Bubble,https://bubble.io/,bubble.io,LisaDziuba/Awesome-Design-Tools,No Code Tools,build and host web applications without having to write code or hire a team of engineers,MIT,,1
BudgetPixel Background Music,https://budgetpixel.com/background-music,budgetpixel.com,bradtraversy/design-resources-for-developers,Stock Music & Sound Effects,"700+ AI-generated instrumental tracks in WAV/MP3, CC BY 4.0 (credit required), no sign-up",MIT,,1
BudgetPixel Free Images,https://budgetpixel.com/images,budgetpixel.com,bradtraversy/design-resources-for-developers,Stock Photos,"9,000+ AI-generated photos and illustrations, CC BY 4.0 (credit required), no sign-up",MIT,,1
BudgetPixel Sound Effects,https://budgetpixel.com/sfx,budgetpixel.com,bradtraversy/design-resources-for-developers,Stock Music & Sound Effects,"2,600+ AI-generated sound effects in WAV/MP3, CC BY 4.0 (credit required), no sign-up",MIT,,1
Buefy,https://buefy.org/,buefy.org,bradtraversy/design-resources-for-developers,Vue UI Libraries,Lightweight UI components based on Bulma,MIT,,1
buffer,https://buffer.com/style-guide,buffer.com,gztchan/awesome-design,Styleguide and Branding,,CC0-1.0 (stated in README),,1
SAP Build,https://www.build.me/,build.me,LisaDziuba/Awesome-Design-Tools,Prototyping Tools,a complete set of cloud‑based tools to design and build your enterprise app,MIT,,1
BulkPublish,https://www.bulkpublish.com,bulkpublish.com,bekatom/awesome-growth-hacking,Tools,"Social media scheduling and publishing for 11 platforms. Free tier, REST API, Python & Node.js SDKs, and MCP server",other (see repo LICENSE),,1
BulkResizePhotos,https://bulkresizephotos.com/,bulkresizephotos.com,bradtraversy/design-resources-for-developers,Image Compression,"Bulk image resizing, compression & converting that perform all the tasks within the browser (It works offline)",MIT,,1
Bulma,https://bulma.io/,bulma.io,bradtraversy/design-resources-for-developers,CSS Frameworks,Modern CSS framework with no JS,MIT,,1
Bumbag,https://bumbag.style/,bumbag.style,bradtraversy/design-resources-for-developers,React UI Libraries,Bumbag is a friendly React UI Kit suitable for MVPs or large-scale applications,MIT,,1
Bundui,https://bundui.io/,bundui.io,bradtraversy/design-resources-for-developers,UI Components & Kits,"Discover a curated collection of over 200 handcrafted UI components made with Tailwind CSS, React, and Shadcn UI",MIT,,1
This Is The Internal Grading System Google Uses For Its Employees — And You Should Use It Too,http://www.businessinsider.com/googles-ranking-system-okr-2014-1?IR=T,businessinsider.com,domenicosolazzo/awesome-okr,Articles,Another article from Business Insider regarding OKR and great insights from the Kris Klau talk at Google,CC0-1.0,,1
"How Google grades employees, and how you can use the same system at your company",http://www.businessinsider.my/google-okr-employee-grading-system-2015-10/,businessinsider.my,domenicosolazzo/awesome-okr,Articles,"How Google grades employees, and how you can use the same system at your company",CC0-1.0,,1
butdoesitfloat,http://butdoesitfloat.com/,butdoesitfloat.com,gztchan/awesome-design,Stock,,CC0-1.0 (stated in README),,1
React Virtualized,https://bvaughn.github.io/react-virtualized,bvaughn.github.io,bradtraversy/design-resources-for-developers,React UI Libraries,"UI set for data. Includes tables, lists, sorting, etc",MIT,,1
Cabana,https://cabanadesignsystem.com/,cabanadesignsystem.com,LisaDziuba/Awesome-Design-Tools,Design System Tools,a Premium Design System for Sketch that helps you create amazing products faster than ever before,MIT,,1
Calcolor,https://calcolor.co,calcolor.co,LisaDziuba/Awesome-Design-Tools,Color Picker Tools,a web-based color palette management tool which provides a new way to interact with digital colors,MIT,,1
Calculora,https://calculora.net,calculora.net,bradtraversy/design-resources-for-developers,Others,"Free web-based calculator platform with 300+ tools across 21 categories, including finance, math, science, health, and developer utilities. Available in 26 languages",MIT,,1
Calendly,https://calendly.com/,calendly.com,LisaDziuba/Awesome-Design-Tools,User Research Tools,Calendly helps you schedule meetings without the back-and-forth emails,MIT,,1
Can I Use,https://caniuse.com/,caniuse.com,bradtraversy/design-resources-for-developers,Others,Check cross-browser compatibility of frontend technologies,MIT,,1
Canny,https://canny.io,canny.io,samber/awesome-user-research,Product discovery,"Capture, organize, and analyze product feedback",CC-BY-4.0,,1
Visual Inspector,https://www.canvasflip.com/visual-inspector/,canvasflip.com,LisaDziuba/Awesome-Design-Tools,Visual Debugging Tools,collaboration tool for website feedback and fixing design bugs,MIT,,1
Carbon Components Svelte,https://carbon-components-svelte.onrender.com/,carbon-components-svelte.onrender.com,bradtraversy/design-resources-for-developers,Svelte UI Libraries,"A component library that implements the Carbon Design System, an open source design system by IBM",MIT,,1
Carbon,https://carbon.now.sh,carbon.now.sh,bradtraversy/design-resources-for-developers,Online Design Tools,Create and share beautiful images of your source code by typing or drop a file,MIT,,1
Carbon Design Systems,https://www.carbondesignsystem.com/,carbondesignsystem.com,bradtraversy/design-resources-for-developers,Design Systems & Style Guides,Carbon is IBM’s open-source design system for products and experiences,MIT,,1
Carbon React,https://carbondesignsystem.com/developing/frameworks/react/,carbondesignsystem.com,bradtraversy/design-resources-for-developers,React UI Libraries,Extensive library of React components for Websites and UI's. Based on the Carbon Design System from IBM,MIT,,1
IBM Carbon,https://www.carbondesignsystem.com/,carbondesignsystem.com,alexpate/awesome-design-systems,Design Systems,,Unlicense,,1
Carrd,https://carrd.co/,carrd.co,LisaDziuba/Awesome-Design-Tools,No Code Tools,"simple, free, fully responsive one-page sites for pretty much anything",MIT,,1
Cartoon Photo,https://cartoon.pho.to/,cartoon.pho.to,bradtraversy/design-resources-for-developers,Online Design Tools,Turn photos into cartoons,MIT,,1
React Color,http://casesandberg.github.io/react-color/,casesandberg.github.io,LisaDziuba/Awesome-Design-Tools,Color Picker Tools,"a collection of color pickers from Sketch, Photoshop, Chrome. It‘s free and open-source",MIT,,1
Catalog,https://www.catalog.style/,catalog.style,LisaDziuba/Awesome-Design-Tools,Design System Tools,"a living style guide for digital products, combining design documentation with real live components",MIT,,1
On narratives,https://ceklog.kindel.com/?s=narratives,ceklog.kindel.com,dend/awesome-product-management,Articles > Product Strategy & Planning,By Charlie Kindel,CC0-1.0,,1
"Virtuous Cycles, Platforms, Flywheels, Snowballs, and Tidal Waves",https://ceklog.kindel.com/2021/03/30/virtuous-cycles-platforms-flywheels-snowballs-and-tidal-waves/,ceklog.kindel.com,dend/awesome-product-management,Articles > Product Strategy & Planning,By Charlie Kindel,CC0-1.0,,1
Chakra Templates,https://chakra-templates.dev/,chakra-templates.dev,bradtraversy/design-resources-for-developers,React UI Libraries,A growing collection of hand-crafted & responsive Chakra UI templates ready to drop into your React project,MIT,,1
Find A Photo,https://www.chamberofcommerce.org/findaphoto/,chamberofcommerce.org,bradtraversy/design-resources-for-developers,Stock Photos,Searches multiple stock photo websites,MIT,,1
ChartGo,https://www.chartgo.com/,chartgo.com,bradtraversy/design-resources-for-developers,Online Design Tools,Create charts and graphs online,MIT,,1
ChartJS,https://www.chartjs.org/,chartjs.org,bradtraversy/design-resources-for-developers,Javascript Chart Libraries,Simple yet flexible JavaScript charting for designers & developers,MIT,,1
Chattermill,https://chattermill.com,chattermill.com,samber/awesome-user-research,Survey > Feedback analysis,AI-powered feedback analytics for CX and product teams,CC-BY-4.0,,1
Python Cheat Sheet - CheatGrid,https://www.cheatgrid.com/programming-languages/0004-python-cheat-sheet,cheatgrid.com,bradtraversy/design-resources-for-developers,Others,"Free Python quick reference with examples covering core syntax, data structures and object-oriented programming. No account required",MIT,,1
Checklist Design,https://www.checklist.design/,checklist.design,bradtraversy/design-resources-for-developers,Design Systems & Style Guides,"Checklist Design is a curated list of checklists ranging from website pages, to UI components, all the way to branding assets",MIT,,1
Rickover's Lessons,https://www.chinatalk.media/p/rickovers-lessons-how-to-build-a,chinatalk.media,dend/awesome-product-management,Articles > Team Collaboration & Leadership,By Lily Ottinger and Charles Yang,CC0-1.0,,1
Chinese Color Atlas,https://chinesecoloratlas.com/resources/free,chinesecoloratlas.com,bradtraversy/design-resources-for-developers,Design Systems & Style Guides,"Free Chinese traditional color tokens, CSS variables, Tailwind theme samples, Figma Variables samples, Procreate swatches, and AI prompt resources",MIT,,1
Choc UI,https://choc-ui.com/,choc-ui.com,bradtraversy/design-resources-for-developers,React UI Libraries,Choc UI is a set of accessible and reusable components that are commonly used in web applications,MIT,,1
chocolat.js,http://chocolat.insipi.de/,chocolat.insipi.de,bradtraversy/design-resources-for-developers,Javascript Animation Libraries,Free lightbox plugin,MIT,,1
Croma,https://chroma.dev/,chroma.dev,bradtraversy/design-resources-for-developers,Colors,"Powerful color tools including an eyedropper, color picker, and palette generator",MIT,,1
Chroma,https://chroma.spencerhamm.com/,chroma.spencerhamm.com,LisaDziuba/Awesome-Design-Tools,Color Picker Tools,free web app which allows you to identify the color,MIT,,1
Angular Developer Tool,https://chrome.google.com/webstore/detail/angular-devtools/ienfalfjdbdpebioblfackkekamfmbnh,chrome.google.com,bradtraversy/design-resources-for-developers,Chrome Extensions,Angular DevTools allows you to understand the structure of your application and preview the state of the directive and the component instances,MIT,,1
Awesome Screenshot & Screen Recorder,https://chrome.google.com/webstore/detail/awesome-screenshot-screen/nlipoenfbbikpbjkfpfillcgkoblgpmj?hl=en,chrome.google.com,bradtraversy/design-resources-for-developers,Chrome Extensions,Full page screen capture and screen recorder - 2 in 1. Share screencast video instantly,MIT,,1
BrowserStack,https://chrome.google.com/webstore/detail/browserstack/nkihdmlheodkdfojglpcjjmioefjahjb?hl=en,chrome.google.com,bradtraversy/design-resources-for-developers,Chrome Extensions,Instantly test your webpage on any desktop or mobile browser,MIT,,1
ColorPick Eyedropper,https://chrome.google.com/webstore/detail/colorpick-eyedropper/ohcpnigalekghcmgcdcenkpelffpdolg,chrome.google.com,bradtraversy/design-resources-for-developers,Chrome Extensions,A zoomed eyedropper & color chooser tool that allows you to select color values from webpages and more,MIT,,1
ColorZilla,https://chrome.google.com/webstore/detail/colorzilla/bhlhnicpbhignbdhedgjhgdocnmhomnp,chrome.google.com,bradtraversy/design-resources-for-developers,Chrome Extensions,"Advanced Eyedropper, Color Picker, Gradient Generator and other colorful goodies",MIT,,1
CSSViewer,https://chrome.google.com/webstore/detail/cssviewer/ggfgijbpiheegefliciemofobhmofgce,chrome.google.com,bradtraversy/design-resources-for-developers,Chrome Extensions,A simple CSS property viewer,MIT,,1
daily.dev - News for Busy Developers,https://chrome.google.com/webstore/detail/dailydev-news-for-busy-de/jlmpjdjjbgclbocgajdjefcidcncaied,chrome.google.com,bradtraversy/design-resources-for-developers,Chrome Extensions,"Get programming news with zero effort. Simply open a new tab, and you’re all set. A must-have tool for busy developers!",MIT,,1
Debug CSS,https://chrome.google.com/webstore/detail/debug-css/igiofjnckcagmjgdoaakafngegecjnkj,chrome.google.com,bradtraversy/design-resources-for-developers,Chrome Extensions,Adds outline to all elements on the page to show the culprit element which is changing desired layout. Helps in debugging CSS of the page,MIT,,1
Fake Filler,https://chrome.google.com/webstore/detail/fake-filler/bnjjngeaknajbdcgpfkgnonkmififhfo,chrome.google.com,bradtraversy/design-resources-for-developers,Chrome Extensions,Fake Filler a form filler that fills all inputs on a page with fake/dummy data,MIT,,1
Fonts Ninja,https://chrome.google.com/webstore/detail/fonts-ninja/eljapbgkmlngdpckoiiibecpemleclhh,chrome.google.com,bradtraversy/design-resources-for-developers,Chrome Extensions,"Identify fonts from any website, bookmark, try, and buy them",MIT,,1
GoFullPage - Full Page Screen Capture,https://chrome.google.com/webstore/detail/gofullpage-full-page-scre/fdpohaocaechififmbbbbbknoalclacl,chrome.google.com,bradtraversy/design-resources-for-developers,Chrome Extensions,Capture a screenshot of your current page in entirety and reliably—without requesting any extra permissions!,MIT,,1
Hackertab.dev,https://chrome.google.com/webstore/detail/hackertabdev-developer-ne/ocoipcahhaedjhnpoanfflhbdcpmalmp,chrome.google.com,bradtraversy/design-resources-for-developers,Chrome Extensions,Hackertab helps developers stay up-to-date with the latest dev news and resources in one tab,MIT,,1
Imageye - Image downloader,https://chrome.google.com/webstore/detail/imageye-image-downloader/agionbommeaifngbhincahgmoflcikhm,chrome.google.com,bradtraversy/design-resources-for-developers,Chrome Extensions,"Find and download all images on a web page. With Imageye you can find, browse and download all the images present in a web page",MIT,,1
JavaScript and CSS Code Beautifier,https://chrome.google.com/webstore/detail/javascript-and-css-code-b/iiglodndmmefofehaibmaignglbpdald?hl=en,chrome.google.com,bradtraversy/design-resources-for-developers,Chrome Extensions,"Beautify CSS, JavaScript and JSON code when you open a .css/.js/.json file",MIT,,1
JSON Formatter,https://chrome.google.com/webstore/detail/json-formatter/bcjindcccaagfpapjjmafapmmgkkhgoa?hl=en,chrome.google.com,bradtraversy/design-resources-for-developers,Chrome Extensions,Formats and colors JSON content for better readability. It can also collapse and expand nested structures,MIT,,1
JSONView,https://chrome.google.com/webstore/detail/jsonview/chklaanhfefbnpoihckbnefhakgolnmc?hl=en,chrome.google.com,bradtraversy/design-resources-for-developers,Chrome Extensions,Validate and view JSON documents,MIT,,1
Kontrast - WCAG Contrast Checker,https://chrome.google.com/webstore/detail/kontrast-wcag-contrast-ch/haphaaenepedkjngghandlmhfillnhjk?hl=en,chrome.google.com,bradtraversy/design-resources-for-developers,Chrome Extensions,Quickly check and adjust contrast in real-time in your browser to meet WCAG 2.1 requirements,MIT,,1
Lighthouse,https://chrome.google.com/webstore/detail/lighthouse/blipmdconlkpinefehnmjammfjpmpbjk,chrome.google.com,bradtraversy/design-resources-for-developers,Chrome Extensions,"An open-source, automated tool for improving the performance, quality, and correctness of your web apps",MIT,,1
Measure,https://chrome.google.com/webstore/detail/measure/bbompmbliibpeaaloikpoahdokhjdmeg,chrome.google.com,LisaDziuba/Awesome-Design-Tools,Font Tools,measure typographic line lengths with this browser extension for Chrome,MIT,,1
Page Ruler Redux,https://chrome.google.com/webstore/detail/page-ruler-redux/giejhjebcalaheckengmchjekofhhmal,chrome.google.com,bradtraversy/design-resources-for-developers,Chrome Extensions,A Web Developer\Designer ruler to get perfect pixel dimensions and positioning to measure elements on any web page,MIT,,1
PerfectPixel,https://chrome.google.com/webstore/detail/perfectpixel-by-welldonec/dkaagdgjmgdmbnecmcefdhjekcoceebi,chrome.google.com,bradtraversy/design-resources-for-developers,Chrome Extensions,"Adds a semi-transparent image overlay over the top of the developed HTML to easily perform pixel perfect comparison between them, useful for replicating UI designs",MIT,,1
Pesticide,https://chrome.google.com/webstore/detail/pesticide-for-chrome-with/neonnmencpneifkhlmhmfhfiklgjmloi,chrome.google.com,bradtraversy/design-resources-for-developers,Chrome Extensions,"Inserts the Pesticide CSS into the current page, outlining each HTML element to better see placement on the page, helpful for building layouts",MIT,,1
React Developer Tool,https://chrome.google.com/webstore/detail/react-developer-tools/fmkadmapgofadopljbjfkapdkoienihi,chrome.google.com,bradtraversy/design-resources-for-developers,Chrome Extensions,React debugging tools to the Chrome Developer Tools. It allows you to inspect the React component hierarchies in the Chrome Developer Tools,MIT,,1
Redux Developer Tool,https://chrome.google.com/webstore/detail/redux-devtools/lmhkpmbekcpmknklioeibfkpmmfibljd?hl=en,chrome.google.com,bradtraversy/design-resources-for-developers,Chrome Extensions,"Redux DevTools provides power-ups for your Redux development workflow. Apart from Redux, it can be used with any other architectures which handle the state",MIT,,1
Responsive Viewer,https://chrome.google.com/webstore/detail/responsive-viewer/inmopeiepgfljkpkidclfgbgbmfcennb?hl=en,chrome.google.com,bradtraversy/design-resources-for-developers,Chrome Extensions,"Show multiple screens once, Responsive design tester",MIT,,1
SEO Minion,https://chrome.google.com/webstore/detail/seo-minion/giihipjfimkajhlcilipnjeohabimjhi?hl=en,chrome.google.com,bradtraversy/design-resources-for-developers,Chrome Extensions,"A SEO tool that includes features like on-page SEO analysis, broken link checking, and SERP preview and more",MIT,,1
Site Palette,https://chrome.google.com/webstore/detail/site-palette/pekhihjiehdafocefoimckjpbkegknoh,chrome.google.com,bradtraversy/design-resources-for-developers,Chrome Extensions,A must-have tool for designers and frontend developers to grab colors for any website,MIT,,1
Stylebot,https://chrome.google.com/webstore/detail/stylebot/oiaejidbmkiecgbjeifoejpgmdaleoha,chrome.google.com,bradtraversy/design-resources-for-developers,Chrome Extensions,Change the appearance of the web instantly,MIT,,1
UX Check,https://chrome.google.com/webstore/detail/ux-check/giekhiebdpmljgchjojblnekkcgpdobp,chrome.google.com,bradtraversy/design-resources-for-developers,Chrome Extensions,Identify usability issues through a heuristic evaluation,MIT,,1
VisBug,https://chrome.google.com/webstore/detail/visbug/cdockenadnadldjbbgcallicgledbeoc?hl=en,chrome.google.com,bradtraversy/design-resources-for-developers,Chrome Extensions,Open source web design debug tool built with JavaScript,MIT,,1
Wappalyzer,https://chrome.google.com/webstore/detail/wappalyzer/gppongmhjkpfnbhagpmjfkannfbllamg,chrome.google.com,bradtraversy/design-resources-for-developers,Chrome Extensions,Wappalyzer is a technology profiler that shows you what websites are built with,MIT,,1
Web Developer,https://chrome.google.com/webstore/detail/web-developer/bfbameneiokkgbdmiekhjnmfkcnldhhm,chrome.google.com,bradtraversy/design-resources-for-developers,Chrome Extensions,Adds a toolbar button with various web developer tools,MIT,,1
Web Editor,https://chrome.google.com/webstore/detail/web-editor/pdmlhckofhkhebmcplblcijijgjiakcm,chrome.google.com,bradtraversy/design-resources-for-developers,Chrome Extensions,"The web editor is the tool that provides you with an enhanced way to inspect any website elements, alter their properties, insert contents, design, and visualize the way you want to see them",MIT,,1
WhatFont,https://chrome.google.com/webstore/detail/whatfont/jabopobgcpjmedljpbcaablpmlmfcogm,chrome.google.com,bradtraversy/design-resources-for-developers,Chrome Extensions,The easiest way to identify fonts on web pages,MIT,,1
WhatRuns,https://chrome.google.com/webstore/detail/whatruns/cmkdbmfndkfgebldhnkbfhlneefdaaip?hl=en,chrome.google.com,bradtraversy/design-resources-for-developers,Chrome Extensions,"Discover what runs a website. Frameworks, Analytics Tools, Wordpress Plugins, Fonts - you name it",MIT,,1
Window Resizer,https://chrome.google.com/webstore/detail/window-resizer/kkelicaakdanhinjdeammmilcgefonfh?hl=en,chrome.google.com,bradtraversy/design-resources-for-developers,Chrome Extensions,Resize the browser window to emulate various screen resolutions,MIT,,1
Statable WCAG Checker,https://chromewebstore.google.com/detail/statable-wcag-checker/cgfkmhkdjaglhanjmaofjfkmieanchmo,chromewebstore.google.com,bradtraversy/design-resources-for-developers,Chrome Extensions,"Free accessibility checker that runs axe-core on the current page and lists WCAG 2.0/2.1/2.2 A and AA issues in a side panel, each with the rule and a link to the fix. Also for Firefox and Edge",MIT,,1
How do Customer Development and Product Management fit together,http://www.cindyalvarez.com/lean/how-do-customer-development-and-product-management-fit-together-2014,cindyalvarez.com,ProductHired/open-product-management,Get Out Of The Building,Cindy Alvarez,none stated,,1
Agile Mindset,https://www.cio.com.au/article/609763/more-agile-need-mindsets-change,cio.com.au,lorabv/awesome-agile,The Fundamentals,,CC0-1.0,,1
Circum Icons,https://circumicons.com/,circumicons.com,bradtraversy/design-resources-for-developers,Icons,"Consistant open source icons as SVG for React, Vue and Svelte",MIT,,1
Cirrus CSS,https://cirrus-ui.netlify.app/,cirrus-ui.netlify.app,bradtraversy/design-resources-for-developers,CSS Frameworks,A component and utility centric SCSS framework designed for rapid prototyping,MIT,,1
Clarity Design System,https://clarity.design/,clarity.design,bradtraversy/design-resources-for-developers,Design Systems & Style Guides,"UX guidelines, HTML/CSS framework, and Angular components",MIT,,1
Growth Hackers,https://clarity.fm/growth-hacking,clarity.fm,bekatom/awesome-growth-hacking,Growth Hackers,,other (see repo LICENSE),,1
Microsoft Clarity,https://clarity.microsoft.com,clarity.microsoft.com,samber/awesome-user-research,Session recording,Free heatmaps and session recordings,CC-BY-4.0,,1
CleanCss,https://www.cleancss.com/,cleancss.com,bradtraversy/design-resources-for-developers,Others,"Tool For Code Formatter, Minifier, File Converter",MIT,,1
CleverBrush,https://www.cleverbrush.com/,cleverbrush.com,LisaDziuba/Awesome-Design-Tools,UI Design Tools,a browser-based online vector editor and digital publishing tool which is possible to integrate to the page as JS component,MIT,,1
CTA Button Maker,https://www.clickminded.com/button-generator/,clickminded.com,bradtraversy/design-resources-for-developers,Online Design Tools,Create call to action buttons,MIT,,1
Clicktale,https://www.clicktale.com,clicktale.com,gztchan/awesome-design,User Testing,is a user experience management platform,CC0-1.0 (stated in README),,1
Click to tweet,https://clicktotweet.com/,clicktotweet.com,bekatom/awesome-growth-hacking,Tools,,other (see repo LICENSE),,1
Clipart,https://www.clipart.email/,clipart.email,bradtraversy/design-resources-for-developers,Vectors & Clip Art,"Choose great clipart, png, coloring pages, drawings and more for your projects from the free collection!",MIT,,1
Clipperly,https://clipperly.com/,clipperly.com,bradtraversy/design-resources-for-developers,Others,"All-in-one free online file service, convert, edit and optimize your files",MIT,,1
Clker,http://www.clker.com,clker.com,bradtraversy/design-resources-for-developers,Vectors & Clip Art,Free clip art you can use for anything you like,MIT,,1
CloneAny Gallery,https://cloneany.com/gallery,cloneany.com,bradtraversy/design-resources-for-developers,Design Systems & Style Guides,Free webpage design examples with downloadable DESIGN.md style guides and source/clone previews. No signup needed to browse or download the guides,MIT,,1
Color by Cloudflare,https://cloudflare.design/color/,cloudflare.design,LisaDziuba/Awesome-Design-Tools,Color Picker Tools,"a tool to preview palettes against UI elements, cycle through accessible color combos and create palettes manually, via URL import, or generatively",MIT,,1
AWS Cloudscape Design System,https://cloudscape.design/,cloudscape.design,alexpate/awesome-design-systems,Design Systems,,Unlicense,,1
90 Examples,http://clrs.cc/a11y/,clrs.cc,LisaDziuba/Awesome-Design-Tools,Accessibility Tools,a free collection of accessible color themes,MIT,,1
Licecap,https://www.cockos.com/licecap/,cockos.com,ttt30ga/awesome-product-design,Visual > Tools,Simple animated screen captures,CC0-1.0,,1
Coda,https://coda.io,coda.io,LisaDziuba/Awesome-Design-Tools,No Code Tools,"a new type of document that blends the flexibility of documents, the power of spreadsheets, and the utility of apps into a single new canvas",MIT,,1
Code4Startup 2.0,https://code4startup.com/,code4startup.com,ProductHired/open-product-management,Development,Learn to code by cloning real-life startups (PRO version),none stated,,1
Code Beautify,https://codebeautify.org/,codebeautify.org,bradtraversy/design-resources-for-developers,Others,"Free Online Tools like Code Beautifiers, Code Formatters, Editors, Viewers, Minifier, Validators, Converters for Developers",MIT,,1
Codecademy's Learn the Command Line,https://www.codecademy.com/learn/learn-the-command-line,codecademy.com,ProductHired/open-product-management,Development,Learn how to control your computer with the command line!,none stated,,1
Codepen,https://codepen.io/,codepen.io,bradtraversy/design-resources-for-developers,Others,"Build, test and discover frontend code",MIT,,1
Codepng,https://www.codepng.app/,codepng.app,bradtraversy/design-resources-for-developers,Online Design Tools,Convert your source code into awesome shareable images,MIT,,1
AI Background Remover,https://codequest.work/generator/bg-remover/,codequest.work,bradtraversy/design-resources-for-developers,Online Design Tools,"Automatically remove image backgrounds with AI subject detection. Free, no signup, runs entirely in the browser",MIT,,1
CSS Flex Generator,https://codequest.work/generator/flex/,codequest.work,bradtraversy/design-resources-for-developers,Online Design Tools,A visual CSS Flexbox layout generator. Configure flex properties with real-time preview and auto-generate CSS code,MIT,,1
CSS Grid Generator,https://codequest.work/generator/grid/,codequest.work,bradtraversy/design-resources-for-developers,Online Design Tools,A visual CSS Grid layout generator. Drag to place grid items and auto-generate HTML/CSS code with one-click copy,MIT,,1
Image Color Picker,https://codequest.work/generator/image-color-picker/,codequest.work,bradtraversy/design-resources-for-developers,Colors,"Extract color palettes from any image using k-means++ clustering. Export as CSS variables, HEX, RGB, or HSL with one click",MIT,,1
Image Compressor & Converter,https://codequest.work/generator/image-compressor/,codequest.work,bradtraversy/design-resources-for-developers,Image Compression,"Compress and convert images between JPG, PNG, WebP, AVIF, and SVG, with resizing and automatic EXIF removal. Runs entirely in the browser",MIT,,1
Liquid Glass Generator,https://codequest.work/generator/liquid-glass-generator/,codequest.work,bradtraversy/design-resources-for-developers,Online Design Tools,"Generate Apple-style Liquid Glass UI effects with WebGL (refraction, chromatic aberration, frosted glass) and copy the code",MIT,,1
Code UI,https://www.codeui.co.in/,codeui.co.in,bradtraversy/design-resources-for-developers,React UI Libraries,"Beautifully designied mobile responsive components built with HTML, CSS , JS and React, Typescript, Tailwind CSS, and Framer Motion. 100% open-source, and customizable",MIT,,1
Codyhouse,https://codyhouse.co/,codyhouse.co,bradtraversy/design-resources-for-developers,UI Components & Kits,"Kick-start your web projects with CodyHouse's front-end framework and library of accessible HTML, CSS, JavaScript components",MIT,,1
Coglode,https://coglode.com/,coglode.com,ttt30ga/awesome-product-design,Research > Articles,Bite-size behavioral research analysis,CC0-1.0,,1
Colibri,https://colibri.io/,colibri.io,bekatom/awesome-growth-hacking,Tools,,other (see repo LICENSE),,1
Blend,http://www.colinkeany.com/blend/,colinkeany.com,LisaDziuba/Awesome-Design-Tools,Gradient Tools,create and customize beautiful CSS3 gradients,MIT,,1
Don’t publish a product roadmap,https://colinrand.com/post/51810660125/dont-publish-a-product-roadmap,colinrand.com,ProductHired/open-product-management,"Roadmaps, Planning, and Prioritization",Colin Rand,none stated,,1
Colophon,https://www.colophon-foundry.org/,colophon-foundry.org,gztchan/awesome-design,Typography,"is an international, award-winning type foundry based in London (UK) and Los Angeles (US)",CC0-1.0 (stated in README),,1
Color Hex,https://www.color-hex.com,color-hex.com,bradtraversy/design-resources-for-developers,Colors,"Color-hex gives information about colors including color models (RGB,HSL,HSV and CMYK) and generates a simple css code for the selected color",MIT,,1
Adobe Color,https://color.adobe.com/create,color.adobe.com,bradtraversy/design-resources-for-developers,Colors,"Create color palettes, extract gradients from images, etc",MIT,,1
Adobe Trends,https://color.adobe.com/trends,color.adobe.com,bradtraversy/design-resources-for-developers,Colors,Discover current color trends in different industries from the creative communities on Behance and Adobe Stock,MIT,,1
Color,https://color.adobe.com/explore/?filter=most-popular&time=month,color.adobe.com,LisaDziuba/Awesome-Design-Tools,Color Picker Tools,create color schemes with the color wheel or browse thousands of color combinations from the Color community. Made by Adobe,MIT,,1
Colordot,https://color.hailpixel.com/,color.hailpixel.com,gztchan/awesome-design,Color,,CC0-1.0 (stated in README),,1
Color Deck,https://color.obscuredetour.com/,color.obscuredetour.com,LisaDziuba/Awesome-Design-Tools,Color Picker Tools,an HSL driven color palette collection. It's also open-source,MIT,,1
Colorate,https://colorate.azurewebsites.net/,colorate.azurewebsites.net,bradtraversy/design-resources-for-developers,Colors,Color scheme tool for designers and developers. This will help you draw inspiration and serve as a resource for your color work,MIT,,1
Color Brewer 2,https://colorbrewer2.org/,colorbrewer2.org,bradtraversy/design-resources-for-developers,Colors,"The original color palette generator, also supporting color blindness. Probably the scientifically best option. Also probably not the prettiest",MIT,,1
Color Claim,http://colorclaim.tumblr.com/,colorclaim.tumblr.com,gztchan/awesome-design,Color,,CC0-1.0 (stated in README),,1
ColorCurves.app,https://colorcurves.app,colorcurves.app,bradtraversy/design-resources-for-developers,Colors,Color palette generator that uses curves to generate color palettes,MIT,,1
Color Designer,https://colordesigner.io/gradient-generator,colordesigner.io,bradtraversy/design-resources-for-developers,Colors,A gradient generetor from one color,MIT,,1
Gradient Generator,https://colordesigner.io/gradient-generator,colordesigner.io,LisaDziuba/Awesome-Design-Tools,Gradient Tools,a tool that generates a stepped gradient between two colors,MIT,,1
ColorDrop,https://colordrop.io/,colordrop.io,gztchan/awesome-design,Color,,CC0-1.0 (stated in README),,1
colorfavs,http://www.colorfavs.com/,colorfavs.com,gztchan/awesome-design,Color,a place that made it easy to create and discover new colors and palettes for all of your projects,CC0-1.0 (stated in README),,1
Colorffy,https://www.colorffy.com/,colorffy.com,LisaDziuba/Awesome-Design-Tools,Gradient Tools,"get CSS, images, UI previews or create own gradients",MIT,,1
ColorGradient,https://colorgradient.dev/,colorgradient.dev,bradtraversy/design-resources-for-developers,Colors,A free tool to create simple and complex CSS Gradients visually,MIT,,1
Color Hexa,https://www.colorhexa.com/,colorhexa.com,LisaDziuba/Awesome-Design-Tools,Color Picker Tools,free color tool providing information about any color and generating matching color palettes for designs,MIT,,1
ColorKit,https://colorkit.io,colorkit.io,LisaDziuba/Awesome-Design-Tools,Color Picker Tools,a tool for blending colors and generating a color's shades and tints,MIT,,1
Color Leap,https://colorleap.app,colorleap.app,LisaDziuba/Awesome-Design-Tools,Color Picker Tools,leap through time and see the colors of history,MIT,,1
Colorlib,https://colorlib.com/wp/templates/,colorlib.com,bradtraversy/design-resources-for-developers,HTML & CSS Templates,Almost any category of theme you can think of,MIT,,1
Color Lisa,http://www.colorlisa.com/,colorlisa.com,gztchan/awesome-design,Color,is a curated list of color palettes based on masterpieces of the worlds greatest artists,CC0-1.0 (stated in README),,1
Colormind.io,http://colormind.io,colormind.io,bradtraversy/design-resources-for-developers,Colors,Color palette generator,MIT,,1
ColorOf,https://colorof.app/,colorof.app,bradtraversy/design-resources-for-developers,Colors,Color guide for palette comparison and accessibility checks,MIT,,1
Color Oracle,https://colororacle.org/,colororacle.org,LisaDziuba/Awesome-Design-Tools,Accessibility Tools,a free color blindness simulator,MIT,,1
Colorpicker,https://colorpicker.crea-th.at/,colorpicker.crea-th.at,LisaDziuba/Awesome-Design-Tools,Color Picker Tools,a complete and open-source color manipulation tool with picking,MIT,,1
ColorTools,https://colorpicker.cx/,colorpicker.cx,bradtraversy/design-resources-for-developers,Colors,"Free browser-based toolkit with an image color picker, color wheel, palette and CSS gradient generators, color conversion, and WCAG/APCA contrast checking",MIT,,1
Colorpicker,https://colorpicker.fr,colorpicker.fr,bradtraversy/design-resources-for-developers,Downloadable Design Software,"Open Source colors software: Retrieve, manipulate and store your colors easily!",MIT,,1
colors.dopely,https://colors.dopely.top/,colors.dopely.top,bradtraversy/design-resources-for-developers,Colors,"Super-fast and simple color palette generator, palettes can be saved and shared in seconds",MIT,,1
Colors.lol,https://colors.lol/,colors.lol,bradtraversy/design-resources-for-developers,Colors,"Interesting color palettes generated by a Twitter bot, there are hex codes and descriptive names for each color",MIT,,1
Colorsinspo,https://colorsinspo.com/,colorsinspo.com,bradtraversy/design-resources-for-developers,Colors,All-in-one resource for finding everything about colors,MIT,,1
ColorSlurp,http://colorslurp.com/,colorslurp.com,LisaDziuba/Awesome-Design-Tools,Color Picker Tools,the ultimate color productivity booster for designers and developers,MIT,,1
ColorSpark,https://colorspark.app/gradient,colorspark.app,LisaDziuba/Awesome-Design-Tools,Gradient Tools,helps designers find unique colors and striking gradient combinations,MIT,,1
Colorwise,https://www.colorwise.io/,colorwise.io,LisaDziuba/Awesome-Design-Tools,Color Picker Tools,search through the color palettes of the most voted products on Product Hunt,MIT,,1
Colorzilla,https://www.colorzilla.com/,colorzilla.com,bradtraversy/design-resources-for-developers,Colors,A powerful online Photoshop-like CSS gradient editor,MIT,,1
Color Code,http://www.colourco.de/,colourco.de,gztchan/awesome-design,Color,,CC0-1.0 (stated in README),,1
Colourcode,https://colourco.de/,colourco.de,LisaDziuba/Awesome-Design-Tools,Color Picker Tools,"an online designer tool, which allows you to easily and intuitively combine colors",MIT,,1
Color Lovers,https://www.colourlovers.com/palettes,colourlovers.com,bradtraversy/design-resources-for-developers,Colors,It will show the color schemes which are popular in the outside world,MIT,,1
Colour Lovers,https://www.colourlovers.com/,colourlovers.com,ttt30ga/awesome-product-design,Visual > Colors,Creative community,CC0-1.0,,1
CSS Colours Name,http://colours.neilorangepeel.com/,colours.neilorangepeel.com,gztchan/awesome-design,Color,,CC0-1.0 (stated in README),,1
CombineCOLORS,https://combinecolors.com/,combinecolors.com,bradtraversy/design-resources-for-developers,Colors,Color mixing tool,MIT,,1
Comet,https://comet.discoveryeducation.com/,comet.discoveryeducation.com,bradtraversy/design-resources-for-developers,Design Systems & Style Guides,"Scalable design system of visual language, components, and design assets",MIT,,1
Commitizen,http://commitizen.github.io/cz-cli/,commitizen.github.io,bradtraversy/design-resources-for-developers,Others,Command line tool to formatted commit messages according to the standards,MIT,,1
kangax-js-compat-table,https://compat-table.github.io/compat-table/es6/,compat-table.github.io,bradtraversy/design-resources-for-developers,Others,"Check JavaScript versions (ES5, ES6, ES2016+ etc.) compatibility across different compilers, servers/runtimes and platforms (Desktop and Mobile)",MIT,,1
TC Components,https://components.timos.design,components.timos.design,bradtraversy/design-resources-for-developers,Vue UI Libraries,A library of high-quality ready to use components that will help you speed up your development workflow,MIT,,1
CompressImage.io,https://compressimage.io,compressimage.io,bradtraversy/design-resources-for-developers,Image Compression,Compress JPG and PNG images. No Limits. Bulk Conversion. Convert to WebP. Works Offline,MIT,,1
CompressJPEG,https://compressjpeg.com/,compressjpeg.com,bradtraversy/design-resources-for-developers,Image Compression,Compress JPEG images with size even greater than 5MB,MIT,,1
CompressMyPhotos,https://compressmyphotos.com/,compressmyphotos.com,bradtraversy/design-resources-for-developers,Image Compression,"Free browser-based JPG, PNG and WebP compression with exact target sizes, batch downloads and EXIF removal",MIT,,1
CompressNow,https://compressnow.com/,compressnow.com,bradtraversy/design-resources-for-developers,Image Compression,"JPEG, GIF, PNG Compression",MIT,,1
Compressor.io,https://compressor.io/,compressor.io,bradtraversy/design-resources-for-developers,Image Compression,"JPEG, PNG, GIF, SVG Compression",MIT,,1
Condens,https://condens.io,condens.io,samber/awesome-user-research,Research repository,Lightweight research repository for centralizing and tagging research data,CC-BY-4.0,,1
99U,http://conference.99u.com/,conference.99u.com,gztchan/awesome-design,Conference and Festival,Adobe 99U Conference,CC0-1.0 (stated in README),,1
Contentsquare,https://contentsquare.com,contentsquare.com,samber/awesome-user-research,All-in-one platforms,"Digital experience analytics combining heatmaps, session replay, and journey analysis",CC-BY-4.0,,1
Contrast Checker,https://contrast-checker.glitch.me/,contrast-checker.glitch.me,LisaDziuba/Awesome-Design-Tools,Accessibility Tools,helps check the contrast between the background of an element and the page itself,MIT,,1
Contraste,https://contrasteapp.com/,contrasteapp.com,LisaDziuba/Awesome-Design-Tools,Accessibility Tools,an app for checking the accessibility of text against the Web Content Accessibility Guidelines (WCAG),MIT,,1
Convertio,https://convertio.co/png-svg/,convertio.co,bradtraversy/design-resources-for-developers,Icons,Convert PNG files to SVG online & free. (One of the services provided by it.),MIT,,1
Cool Backgrounds,https://coolbackgrounds.io/,coolbackgrounds.io,LisaDziuba/Awesome-Design-Tools,Gradient Tools,"explore a beautifully curated selection of cool backgrounds that you can add to blogs, websites",MIT,,1
coolbackgrounds generator,https://coolbackgrounds.io/,coolbackgrounds.io,bradtraversy/design-resources-for-developers,Colors,"Explore a beautifully curated selection of cool backgrounds that you can add to blogs, websites",MIT,,1
Coolours,https://coolours.perpetualsummer.ltd/,coolours.perpetualsummer.ltd,bradtraversy/design-resources-for-developers,Colors,Free color scheme generator for creating and exporting palettes,MIT,,1
Cool Text,https://cooltext.com/,cooltext.com,bradtraversy/design-resources-for-developers,UI Graphics,Cool Text is a FREE graphics generator for web pages and anywhere else you need an impressive logo without a lot of design work,MIT,,1
Co-op Experience Library,https://www.coop.co.uk/experience-library/,coop.co.uk,alexpate/awesome-design-systems,Design Systems,,Unlicense,,1
CoreUI,https://coreui.io,coreui.io,bradtraversy/design-resources-for-developers,UI Components & Kits,Bootstrap Admin Dashboard Template & UI Components Library,MIT,,1
Product Alliance,https://course.productalliance.com/a/33297/spNMFmjD,course.productalliance.com,ProductHired/open-product-management,Online Courses,All the tools you need to land your dream job as a product manager at any tech company,none stated,,1
Product Alliance's Deep Dives Course,https://course.productalliance.com/a/33300/spNMFmjD,course.productalliance.com,ProductHired/open-product-management,Career Prep: Company Types,"Exclusive interviews and 200+ pages of strategy guides for the Top 22 companies for PM (FAANG, LinkedIn, Uber, Airbnb, Pinterest, Twitter",none stated,,1
Product Alliance's Hacking the PM Interview Course,https://course.productalliance.com/a/33299/spNMFmjD,course.productalliance.com,ProductHired/open-product-management,Career Prep: The Interview,16hrs of video lessons and 62 pages of strategy guides on how to answer ANY question thrown your way,none stated,,1
Product Alliance's Resume Guide,https://course.productalliance.com/a/33298/spNMFmjD,course.productalliance.com,ProductHired/open-product-management,Career Prep: Resume,Lifetime access course on how to craft your resume and break into PM,none stated,,1
Coursera - Software Product Management,https://www.coursera.org/specializations/product-management,coursera.org,ProductHired/open-product-management,Online Courses,Create Better Software using Agile Practices. Master Agile development and effective interactions to drive the making of great software products (Capstone Project),none stated,,1
Digital Product Management: Modern Fundamentals,https://www.coursera.org/learn/uva-darden-digital-product-management,coursera.org,ProductHired/open-product-management,Online Courses,This course is ideal for current product or general managers interested in today's modern product management methods,none stated,,1
Product Management Coursea,https://www.coursera.org/specializations/product-management,coursera.org,ProductHired/open-product-management,Online Courses,Become an effective Software Product Manager by mastering Agile software development practices to confidently interact with clients and manage a development team,none stated,,1
Platzi,https://courses.platzi.com,courses.platzi.com,gztchan/awesome-design,Tutorial,Growth marketing Course,CC0-1.0 (stated in README),,1
Coverr.co,https://coverr.co/,coverr.co,bradtraversy/design-resources-for-developers,Stock Videos,Beautiful free stock video footage,MIT,,1
Craft - Collaborative Place for Product Managers,https://craft.io,craft.io,ProductHired/open-product-management,Development,Agile Product & Project Management Software,none stated,,1
CRAFTED BY LOVE,http://www.craftedbylove.com/#/,craftedbylove.com,gztchan/awesome-design,Read and Digest,,CC0-1.0 (stated in README),,1
Craftwork Design,https://craftwork.design/,craftwork.design,LisaDziuba/Awesome-Design-Tools,Mockup Tools,free and premium high-quality digital products that make your work faster and easier,MIT,,1
The Cranky Product Manager,http://crankypm.com/,crankypm.com,ProductHired/open-product-management,Online Blogs,"A blog on product management, product marketing, and the ugly side of software product development. As of April 2015, the author, Sue Raisty, no longer writes, but she has a large backlog of great posts",none stated,,1
Flow,https://createwithflow.com/,createwithflow.com,LisaDziuba/Awesome-Design-Tools,Animation Tools,"a professional animation tool for Sketch designs that also exports production-ready code for iOS, Web or SVG files",MIT,,1
Creatica,https://creatica.app/backgrounds,creatica.app,bradtraversy/design-resources-for-developers,UI Graphics,Generate unique beautiful and unique Backgrounds and patterns,MIT,,1
Creative Portfolios,http://www.creative-portfolios.com/,creative-portfolios.com,LisaDziuba/Awesome-Design-Tools,Design Inspiration,a curation of the most creative portfolios made by designers & developers,MIT,,1
Creative Tim,https://www.creative-tim.com/,creative-tim.com,bradtraversy/design-resources-for-developers,UI Components & Kits,All types of UI libraries and kits including JS frameworks like React,MIT,,1
Creative AD Awards,http://www.creativeadawards.com/,creativeadawards.com,gztchan/awesome-design,Award,Discover the Most Creative & Sophisticated Advertising Campaigns around the World,CC0-1.0 (stated in README),,1
CREATIVE BLOQ,http://www.creativebloq.com/,creativebloq.com,gztchan/awesome-design,Read and Digest,"delivers a daily mix of advice and inspiration for digital and traditional artists, web designers, graphic designers, 3D and VFX artists, illustrators, and more. 🌟",CC0-1.0 (stated in README),,1
CreativeLive,https://www.creativelive.com/,creativelive.com,gztchan/awesome-design,Tutorial,,CC0-1.0 (stated in README),,1
CreativeMornings,https://creativemornings.com/,creativemornings.com,gztchan/awesome-design,Conference and Festival,is a breakfast lecture series for the creative community,CC0-1.0 (stated in README),,1
Creativeoverflow,http://creativeoverflow.net/,creativeoverflow.net,gztchan/awesome-design,Read and Digest,is an online design magazine for anything creative,CC0-1.0 (stated in README),,1
Creative Review,https://www.creativereview.co.uk/,creativereview.co.uk,gztchan/awesome-design,Read and Digest,has been bringing the creative community together since 1980,CC0-1.0 (stated in README),,1
Creative Selection,http://creativeselection.io/,creativeselection.io,dend/awesome-product-management,Books > Engineering & Technical,By Ken Kocienda,CC0-1.0,,1
Crello,https://crello.com/,crello.com,LisaDziuba/Awesome-Design-Tools,SMM Design Tools,"create own designs: posts, covers, graphics, and posters using the best software on the web",MIT,,1
Creo,https://creolabs.com/,creolabs.com,LisaDziuba/Awesome-Design-Tools,Prototyping Tools,"prototyping, code exporting and built-in mobile app builder",MIT,,1
Crowd Signal,https://crowdsignal.com/,crowdsignal.com,LisaDziuba/Awesome-Design-Tools,User Research Tools,"collect, organize and analyze data from a variety of sources, including social media and mobile",MIT,,1
25+ Site Reliability Engineering OKR examples,https://www.cruform.com/site-reliability-engineering-okrs/,cruform.com,domenicosolazzo/awesome-okr,Examples,A comprehensive list of OKRs for Site Reliability Engineering Teams,CC0-1.0,,1
Cruip,https://cruip.com/free-templates/,cruip.com,bradtraversy/design-resources-for-developers,HTML & CSS Templates,Fully coded HTML templates to help you easily build your startup landing page without hassles,MIT,,1
Cryptoicons,http://cryptoicons.co/,cryptoicons.co,bradtraversy/design-resources-for-developers,Icons,A set of 430 crypto and fiat currency icons. Completely free,MIT,,1
css-doodle,https://css-doodle.com/,css-doodle.com,bradtraversy/design-resources-for-developers,CSS Frameworks,A web component for drawing patterns with CSS,MIT,,1
css-tricks,https://css-tricks.com/,css-tricks.com,bradtraversy/design-resources-for-developers,Others,Free CSS tricks and some unique ideas for beginners and advanced,MIT,,1
css.gg,https://css.gg/,css.gg,bradtraversy/design-resources-for-developers,Icons,"700+ Open-source CSS, SVG and Figma UI Icons Available in SVG Sprite, styled-components, NPM & API",MIT,,1
CSS Arrow,http://www.cssarrowplease.com/,cssarrowplease.com,bradtraversy/design-resources-for-developers,Online Design Tools,"Create and export CSS code for a custom box with an arrow extending out from the side. Great for tooltips, flyouts and the like",MIT,,1
CSS Awards,https://www.cssawards.net/,cssawards.net,gztchan/awesome-design,Award,"is a web designer/agency/studio inspiration gallery, where a high quality of CSS websites placed from around the world",CC0-1.0 (stated in README),,1
CSS Design Awards,http://www.cssdesignawards.com/,cssdesignawards.com,gztchan/awesome-design,Award,"is a web design & development award platform for digital folk, UI/UX peeps and inspiring leaders of the web",CC0-1.0 (stated in README),,1
CSS Gradient Editor,https://www.cssgradienteditor.com,cssgradienteditor.com,bradtraversy/design-resources-for-developers,Colors,You may only need this tool for creating CSS gradient backgrounds and patterns,MIT,,1
CSS Grid Generator,https://cssgrid-generator.netlify.app/,cssgrid-generator.netlify.app,bradtraversy/design-resources-for-developers,UI Components & Kits,An open-source project that allow users to quickly create dynamic layout based on CSS Grid,MIT,,1
CSS Grid Builder,https://cssgrid.cc/css-grid-builder.html,cssgrid.cc,LisaDziuba/Awesome-Design-Tools,Wireframing Tools,with this tool there is no HTML part to the grid. The grid only becomes apparent when content (elements) are added and positioned according to the grid rules,MIT,,1
Responsive CSS Grid Generator,https://cssgridgenerator.net,cssgridgenerator.net,bradtraversy/design-resources-for-developers,Online Design Tools,Draw a CSS Grid at each breakpoint and copy CSS with the media queries already written,MIT,,1
Mesher,https://csshero.org/mesher,csshero.org,bradtraversy/design-resources-for-developers,UI Graphics,A Free tool to create beautiful mesh gradients only with CSS code. Use your own colors or randomly generated ones to build the trendiest CSS gradients,MIT,,1
CSS ICON,https://cssicon.space/,cssicon.space,bradtraversy/design-resources-for-developers,Icons,"Icon set made with pure css code, no dependencies, ""grab and go"" icons",MIT,,1
CSS Layout,https://csslayout.io/,csslayout.io,bradtraversy/design-resources-for-developers,UI Components & Kits,A collection of popular web layouts and patterns in pure CSS,MIT,,1
CSS Loaders & Spinners,https://cssloaders.github.io/,cssloaders.github.io,bradtraversy/design-resources-for-developers,CSS Animations,"This is a library having a collection of different types of CSS loaders, spinners",MIT,,1
CSSnippets,https://cssnippets.shefali.dev,cssnippets.shefali.dev,bradtraversy/design-resources-for-developers,UI Components & Kits,"Explore a vast collection of HTML, React, CSS and Tailwind CSS code snippets for buttons, box-shadows, cards, checkboxes, dropdowns and many more",MIT,,1
CSS Ribbon Generator,https://www.cssportal.com/css-ribbon-generator/,cssportal.com,bradtraversy/design-resources-for-developers,Others,This generator will assist in creating a pure CSS corner ribbon,MIT,,1
{CSS}Portal,https://www.cssportal.com/,cssportal.com,bradtraversy/design-resources-for-developers,Others,"CSSPortal is home to a large range of CSS generators, tools and resources",MIT,,1
CSS Reference,https://cssreference.io/,cssreference.io,bradtraversy/design-resources-for-developers,Others,A collection of all css properties and definitions in detail,MIT,,1
CSS Clip-Path Generator,https://csstoolkit.net/css-clip-path-generator/,csstoolkit.net,bradtraversy/design-resources-for-developers,Vectors & Clip Art,"Visually build CSS clip-path shapes (polygon, circle, ellipse, inset) by dragging points, then copy the CSS or SVG output",MIT,,1
CSS Winner,http://www.csswinner.com/,csswinner.com,gztchan/awesome-design,Award,"is a unique global platform awarding and showcasing the best websites and promoting innovative web designers, developers and agencies",CC0-1.0 (stated in README),,1
CSS Zen Garden,http://csszengarden.com/,csszengarden.com,bradtraversy/design-resources-for-developers,Design Inspiration,"Demonstrating the power of CSS, over 200 CSS-only interpretations of the same HTML file",MIT,,1
CUBE,https://cube.fyi/,cube.fyi,bradtraversy/design-resources-for-developers,CSS Methodologies,"CUBE CSS is a CSS methodology that’s orientated towards simplicity, pragmatism and consistency",MIT,,1
Culrs,https://culrs.com/#/,culrs.com,LisaDziuba/Awesome-Design-Tools,Color Picker Tools,thoughtfully crafted and easy-to-use color palettes,MIT,,1
Kaizen,https://cultureamp.design/,cultureamp.design,alexpate/awesome-design-systems,Design Systems,,Unlicense,,1
Curated,https://www.curated.design/,curated.design,bradtraversy/design-resources-for-developers,Design Inspiration,Unleash your creativity with out-of-this-world web design inspiration from across the web,MIT,,1
Cursive Text Generator,https://cursive-text-generator.net/,cursive-text-generator.net,bradtraversy/design-resources-for-developers,Fonts,"Free font-based tool that converts text into Unicode cursive and script characters you can copy and paste into bios, posts and usernames",MIT,,1
Product Discovery - Cursos PM3 (Portuguese Only),https://www.cursospm3.com.br/curso-de-product-discovery,cursospm3.com.br,ProductHired/open-product-management,Online Courses,"This course teaches how to discover valuable solutions for the users. The most current Product Discovery techniques, applied in practice, by the renowned Design and Product professionals from the Brazilian market",none stated,,1
Product Growth - Cursos PM3 (Portuguese Only),https://www.cursospm3.com.br/curso-product-growth,cursospm3.com.br,ProductHired/open-product-management,Online Courses,"This course teaches how to lead company's growth. The most current Product Growth techniques, applied in practice, by the best Marketing, Growth and Product professionals in the Brazilian market",none stated,,1
Product Management - Cursos PM3 (Portuguese Only),https://www.cursospm3.com.br/curso-product-manager,cursospm3.com.br,ProductHired/open-product-management,Online Courses,This was the first course 100% online in Portuguese about Product Management. It was made by product professionals and the course covers from the basics until the most advanced topics with +40 hours of content,none stated,,1
Cutestrap,https://www.cutestrap.com/,cutestrap.com,bradtraversy/design-resources-for-developers,CSS Frameworks,"A strong, independent CSS Framework",MIT,,1
User Onboarding Examples: Analyzing 6 Real-Life Onboarding Flows,https://cxl.com/blog/6-user-onboarding-flows/,cxl.com,dend/awesome-product-management,Articles > Customer Research & User Experience,By Shanelle Mullin,CC0-1.0,,1
Max,https://cycling74.com/products/max/,cycling74.com,LisaDziuba/Awesome-Design-Tools,Sound Design,"connect objects with virtual patch cords to create interactive sounds, graphics, and custom effects",MIT,,1
Data Driven Documents (D3),https://d3js.org/,d3js.org,bradtraversy/design-resources-for-developers,Javascript Chart Libraries,Bind complicated and massive data to interactive graphs,MIT,,1
D&AD,https://www.dandad.org/,dandad.org,gztchan/awesome-design,Award,,CC0-1.0 (stated in README),,1
Bytesize,http://danklammer.com/bytesize-icons/,danklammer.com,gztchan/awesome-design,Icon and Logo,is a tiny style-controlled SVG iconset,CC0-1.0 (stated in README),,1
Danish Design Centre,http://danskdesigncenter.dk/,danskdesigncenter.dk,gztchan/awesome-design,Read and Digest,,CC0-1.0 (stated in README),,1
Daqri,https://daqri.com/,daqri.com,LisaDziuba/Awesome-Design-Tools,Augmented Reality,delivers professional-grade augmented reality for the workforce by overlaying digital information onto the physical environment,MIT,,1
Darktable,https://www.darktable.org/,darktable.org,bradtraversy/design-resources-for-developers,Downloadable Design Software,Free & Open source photography workflow application and raw developer,MIT,,1
Data.Gov,https://data.gov.uk/,data.gov.uk,ttt30ga/awesome-product-design,Data,"Find data published by government departments and agencies, public bodies and local authorities",CC0-1.0,,1
London Datastore,https://data.london.gov.uk/,data.london.gov.uk,ttt30ga/awesome-product-design,Data,The London Datastore is a free and open data-sharing portal,CC0-1.0,,1
Datadog,https://datadoghq.com,datadoghq.com,samber/awesome-user-research,All-in-one platforms,"Observability platform with RUM, session replay, and user journey analytics",CC-BY-4.0,,1
Goal Setting and Task Performance: 1969-1980,http://datause.cse.ucla.edu/docs/eal_goa_1981.pdf,datause.cse.ucla.edu,domenicosolazzo/awesome-okr,Research,"Goal setting is most likely to improve task performance when the goals are specific and sufficiently challenging, the subjects have sufficient ability (and ability differences are controlled), feedback is provided to show progress in relation to the goal, rewards such as money are given for goal att",CC0-1.0,,1
DAUB,https://daub.dev/,daub.dev,bradtraversy/design-resources-for-developers,CSS Frameworks,"Considered CSS component library — 73 components, 20 theme families, classless mode, AI-ready with llms.txt and MCP server. Zero build step",MIT,,1
"The work is never just ""the work""",https://davestewart.co.uk/blog/the-work-is-never-just-the-work/,davestewart.co.uk,dend/awesome-product-management,Articles > Team Collaboration & Leadership,By Dave Stewart,CC0-1.0,,1
Design Matters,http://www.debbiemillman.com/designmatters/,debbiemillman.com,gztchan/awesome-design,Podcast,"The world's first podcast about design and an inquiry into the broader world of creative culture through wide-ranging conversations with designers, writers, artists, curators, musicians, and other luminaries of contemporary thought",CC0-1.0 (stated in README),,1
DebugBear Speed Test,https://www.debugbear.com/test/website-speed,debugbear.com,bradtraversy/design-resources-for-developers,Others,Test and optimize page load speed,MIT,,1
DeerImage,https://deerimage.com/,deerimage.com,bradtraversy/design-resources-for-developers,Online Design Tools,"Free Chinese-language browser-based image toolkit for ID photos, signatures, drawing, compression, conversion, and editing; files stay on-device",MIT,,1
The ten project management commandments,http://www.defmacro.org/2013/06/03/engineering-commandments.html,defmacro.org,ProductHired/open-product-management,How To Work With X,Slava Akhmechet,none stated,,1
Delesign,https://delesign.com/free-designs/graphics,delesign.com,bradtraversy/design-resources-for-developers,Vectors & Clip Art,A collection of free illustrations and more,MIT,,1
Demand-Side Sales 101,https://www.demandsidesales.com,demandsidesales.com,samber/awesome-user-research,Learn > Books,Bob Moesta. Selling and building products through the lens of Jobs to be Done,CC-BY-4.0,,1
Carolina Admin Dashboard,https://demo.uifort.com/carolina-react-admin-dashboard-material-ui-free-demo/LandingPage,demo.uifort.com,bradtraversy/design-resources-for-developers,React UI Libraries,Free React admin template is powered by Material-UI components framework and features a clean and fresh design following Google's Material Design specifications,MIT,,1
depositphotos,https://depositphotos.com/,depositphotos.com,gztchan/awesome-design,Stock,Over 100 million high-quality royalty-free stock images and high-definition footage at the best prices to fill all your creative needs,CC0-1.0 (stated in README),,1
Axe,https://www.deque.com/axe/,deque.com,LisaDziuba/Awesome-Design-Tools,Accessibility Tools,"accessibility engine designed to work on all modern browsers and with whatever tools, frameworks, libraries, and environments you use today. It's an automated accessibility testing tool for developers",MIT,,1
Design Milk,http://design-milk.com/,design-milk.com,gztchan/awesome-design,Read and Digest,"is an online magazine dedicated to modern design, offers what’s new in art, architecture, interior design, furniture and decor, fashion and technology. 🌟",CC0-1.0 (stated in README),,1
Strapi Design System,https://design-system.strapi.io/,design-system.strapi.io,alexpate/awesome-design-systems,Design Systems,,Unlicense,,1
Buzzvil Design System,https://design.buzzvil.com/,design.buzzvil.com,alexpate/awesome-design-systems,Design Systems,,Unlicense,,1
U.S. CMS.gov Design System,https://design.cms.gov/,design.cms.gov,alexpate/awesome-design-systems,Design Systems,,Unlicense,,1
Foyer Design System,https://design.foyer.lu/,design.foyer.lu,alexpate/awesome-design-systems,Design Systems,,Unlicense,,1
Aurora (Government of Canada),https://design.gccollab.ca/,design.gccollab.ca,alexpate/awesome-design-systems,Design Systems,,Unlicense,,1
GitLab Design System - Pajamas,https://design.gitlab.com/,design.gitlab.com,alexpate/awesome-design-systems,Design Systems,,Unlicense,,1
Google Material Icons,https://design.google.com/icons/,design.google.com,gztchan/awesome-design,Icon and Logo,"Material icons are delightful, beautifully crafted symbols for common actions and items. 🌟",CC0-1.0 (stated in README),,1
Heroku Purple3,https://design.herokai.com/,design.herokai.com,alexpate/awesome-design-systems,Design Systems,,Unlicense,,1
Infor Design,https://design.infor.com/,design.infor.com,bradtraversy/design-resources-for-developers,Design Systems & Style Guides,Guidelines and resources to create meaningful experiences for Infor’s products,MIT,,1
Mail.ru Group Paradigm,https://design.mail.ru/,design.mail.ru,alexpate/awesome-design-systems,Design Systems,,Unlicense,,1
Mixpanel Design System,https://design.mixpanel.com,design.mixpanel.com,alexpate/awesome-design-systems,Design Systems,,Unlicense,,1
Teambition Clarity Design,https://design.teambition.com/,design.teambition.com,alexpate/awesome-design-systems,Design Systems,,Unlicense,,1
Ubuntu,http://design.ubuntu.com/,design.ubuntu.com,gztchan/awesome-design,Styleguide and Branding,,CC0-1.0 (stated in README),,1
Workday Canvas,https://design.workday.com/,design.workday.com,alexpate/awesome-design-systems,Design Systems,,Unlicense,,1
Design Better,https://www.designbetter.co/,designbetter.co,LisaDziuba/Awesome-Design-Tools,Tools for Learning Design,"discover the best practices, stories, and insights from the world’s top design teams and leaders",MIT,,1
Designbetter Books,https://www.designbetter.co/books,designbetter.co,bradtraversy/design-resources-for-developers,Others,Essential reading on the practices that propel the best design teams forward,MIT,,1
The AIGA Design Conference,http://designconference.aiga.org/#!/,designconference.aiga.org,gztchan/awesome-design,Conference and Festival,,CC0-1.0 (stated in README),,1
Design and Content,https://www.designcontentconf.com/,designcontentconf.com,gztchan/awesome-design,Conference and Festival,The Conference for Designers & Content Strategists — we're better together,CC0-1.0 (stated in README),,1
Gravit,https://designer.io/,designer.io,LisaDziuba/Awesome-Design-Tools,UI Design Tools,"a free vector design app, available for macOS, Windows, Linux, ChromeOS, and browser",MIT,,1
Gravit Designer,https://www.designer.io/en/,designer.io,bradtraversy/design-resources-for-developers,Downloadable Design Software,Free full-featured vector graphic design app that works on ALL platforms,MIT,,1
Designer Hangout,http://www.designerhangout.co/,designerhangout.co,batoreh/awesome-ux,Communities,A slack for the UX community;,CC0-1.0,,1
Designer News,https://www.designernews.co/,designernews.co,gztchan/awesome-design,Read and Digest,"is a large, global community of people working in design and technology or those interested in the topics. 🌟",CC0-1.0 (stated in README),,1
Designers How,https://designers.how/,designers.how,ProductHired/open-product-management,Development,"learn the latest design techniques in tools like Sketch, Framer, Swift, and more",none stated,,1
Italia Design System,https://designers.italia.it/design-system/,designers.italia.it,alexpate/awesome-design-systems,Design Systems,,Unlicense,,1
DesignerUp,https://designerup.co/,designerup.co,LisaDziuba/Awesome-Design-Tools,Tools for Learning Design,a collection of self-paced courses and mentorship to help you master Product Design (UI/UX),MIT,,1
Design Evo,https://www.designevo.com/,designevo.com,LisaDziuba/Awesome-Design-Tools,Logo Design,a large collection of vector icons and shapes help you design custom logos easily,MIT,,1
Logo Maker,https://www.designhill.com/tools/logo-maker,designhill.com,LisaDziuba/Awesome-Design-Tools,Logo Design,"by Designhill — generate 1000s of unique logos in only few minutes, without design expertise",MIT,,1
Design for the Web,https://designingfortheweb.co.uk/,designingfortheweb.co.uk,ProductHired/open-product-management,Design,Guide to web design by Mark Boulton,none stated,,1
Design Kit IDEO,https://www.designkit.org/methods,designkit.org,ttt30ga/awesome-product-design,UX > Guidelines,Step-by-step guide to unleashing your creativity,CC0-1.0,,1
DesignM.ag,https://designm.ag/,designm.ag,gztchan/awesome-design,Read and Digest,is a community-based website for web designers and developers,CC0-1.0 (stated in README),,1
Flat UI,https://designmodo.github.io/Flat-UI/,designmodo.github.io,bradtraversy/design-resources-for-developers,UI Components & Kits,Minimal free user interface kit,MIT,,1
Design Nominees,https://www.designnominees.com/,designnominees.com,bradtraversy/design-resources-for-developers,Design Inspiration,"A showcase of awarding and showcasing the best websites, apps and Games",MIT,,1
Design Principles FTW,https://www.designprinciplesftw.com/,designprinciplesftw.com,ttt30ga/awesome-product-design,Visual > Resources,The biggest collection of Design Principles on the Internet,CC0-1.0,,1
Design Research Technique,http://designresearchtechniques.com/#/,designresearchtechniques.com,ProductHired/open-product-management,Design,Huge repository of design techniques for every project stage,none stated,,1
Shards,https://designrevision.com/downloads/shards/,designrevision.com,bradtraversy/design-resources-for-developers,UI Components & Kits,A free and modern UI toolkit for web makers based on Bootstrap,MIT,,1
Shards React,https://designrevision.com/downloads/shards-react/,designrevision.com,bradtraversy/design-resources-for-developers,React UI Libraries,React UI kit featuring a modern design system with dozens of custom components,MIT,,1
Shards Vue,https://designrevision.com/downloads/shards-vue/,designrevision.com,bradtraversy/design-resources-for-developers,Vue UI Libraries,A high-quality & free Vue UI kit featuring a modern design system with dozens of custom components,MIT,,1
DesignSchool,https://designschool.canva.com/,designschool.canva.com,gztchan/awesome-design,Tutorial,Anyone can make beautiful designs with Canva,CC0-1.0 (stated in README),,1
Design Shack,https://designshack.net/,designshack.net,gztchan/awesome-design,Read and Digest,"established in 2003, Design Shack is a magazine for creatives, designers, and developers",CC0-1.0 (stated in README),,1
DesignShock,https://www.designshock.com/,designshock.com,gztchan/awesome-design,Read and Digest,"is the biggest bundle/subscription you can find in one place including icons, avatars, graphic elements, GUI packs, design sets and both web and print templates",CC0-1.0 (stated in README),,1
Designspiration,http://designspiration.net/,designspiration.net,gztchan/awesome-design,Read and Digest,is committed to being the best product that it can,CC0-1.0 (stated in README),,1
Design Stripe,https://designstripe.com/catalog,designstripe.com,bradtraversy/design-resources-for-developers,UI Graphics,"Create beautiful illustrations, no design skills needed",MIT,,1
U.S. Web Design Standards,https://designsystem.digital.gov/,designsystem.digital.gov,alexpate/awesome-design-systems,Design Systems,,Unlicense,,1
Morningstar Design System,http://designsystem.morningstar.com/,designsystem.morningstar.com,alexpate/awesome-design-systems,Design Systems,,Unlicense,,1
New York State Design System,https://designsystem.ny.gov/components/,designsystem.ny.gov,alexpate/awesome-design-systems,Design Systems,,Unlicense,,1
Ontario Design System,https://designsystem.ontario.ca/,designsystem.ontario.ca,alexpate/awesome-design-systems,Design Systems,,Unlicense,,1
Porsche Design System,https://designsystem.porsche.com,designsystem.porsche.com,alexpate/awesome-design-systems,Design Systems,,Unlicense,,1
Intuit Harmony,https://designsystem.quickbooks.com/,designsystem.quickbooks.com,alexpate/awesome-design-systems,Design Systems,,Unlicense,,1
Singapore Government Design System,https://www.designsystem.tech.gov.sg/,designsystem.tech.gov.sg,alexpate/awesome-design-systems,Design Systems,,Unlicense,,1
West Midlands Network Design System,https://designsystem.wmnetwork.co.uk/,designsystem.wmnetwork.co.uk,alexpate/awesome-design-systems,Design Systems,,Unlicense,,1
Design Taxi,http://designtaxi.com/,designtaxi.com,gztchan/awesome-design,Read and Digest,,CC0-1.0 (stated in README),,1
Design Vault,https://designvault.io/,designvault.io,bradtraversy/design-resources-for-developers,Design Inspiration,A library of screenshots and patterns from real world digital products,MIT,,1
Design your way,https://www.designyourway.net/blog/web-and-mobile-design/,designyourway.net,bradtraversy/design-resources-for-developers,Design Inspiration,Collection of different Web and Mobile Designs,MIT,,1
Desinion,https://www.desinion.com/,desinion.com,ttt30ga/awesome-product-design,Research > Testing,"Make smart and informed design decisions for your company, or your client's company",CC0-1.0,,1
4 mistakes new Product Managers make,http://dev.hubspot.com/blog/4-mistakes-new-product-managers-make,dev.hubspot.com,ProductHired/open-product-management,Becoming A Product Guru,Matt Schnitt,none stated,,1
DevDocs,https://devdocs.io/,devdocs.io,bradtraversy/design-resources-for-developers,Others,"DevDocs combines multiple API documentations in a fast, organized, and searchable interface",MIT,,1
DevDojo,https://devdojo.com/,devdojo.com,gztchan/awesome-design,Tutorial,,CC0-1.0 (stated in README),,1
Pines,https://devdojo.com/pines,devdojo.com,bradtraversy/design-resources-for-developers,UI Components & Kits,"Pines is a library of animations, sliders, tooltips, accordions, modals, and more! It's a set of UI elements that can be copy and pasted into any Alpine and Tailwind projects",MIT,,1
Android Studio,https://developer.android.com/studio/intro/,developer.android.com,ProductHired/open-product-management,Development,The official IDE for Android application development,none stated,,1
Apple Design Awards,https://developer.apple.com/design/awards/,developer.apple.com,gztchan/awesome-design,Award,is a special event hosted by Apple Inc. at its annual Worldwide Developers Conference. 🌟,CC0-1.0 (stated in README),,1
Apple Design Resources,https://developer.apple.com/design/resources/,developer.apple.com,bradtraversy/design-resources-for-developers,Design Systems & Style Guides,Guides and templates for using Apple design and UI,MIT,,1
Apple Developer Design Guidelines,https://developer.apple.com/design/,developer.apple.com,alexpate/awesome-design-systems,Design Systems,,Unlicense,,1
Apple iOS,https://developer.apple.com/ios/human-interface-guidelines/,developer.apple.com,gztchan/awesome-design,Styleguide and Branding,,CC0-1.0 (stated in README),,1
Apple macOS,https://developer.apple.com/library/mac/documentation/UserExperience/Conceptual/OSXHIGuidelines/,developer.apple.com,gztchan/awesome-design,Styleguide and Branding,,CC0-1.0 (stated in README),,1
Fonts for Apple Platforms,https://developer.apple.com/fonts/,developer.apple.com,bradtraversy/design-resources-for-developers,Fonts,"Get the details, frameworks, and tools you need to use system fonts for Apple platforms in your apps",MIT,,1
iOS Guidelines,https://developer.apple.com/design/,developer.apple.com,ttt30ga/awesome-product-design,UI > Guidelines,Get in-depth information and UI resources for designing great apps that integrate seamlessly with Apple platforms,CC0-1.0,,1
Fluent UI,https://developer.microsoft.com/en-us/fluentui#/,developer.microsoft.com,alexpate/awesome-design-systems,Design Systems,,Unlicense,,1
Microsoft Fluent UI,https://developer.microsoft.com/en-us/fluentui#/,developer.microsoft.com,bradtraversy/design-resources-for-developers,Design Systems & Style Guides,Collection of UX frameworks from Microsoft,MIT,,1
Spotify,https://developer.spotify.com/design/,developer.spotify.com,gztchan/awesome-design,Styleguide and Branding,,CC0-1.0 (stated in README),,1
Google Charts,https://developers.google.com/chart/,developers.google.com,bradtraversy/design-resources-for-developers,Javascript Chart Libraries,Get the experience from Google to create similar charts that Google uses,MIT,,1
Google Design for Glass,https://developers.google.com/glass/design/,developers.google.com,gztchan/awesome-design,Styleguide and Branding,,CC0-1.0 (stated in README),,1
Web Starter Kit by Google,https://developers.google.com/web/tools/starter-kit/,developers.google.com,ProductHired/open-product-management,Development,Boilerplate & Tooling for Multi-Device Development (Web Starter Kit is no longer supported.),none stated,,1
Dev Fonts,https://devfonts.gafi.dev/,devfonts.gafi.dev,bradtraversy/design-resources-for-developers,Fonts,Find and use the coding fonts for free,MIT,,1
Devhints.io,https://devhints.io/,devhints.io,bradtraversy/design-resources-for-developers,Others,This is a modest collection of cheatsheets on Internet,MIT,,1
Devicon,https://devicon.dev,devicon.dev,bradtraversy/design-resources-for-developers,Icon Fonts,"Devicon is a set of icons representing programming languages, designing & development tools",MIT,,1
OmniTools,https://www.devomnitools.com,devomnitools.com,bradtraversy/design-resources-for-developers,Online Design Tools,"Free, fast, and 100% private client-side developer design utilities: interactive CSS Flexbox playground with Tailwind export, 8K SVG to PNG converter, CSS Glassmorphism generator, and QR code maker",MIT,,1
DevTransform,https://devtransform-hub.vercel.app/tools/image-compressor/,devtransform-hub.vercel.app,bradtraversy/design-resources-for-developers,Image Compression,"Fast, client-side browser image compression and format conversion (PNG, JPEG, WebP) with zero server uploads",MIT,,1
DevUI,https://www.devui.io/,devui.io,bradtraversy/design-resources-for-developers,UI Components & Kits,Free and Open-Source UI Components for Maximum Productivity,MIT,,1
Windframe,https://www.devwares.com/windframe/,devwares.com,bradtraversy/design-resources-for-developers,Online Design Tools,A tool to rapidly prototype and build stunning websites using Tailwind CSS (Free & Premium),MIT,,1
Dexigner,https://www.dexigner.com/,dexigner.com,gztchan/awesome-design,Read and Digest,,CC0-1.0 (stated in README),,1
Free AI Diagram Generator,https://diagram-generator.com/,diagram-generator.com,bradtraversy/design-resources-for-developers,AI Graphic Design Tools,A free AI-powered platform that helps you create various types of diagrams with ease,MIT,,1
Diagrams,https://www.diagrams.net/,diagrams.net,bradtraversy/design-resources-for-developers,Online Design Tools,Diagram software and Flowchart maker,MIT,,1
Cube UI,https://didi.github.io/cube-ui/#/en-US,didi.github.io,bradtraversy/design-resources-for-developers,Vue UI Libraries,A fantastic mobile ui lib implement by Vue.js,MIT,,1
DigicamFilter,https://digicamfilter.online/,digicamfilter.online,bradtraversy/design-resources-for-developers,Online Design Tools,"Free in-browser tool that gives photos a retro digital-camera look (CCD, disposable, Y2K, film grain); no signup, nothing uploaded",MIT,,1
Lost and Found – Mapping Page,http://www.digitalgov.gov/about/lost-and-found-mapping-page/,digitalgov.gov,batoreh/awesome-ux,Articles > Acessibility,,CC0-1.0,,1
Digital Nomad Icons,http://digitalnomadicons.com/,digitalnomadicons.com,LisaDziuba/Awesome-Design-Tools,Icons Tools,lifestyle icon & emoji pack for your next project. 25 high-resolution flat icons,MIT,,1
Dimensions,https://www.dimensions.com/,dimensions.com,bradtraversy/design-resources-for-developers,UI Graphics,Dimensions.com is an ongoing reference database of dimensioned drawings documenting the standard measurements and sizes of the everyday objects and spaces,MIT,,1
Dimmy.club,https://dimmy.club/,dimmy.club,LisaDziuba/Awesome-Design-Tools,Mockup Tools,device mockup generator for your website and app screenshots,MIT,,1
Costumer journey mapping,http://www.disambiguity.com/customer-journey-mapping/,disambiguity.com,batoreh/awesome-ux,Articles > User Research,,CC0-1.0,,1
Discuss,https://discuss.io,discuss.io,samber/awesome-user-research,User interview,Qual research platform for live and async moderated interviews,CC-BY-4.0,,1
Rough Font Awesome,https://djamshed.github.io/rough-awesome-font/dist/,djamshed.github.io,bradtraversy/design-resources-for-developers,Fonts,When RoughJS meets Font Awesome,MIT,,1
European Investors List,https://docs.google.com/spreadsheets/d/10S7_jBpRoWuNMnOYpkjFJArt76dPhFw0tIR7E_ndgnk/edit?pli=1#gid=0,docs.google.com,bekatom/awesome-growth-hacking,Other,SpreadSheet,other (see repo LICENSE),,1
Google Drawings,https://docs.google.com/drawings/,docs.google.com,LisaDziuba/Awesome-Design-Tools,User Flow Tools,"create diagrams and charts, for free; all within Google Docs",MIT,,1
Growth hacking tools By Roy Povarchik,https://docs.google.com/spreadsheets/u/4/d/1LCZLON8UixqyShHePN304KnTjCtGMCXzwSyTNvWRYSs/htmlview?sle=true#,docs.google.com,bekatom/awesome-growth-hacking,Tools,SpreadSheet,other (see repo LICENSE),,1
Interview Question Prep for PM Interviews,https://docs.google.com/document/d/1ZXwg8LFLEi-HmN9BoCoifqEM1NggxNjex4Tx-5ALa9I/edit,docs.google.com,ProductHired/open-product-management,Career Prep: The Interview,"Prep Questions from Rafi Lurie, APM at Uber",none stated,,1
OKR Scorecard by Google,https://docs.google.com/document/d/1iK7oQ7d96isVEzUfvQYLIUZ8WU4vkSGgtOM-J7nFd7k/edit,docs.google.com,domenicosolazzo/awesome-okr,Templates,The OKR Scorecard from the re:Work site a Google,CC0-1.0,,1
OKR Template for your startup,https://docs.google.com/spreadsheets/d/1gsb2UNLeHkFAiEso4BPV10r5AudIJOx0PYhEsjAfd88/edit#gid=14,docs.google.com,domenicosolazzo/awesome-okr,Templates,A public excel template for setting OKRs,CC0-1.0,,1
Startup OKRs Template,https://docs.google.com/document/d/1OHpQOvZz76_10ebJP2AKvvXUF3H9yd6FC89F5jS4mks/edit?pli=1,docs.google.com,domenicosolazzo/awesome-okr,Templates,A word template describing how to set OKRs,CC0-1.0,,1
Svelteit,https://docs.svelteit.dev,docs.svelteit.dev,bradtraversy/design-resources-for-developers,Svelte UI Libraries,A minimalistic UI/UX component library for Svelte and Sapper projects,MIT,,1
Docultra,https://docultra.org/,docultra.org,bradtraversy/design-resources-for-developers,Others,"Free file converter and PDF toolkit with batch processing up to 10 GB. No signup or watermark, and many conversions run locally in the browser",MIT,,1
Doodad Pattern Generator,https://doodad.dev/pattern-generator/,doodad.dev,bradtraversy/design-resources-for-developers,UI Graphics,"Create unique, seamless, royalty-free patterns",MIT,,1
Doodle,https://doodle.com/,doodle.com,LisaDziuba/Awesome-Design-Tools,User Research Tools,"online calendar tool for time management, and coordinating events, meetings, appointments",MIT,,1
Doodle Ipsum,https://doodleipsum.com/,doodleipsum.com,bradtraversy/design-resources-for-developers,Online Design Tools,"The lorem ipsum of illustrations. Just customize your doodles, grab the code, and use them on your web prototypes, landing pages, or no-code tools",MIT,,1
App Doodler,https://doodler.copymyui.com/,doodler.copymyui.com,bradtraversy/design-resources-for-developers,Product & Image Mockups,"Free, open-source generator for multilingual App Store screenshots and device-sized PNG sets",MIT,,1
Dovetail,https://dovetailapp.com,dovetailapp.com,samber/awesome-user-research,Research repository,"Research repository with AI-powered tagging, theming, and insight synthesis",CC-BY-4.0,,1
Dovetail Blog,https://dovetailapp.com/blog,dovetailapp.com,samber/awesome-user-research,Learn > Blogs,"Research methods, team management, and UX practice at scale",CC-BY-4.0,,1
Draftbit,https://draftbit.com/,draftbit.com,LisaDziuba/Awesome-Design-Tools,Design to Code Tools,visually design and build mobile apps directly from your browser,MIT,,1
Drama,https://www.drama.app/,drama.app,LisaDziuba/Awesome-Design-Tools,Prototyping Tools,"prototype, animate and design in a single Mac app",MIT,,1
Draw!,http://www.drawbang.com/,drawbang.com,LisaDziuba/Awesome-Design-Tools,Pixel Art Tools,open-source and free web-based pixel art and GIF editor,MIT,,1
Drawkit.io,https://www.drawkit.io/,drawkit.io,bradtraversy/design-resources-for-developers,UI Graphics,Illustrations for designers and startups,MIT,,1
Dribbble Meetups,https://dribbble.com/meetups,dribbble.com,gztchan/awesome-design,Conference and Festival,"are a chance for designers to socialize, talk shop, and foster their local design communities",CC0-1.0 (stated in README),,1
Figma Bootstrap 5 UI Kit,https://drive.google.com/file/d/1SZOTxXYfCMujqP2P684Vd5QIrlk5bwe6/view?usp=sharing,drive.google.com,bradtraversy/design-resources-for-developers,UI Components & Kits,UI Kit comprising 300+ organized Bootstrap 5 components built with atomic design system & auto layout,MIT,,1
"Google Drive, Docs, sheets etc.",https://drive.google.com/,drive.google.com,ProductHired/open-product-management,Team Management,Create and share your work online and collaborate on literally any type of content,none stated,,1
Dropbox,https://www.dropbox.com/,dropbox.com,gztchan/awesome-design,Toolkit,"Get to all your files from anywhere, on any device, and share them with anyone. 🌟",CC0-1.0 (stated in README),,1
Droplr,https://droplr.com/,droplr.com,LisaDziuba/Awesome-Design-Tools,Collaboration Tools,"screenshot, file sharing and screencasts to help you capture and explain your ideas",MIT,,1
Dscout,https://dscout.com,dscout.com,samber/awesome-user-research,User testing,Diary studies and in-context mobile research platform for longitudinal qualitative insights,CC-BY-4.0,,1
Enel,https://dsyui.enelx.com/,dsyui.enelx.com,alexpate/awesome-design-systems,Design Systems,,Unlicense,,1
Duet,https://www.duetds.com,duetds.com,alexpate/awesome-design-systems,Design Systems,,Unlicense,,1
Duo,https://duo.alexpate.uk/,duo.alexpate.uk,bradtraversy/design-resources-for-developers,Colors,Duo is a collection of colour combinations that I’ve curated from personal projects or that I’ve come across on the web,MIT,,1
DYNO Mapper,https://dynomapper.com/,dynomapper.com,LisaDziuba/Awesome-Design-Tools,Information Architecture,"organize website projects using visual sitemaps, content inventory, content audit, content planning, daily keyword tracking, and website accessibility testing",MIT,,1
DZone Agile,https://dzone.com/agile-methodology-training-tools-news,dzone.com,lorabv/awesome-agile,Blogs and Podcasts,,CC0-1.0,,1
EasyAR,https://www.easyar.com/,easyar.com,LisaDziuba/Awesome-Design-Tools,Augmented Reality,"a mobile application and an Augmented Reality Engine, making AR easier",MIT,,1
EasyLogic Studio,https://www.easylogic.studio/,easylogic.studio,LisaDziuba/Awesome-Design-Tools,Design to Code Tools,"fantastic css+svg design tool, also it is converted into code as shown",MIT,,1
Echarts,https://echarts.apache.org/en/index.html,echarts.apache.org,bradtraversy/design-resources-for-developers,Javascript Chart Libraries,An Open Source JavaScript Visualization Library with declarative syntax for Rapid Construction of Web-based Visualization,MIT,,1
ecomm.design,https://ecomm.design/,ecomm.design,bradtraversy/design-resources-for-developers,Design Inspiration,eCommerce Website Design Gallery & Tech Inspiration,MIT,,1
Amazon Case Study,http://www.ecommerce-digest.com/amazon-case-study.html,ecommerce-digest.com,ProductHired/open-product-management,Product Case Studies,Amazon Case Study,none stated,,1
Apple iPod Case Study,http://www.ecommerce-digest.com/apple-ipod-case-study.html,ecommerce-digest.com,ProductHired/open-product-management,Product Case Studies,Apple Case Study,none stated,,1
Netflix Case Study,http://www.ecommerce-digest.com/netflix-case-study.html,ecommerce-digest.com,ProductHired/open-product-management,Product Case Studies,Netflix Case Study,none stated,,1
Edil Ozi,https://www.edil-ozi.pro/,edil-ozi.pro,bradtraversy/design-resources-for-developers,React UI Libraries,Component Library for Developers. Open Source components you can copy and paste to your apps,MIT,,1
EdisonPlan,https://www.edisonplan.com/,edisonplan.com,ProductHired/open-product-management,Mockups and Marketing,The ultimate tool to plan & launch your product,none stated,,1
Egg Gradients,https://www.eggradients.com/,eggradients.com,LisaDziuba/Awesome-Design-Tools,Gradient Tools,a color collection page that includes shades of 12 different colors,MIT,,1
Eggradients,https://www.eggradients.com/,eggradients.com,bradtraversy/design-resources-for-developers,Colors,Gradient Background Colors with eggs,MIT,,1
html2pdf.js,https://ekoopmans.github.io/html2pdf.js/,ekoopmans.github.io,bradtraversy/design-resources-for-developers,Others,Client-side HTML-to-PDF rendering using pure JS,MIT,,1
Elastic UI,https://elastic.github.io/eui/#/,elastic.github.io,bradtraversy/design-resources-for-developers,React UI Libraries,Distributes UI React components and static assets for use in building web layouts,MIT,,1
Elastic UI Framework,https://elastic.github.io/eui/,elastic.github.io,alexpate/awesome-design-systems,Design Systems,,Unlicense,,1
Eldora UI,https://eldoraui.site/,eldoraui.site,bradtraversy/design-resources-for-developers,React UI Libraries,"Collection of re-usable components that you can copy and paste into your web apps. It primarily features components, blocks, and templates",MIT,,1
OKR Mistakes,http://eleganthack.com/okr-mistakes-and-how-to-fix-them/,eleganthack.com,domenicosolazzo/awesome-okr,Articles,This is an important article that descrives the most common mistakes while writing OKRs and how to fix them,CC0-1.0,,1
ORK Worksheet,http://eleganthack.com/an-okr-worksheet/,eleganthack.com,domenicosolazzo/awesome-okr,Articles,A great worksheet for getting started with OKRs,CC0-1.0,,1
Warm Gun Talk,http://eleganthack.com/my-warm-gun-talk-on-okrs/,eleganthack.com,domenicosolazzo/awesome-okr,Videos,Another talk about OKR by Christina Wodtke,CC0-1.0,,1
Element,https://element.eleme.io/#/en-US,element.eleme.io,bradtraversy/design-resources-for-developers,Vue UI Libraries,Desktop UI library for Vue,MIT,,1
Elemental UI,http://elemental-ui.com/,elemental-ui.com,bradtraversy/design-resources-for-developers,React UI Libraries,A UI Toolkit for React.js Websites and Apps,MIT,,1
Elementz,https://elementz.style/,elementz.style,bradtraversy/design-resources-for-developers,React UI Libraries,A React Component library for buliding modern applications easily & quickly,MIT,,1
CSShake,http://elrumordelaluz.github.io/csshake/,elrumordelaluz.github.io,bradtraversy/design-resources-for-developers,CSS Animations,CSShake delivers exactly what it says on the box — a CSS library designed specifically for shaking elements within your web page,MIT,,1
Emerald UI,https://www.emerald-ui.com/,emerald-ui.com,bradtraversy/design-resources-for-developers,React UI Libraries,"52+ free, MIT-licensed React components built with Tailwind CSS and animation libraries",MIT,,1
Streamline Emoji,http://emoji.streamlineicons.com/,emoji.streamlineicons.com,LisaDziuba/Awesome-Design-Tools,Icons Tools,a free collection of 850 + vector emoji. The style is inspired by the japanese “Kawaii” (cute) style,MIT,,1
Emoji Guide,https://emojiguide.org/,emojiguide.org,bradtraversy/design-resources-for-developers,Icons,The collection of 3300 emojis with their HTML codes for easy use,MIT,,1
Emote Resizer,https://emoteresize.com/,emoteresize.com,bradtraversy/design-resources-for-developers,Online Design Tools,"Free client-side tool that generates Twitch, Discord, 7TV and Slack emote, badge and sticker sizes from one image. Supports animated GIFs, batch input and ZIP downloads",MIT,,1
Emotype,http://emotype.webflow.io/,emotype.webflow.io,LisaDziuba/Awesome-Design-Tools,Font Tools,makes it easy to find fonts based on the emotions you want to convey on your website,MIT,,1
Empty States,http://emptystat.es/,emptystat.es,gztchan/awesome-design,Read and Digest,,CC0-1.0 (stated in README),,1
Facebook - Brand Resource Center Book,https://en.facebookbrand.com/,en.facebookbrand.com,gztchan/awesome-design,Styleguide and Branding,,CC0-1.0 (stated in README),,1
Instagram,https://en.instagram-brand.com/,en.instagram-brand.com,gztchan/awesome-design,Styleguide and Branding,,CC0-1.0 (stated in README),,1
Red Dot Award,http://en.red-dot.org/,en.red-dot.org,gztchan/awesome-design,Award,"stands for belonging to the best in design and business. It's international design competition, the “Red Dot Design Award”, is aimed at all those who would like to distinguish their business activities through design. 🌟",CC0-1.0 (stated in README),,1
Getting Past NO,https://en.wikipedia.org/wiki/Getting_Past_No,en.wikipedia.org,ProductHired/open-product-management,Books > Leadership,William Ury,none stated,,1
Made to Stick,https://en.wikipedia.org/wiki/Made_to_Stick,en.wikipedia.org,ProductHired/open-product-management,Books > Marketing,Chip and Dan Heath,none stated,,1
The Art of Doing Science and Engineering: Learning to Learn,https://en.wikipedia.org/wiki/The_Art_of_Doing_Science_and_Engineering,en.wikipedia.org,dend/awesome-product-management,Books > Engineering & Technical,By Richard W. Hamming,CC0-1.0,,1
The Design of Everyday Things,https://en.wikipedia.org/wiki/The_Design_of_Everyday_Things,en.wikipedia.org,ProductHired/open-product-management,Books > Design,Donald Norman,none stated,,1
The Innovator’s Dilemma,https://en.wikipedia.org/wiki/The_Innovator%27s_Dilemma,en.wikipedia.org,ProductHired/open-product-management,Books > Startups,Clayton Christensen,none stated,,1
The Martian​,https://en.wikipedia.org/wiki/The_Martian_%28Weir_novel%29,en.wikipedia.org,ProductHired/open-product-management,Books > Leadership,Andy Weir,none stated,,1
"Thinking, Fast and Slow","https://en.wikipedia.org/wiki/Thinking,_Fast_and_Slow",en.wikipedia.org,ProductHired/open-product-management,Books > Leadership,Daniel Kahneman,none stated,,1
Understanding Media,https://en.wikipedia.org/wiki/Understanding_Media,en.wikipedia.org,ProductHired/open-product-management,Books > Marketing,Marshall McLuhan,none stated,,1
Wiki,http://en.wikipedia.org/wiki/Growth_hacking,en.wikipedia.org,bekatom/awesome-growth-hacking,What is Growth Hacking,,other (see repo LICENSE),,1
Encycolorpedia,https://encycolorpedia.com/,encycolorpedia.com,bradtraversy/design-resources-for-developers,Colors,"Website for referencing web colors. Color knowledge, Web colors, Hex color codes",MIT,,1
Endless Icons,http://endlessicons.com/,endlessicons.com,bradtraversy/design-resources-for-developers,Icons,A website offering a number of free icons. Icons are tagged and also compressed into kits,MIT,,1
ENGIE Fluid Design System,https://www.engie.design,engie.design,alexpate/awesome-design-systems,Design Systems,,Unlicense,,1
EnigmaEasel,https://enigmaeasel.com,enigmaeasel.com,bradtraversy/design-resources-for-developers,Colors,AI color palette generator and gradient generator for creating accessible design systems with built-in contrast auditing and Tailwind exports,MIT,,1
Enterpret,https://enterpret.com,enterpret.com,samber/awesome-user-research,Survey > Feedback analysis,"AI-native feedback analysis aggregating support tickets, reviews, and NPS at scale",CC-BY-4.0,,1
EOS Design System,https://www.eosdesignsystem.com,eosdesignsystem.com,LisaDziuba/Awesome-Design-Tools,Design System Tools,an open-source and customizable built on top of Bootstrap following the Atomic Design concept,MIT,,1
Epic Spinners,https://epic-spinners.epicmax.co/,epic-spinners.epicmax.co,bradtraversy/design-resources-for-developers,UI Components & Kits,CSS spinners collection with Vue.js integration,MIT,,1
Epicpxls,https://www.epicpxls.com/,epicpxls.com,gztchan/awesome-design,Mockup,"Free & premium curated fonts, graphics, templates, mobile app designs & UI Kits",CC0-1.0 (stated in README),,1
Weather Icons,https://erikflowers.github.io/weather-icons/,erikflowers.github.io,bradtraversy/design-resources-for-developers,Icon Fonts,Weather Icons is the only icon font with 222 weather themed icons,MIT,,1
Ethn.io,https://ethn.io/,ethn.io,gztchan/awesome-design,User Testing,Remote user testing suite. Intercept real people for user research,CC0-1.0 (stated in README),,1
Etnio,https://ethn.io/,ethn.io,ttt30ga/awesome-product-design,Research > Testing,Intercept Real People for User Research,CC0-1.0,,1
ETrade Design System,https://etrade.design/,etrade.design,bradtraversy/design-resources-for-developers,Design Systems & Style Guides,Guides and toolkits that blend finance with simplicity and ease of use,MIT,,1
AI Product Manager,https://eu.udacity.com/course/ai-product-manager-nanodegree--nd088,eu.udacity.com,ProductHired/open-product-management,Online Courses,Learn to develop AI products that deliver business value. Build skills that help you compete in the new AI-powered world,none stated,,1
Eva Design System,https://eva.design/,eva.design,LisaDziuba/Awesome-Design-Tools,Design System Tools,"customizable design system, available for Sketch with Mobile and Web component libraries",MIT,,1
Evergreen,https://evergreen.segment.com/,evergreen.segment.com,bradtraversy/design-resources-for-developers,React UI Libraries,Design system for React,MIT,,1
Evergreen,https://evergreen.surge.sh,evergreen.surge.sh,alexpate/awesome-design-systems,Design Systems,,Unlicense,,1
Evernote,https://evernote.com/,evernote.com,ProductHired/open-product-management,Team Management,Note taking made easy,none stated,,1
everysize.kibalabs.com,https://everysize.kibalabs.com/,everysize.kibalabs.com,bradtraversy/design-resources-for-developers,Others,Check your awesome responsive webpage looks great in every size,MIT,,1
Evil Icons,http://evil-icons.io/,evil-icons.io,gztchan/awesome-design,Icon and Logo,"Simple and clean SVG icon pack with the code to support Rails, Sprockets, Node.js, Gulp, Grunt and CDN",CC0-1.0 (stated in README),,1
Evolt,https://evolt.io/en/,evolt.io,LisaDziuba/Awesome-Design-Tools,User Research Tools,"create user personas, storyboards, business model canvas, experience maps, brainstorming boards and moodboards in a clean and modern way",MIT,,1
Excel to Markdown,https://exceltomd.com/excel-to-markdown,exceltomd.com,bradtraversy/design-resources-for-developers,Online Design Tools,"Convert XLSX, XLS, CSV, or pasted cells into Markdown tables locally in the browser without uploading files",MIT,,1
SAP Fiori,https://experience.sap.com/fiori-design/,experience.sap.com,alexpate/awesome-design-systems,Design Systems,,Unlicense,,1
ExtendsClass,https://extendsclass.com/,extendsclass.com,bradtraversy/design-resources-for-developers,Others,"Free online tools for developers, including image compressors/encoders, code formatters, code playgrounds, and many other handy utilities",MIT,,1
Image Extractor,https://extract.pics/,extract.pics,bradtraversy/design-resources-for-developers,Others,"Online tool for extracting all images and SVGs of a website, all you is just to drop the URL",MIT,,1
EZGif,https://ezgif.com/,ezgif.com,bradtraversy/design-resources-for-developers,Image Compression,Animated GIF maker and Image editor including Image optimization and supports WebP conversion,MIT,,1
Contentful Forma 36,https://f36.contentful.com/,f36.contentful.com,alexpate/awesome-design-systems,Design Systems,,Unlicense,,1
Fabric mobile app by Twitter,https://fabric.io/blog/introducing-the-fabric-mobile-app,fabric.io,ProductHired/open-product-management,Analytics,Real-time analytics and stability alerts for your app,none stated,,1
Product Management Singapore Facebook,https://www.facebook.com/groups/prodmgmtsg/,facebook.com,ProductHired/open-product-management,Communities to Join > Meetups > Asia,Product Management SG Community,none stated,,1
Devices by Facebook,https://facebook.design/devices,facebook.design,LisaDziuba/Awesome-Design-Tools,Mockup Tools,images and Sketch files of popular devices,MIT,,1
Facebook,http://facebook.design/,facebook.design,gztchan/awesome-design,Read and Digest,is a facebook design blogs,CC0-1.0 (stated in README),,1
Facebook Design,https://facebook.design/,facebook.design,ttt30ga/awesome-product-design,UI > Guidelines,"Collection of articles, videos, and resources made by designers at Facebook",CC0-1.0,,1
Facebook Design Resources,https://facebook.design/,facebook.design,ProductHired/open-product-management,Design,A collection of free resources made by designers at Facebook,none stated,,1
Facebook HandsKit,http://facebook.design/handskit,facebook.design,gztchan/awesome-design,Mockup,"Photos of hands holding various phones, to be used in any presentation of your designs",CC0-1.0 (stated in README),,1
FancyCrave,http://fancycrave.com/,fancycrave.com,gztchan/awesome-design,Stock,Free travel photos for commercial use,CC0-1.0 (stated in README),,1
FarbVelo,https://farbvelo.elastiq.ch/,farbvelo.elastiq.ch,bradtraversy/design-resources-for-developers,Colors,A random color palette generator,MIT,,1
Fast,https://www.fast.design/,fast.design,bradtraversy/design-resources-for-developers,UI Components & Kits,"An interface system that can be used with modern Web Frameworks such as React, Vue and Angular",MIT,,1
Fast.Co Design,https://www.fastcodesign.com/,fastcodesign.com,gztchan/awesome-design,Read and Digest,"is the world’s leading business media brand, with an editorial focus on innovation in technology, leadership, world changing ideas, creativity, and design. 🌟",CC0-1.0 (stated in README),,1
"How We Got Our First 2,000 Users Doing Things That Don't Scale",https://www.fastcompany.com/3024472/how-we-got-our-first-2000-users-doing-things-that-dont-scale,fastcompany.com,dend/awesome-product-management,Articles > Growth & Marketing,By Ryan Hoover,CC0-1.0,,1
FastTool Design,https://fasttool.app/category/design,fasttool.app,bradtraversy/design-resources-for-developers,Online Design Tools,"Free browser-based design utilities: color picker, palette generator, CSS gradient builder, contrast checker, hex/RGB/HSL converter, shadow generator. No signup, no upload",MIT,,1
Favicomatic,https://favicomatic.com/,favicomatic.com,bradtraversy/design-resources-for-developers,Favicons,Generate favicons of all the sizes and formats as well as the HTML code needed to support every possible browser or device,MIT,,1
Favicon.cc,https://www.favicon.cc,favicon.cc,bradtraversy/design-resources-for-developers,Favicons,Draw a favicon online and browse through a library of favicons made by other users,MIT,,1
Favicon Generator,https://favicon.inbrowser.app/,favicon.inbrowser.app,bradtraversy/design-resources-for-developers,Favicons,"Generate website's favicon assets. SVG, maskable, image minified supported. Pure frontend. No privacy risk. Fast",MIT,,1
Favicon.io,https://favicon.io/,favicon.io,bradtraversy/design-resources-for-developers,Favicons,"Generate a favicon from text, from an image, or from an emoji. Download in .ico and .png formats",MIT,,1
FaviconForge,https://faviconforge.io/,faviconforge.io,bradtraversy/design-resources-for-developers,Favicons,Very simple favicon generator. Download in .ico and .png formats,MIT,,1
FaviFiles,https://favifiles.com/,favifiles.com,bradtraversy/design-resources-for-developers,Favicons,Generate pixel-perfect favicons for free in seconds,MIT,,1
Feedback Lite,https://www.feedbacklite.com/,feedbacklite.com,LisaDziuba/Awesome-Design-Tools,User Research Tools,collect high quality customer feedback using Voice of Customer solutions designed to improve your website performance and boost customer engagement,MIT,,1
OKRs do not cascade,http://felipecastro.com/en/okr/okrs-not-cascade/,felipecastro.com,domenicosolazzo/awesome-okr,Articles,,CC0-1.0,,1
Google Font Combinations,https://femmebot.github.io/google-type/,femmebot.github.io,gztchan/awesome-design,Typography,,CC0-1.0 (stated in README),,1
How to become a Product Manager (for college students),https://fernandodelgado.com/blog/how-to-become-a-product-manager,fernandodelgado.com,ProductHired/open-product-management,Career Prep: The Interview,How to become a Product Manager (for college students),none stated,,1
How to Prepare for PM interviews,https://fernandodelgado.com/blog/how-to-prepare-for-product-management-interviews,fernandodelgado.com,ProductHired/open-product-management,Career Prep: The Interview,How to Prepare for PM interviews,none stated,,1
Material Bootstrap,https://fezvrasta.github.io/bootstrap-material-design/,fezvrasta.github.io,bradtraversy/design-resources-for-developers,CSS Frameworks,Material Design with Bootstrap,MIT,,1
fffuel,https://www.fffuel.co,fffuel.co,bradtraversy/design-resources-for-developers,UI Graphics,"collection of color tools and free SVG generators for gradients, patterns, textures, shapes & backgrounds",MIT,,1
FFonts,https://ffonts.net,ffonts.net,bradtraversy/design-resources-for-developers,Fonts,Stylish fonts for free,MIT,,1
Ficture,https://ficture.design/,ficture.design,LisaDziuba/Awesome-Design-Tools,Design Inspiration,a font in use archive that will inspire you,MIT,,1
Figen,https://figen.cc/,figen.cc,bradtraversy/design-resources-for-developers,Online Design Tools,Post Cover & Background Generator Tool,MIT,,1
Evericons,https://www.figma.com/resources/assets/evericons-for-figma/,figma.com,bradtraversy/design-resources-for-developers,Icons,Evericons is a big pack of over 460 free icons designed by Aleksey Popov,MIT,,1
Flowbite Design System,https://www.figma.com/community/file/1179442320711977498,figma.com,alexpate/awesome-design-systems,Design Systems,,Unlicense,,1
Html to Design,https://www.figma.com/community/plugin/1159123024924461424/html.to.design,figma.com,bradtraversy/design-resources-for-developers,UI Graphics,Convert any website into fully editable Figma designs,MIT,,1
Figma Training,https://www.figmatraining.com,figmatraining.com,LisaDziuba/Awesome-Design-Tools,Tools for Learning Design,"a crash course all about Figma, for UI designers",MIT,,1
Figpeek,https://figpeek.vercel.app/,figpeek.vercel.app,bradtraversy/design-resources-for-developers,Others,Figpeek is a new Figma and GitHub thumbnail generator,MIT,,1
Filestage,https://filestage.io/,filestage.io,LisaDziuba/Awesome-Design-Tools,Collaboration Tools,"an agile content approval software that helps you to review videos, designs, and documents with clients and co-workers",MIT,,1
Fine Art Free,https://fineartfree.com/,fineartfree.com,bradtraversy/design-resources-for-developers,Stock Photos,"500,000+ public-domain paintings & prints from major museums, free for any use",MIT,,1
"Find, Vet and Close the Best Product Managers",https://firstround.com/review/find-vet-and-close-the-best-product-managers-heres-how/,firstround.com,ProductHired/open-product-management,Hiring a Product Manager Tips/Tricks,"How to find, Vet and Close the Best Product Managers by Todd Jackson, VP of Product and Design at Dropbox",none stated,,1
How to Make OKRs Actually Work at Your Startup,http://firstround.com/review/How-to-Make-OKRs-Actually-Work-at-Your-Startup/,firstround.com,domenicosolazzo/awesome-okr,Articles,A story about how OKRs helped at Swipely,CC0-1.0,,1
Speed as a habit,http://firstround.com/review/speed-as-a-habit/,firstround.com,dend/awesome-product-management,Articles > Product Development & Process,By Dave Girouard,CC0-1.0,,1
The one cost engineers and Product Managers don’t consider,http://firstround.com/article/The-one-cost-engineers-and-product-managers-dont-consider,firstround.com,ProductHired/open-product-management,"Roadmaps, Planning, and Prioritization",Kris Gale,none stated,,1
Flagsmith,https://flagsmith.com,flagsmith.com,samber/awesome-user-research,Feature flags & experimentation,Open source feature flags and remote config,CC-BY-4.0,,1
FlatIcons.net,http://flaticons.net/,flaticons.net,gztchan/awesome-design,Icon and Logo,is a free flat icon maker,CC0-1.0 (stated in README),,1
Flat Inspire,http://flatinspire.com/,flatinspire.com,gztchan/awesome-design,Read and Digest,is a curated gallery & showcase of the best websites rocking a Flat Design/UI style,CC0-1.0 (stated in README),,1
Flat UI Color Picker,http://www.flatuicolorpicker.com/,flatuicolorpicker.com,gztchan/awesome-design,Color,,CC0-1.0 (stated in README),,1
FlatUIColors,https://flatuicolors.com,flatuicolors.com,bradtraversy/design-resources-for-developers,Colors,Beautiful set of color palettes in various flavors,MIT,,1
Flawless App,https://flawlessapp.io/,flawlessapp.io,LisaDziuba/Awesome-Design-Tools,Design Handoff Tools,a tool to compare the expected design and the real app right inside iOS Simulator (useful for designers who use Xcode or mobile developers),MIT,,1
Flawless Feedback,https://flawlessapp.io/feedback,flawlessapp.io,LisaDziuba/Awesome-Design-Tools,Design Feedback Tools,review and annotate iOS apps then share your feedback in Jira or Trello,MIT,,1
Flex Malven,http://flexbox.malven.co/,flexbox.malven.co,bradtraversy/design-resources-for-developers,Online Design Tools,A flexbox grid cheatsheet to reference when working with flexbox,MIT,,1
flexboxfroggy,http://flexboxfroggy.com/,flexboxfroggy.com,bradtraversy/design-resources-for-developers,Others,Help Froggy and friends by writing CSS code!,MIT,,1
#WOCinTech Chat Photos,https://www.flickr.com/photos/wocintechchat,flickr.com,LisaDziuba/Awesome-Design-Tools,Stock Photos Tools,free stock photos of women technologists of diverse backgrounds,MIT,,1
Flinto for Mac,https://www.flinto.com/,flinto.com,ProductHired/open-product-management,Mockups and Marketing,The prototyping tool designers have been waiting for,none stated,,1
Float,https://www.float.com/,float.com,LisaDziuba/Awesome-Design-Tools,Collaboration Tools,a tool to plan your projects and schedule your team’s time all in one place,MIT,,1
Float UI,https://floatui.com/,floatui.com,bradtraversy/design-resources-for-developers,UI Components & Kits,Free and open-source UI components and website templates using Tailwind CSS,MIT,,1
Flowbite-Svelte,https://flowbite-svelte.com/,flowbite-svelte.com,bradtraversy/design-resources-for-developers,Svelte UI Libraries,"Flowbite-svelte is an open-source UI component library built with Svelte components, Tailwind CSS utility classes and based on the Flowbite design system",MIT,,1
Flowbite,https://flowbite.com,flowbite.com,bradtraversy/design-resources-for-developers,UI Components & Kits,Open-source library of Tailwind CSS components,MIT,,1
Flowmapp,https://flowmapp.com/,flowmapp.com,LisaDziuba/Awesome-Design-Tools,User Flow Tools,an online tool for creating sitemaps and user flows that helps you to effectively design and plan user experience,MIT,,1
flowrift,https://flowrift.com/c/banner,flowrift.com,bradtraversy/design-resources-for-developers,CSS Frameworks,Flowrift is a library made of beautifully designed Tailwind CSS UI blocks,MIT,,1
Microsoft Fluent Design System,http://fluent.microsoft.com/,fluent.microsoft.com,gztchan/awesome-design,Styleguide and Branding,,CC0-1.0 (stated in README),,1
Folio,http://folioformac.com/,folioformac.com,LisaDziuba/Awesome-Design-Tools,Design Version Control,a simple version control system for design teams based on Git,MIT,,1
Fomantic UI,https://fomantic-ui.com/,fomantic-ui.com,bradtraversy/design-resources-for-developers,CSS Frameworks,A community fork of Semantic-UI,MIT,,1
Font Awesome,http://fontawesome.io/,fontawesome.io,gztchan/awesome-design,Icon and Logo,"Get vector icons and social logos on your website with Font Awesome, the web's most popular icon set and toolkit. 🌟",CC0-1.0 (stated in README),,1
Fontbase,https://fontba.se/,fontba.se,LisaDziuba/Awesome-Design-Tools,Font Tools,font management made easy,MIT,,1
FontBolt,https://www.fontbolt.com/,fontbolt.com,bradtraversy/design-resources-for-developers,Fonts,Discover and generate your favorite fonts from pop culture,MIT,,1
Font Finder by Image,https://fontboxdl.com/tools/font-finder,fontboxdl.com,bradtraversy/design-resources-for-developers,Fonts,"Free tool that identifies any font from an uploaded image or photo — no signup, a free WhatTheFont alternative",MIT,,1
FontDrop,https://fontdrop.info,fontdrop.info,bradtraversy/design-resources-for-developers,Fonts,Simple and easy way to view the contents of font files,MIT,,1
Fontface Ninja,https://fontface.ninja/,fontface.ninja,LisaDziuba/Awesome-Design-Tools,Font Tools,browser extension to discover what fonts are being used on any website,MIT,,1
fontfling,http://fontfling.com/,fontfling.com,gztchan/awesome-design,Typography,,CC0-1.0 (stated in README),,1
Font Flipper,https://fontflipper.com/,fontflipper.com,bradtraversy/design-resources-for-developers,Fonts,"Preview 800+ Google Fonts on top of your own designs, without having to download the fonts",MIT,,1
Fontisto Icons,https://fontisto.com/,fontisto.com,bradtraversy/design-resources-for-developers,Icon Fonts,Fontisto the iconic font and css toolkit · 616+ free icons,MIT,,1
Fontjoy,https://fontjoy.com/,fontjoy.com,bradtraversy/design-resources-for-developers,Fonts,Generate font pairing in one click,MIT,,1
Font M,https://fontm.com/,fontm.com,bradtraversy/design-resources-for-developers,Fonts,Free font you can download for material coding and design,MIT,,1
Fontown,https://www.fontown.com/en,fontown.com,LisaDziuba/Awesome-Design-Tools,Font Tools,a typographic tool with a nonstop growing font catalog which facilitates designer workflow,MIT,,1
Adobe Fonts,https://fonts.adobe.com/fonts,fonts.adobe.com,gztchan/awesome-design,Typography,"Enjoy quick browsing, easy use in desktop applications or on the web, and endless typographic inspiration",CC0-1.0 (stated in README),,1
Fonts,https://fonts.adobe.com/fonts,fonts.adobe.com,LisaDziuba/Awesome-Design-Tools,Font Tools,thousands of beautiful fonts by Adobe,MIT,,1
Bunny Fonts,https://fonts.bunny.net/,fonts.bunny.net,bradtraversy/design-resources-for-developers,Fonts,"Privacy-focused Google Fonts alternative, GDPR compliant with faster CDN",MIT,,1
Fonts,https://www.fonts.com/,fonts.com,gztchan/awesome-design,Typography,"store from Monotype offers more than 150,000 desktop and Web font products for you to preview, purchase and download. You can also learn about new typeface releases and discover typographic tips and techniques",CC0-1.0 (stated in README),,1
FontSelf,https://www.fontself.com,fontself.com,LisaDziuba/Awesome-Design-Tools,Font Tools,an extension for Illustrator and Photoshop CC that lets you turn any lettering into OpenType fonts in minutes!,MIT,,1
Fontshare,https://www.fontshare.com/,fontshare.com,bradtraversy/design-resources-for-developers,Fonts,"Fontshare is a free fonts service from the Indian Type Foundry (ITF), making quality fonts accessible to all",MIT,,1
Fonts In Use,https://fontsinuse.com/,fontsinuse.com,gztchan/awesome-design,Typography,"is a public archive of typography indexed by typeface, format, industry, and period",CC0-1.0 (stated in README),,1
Fontsource,https://fontsource.org/,fontsource.org,bradtraversy/design-resources-for-developers,Fonts,Self-host Open Source fonts in neatly bundled NPM packages,MIT,,1
Font Space,https://www.fontspace.com/,fontspace.com,bradtraversy/design-resources-for-developers,Fonts,A designer-centered free font website that has quick customizable previews,MIT,,1
FontSpark,https://fontspark.app/,fontspark.app,LisaDziuba/Awesome-Design-Tools,Font Tools,a simple tool to help designers quickly find the best fonts for their projects,MIT,,1
FontsWiki,https://fontswiki.com/,fontswiki.com,bradtraversy/design-resources-for-developers,Fonts,"Free typography resource with font downloads, pairing guides, and font-in-use references for logos, films, games, and design projects",MIT,,1
Fool Proof,http://www.foolproof.co.uk/thinking/,foolproof.co.uk,batoreh/awesome-ux,Blogs,Watching for new behaviours and sharing what we learn,CC0-1.0,,1
One Startup Tried Every Marketing Ploy,http://www.forbes.com/sites/alexkonrad/2013/11/26/one-startup-tried-every-marketing-ploy-from-ellen-to-twitter-heres-what-worked/,forbes.com,bekatom/awesome-growth-hacking,Articles,,other (see repo LICENSE),,1
Ten principles on the journey to building great products,http://www.forbes.com/sites/avidlarizadeh/2014/05/23/ten-principles-on-the-journey-to-building-great-products/,forbes.com,ProductHired/open-product-management,Building Great Products,Avid Larizadeh,none stated,,1
Forge,https://forge.madebyever.com/,forge.madebyever.com,bradtraversy/design-resources-for-developers,HTML & CSS Templates,Free dark-mode Next.js 16 landing page template featuring CSS 3D device mockups and ambient lighting,MIT,,1
Fotor,https://www.fotor.com/,fotor.com,bradtraversy/design-resources-for-developers,Online Design Tools,Photo editor and design maker,MIT,,1
Foxyapps,https://foxyapps.co/,foxyapps.co,bradtraversy/design-resources-for-developers,Design Inspiration,Design inspiration from the best mobile app designs,MIT,,1
Calc Generator,https://fpece.com/calc-generator,fpece.com,bradtraversy/design-resources-for-developers,Online Design Tools,Tool for easily creating precise Calc() CSS functions,MIT,,1
Framer Motion,https://www.framer.com/motion/,framer.com,bradtraversy/design-resources-for-developers,React UI Libraries,A React library to power production-ready animations,MIT,,1
Framework7,https://framework7.io/,framework7.io,bradtraversy/design-resources-for-developers,CSS Frameworks,"Framework7 - is a free and open source framework to develop mobile, desktop or web apps with native look and feel",MIT,,1
FrappeJS,https://frappe.io/charts,frappe.io,bradtraversy/design-resources-for-developers,Javascript Chart Libraries,"Includes Green squares grid like in GitHub, and other charts to use",MIT,,1
Free CSS,https://www.free-css.com/free-css-templates,free-css.com,bradtraversy/design-resources-for-developers,HTML & CSS Templates,Huge collection of free templates,MIT,,1
Free Stock Music,https://www.free-stock-music.com/,free-stock-music.com,bradtraversy/design-resources-for-developers,Stock Music & Sound Effects,"Royalty free stock music for YouTube videos, podcasts, etc",MIT,,1
Free-Stock-Video,https://free-stock.video,free-stock.video,bradtraversy/design-resources-for-developers,Stock Videos,Free Footage Stock Videos,MIT,,1
Freebbble,http://freebbble.com/,freebbble.com,gztchan/awesome-design,Read and Digest,,CC0-1.0 (stated in README),,1
Freeble,http://freebbble.com/,freebbble.com,bradtraversy/design-resources-for-developers,Vectors & Clip Art,"Vectors, patterns, mockups and more",MIT,,1
Freebiesjedi,http://freebiesjedi.com,freebiesjedi.com,gztchan/awesome-design,Read and Digest,,CC0-1.0 (stated in README),,1
FreeCAD,https://www.freecadweb.org/,freecadweb.org,LisaDziuba/Awesome-Design-Tools,Three D Modeling Software,a free and open-source multiplatform 3D parametric modeler,MIT,,1
Freedcamp,https://freedcamp.com/,freedcamp.com,LisaDziuba/Awesome-Design-Tools,Collaboration Tools,"the most innovative way to manage projects, completely free... forever",MIT,,1
Free Design Resource,https://freedesignresources.net/,freedesignresources.net,bradtraversy/design-resources-for-developers,Design Inspiration,"A site offering fonts, mockups, templates graphics and ui kits",MIT,,1
FreeDesignResources,http://freedesignresources.net/,freedesignresources.net,gztchan/awesome-design,Read and Digest,,CC0-1.0 (stated in README),,1
Freefrontend,https://freefrontend.com/,freefrontend.com,bradtraversy/design-resources-for-developers,Design Inspiration,Free frontend design from css html and javascript. latest work some design part,MIT,,1
FreeHTML5,https://freehtml5.co/,freehtml5.co,bradtraversy/design-resources-for-developers,HTML & CSS Templates,Free & premium HTML5 and Bootstrap themes,MIT,,1
Free Icon Shop,https://freeiconshop.com/,freeiconshop.com,gztchan/awesome-design,Icon and Logo,"is a large collection of beautiful free icons in vector formats. All icons are commercially free to use. Download free icons in PNG, SVG, Ai or PSD formats",CC0-1.0 (stated in README),,1
Free Images,https://www.freeimages.com/,freeimages.com,bradtraversy/design-resources-for-developers,Stock Photos,Find and download free stock photos - all free for personal and commercial use,MIT,,1
Free Logo Design,https://www.freelogodesign.org/,freelogodesign.org,LisaDziuba/Awesome-Design-Tools,Logo Design,create stunning professional logos in seconds,MIT,,1
FreemiumAssets,https://freemiumassets.com/,freemiumassets.com,bradtraversy/design-resources-for-developers,Logos,"Free brand logos in SVG and PNG with consistent Primary, Black, White, and Outline variants",MIT,,1
Free Music Archive,https://freemusicarchive.org/,freemusicarchive.org,bradtraversy/design-resources-for-developers,Stock Music & Sound Effects,Collaborative database of creative-commons licensed sound for musicians and sound lovers,MIT,,1
Saxifraga,http://www.freenatureimages.eu,freenatureimages.eu,bradtraversy/design-resources-for-developers,Stock Photos,Free nature images,MIT,,1
FreePhotos.cc,https://freephotos.cc/,freephotos.cc,LisaDziuba/Awesome-Design-Tools,Stock Photos Tools,free stock photos for commercial use,MIT,,1
Freestocks.org,http://freestocks.org/,freestocks.org,LisaDziuba/Awesome-Design-Tools,Stock Photos Tools,high quality photos all released under Creative Commons CC0,MIT,,1
Free Typography,https://freetypography.com/,freetypography.com,bradtraversy/design-resources-for-developers,Fonts,A list of high quality fonts,MIT,,1
Free Vectors,https://www.freevectors.net/,freevectors.net,bradtraversy/design-resources-for-developers,Vectors & Clip Art,Community of vector lovers who share free vector graphics,MIT,,1
Fribbble,http://www.fribbble.com/,fribbble.com,gztchan/awesome-design,Community,Free PSD files and other free design resources by Dribbblers,CC0-1.0 (stated in README),,1
frisqoo Compress Images,https://frisqoo.com/tools/compress-image/,frisqoo.com,bradtraversy/design-resources-for-developers,Image Compression,"Compress JPG, PNG and WebP images in the browser. Files are processed in the browser and are not uploaded",MIT,,1
frog,https://www.frogdesign.com/,frogdesign.com,gztchan/awesome-design,Read and Digest,"is a global Design, innovation and strategy firm",CC0-1.0 (stated in README),,1
FORM UP NORTH,http://www.fromupnorth.com/,fromupnorth.com,gztchan/awesome-design,Read and Digest,,CC0-1.0 (stated in README),,1
Frontend Mentor,https://www.frontendmentor.io/,frontendmentor.io,bradtraversy/design-resources-for-developers,Design Inspiration,"Real-world UI Challenges using HTML, CSS and Javascript",MIT,,1
Frontify,https://frontify.com/,frontify.com,LisaDziuba/Awesome-Design-Tools,Design System Tools,"create graphical guidelines, patterns libraries, design systems",MIT,,1
Frrames,https://frrames.com/,frrames.com,LisaDziuba/Awesome-Design-Tools,Mockup Tools,Frrames mockups is perfectly crafted responsive windows mockups for your ideal presentation,MIT,,1
Frutjam,https://frutjam.com/,frutjam.com,bradtraversy/design-resources-for-developers,UI Components & Kits,"CSS-only Tailwind v4 component library — no JS, no hydration issues. 60+ WCAG AA/AAA accessible components for Next.js, Nuxt, Django, Laravel, or any framework",MIT,,1
Funding Signals,https://fundingsignals.net/?utm_source=github_awesomelist&utm_medium=backlink,fundingsignals.net,bekatom/awesome-growth-hacking,Resources,"B2B lead-intelligence API that flags companies right after they raise funding (SEC Form D), scored for sales relevance, so growth teams reach out while the timing is hottest",other (see repo LICENSE),,1
FutureLearn Pattern Library,https://www.futurelearn.com/pattern-library,futurelearn.com,alexpate/awesome-design-systems,Design Systems,,Unlicense,,1
Good Design Award,http://www.g-mark.org/?locale=en,g-mark.org,gztchan/awesome-design,Award,has been a sole comprehensive design evaluation and commendation system in Japan sin 1957,CC0-1.0 (stated in README),,1
G2Plot,https://g2plot.antv.vision/en,g2plot.antv.vision,bradtraversy/design-resources-for-developers,Javascript Chart Libraries,G2Plot is an interactive and responsive charting library based on the grammar of graphics,MIT,,1
ManyPixels,https://gallery.manypixels.co,gallery.manypixels.co,LisaDziuba/Awesome-Design-Tools,Illustrations,royalty-free illustrations to power up your projects,MIT,,1
Game Icons,http://game-icons.net/,game-icons.net,gztchan/awesome-design,Icon and Logo,,CC0-1.0 (stated in README),,1
Blog – Gamestorming,http://gamestorming.com/blog,gamestorming.com,lorabv/awesome-agile,Blogs and Podcasts,,CC0-1.0,,1
Gamestorming,https://gamestorming.com/,gamestorming.com,ttt30ga/awesome-product-design,UX > Guidelines,Gamestorming is a set of co-creation tools used by innovators around the world,CC0-1.0,,1
the 6-8-5s technique,http://gamestorming.com/games-for-fresh-thinking-and-ideas/6-8-5s/,gamestorming.com,batoreh/awesome-ux,Articles > Visual Design,,CC0-1.0,,1
Zendesk Garden,https://garden.zendesk.com/,garden.zendesk.com,alexpate/awesome-design-systems,Design Systems,,Unlicense,,1
OAH-Admin,https://gatsby-admin.paljs.com/extra-components/progress/,gatsby-admin.paljs.com,bradtraversy/design-resources-for-developers,React UI Libraries,a free React admin dashboard template based on Gatsby with oah-ui components and elements package,MIT,,1
FontIcon,https://gauger.io/fonticon/,gauger.io,bradtraversy/design-resources-for-developers,Favicons,Generate favicons and images from Font Awesome icons,MIT,,1
Geenes,https://geenes.app,geenes.app,LisaDziuba/Awesome-Design-Tools,Color Picker Tools,a tool to create harmonious color themes with code and sketch file export,MIT,,1
Product Management - General Assembly,https://generalassemb.ly/education/product-management,generalassemb.ly,ProductHired/open-product-management,Online Courses,10-WEEK PART-TIME COURSE,none stated,,1
generate,https://www.generateconf.com/,generateconf.com,gztchan/awesome-design,Conference and Festival,the award winning conference for web designers returns to NYC!,CC0-1.0 (stated in README),,1
Generated Photos,https://generated.photos/,generated.photos,bradtraversy/design-resources-for-developers,Stock Photos,Unique AI Generated model photos,MIT,,1
Genericons Neue,https://genericons.com/,genericons.com,gztchan/awesome-design,Icon and Logo,"generic looking icons, suitable for a blog or simple website",CC0-1.0 (stated in README),,1
GEOScore,https://geoscoreai.com/,geoscoreai.com,bekatom/awesome-growth-hacking,Tools,"AI search visibility scanner that checks how your website performs in AI search engines (ChatGPT, Perplexity, Gemini). Free scan with 11 technical checks",other (see repo LICENSE),,1
Gerillass,https://gerillass.com/,gerillass.com,bradtraversy/design-resources-for-developers,Others,Gerillass is a website development tool built on top of Sass with a set of Sass mixins and functions for frontend developers to generate scalable CSS outputs,MIT,,1
How to build a product roadmap everyone understands - Free e-Course,https://get.prodpad.com/theme-based-roadmap-course/,get.prodpad.com,ProductHired/open-product-management,Online Courses,How to build a roadmap,none stated,,1
GetAppNiche,https://getappniche.com/,getappniche.com,bekatom/awesome-growth-hacking,Tools,"iOS app market intelligence for revenue estimates, ASO keywords, competitor ads, reviews, and niche research",other (see repo LICENSE),,1
GetAvataaars,https://getavataaars.com/,getavataaars.com,bradtraversy/design-resources-for-developers,Online Design Tools,Fun and Colorful free avatars web generator tool by Fang-Pen Lin using Pablo Stanley sketch library,MIT,,1
BEM,http://getbem.com/,getbem.com,bradtraversy/design-resources-for-developers,CSS Methodologies,Block Element Modifier is a methodology that helps you to create reusable components and code sharing in front-end development,MIT,,1
Bootstrap,https://getbootstrap.com/,getbootstrap.com,bradtraversy/design-resources-for-developers,CSS Frameworks,Popular UI framework with tons of components that use both CSS and JS,MIT,,1
CleanShot,https://getcleanshot.com,getcleanshot.com,LisaDziuba/Awesome-Design-Tools,Screenshot Software,capture your screen in a superior way with a built-in annotation tool and Quick Access Overlay,MIT,,1
CloudApp,https://www.getcloudapp.com/,getcloudapp.com,LisaDziuba/Awesome-Design-Tools,Screenshot Software,"record videos, webcam, annotate screenshots, create GIFs",MIT,,1
Colorlab,https://getcolorlab.com,getcolorlab.com,bradtraversy/design-resources-for-developers,Colors,,MIT,,1
CSS box-shadow,https://getcssscan.com/css-box-shadow-examples,getcssscan.com,bradtraversy/design-resources-for-developers,Design Inspiration,91 Beautiful CSS box-shadow examples,MIT,,1
CSS buttons,https://getcssscan.com/css-buttons-examples,getcssscan.com,bradtraversy/design-resources-for-developers,Design Inspiration,84 Beautiful CSS buttons examples,MIT,,1
Greenshot,https://getgreenshot.org/,getgreenshot.org,LisaDziuba/Awesome-Design-Tools,Screenshot Software,"take a screenshot of a selected region, window or fullscreen",MIT,,1
Halfmoon UI,https://www.gethalfmoon.com/,gethalfmoon.com,bradtraversy/design-resources-for-developers,CSS Frameworks,"A responsive and lightweight framework, designed for quickly building beautiful dashboards and product pages",MIT,,1
Kap,https://getkap.co,getkap.co,LisaDziuba/Awesome-Design-Tools,Screenshot Software,"open source screen recorder with options to export to GIF, MP4, WebM and APNG",MIT,,1
Material Design Lite,https://getmdl.io/,getmdl.io,bradtraversy/design-resources-for-developers,CSS Frameworks,Light framework based on Material Design. No JS dependency,MIT,,1
Motion,https://www.getmotion.io,getmotion.io,LisaDziuba/Awesome-Design-Tools,Icons Tools,"free, simple animated icon editor",MIT,,1
PixelSnap,https://getpixelsnap.com,getpixelsnap.com,LisaDziuba/Awesome-Design-Tools,Visual Debugging Tools,the magical way to measure everything on your screen,MIT,,1
Get Refe,https://getrefe.tumblr.com/,getrefe.tumblr.com,ttt30ga/awesome-product-design,Visual > Stock Images,"Royalty-free, high-quality, Real Life photos",CC0-1.0,,1
ShareX,https://getsharex.com/,getsharex.com,LisaDziuba/Awesome-Design-Tools,Screenshot Software,"screen capture, file sharing, and productivity tool",MIT,,1
Skeleton,http://getskeleton.com/,getskeleton.com,bradtraversy/design-resources-for-developers,CSS Frameworks,Extremely light framework for basic UI elements,MIT,,1
Stark,https://getstark.co/,getstark.co,LisaDziuba/Awesome-Design-Tools,Accessibility Tools,a paid Sketch plugin that will let you simulate different types of color blindness,MIT,,1
Stencil,https://getstencil.com/,getstencil.com,LisaDziuba/Awesome-Design-Tools,SMM Design Tools,a graphic design tool that is all about creating social media images easily and quickly,MIT,,1
Stream,https://getstream.io/,getstream.io,ProductHired/open-product-management,Analytics,Analytics for feeds,none stated,,1
Thematic,https://getthematic.com,getthematic.com,samber/awesome-user-research,Survey > Feedback analysis,AI-powered thematic analysis for clustering recurring themes from open-ended feedback,CC-BY-4.0,,1
Getting Real,http://gettingreal.37signals.com,gettingreal.37signals.com,ProductHired/open-product-management,Books > Product Development,"The smarter, faster, easier way to build a successful web application",none stated,,1
UIKit,https://getuikit.com/,getuikit.com,bradtraversy/design-resources-for-developers,CSS Frameworks,Lightweight and modular front-end framework,MIT,,1
Get Waves,https://getwaves.io/,getwaves.io,bradtraversy/design-resources-for-developers,Online Design Tools,A free SVG wave generator to make unique SVG waves for web design,MIT,,1
Gifox,https://gifox.io,gifox.io,LisaDziuba/Awesome-Design-Tools,Screenshot Software,delightful GIF recording and sharing app,MIT,,1
Tilt.js,http://gijsroge.github.io/tilt.js/,gijsroge.github.io,bradtraversy/design-resources-for-developers,Javascript Animation Libraries,A tiny requestAnimationFrame powered 60+fps lightweight parallax hover tilt effect for jQuery,MIT,,1
Chartist,http://gionkunz.github.io/chartist-js/index.html,gionkunz.github.io,bradtraversy/design-resources-for-developers,Javascript Chart Libraries,Simple responsive charts,MIT,,1
Giphy Capture,https://giphy.com/apps/giphycapture,giphy.com,LisaDziuba/Awesome-Design-Tools,Screenshot Software,capture parts of your screen and export as gif or mp4,MIT,,1
@tsparticles/react,https://github.com/tsparticles/react,github.com,bradtraversy/design-resources-for-developers,React UI Libraries,A lightweight React component for creating particles,MIT,,1
@tsparticles/vue2,https://github.com/tsparticles/vue2,github.com,bradtraversy/design-resources-for-developers,Vue UI Libraries,A lightweight Vue 2.x component for creating particles,MIT,,1
@tsparticles/vue3,https://github.com/tsparticles/vue3,github.com,bradtraversy/design-resources-for-developers,Vue UI Libraries,A lightweight Vue 3.x component for creating particles,MIT,,1
@use-gesture,https://github.com/pmndrs/use-gesture,github.com,bradtraversy/design-resources-for-developers,React UI Libraries,Bread n butter utility for component-tied mouse/touch gestures in React,MIT,,1
Akira,https://github.com/akiraux/Akira,github.com,LisaDziuba/Awesome-Design-Tools,UI Design Tools,native Linux App for UI and UX Design built in Vala and Gtk,MIT,,1
AnimationEngine,https://github.com/intuit/AnimationEngine,github.com,ProductHired/open-product-management,Development,Easily build advanced custom animations on iOS,none stated,,1
Animockup,https://github.com/alyssaxuu/animockup,github.com,bradtraversy/design-resources-for-developers,Product & Image Mockups,Create animated mockups in the browser 🔥,MIT,,1
Arwes,https://github.com/arwes/arwes,github.com,bradtraversy/design-resources-for-developers,CSS Frameworks,"Arwes is a web framework to build user interfaces based on futuristic science fiction designs, animations, and sound effects",MIT,,1
Awesome Design Systems,https://github.com/alexpate/awesome-design-systems,github.com,ttt30ga/awesome-product-design,Visual > Resources,"Curated list of design systems, patterns libraries, and everything in between",CC0-1.0,,1
Awesome GEO,https://github.com/henu-wang/awesome-geo,github.com,bekatom/awesome-growth-hacking,Tools,Curated list of Generative Engine Optimization resources,other (see repo LICENSE),,1
Awesome Sketch,https://github.com/diessica/awesome-sketch,github.com,ttt30ga/awesome-product-design,Visual > Resources,"Curated list of awesome Sketch videos, articles, plugins, whatever, for designers, developers, or neither",CC0-1.0,,1
Base UI,https://github.com/mui/base-ui,github.com,bradtraversy/design-resources-for-developers,React UI Libraries,"Unstyled UI components for building accessible web apps and design systems. From the creators of Radix, Floating UI, and Material UI",MIT,,1
Basic of OKR,https://github.com/domenicosolazzo/practice-okr/blob/master/Basic.md,github.com,domenicosolazzo/awesome-okr,Basics,Basic concepts about OKRs,CC0-1.0,,1
Beton Inspector,https://github.com/getbeton/inspector,github.com,bekatom/awesome-growth-hacking,Tools,Open-source revenue intelligence; scores accounts from PostHog product signals + CRM and surfaces the warmest leads for sales,other (see repo LICENSE),,1
Big Heads,https://github.com/RobertBroersma/bigheads,github.com,bradtraversy/design-resources-for-developers,Online Design Tools,,MIT,,1
Browser Logos,https://github.com/alrra/browser-logos/,github.com,bradtraversy/design-resources-for-developers,Logos,High resolution web browser logos,MIT,,1
BurningOkr,https://github.com/BurningOKR/BurningOKR,github.com,domenicosolazzo/awesome-okr,Open Source Projects,,CC0-1.0,,1
clay.css,https://github.com/codeAdrian/clay.css,github.com,bradtraversy/design-resources-for-developers,CSS Frameworks,Extensible and configurable micro CSS util class and SASS mixin for adding claymorphism styles to your components,MIT,,1
Data Pixels,https://github.com/gmattie/Data-Pixels,github.com,LisaDziuba/Awesome-Design-Tools,Pixel Art Tools,create pixel art programmatically. Includes DataPixels.js and Data Pixels Playground desktop app,MIT,,1
Design Workflow with Sketch,https://github.com/facebook/pop,github.com,ProductHired/open-product-management,Online Courses,An e-course from Clark Wimberly at InVision,none stated,,1
Flowbite Admin Dashboard,https://github.com/themesberg/flowbite-admin-dashboard,github.com,bradtraversy/design-resources-for-developers,UI Components & Kits,"Free and open-source admin dashboard template built with Tailwind CSS and Flowbite featuring 15 examples pages, charts, widgets, and dark mode",MIT,,1
Free GSAP Effects,https://github.com/jaydickinson/free-gsap-effects,github.com,bradtraversy/design-resources-for-developers,Javascript Animation Libraries,"MIT-licensed, copy-paste GSAP animation effects, UI components and website templates, each with a live demo, reduced-motion fallbacks and cleanup built in",MIT,,1
Gestalt,https://github.com/pinterest/gestalt,github.com,bradtraversy/design-resources-for-developers,React UI Libraries,A set of React UI components that supports Pinterest’s design language,MIT,,1
Grace,https://github.com/Trendyol/grace,github.com,bradtraversy/design-resources-for-developers,Vue UI Libraries,Design System For Vue Applications,MIT,,1
Growth-hacking-guide,https://github.com/squareboat/growth-hacking-guide,github.com,bekatom/awesome-growth-hacking,Other,,other (see repo LICENSE),,1
Gutenberg,https://github.com/BafS/Gutenberg,github.com,bradtraversy/design-resources-for-developers,CSS Frameworks,Modern framework to print the web correctly,MIT,,1
Heroshot,https://github.com/omachala/heroshot,github.com,bradtraversy/design-resources-for-developers,Product & Image Mockups,Automate documentation screenshots with visual element picker and theme-aware output,MIT,,1
How to set OKRs,https://github.com/domenicosolazzo/practice-okr/blob/master/How_to_set_OKRs.md,github.com,domenicosolazzo/awesome-okr,Basics,A quick list for how to set OKRs in your company,CC0-1.0,,1
Huetone,https://github.com/ardov/huetone,github.com,bradtraversy/design-resources-for-developers,Colors,A tool to create accessible color systems,MIT,,1
IconPark,https://github.com/bytedance/IconPark,github.com,bradtraversy/design-resources-for-developers,Icons,"Transform an SVG icon into multiple themes, and generate React icons，Vue icons，svg icons",MIT,,1
Ivory,https://github.com/IVORY-UI/ivory,github.com,bradtraversy/design-resources-for-developers,CSS Frameworks,A modern CSS framework for developing powerful web interfaces faster and easier,MIT,,1
JSON Lite,https://github.com/lauriro/json-lite,github.com,bradtraversy/design-resources-for-developers,Chrome Extensions,Browser extension for viewing JSON files,MIT,,1
Landing Page Template,https://github.com/cruip/open-react-template/,github.com,bradtraversy/design-resources-for-developers,React UI Libraries,Open source landing page template for react,MIT,,1
LaunchKit,https://github.com/launchkit/launchkit/,github.com,ProductHired/open-product-management,Mockups and Marketing,"A set of web-based tools for mobile app developers, now open source!",none stated,,1
lax.js,https://github.com/alexfoxy/laxxx,github.com,bradtraversy/design-resources-for-developers,Javascript Animation Libraries,Simple & light weight vanilla javascript plugin to create smooth & beautiful animations when you scroll!,MIT,,1
Leon Sans,https://github.com/cmiscm/leonsans/,github.com,bradtraversy/design-resources-for-developers,Fonts,A geometric sans-serif typeface made with code,MIT,,1
lit,https://github.com/ajusa/lit,github.com,bradtraversy/design-resources-for-developers,CSS Frameworks,World's smallest responsive fire css framework (395 bytes),MIT,,1
Marketing for Engineers,https://github.com/goabstract/Marketing-for-Engineers,github.com,dend/awesome-product-management,Additional resources,A handy guide on growing marketing skills for folks with engineering backgrounds,CC0-1.0,,1
Marx,https://github.com/mblode/marx,github.com,bradtraversy/design-resources-for-developers,CSS Frameworks,Marx is the classless CSS reset to be used in any projects (namely small ones),MIT,,1
Material Colors Native,https://github.com/BafS/Material-Colors-native,github.com,LisaDziuba/Awesome-Design-Tools,Color Picker Tools,Google's material design color palette in the form of a mac app,MIT,,1
Materio MUI React NextJS Admin Template,https://github.com/themeselection/materio-mui-react-nextjs-admin-template-free,github.com,bradtraversy/design-resources-for-developers,React UI Libraries,Most Powerful & Comprehensive Open-source MUI React NextJS Admin Dashboard Template built for developers,MIT,,1
Materio Vuetify Vuejs Admin Template,https://github.com/themeselection/materio-vuetify-vuejs-admin-template-free,github.com,bradtraversy/design-resources-for-developers,Vue UI Libraries,Open-source & Easy to use Vuetify Vuejs Admin Template with Elegant Design & Unique Layout,MIT,,1
Max CLI,https://github.com/sortlist/max-cli,github.com,bekatom/awesome-growth-hacking,Tools,"B2B intent signal monitoring. Track LinkedIn engagement, keyword posters, job changers, funding events. CLI with JSON output",other (see repo LICENSE),,1
Mega Doodles Pack,https://github.com/MariaLetta/mega-doodles-pack,github.com,LisaDziuba/Awesome-Design-Tools,Illustrations,"big vector pack with hand-drawn doodles for presentations, social media, blog posts and so on",MIT,,1
Mermaid,https://github.com/mermaid-js/mermaid,github.com,bradtraversy/design-resources-for-developers,Online Design Tools,"renders Markdown-inspired text definitions to create and modify diagrams (like flowchart, sequence diagram, gantt, or user journey) dynamically. (FOSS)",MIT,,1
Monday's and Friday's: The commitment square,https://github.com/domenicosolazzo/practice-okr/blob/master/Commitment-Square.md,github.com,domenicosolazzo/awesome-okr,Basics,The commitment square used to analyze progresses and roadblocks againsts the OKRs,CC0-1.0,,1
Motion UI Design,https://github.com/fliptheweb/motion-ui-design,github.com,ttt30ga/awesome-product-design,Prototype > Articles,"Resources for inspiration, lists of software, libraries and other stuff related to Motion UI design, animations and transitions",CC0-1.0,,1
NG Semantic,https://github.com/vladotesanovic/ngSemantic,github.com,bradtraversy/design-resources-for-developers,Angular UI Libraries,UI library for Angular based on Semantic UI,MIT,,1
NotFair,https://github.com/nowork-studio/notfair-plugin,github.com,bekatom/awesome-growth-hacking,Tools,"Open-source Claude Code agent skills for SEO, Google Ads, and Meta Ads; connects to live data via Google Ads MCP, Meta Ads MCP, Google Search Console MCP, and Google Analytics (GA4) MCP (MIT)",other (see repo LICENSE),,1
okaybabe gradient pack,https://github.com/Okay-Babe/okaybabe-gradient-pack,github.com,bradtraversy/design-resources-for-developers,Colors,"41 free, MIT-licensed OKLCH gradients with formats for CSS, Figma and Tailwind v4",MIT,,1
okr2go,https://github.com/oxisto/okr2go,github.com,domenicosolazzo/awesome-okr,Open Source Projects,,CC0-1.0,,1
Open Source and selfhostable,https://github.com/penpot/penpot#what-is-penpot,github.com,bradtraversy/design-resources-for-developers,Online Design Tools,,MIT,,1
Orbit,https://github.com/zumerlab/orbit,github.com,bradtraversy/design-resources-for-developers,CSS Frameworks,Orbit is the first CSS framework for creating simple or complex radial interfaces,MIT,,1
Overloop CLI,https://github.com/sortlist/overloop-cli,github.com,bekatom/awesome-growth-hacking,Tools,"AI-powered outbound engine. Source contacts (450M+), run email + LinkedIn campaigns, enroll prospects. CLI with JSON output",other (see repo LICENSE),,1
PagePatch Free Hero Example,https://github.com/l-portet/pagepatch-free-hero,github.com,bradtraversy/design-resources-for-developers,HTML & CSS Templates,"Free AI-generated HTML/CSS hero example with before/after pages, five explained changes, and permission for commercial reuse",MIT,,1
Paper CSS,https://github.com/cognitom/paper-css,github.com,bradtraversy/design-resources-for-developers,CSS Frameworks,Front-end printing solution,MIT,,1
particles-bg,https://github.com/lindelof/particles-bg,github.com,bradtraversy/design-resources-for-developers,React UI Libraries,A React particles animation background component,MIT,,1
Payment System Logos,https://github.com/mpay24/payment-logos/,github.com,bradtraversy/design-resources-for-developers,Logos,Logos for payment systems available in png and svg,MIT,,1
PaymentFont,https://github.com/AlexanderPoellmann/PaymentFont,github.com,bradtraversy/design-resources-for-developers,Icon Fonts,A sleek web font for payment operators and methods. Featuring 116 icons,MIT,,1
Product Hunt,https://github.com/intuit/AnimationEngine,github.com,ProductHired/open-product-management,Sample Product Documentation,"Sample Early Product Spec from Ryan Hoover, Product Hunt",none stated,,1
Product Management Course Brainstation - Toronto,https://github.com/intuit/AnimationEngine,github.com,ProductHired/open-product-management,Online Courses,TRANSFORM YOUR IDEA INTO A PRODUCT,none stated,,1
PSone,https://github.com/micah5/PSone.css,github.com,bradtraversy/design-resources-for-developers,CSS Frameworks,"PS1 style CSS Framework, inspired by NES.css",MIT,,1
React Native Gifted Chat,https://github.com/FaridSafi/react-native-gifted-chat#readme,github.com,bradtraversy/design-resources-for-developers,UI Components & Kits,"A chat UI component that offers a ready-to-use chat interface with features like message bubbles, input toolbar, and more",MIT,,1
React Resizable Panels,https://github.com/bvaughn/react-resizable-panels,github.com,bradtraversy/design-resources-for-developers,React UI Libraries,React components for resizable panel groups/layouts,MIT,,1
React Use Smooth Scroll,https://github.com/saidMounaim/React-Use-Smooth-Scroll,github.com,bradtraversy/design-resources-for-developers,React UI Libraries,React Provider Component to add a smooth scroll effect,MIT,,1
Rebass,https://github.com/rebassjs/rebass,github.com,bradtraversy/design-resources-for-developers,React UI Libraries,React primitive UI components built with styled system,MIT,,1
Rellax.js,https://github.com/dixonandmoe/rellax,github.com,bradtraversy/design-resources-for-developers,Javascript Animation Libraries,"A buttery smooth, super lightweight, vanilla javascript parallax library",MIT,,1
Ring UI,https://github.com/JetBrains/ring-ui,github.com,bradtraversy/design-resources-for-developers,React UI Libraries,A collection of JetBrains Web UI components,MIT,,1
SAP Fundamental,https://github.com/SAP/fundamental,github.com,alexpate/awesome-design-systems,Design Systems,,Unlicense,,1
SAP OpenUI,https://github.com/SAP/openui5,github.com,alexpate/awesome-design-systems,Design Systems,,Unlicense,,1
Screeener,https://github.com/zehfernandes/screeener,github.com,LisaDziuba/Awesome-Design-Tools,Mockup Tools,"use this app to insert a bunch of images to a keynote file, using the mockup you choose",MIT,,1
ScrewFast,https://github.com/mearashadowfax/ScrewFast,github.com,bradtraversy/design-resources-for-developers,HTML & CSS Templates,"Open-source Astro website template with sleek, customizable TailwindCSS components",MIT,,1
SFWin,https://github.com/blaisck/sfwin/,github.com,bradtraversy/design-resources-for-developers,Fonts,San Francisco Fonts for Windows 10 and non-Apple Platform,MIT,,1
Sha-el-design,https://github.com/sha-el/sha-el-design,github.com,bradtraversy/design-resources-for-developers,React UI Libraries,React components for easier customization and smooth development flow,MIT,,1
Sketch Measure,https://github.com/utom/sketch-measure,github.com,LisaDziuba/Awesome-Design-Tools,Design Handoff Tools,Sketch redline plugin. Annotate distance and size of elements,MIT,,1
Slate Free Icons,https://github.com/evanwork34/slate-free-svg-icons,github.com,bradtraversy/design-resources-for-developers,Icons,"Free 10-icon SVG sample pack, no attribution required, personal & commercial use",MIT,,1
SnackUI,https://github.com/snackui/snackui,github.com,bradtraversy/design-resources-for-developers,React Native UI Libraries,SnackUI is a UI Kit for React Native + react-native-web that's much faster rocket with an optimizing compiler,MIT,,1
Sneat Bootstrap 5 HTML Admin Template,https://github.com/themeselection/sneat-html-admin-template-free,github.com,bradtraversy/design-resources-for-developers,HTML & CSS Templates,Open-source & Easy to us Bootstrap 5 HTML Admin Template with Elegant Design & Unique Layout,MIT,,1
Styleguidist,https://github.com/styleguidist/react-styleguidist,github.com,LisaDziuba/Awesome-Design-Tools,Development Tools,isolated React component development environment with a living style guide,MIT,,1
StyleSeed,https://github.com/bitjaru/styleseed,github.com,bradtraversy/design-resources-for-developers,React UI Libraries,"Design engine that makes Claude Code and Cursor produce professional UI. 48 shadcn-style React components, 69 design rules, 11 AI slash-command skills, and swappable brand skins (Toss, Stripe, Linear, Vercel, Notion) on Tailwind CSS v4 + Radix UI",MIT,,1
SVG Gobbler,https://github.com/rossmoody/svg-gobbler,github.com,bradtraversy/design-resources-for-developers,Others,"Browser extension to find SVGs on a webpage and download, copy to clipboard, or export as PNG",MIT,,1
Tabler,https://github.com/tabler/tabler-react,github.com,bradtraversy/design-resources-for-developers,React UI Libraries,Tabler is a free React admin dashboard template ideal for any kind of back-end web application,MIT,,1
Tachyons-animate,https://github.com/anater/tachyons-animate,github.com,bradtraversy/design-resources-for-developers,CSS Animations,Tachyons itself is an atomic CSS library with a ton of utility classes for essentially designing anything by adding classes to what you need,MIT,,1
Tacit,https://github.com/yegor256/tacit,github.com,bradtraversy/design-resources-for-developers,CSS Frameworks,"Primitive CSS Framework for dummies, without classes",MIT,,1
Tailwind Starter Kit,https://github.com/creativetimofficial/tailwind-starter-kit,github.com,bradtraversy/design-resources-for-developers,UI Components & Kits,"Tailwind Starter Kit a beautiful extension for TailwindCSS, Free and Open Source",MIT,,1
tailwind-rn,https://github.com/vadimdemedes/tailwind-rn,github.com,bradtraversy/design-resources-for-developers,React Native UI Libraries,Use Tailwind CSS in React Native projects,MIT,,1
The Tate Collection,https://github.com/tategallery/collection,github.com,ttt30ga/awesome-product-design,Data,"Here we present the metadata for around 70,000 artworks",CC0-1.0,,1
three.js,https://github.com/mrdoob/three.js/,github.com,bradtraversy/design-resources-for-developers,Javascript Animation Libraries,"An easy to use, lightweight, 3D library with a default WebGL renderer",MIT,,1
Tufte,https://github.com/edwardtufte/tufte-css,github.com,bradtraversy/design-resources-for-developers,CSS Frameworks,Style your webpage like Edward Tufte’s handouts,MIT,,1
Use a weekly status email,https://github.com/domenicosolazzo/practice-okr/blob/master/Weekly_Status_Email,github.com,domenicosolazzo/awesome-okr,Basics,How to set a weekly status email towards your OKRs,CC0-1.0,,1
Varlet,https://github.com/haoziqaq/varlet,github.com,bradtraversy/design-resources-for-developers,Vue UI Libraries,"Varlet is a Material design mobile component library developed based on Vue3, developed and maintained by partners in the community",MIT,,1
Vercel UI,https://github.com/geist-org/react,github.com,bradtraversy/design-resources-for-developers,React UI Libraries,Modern and minimalist React UI library,MIT,,1
VisBug,https://github.com/GoogleChromeLabs/ProjectVisBug,github.com,LisaDziuba/Awesome-Design-Tools,Visual Debugging Tools,"on any webpage: visually debug, quick inspect style and a11y, change CSS visually, click and drag elements around, and much more",MIT,,1
Weex UI,https://github.com/apache/incubator-weex-ui,github.com,bradtraversy/design-resources-for-developers,Vue UI Libraries,"A rich interaction, lightweight, high performance UI library based on Weex",MIT,,1
Whirl,https://github.com/jh3y/whirl,github.com,bradtraversy/design-resources-for-developers,CSS Animations,CSS loading animations with minimal effort!,MIT,,1
Worksheet OKR template,https://github.com/domenicosolazzo/practice-okr/blob/master/Worksheet.md,github.com,domenicosolazzo/awesome-okr,Basics,A worksheet for starting the planning of OKRs,CC0-1.0,,1
Xquik,https://github.com/Xquik-dev/x-twitter-scraper,github.com,bekatom/awesome-growth-hacking,Tools,"Independent X (Twitter) data API for search, follower export, monitors, and MCP",other (see repo LICENSE),,1
Zent,https://github.com/youzan/zent,github.com,bradtraversy/design-resources-for-developers,React UI Libraries,A collection of essential UI components written with React,MIT,,1
Grafx2,https://gitlab.com/GrafX2/grafX2,gitlab.com,LisaDziuba/Awesome-Design-Tools,Pixel Art Tools,a bitmap paint program inspired by the Amiga programs ​Deluxe Paint and Brilliance. Specialized in 256-color drawing,MIT,,1
Glassmorphism,https://glassmorphism.com/,glassmorphism.com,bradtraversy/design-resources-for-developers,Online Design Tools,An incredible online tool for generating quick glassmorphic UI in CSS code snippets,MIT,,1
Gliffy,https://www.gliffy.com/,gliffy.com,LisaDziuba/Awesome-Design-Tools,Wireframing Tools,"a tool for creating the framework, UML diagrams, flowcharts, wireframes and more",MIT,,1
Glyphr Studio,http://www.glyphrstudio.com/online/,glyphrstudio.com,gztchan/awesome-design,Typography,,CC0-1.0 (stated in README),,1
Glyphter,https://glyphter.com,glyphter.com,bradtraversy/design-resources-for-developers,Fonts,Upload your own SVGS and turn them into font files. Useful if you want a smaller library loaded,MIT,,1
GoodBarber Design System,https://www.goodbarber.com/uxdesign/,goodbarber.com,alexpate/awesome-design-systems,Design Systems,,Unlicense,,1
Good Product Manager,https://www.goodproductmanager.com/,goodproductmanager.com,ProductHired/open-product-management,Online Blogs,How To Be A Good Product Manager,none stated,,1
Google Art & Culture,https://www.google.com/culturalinstitute/beta/,google.com,gztchan/awesome-design,Read and Digest,explore collections and stories from around the world,CC0-1.0 (stated in README),,1
Google by Larry page and Sergey Brin,http://www.google.com/about/company/philosophy/,google.com,ProductHired/open-product-management,Career Prep: Company Types,Google's culture,none stated,,1
Google Material Design,http://www.google.com/design/,google.com,batoreh/awesome-ux,Guides,A styleguide for material design by Google,CC0-1.0,,1
GoSocialMockup,https://gosocialmockup.com,gosocialmockup.com,bradtraversy/design-resources-for-developers,Product & Image Mockups,"Create fake tweet, Instagram, Facebook, iMessage, and YouTube comment screenshots in your browser. Free with no signup and no watermark",MIT,,1
People Analytics,https://www.gosquared.com/,gosquared.com,ProductHired/open-product-management,Analytics,One place to understand your users,none stated,,1
GoToMeeting,https://www.gotomeeting.com/en-gb,gotomeeting.com,LisaDziuba/Awesome-Design-Tools,User Research Tools,"a simple, extraordinarily powerful web conferencing service",MIT,,1
Gov.Uk,https://www.gov.uk/service-manual/,gov.uk,ttt30ga/awesome-product-design,UX > Guidelines,Helping government teams create and run great digital services,CC0-1.0,,1
GOV.UK Design System,https://www.gov.uk/design-system,gov.uk,alexpate/awesome-design-systems,Design Systems,,Unlicense,,1
GoVisually,https://govisually.com,govisually.com,LisaDziuba/Awesome-Design-Tools,Design Feedback Tools,"online proofing, design review & approval software",MIT,,1
Gradient Buttons,https://gradientbuttons.colorion.co/,gradientbuttons.colorion.co,bradtraversy/design-resources-for-developers,Colors,Ready to use copy/paste gradient buttons,MIT,,1
Gradientos,https://www.gradientos.app/,gradientos.app,bradtraversy/design-resources-for-developers,Colors,Find and test gradients easily,MIT,,1
Gradients Guru,http://gradientsguru.com/,gradientsguru.com,LisaDziuba/Awesome-Design-Tools,Gradient Tools,blend mode background images & beautiful background gradients for your UI,MIT,,1
GradientsList,https://www.gradientslist.com,gradientslist.com,LisaDziuba/Awesome-Design-Tools,Gradient Tools,"a largest crowdsourced collection of gradients, with daily contributions from users on Gradients Maker for iOS",MIT,,1
Gradienty Animations,https://gradienty.codes/animations,gradienty.codes,bradtraversy/design-resources-for-developers,CSS Animations,Over 600+ Curated Animations ready to copy & paste,MIT,,1
Grain,https://grain.com,grain.com,samber/awesome-user-research,User interview,AI-powered meeting recorder and highlight reel for user interviews,CC-BY-4.0,,1
Grain Studio,https://grainstudio.harshith.com/,grainstudio.harshith.com,bradtraversy/design-resources-for-developers,Online Design Tools,"Free, open-source image texture editor with 25 tactile effects, local-only processing, and offline PWA support",MIT,,1
Solution-space taste,https://grantslatton.com/solution-space-taste,grantslatton.com,dend/awesome-product-management,Articles > Product Fundamentals & Philosophy,By Grant Slatton,CC0-1.0,,1
Grapedrop,https://grapedrop.com/,grapedrop.com,LisaDziuba/Awesome-Design-Tools,Design to Code Tools,"design your components, web projects and publish them instantly online, with an easy to use editor",MIT,,1
GrapesJS,https://grapesjs.com/,grapesjs.com,bradtraversy/design-resources-for-developers,Online Design Tools,"Open-source, multi-purpose, Web Builder Framework which combines different tools and features with the goal to help you (or users of your application) to build HTML templates without any knowledge of coding",MIT,,1
Graphberry,http://www.graphberry.com/,graphberry.com,gztchan/awesome-design,Read and Digest,provide you with the creative graphic resources you need to transform into your personal or commercial work,CC0-1.0 (stated in README),,1
GraphicsGale,https://graphicsgale.com/us/,graphicsgale.com,LisaDziuba/Awesome-Design-Tools,Pixel Art Tools,"has many pixel-art specific features, including palette control, selectively erasing colors, and tools for quickly replacing and trying new colors",MIT,,1
Graphic Springs,https://www.graphicsprings.com/,graphicsprings.com,LisaDziuba/Awesome-Design-Tools,Logo Design,"choose from a gallery of vector format logo templates, categorized by industry. Edit the graphics and texts of your template, then download it",MIT,,1
Gravit,https://www.gravit.io/,gravit.io,gztchan/awesome-design,Toolkit,End-to-end web-based design platform,CC0-1.0 (stated in README),,1
Great Question,https://greatquestion.co,greatquestion.co,samber/awesome-user-research,User interview,"End-to-end interview platform with scheduling, recording, and transcription",CC-BY-4.0,,1
GSAP,https://greensock.com/,greensock.com,LisaDziuba/Awesome-Design-Tools,Animation Tools,"a suite of tools for scripted, high-performance HTML5 animations in all major browsers",MIT,,1
greyscalegorilla,https://greyscalegorilla.com/,greyscalegorilla.com,gztchan/awesome-design,Tutorial,,CC0-1.0 (stated in README),,1
CSS Grid Generator,https://grid.layoutit.com/,grid.layoutit.com,bradtraversy/design-resources-for-developers,Online Design Tools,A tool for creating CSS Grid Layouts,MIT,,1
Layoutit,https://grid.layoutit.com/,grid.layoutit.com,LisaDziuba/Awesome-Design-Tools,Wireframing Tools,a interface builder for CSS Grid & Bootstrap that wants to be the kick-off for your front-end developments,MIT,,1
Grid Malven,http://grid.malven.co/,grid.malven.co,bradtraversy/design-resources-for-developers,Online Design Tools,A css grid cheatsheet to reference when creating a css grid,MIT,,1
Grid.js,https://gridjs.io/,gridjs.io,bradtraversy/design-resources-for-developers,Others,"Grid.js is a Free and open-source HTML table plugin written in TypeScript. It works with most JavaScript frameworks, including React, Angular, Vue and VanillaJs",MIT,,1
Gridzzly,http://gridzzly.com/,gridzzly.com,LisaDziuba/Awesome-Design-Tools,Wireframing Tools,the easiest way to create custom grid paper printable,MIT,,1
Hewlett Packard grommet,https://grommet.github.io,grommet.github.io,alexpate/awesome-design-systems,Design Systems,,Unlicense,,1
How top brands use referrals,http://grow.kissmetrics.com/webinar-71-recording,grow.kissmetrics.com,bekatom/awesome-growth-hacking,Growth Hacking with Referrals,,other (see repo LICENSE),,1
Place to Start Acquiring Users,http://www.growhack.com/2012/11/12/places-to-start-acquiring-users/?utm_content=bufferbaf95&utm_source=buffer&utm_medium=twitter&utm_campaign=Buffer,growhack.com,bekatom/awesome-growth-hacking,Articles,,other (see repo LICENSE),,1
GrowthBook,https://growthbook.io,growthbook.io,samber/awesome-user-research,Feature flags & experimentation,Open source feature flags and A/B testing platform,CC-BY-4.0,,1
Growth Camp Brazil,http://www.growthcamp.com.br,growthcamp.com.br,ProductHired/open-product-management,Communities to Join > Conferences,The event is made by specialists for specialists who already operate in the market and have big interactions with Product Managers. In addition they always bring international keynotes,none stated,,1
Great Sites about growth hacking,http://growthdevil.com/20-great-sites-growth-hacking/,growthdevil.com,bekatom/awesome-growth-hacking,Resources,,other (see repo LICENSE),,1
Handpicked Articles,http://growthhack.com/,growthhack.com,bekatom/awesome-growth-hacking,Resources,,other (see repo LICENSE),,1
Growth Hacker TV,https://www.growthhacker.tv/,growthhacker.tv,bekatom/awesome-growth-hacking,Resources,,other (see repo LICENSE),,1
Experts to follow,https://growthhackers.com/questions/ask-gh-if-you-could-get-one-hour-of-free-advising-from-any-growth-expert-who-would-you-choose/,growthhackers.com,bekatom/awesome-growth-hacking,Growth Hackers,,other (see repo LICENSE),,1
Growth Hackers Community,https://growthhackers.com/,growthhackers.com,bekatom/awesome-growth-hacking,Resources,Unlocking Growth. Together,other (see repo LICENSE),,1
Growth Hacking Video List,http://growthhackingasia.com/growth-hacking-videos/,growthhackingasia.com,bekatom/awesome-growth-hacking,Videos,,other (see repo LICENSE),,1
Chrome extension for growth hackers,http://growthrocks.com/blog/chrome-extensions/,growthrocks.com,bekatom/awesome-growth-hacking,Tools,,other (see repo LICENSE),,1
Growth rocks,http://growthrocks.com/blog/growth-hacking-tools/?utm_campaign=Growth-Hacking-Tools&utm_medium=cpc&utm_source=facebook&utm_content=rtg-desktop,growthrocks.com,bekatom/awesome-growth-hacking,Tools,,other (see repo LICENSE),,1
Growth Hacking Tactics: The Ultimate List,http://growthsimple.com/resources/growth-hacks/,growthsimple.com,bekatom/awesome-growth-hacking,Articles,,other (see repo LICENSE),,1
Growthtools,http://growthtools.io,growthtools.io,bekatom/awesome-growth-hacking,Resources,,other (see repo LICENSE),,1
Growthverse,http://www.growthverse.com/welcome,growthverse.com,bekatom/awesome-growth-hacking,Tools,,other (see repo LICENSE),,1
Growwwkit illustrations,https://growwwkit.com/illustrations/phonies,growwwkit.com,bradtraversy/design-resources-for-developers,Vectors & Clip Art,"A set of 8 simple, black & white, stylish illustrations",MIT,,1
Golden Ratio,https://grtcalculator.com/,grtcalculator.com,bradtraversy/design-resources-for-developers,Fonts,Golden Ratio Typography Calculator,MIT,,1
GSAP,https://gsap.com/,gsap.com,bradtraversy/design-resources-for-developers,Javascript Animation Libraries,A JavaScript library for building high-performance animations that work in every major browser,MIT,,1
GTmetrix,https://gtmetrix.com/,gtmetrix.com,bradtraversy/design-resources-for-developers,Online Design Tools,Website Speed and Performance Optimization,MIT,,1
Gtmhub,https://gtmhub.com,gtmhub.com,domenicosolazzo/awesome-okr,Software,,CC0-1.0,,1
Pr1mer Guidelines,https://guidelines.pr1mer.tech,guidelines.pr1mer.tech,bradtraversy/design-resources-for-developers,Design Systems & Style Guides,"An open source set of very general guidelines, inspired by Human Interface. Created and maintained by Pr1mer Tech",MIT,,1
Guides 18F,https://guides.18f.gov/,guides.18f.gov,ttt30ga/awesome-product-design,UX > Guidelines,18F Guides is the repository for best practices across our teams,CC0-1.0,,1
Kontur,https://guides.kontur.ru/,guides.kontur.ru,alexpate/awesome-design-systems,Design Systems,,Unlicense,,1
GUIPorn,http://guiporn.com/,guiporn.com,batoreh/awesome-ux,Inspiration,Exciting GUIs;,CC0-1.0,,1
How google sets goals objectives and Key results,https://www.gv.com/lib/how-google-sets-goals-objectives-and-key-results-okrs,gv.com,domenicosolazzo/awesome-okr,Videos,The most famous video on OKR by Rick Klau@Google,CC0-1.0,,1
nice-waves,https://gvguy.github.io/nice-waves/,gvguy.github.io,bradtraversy/design-resources-for-developers,Javascript Animation Libraries,Beautiful animated waves,MIT,,1
Gympass Yoga,https://gympass.github.io/yoga/,gympass.github.io,alexpate/awesome-design-systems,Design Systems,,Unlicense,,1
H69.Design,https://www.h69.design/,h69.design,LisaDziuba/Awesome-Design-Tools,Design Inspiration,landing page colletions & Free resources for designers,MIT,,1
The Quintessential Guide For Building An Unforgettable First-time User Experience,https://hackernoon.com/the-quintessential-guide-for-building-an-unforgettable-first-time-user-experience-19720a7447d2,hackernoon.com,dend/awesome-product-management,Articles > Customer Research & User Experience,By Wayne Chang,CC0-1.0,,1
Hacking UI,http://hackingui.com/,hackingui.com,gztchan/awesome-design,Read and Digest,"is a community for designers, developers and creative entrepreneurs with a passion",CC0-1.0 (stated in README),,1
The Hacking UI Podcast,http://hackingui.com/podcast/,hackingui.com,gztchan/awesome-design,Podcast,"is hosted by Sagi Shrieber and David Tintner, who are both a designer and developer as well as entrepreneurs, bloggers, productivity/time-hacker maniacs, and all around tech geeks",CC0-1.0 (stated in README),,1
Haiku,https://www.haiku.ai/,haiku.ai,gztchan/awesome-design,Prototyping,"Animation tool for UI components, ready for iOS, Android or Web Apps",CC0-1.0 (stated in README),,1
Haiku Animator,https://www.haikuforteams.com/,haikuforteams.com,LisaDziuba/Awesome-Design-Tools,Animation Tools,keyframe-based animation connecting your UI tools to code that developers can easily use,MIT,,1
Hand Brake,https://handbrake.fr/,handbrake.fr,ttt30ga/awesome-product-design,Visual > Tools,"HandBrake is a tool for converting video from nearly any format to a selection of modern, widely supported codecs",CC0-1.0,,1
Handrail,https://handrailux.com/,handrailux.com,LisaDziuba/Awesome-Design-Tools,User Research Tools,"end-to-end, collaborative user research and insights platform — plan research, collect and analyze data, and share your findings",MIT,,1
Happyhues,https://www.happyhues.co/,happyhues.co,bradtraversy/design-resources-for-developers,Colors,Happy Hues is a color palette inspiration site that acts as a real-world example as to how the colors could be used in your design projects by Mackenzie Child,MIT,,1
Harvestr,https://harvestr.io,harvestr.io,samber/awesome-user-research,Product discovery,Customer feedback and product management software,CC-BY-4.0,,1
Haskell for Mac,http://haskellformac.com/,haskellformac.com,ProductHired/open-product-management,Development,Functional programming without the hassle,none stated,,1
What makes a great Product Manager?,http://hatchery.vc/what-makes-a-great-product-manager/,hatchery.vc,ProductHired/open-product-management,Become The Best In The Field,Erik Torenberg,none stated,,1
haus,https://haus.hipuku.dev,haus.hipuku.dev,alexpate/awesome-design-systems,Design Systems,,Unlicense,,1
"How to focus on what's important, not just what's urgent",https://hbr.org/2018/07/how-to-focus-on-whats-important-not-just-whats-urgent,hbr.org,dend/awesome-product-management,Articles > Product Strategy & Planning,By Alice Boyes,CC0-1.0,,1
The Art of Evangelism,https://hbr.org/2015/05/the-art-of-evangelism,hbr.org,dend/awesome-product-management,Articles > Growth & Marketing,By Guy Kawasaki,CC0-1.0,,1
"The Art of Persuasion Hasn't Changed in 2,000 Years",https://hbr.org/2019/07/the-art-of-persuasion-hasnt-changed-in-2000-years,hbr.org,dend/awesome-product-management,Articles > Team Collaboration & Leadership,By Carmine Gallo,CC0-1.0,,1
What It Takes to Become a Great Product Manager,http://hbr.org/2017/12/what-it-takes-to-become-a-great-product-manager,hbr.org,ProductHired/open-product-management,What Is Product Management?,Julia Austin,none stated,,1
Harvard Business School PM 101/102,https://www.hbspm101.com/,hbspm101.com,ProductHired/open-product-management,Resource Repositories,Online resource repository from Harvard Business School Product Management 101 & 102 (PM 101/102),none stated,,1
Headless UI,https://headlessui.dev/,headlessui.dev,bradtraversy/design-resources-for-developers,UI Components & Kits,"Completely unstyled, fully accessible UI components, designed to integrate beautifully with Tailwind CSS",MIT,,1
Heap,https://heap.io,heap.io,samber/awesome-user-research,Session recording,Session replay linked to auto-captured user behavior data,CC-BY-4.0,,1
Heap,https://heapanalytics.com/,heapanalytics.com,LisaDziuba/Awesome-Design-Tools,Experience Monitoring,"automatically capture every web, mobile, and cloud interaction then retroactively analyze your data without writing code",MIT,,1
Heap Analytics,https://heapanalytics.com/,heapanalytics.com,ProductHired/open-product-management,Analytics,"Heap lets you automatically capture every user interaction from web, mobile, and cloud services",none stated,,1
Heatly,https://www.heatlyanalytics.com,heatlyanalytics.com,LisaDziuba/Awesome-Design-Tools,Experience Monitoring,free heatmap tools to understand the website's user experience better,MIT,,1
HashiCorp Helios,https://helios.hashicorp.design,helios.hashicorp.design,alexpate/awesome-design-systems,Design Systems,,Unlicense,,1
Hellobar,https://www.hellobar.com/,hellobar.com,bekatom/awesome-growth-hacking,Tools,,other (see repo LICENSE),,1
Hellonext,https://hellonext.co,hellonext.co,dend/awesome-product-management,Tools > Product Roadmapping & Feedback,"Hellonext helps you close the user feedback loop. Comes with feedback portal, roadmap, and changelog.",CC0-1.0,,1
Hemingway,https://www.hemingwayapp.com/,hemingwayapp.com,ttt30ga/awesome-product-design,Writing,Hemingway App makes your writing bold and clear,CC0-1.0,,1
On agency,https://www.henrikkarlsson.xyz/p/agency,henrikkarlsson.xyz,dend/awesome-product-management,Articles > Career Development & Skills,By Henrik Karlsson and Johanna Karlsson,CC0-1.0,,1
Weekly Thoughts of Tim Herbig,https://herbigt.com/newsletter/,herbigt.com,ProductHired/open-product-management,Newsletters,"A weekly digest of personal advice for product people and interesting articles around product, ux and entrepreneurship",none stated,,1
Heritage Library,https://www.heritagetype.com/collections/free-vintage-illustrations,heritagetype.com,bradtraversy/design-resources-for-developers,Vectors & Clip Art,Vintage Illustrations (vector and png),MIT,,1
My product is my garden,https://herman.bearblog.dev/my-product-is-my-garden/,herman.bearblog.dev,dend/awesome-product-management,Articles > Product Fundamentals & Philosophy,By Herman Martinus,CC0-1.0,,1
Heroicons,https://heroicons.dev/,heroicons.dev,bradtraversy/design-resources-for-developers,Icons,"Free, open source icons from the creators of Tailwind CSS",MIT,,1
Hero Patterns,http://www.heropatterns.com/,heropatterns.com,bradtraversy/design-resources-for-developers,UI Graphics,A collection of repeatable SVG background patterns,MIT,,1
HeroUI,https://heroui.com/,heroui.com,alexpate/awesome-design-systems,Design Systems,,Unlicense,,1
HeroUI - Previously NextUI,https://www.heroui.com/,heroui.com,bradtraversy/design-resources-for-developers,React UI Libraries,"Beautiful, fast and modern React UI library that allows you to create beatiful websites regardless of your design experience",MIT,,1
HEX Color Codes,https://hexcolorcodes.org/,hexcolorcodes.org,bradtraversy/design-resources-for-developers,Colors,"It gets HTML color codes, Hex color codes, RGB and HSL values with our color picker, color chart and HTML color names",MIT,,1
Hex Naw,https://hexnaw.com/,hexnaw.com,LisaDziuba/Awesome-Design-Tools,Accessibility Tools,helps you to test entire color systems for contrast and accessibility,MIT,,1
HeyDesigner,http://heydesigner.com/,heydesigner.com,gztchan/awesome-design,Read and Digest,daily curated design knowledge,CC0-1.0 (stated in README),,1
Marvin,https://heymarvin.com,heymarvin.com,samber/awesome-user-research,Research repository,"AI research assistant for tagging, analysis, and insight generation across studies",CC-BY-4.0,,1
HiClipart,https://www.hiclipart.com/,hiclipart.com,bradtraversy/design-resources-for-developers,Vectors & Clip Art,A community for designers to share & download transparent background PNG cliparts,MIT,,1
HiveDesk,https://www.hivedesk.com/,hivedesk.com,LisaDziuba/Awesome-Design-Tools,Collaboration Tools,an automatic time tracking for remote employees with screenshots. It makes it easier to monitor the productivity of remote employees and manage projects,MIT,,1
HOLA SVG!,https://holasvg.com/,holasvg.com,bradtraversy/design-resources-for-developers,UI Graphics,An SVG playground to share SVG stuff,MIT,,1
Horizon UI,https://horizon-ui.com/,horizon-ui.com,bradtraversy/design-resources-for-developers,HTML & CSS Templates,Trendiest open source Admin Template for React,MIT,,1
HorizonX Design-to-Code Guide,https://horizonx.so/blog/figma-to-production-design-to-code-2026,horizonx.so,bradtraversy/design-resources-for-developers,Design Systems & Style Guides,"Free production workflow for translating Figma components, design tokens, states, accessibility, and responsive behavior into frontend code",MIT,,1
Hover States,https://hoverstat.es/,hoverstat.es,LisaDziuba/Awesome-Design-Tools,Design Inspiration,"showcase great work from the bleeding edge of digital culture for, and with, the creative community",MIT,,1
Hoverstat,https://hoverstat.es/,hoverstat.es,ttt30ga/awesome-product-design,Prototype > Articles,The home of alternative digital design,CC0-1.0,,1
How Design Live,http://www.howdesignlive.com/,howdesignlive.com,gztchan/awesome-design,Conference and Festival,"is one of the largest annual gatherings of creative professionals in the world, HOW Design Live is a career-changing, life-altering experience",CC0-1.0 (stated in README),,1
Raumrot,https://www.howtostartanllc.org/free-stock-photos/,howtostartanllc.org,gztchan/awesome-design,Stock,,CC0-1.0 (stated in README),,1
HP Reveal,https://www.hpreveal.com/,hpreveal.com,LisaDziuba/Awesome-Design-Tools,Augmented Reality,adding value to printed content through visual interactivity,MIT,,1
HTML5Up,https://html5up.net/,html5up.net,bradtraversy/design-resources-for-developers,HTML & CSS Templates,"Very modern, unique responsive HTML5/CSS3 themes",MIT,,1
HtmlColours,https://htmlcolors.com/,htmlcolors.com,LisaDziuba/Awesome-Design-Tools,Gradient Tools,realize how easy and beautiful it is to create gradients with this gradient generator,MIT,,1
HTML CSS Color,https://www.htmlcsscolor.com/,htmlcsscolor.com,bradtraversy/design-resources-for-developers,Colors,"Free online Color (USA) or Colour (British) tools: information, gradient generator, color wheels etc",MIT,,1
HTMLrev,https://htmlrev.com,htmlrev.com,bradtraversy/design-resources-for-developers,HTML & CSS Templates,Free beautiful HTML5 templates and landing pages,MIT,,1
HTML Table Generator,https://www.htmltables.io/,htmltables.io,bradtraversy/design-resources-for-developers,UI Components & Kits,,MIT,,1
Daemonites Material Design For Bootstrap,https://http://daemonite.github.io/material/,http,bradtraversy/design-resources-for-developers,UI Components & Kits,Daemonite's Material UI is a cross-platform and fully responsive front-end interface based on Google Material Design developed using Bootstrap 4,MIT,,1
Hubspot,https://www.hubspot.com/resources,hubspot.com,bradtraversy/design-resources-for-developers,HTML & CSS Templates,"Templates, infographics, banners and much more",MIT,,1
Huemint,https://huemint.com/,huemint.com,bradtraversy/design-resources-for-developers,Colors,"Huemint uses machine learning to create unique color schemes for your brand, website or graphic",MIT,,1
HUGE,http://www.hugeinc.com/,hugeinc.com,gztchan/awesome-design,Read and Digest,,CC0-1.0 (stated in README),,1
Huge,https://hugeinc.github.io/styleguide/index.html,hugeinc.github.io,ttt30ga/awesome-product-design,UI > Tools,Tool to make creating and maintaining styleguides easy,CC0-1.0,,1
Humane By Design,https://humanebydesign.com/,humanebydesign.com,bradtraversy/design-resources-for-developers,Design Systems & Style Guides,A resource that provides guidance for designing ethically humane digital products through patterns focused on user well-being,MIT,,1
Humans Who Research,https://humanswho.com/newsletter,humanswho.com,samber/awesome-user-research,Learn > Newsletters,Practical UX research methods and career advice,CC-BY-4.0,,1
"Manager OKRs, Maker OKRs: How I’d Change Google’s Goal Setting Process",http://hunterwalk.com/2013/03/01/manager-okrs-maker-okrs-how-id-change-googles-goal-setting-process/,hunterwalk.com,domenicosolazzo/awesome-okr,Articles,How Sasha Lubomirsky envisions the future of OKRs,CC0-1.0,,1
HyperUI,https://www.hyperui.dev/,hyperui.dev,bradtraversy/design-resources-for-developers,UI Components & Kits,"Free open source Tailwind CSS components for marketing and ecommerce websites, as well as application UI",MIT,,1
Semrush Intergalactic Design System,https://i.semrush.com/,i.semrush.com,alexpate/awesome-design-systems,Design Systems,,Unlicense,,1
Integration & Application Network Image Library,https://ian.umces.edu/imagelibrary,ian.umces.edu,bradtraversy/design-resources-for-developers,Stock Photos,"Free images to provide scientists, resource managers, government agencies, community groups and graphics professionals with a resource for enhancing science communication",MIT,,1
Hover.css,http://ianlunn.github.io/Hover/,ianlunn.github.io,bradtraversy/design-resources-for-developers,CSS Animations,Hover.css is a CSS animation library designed for use with buttons and other UI elements in your website,MIT,,1
IBM,https://www.ibm.com/design/language/,ibm.com,gztchan/awesome-design,Styleguide and Branding,,CC0-1.0 (stated in README),,1
IBM Design Language,https://www.ibm.com/design/language/,ibm.com,alexpate/awesome-design-systems,Design Systems,,Unlicense,,1
IBM Northstar,https://www.ibm.com/standards/web/,ibm.com,alexpate/awesome-design-systems,Design Systems,,Unlicense,,1
Icofont,https://icofont.com/,icofont.com,bradtraversy/design-resources-for-developers,Icon Fonts,2100+ free icons to spice up your creative designs,MIT,,1
Icomoon,https://icomoon.io/app/,icomoon.io,bradtraversy/design-resources-for-developers,Icons,Browse 5500+ Free Icons. Add any set you wish to easily browse and search its icons,MIT,,1
IconMoon,https://icomoon.io/,icomoon.io,gztchan/awesome-design,Icon and Logo,Pixel perfect icon solutions,CC0-1.0 (stated in README),,1
Icon-icons.com,https://icon-icons.com/,icon-icons.com,bradtraversy/design-resources-for-developers,Icons,"Free Icons PNG, ICO, ICNS and Vector file SVG",MIT,,1
icon54,https://icon54.com,icon54.com,gztchan/awesome-design,Icon and Logo,,CC0-1.0 (stated in README),,1
IconBros,https://www.iconbros.com,iconbros.com,bradtraversy/design-resources-for-developers,Icons,7843+ free icons grouped in 182 collections,MIT,,1
Icon buddy,https://iconbuddy.app/,iconbuddy.app,bradtraversy/design-resources-for-developers,Icons,"A collection of 100K+ open-source SVG icons, fully customizable for designers and developers",MIT,,1
icon dock,http://icondock.com/,icondock.com,gztchan/awesome-design,Icon and Logo,,CC0-1.0 (stated in README),,1
Icones,https://icones.js.org/,icones.js.org,bradtraversy/design-resources-for-developers,Icons,"Icon Explorer with Instant searching, powered by Iconify",MIT,,1
Iconfont+,http://www.iconfont.cn/,iconfont.cn,gztchan/awesome-design,Icon and Logo,阿里妈妈 MUX 倾力打造的矢量图标管理、交流平台。,CC0-1.0 (stated in README),,1
iconhub,https://iconhub.io/,iconhub.io,bradtraversy/design-resources-for-developers,Icons,Just practical stunning icons for everyone,MIT,,1
Unified icons,https://iconify.design/,iconify.design,bradtraversy/design-resources-for-developers,Icons,"Thousands of icons, one unified framework. One library, over 40,000 vector icons",MIT,,1
IconKing Lottie Tools,https://www.iconking.net/tools,iconking.net,bradtraversy/design-resources-for-developers,UI Components & Kits,"Free browser-based tools to preview, edit and convert Lottie animations. No signup or watermark",MIT,,1
Iconoir,https://iconoir.com/,iconoir.com,bradtraversy/design-resources-for-developers,Icons,Free library of 900+ open source icons,MIT,,1
EOS Icons,https://icons.eosdesignsystem.com/,icons.eosdesignsystem.com,bradtraversy/design-resources-for-developers,Icons,"A pixel-perfect, open source iconic font available as ligature and SVG",MIT,,1
Bootstrap Icons,https://icons.getbootstrap.com/,icons.getbootstrap.com,bradtraversy/design-resources-for-developers,Icons,Free Icons built for Bootstrap but they'll work in any project,MIT,,1
Material Icons Library,https://icons.pixsellz.io/,icons.pixsellz.io,LisaDziuba/Awesome-Design-Tools,Icons Tools,free collection of 1000+ icons for popular graphics tools,MIT,,1
Fugue Music,https://icons8.com/music,icons8.com,LisaDziuba/Awesome-Design-Tools,Sound Design,download free background music for your videos,MIT,,1
icons8.com/illustrations,https://icons8.com/illustrations,icons8.com,bradtraversy/design-resources-for-developers,UI Graphics,Vector illustrations to class up your project,MIT,,1
Line Awesome,https://icons8.com/line-awesome,icons8.com,bradtraversy/design-resources-for-developers,Icon Fonts,Swap in replacement of Font Awesome with modern line icons,MIT,,1
Ouch,https://icons8.com/ouch,icons8.com,LisaDziuba/Awesome-Design-Tools,Illustrations,vector illustrations to class up your project. Free for both personal and commercial use,MIT,,1
Smart Upscaler,https://icons8.com/upscaler,icons8.com,bradtraversy/design-resources-for-developers,Online Design Tools,Upscale images by 2-4x resolution (4 free),MIT,,1
IconsDb,https://www.iconsdb.com/,iconsdb.com,bradtraversy/design-resources-for-developers,Icons,Free Custom Icons,MIT,,1
IconSear.ch,https://iconsear.ch/search.html,iconsear.ch,bradtraversy/design-resources-for-developers,Icons,"Search engine with over 50,000 SVG icons indexed",MIT,,1
Iconset,https://iconset.io/,iconset.io,LisaDziuba/Awesome-Design-Tools,Icons Tools,"free, cross-platform and fast SVG icon organizer working on Mac and Windows",MIT,,1
IconShelf,https://iconshelf.com/,iconshelf.com,bradtraversy/design-resources-for-developers,Icons,"Access 250,000+ open-source SVG icons you can customize to fit any design or development project",MIT,,1
SVG Colorizer,https://www.iconshock.com/svg-color/,iconshock.com,LisaDziuba/Awesome-Design-Tools,Icons Tools,"a tool to automatically change the entire color palette of any given SVG icon pack intelligently keeping the shades, highlights & shadows",MIT,,1
Iconspedia,https://www.iconspedia.com/,iconspedia.com,bradtraversy/design-resources-for-developers,Icons,Iconspedia is a website that contains a large collection of high quality free icons,MIT,,1
IconStash,https://iconstash.io/,iconstash.io,bradtraversy/design-resources-for-developers,Icons,"Search and customize 134,000+ free SVG and PNG icons across 28 open-source libraries, with export options for SVG, PNG and framework code",MIT,,1
ICONSVG,https://iconsvg.xyz/,iconsvg.xyz,LisaDziuba/Awesome-Design-Tools,Icons Tools,a tool to simplify the process of finding and generating common icons for your project,MIT,,1
IDEO,https://www.ideo.com/,ideo.com,gztchan/awesome-design,Read and Digest,,CC0-1.0 (stated in README),,1
iF Product Design Award,http://ifworlddesignguide.com/,ifworlddesignguide.com,gztchan/awesome-design,Award,"was introduced in 1954 and is annually conferred by the iF International Forum Design. The award, which spans multiple disciplines, has more than 5,500 entries from around 59 nations every year. 🌟",CC0-1.0 (stated in README),,1
Illlustrations,https://illlustrations.co/,illlustrations.co,bradtraversy/design-resources-for-developers,Vectors & Clip Art,"Beautiful 100 Illustrations - png, svg",MIT,,1
Attractions,https://illright.github.io/attractions/,illright.github.io,bradtraversy/design-resources-for-developers,Svelte UI Libraries,A pretty cool UI kit for Svelte,MIT,,1
Illusion,http://illusion.scene360.com/,illusion.scene360.com,gztchan/awesome-design,Stock,,CC0-1.0 (stated in README),,1
illustration kit,https://illustrationkit.com/,illustrationkit.com,bradtraversy/design-resources-for-developers,UI Graphics,Premium open source illustrations added daily,MIT,,1
illustrio,https://illustrio.com/,illustrio.com,LisaDziuba/Awesome-Design-Tools,Icons Tools,a smarter icon library. Build something great with 100% customizable icons,MIT,,1
iLoveIMG,https://www.iloveimg.com/,iloveimg.com,bradtraversy/design-resources-for-developers,Image Compression,The fastest free web app for easy image modification,MIT,,1
Offset,http://www.iloveoffset.com/,iloveoffset.com,gztchan/awesome-design,Conference and Festival,"has fast become one of the world’s most inspirational, educational and vocational conferences for the design and creative industries",CC0-1.0 (stated in README),,1
i love typography,http://ilovetypography.com/,ilovetypography.com,gztchan/awesome-design,Typography,"was born on August 7, 2007. It exists because I have a passion for typography, type design, and lettering, and for the pages, words, and letters born of those disciplines",CC0-1.0 (stated in README),,1
image-resizer.net,https://www.image-resizer.net/,image-resizer.net,bradtraversy/design-resources-for-developers,Image Compression,Fast Online Image Resizer & Optimizer – Resize Images Without Uploading to Any Server,MIT,,1
Optimizilla,https://imagecompressor.com/,imagecompressor.com,bradtraversy/design-resources-for-developers,Image Compression,,MIT,,1
imagehover.io,http://imagehover.io/,imagehover.io,bradtraversy/design-resources-for-developers,CSS Frameworks,Pure CSS Image Hover Effect Library,MIT,,1
Image Machine,https://imagemachinery.net/,imagemachinery.net,bradtraversy/design-resources-for-developers,Image Compression,"Compress to an exact target file size (10 KB up to 5 MB), plus convert (AVIF, WebP, JPEG XL, HEIC, PSD), resize, and GIF optimisation. Runs entirely in the browser through WebAssembly, so files are never uploaded",MIT,,1
Image Optimizer,http://www.imageoptimizer.net/,imageoptimizer.net,bradtraversy/design-resources-for-developers,Image Compression,Image Optimizer Free With Quality Options,MIT,,1
Image Resize AI,https://imageresizeai.com/,imageresizeai.com,bradtraversy/design-resources-for-developers,Image Compression,"A 100% free & private (no upload) toolkit to resize, compress, crop, convert, and bulk image resizer. it support JPEG, PNG, SVG, JPG, WEBP and more",MIT,,1
Image to ASCII,https://imagetoascii.art/,imagetoascii.art,bradtraversy/design-resources-for-developers,Online Design Tools,"Free browser-based image-to-ASCII converter with local processing, adjustable character styles, and TXT, PNG and SVG exports. No signup required",MIT,,1
imcreator,http://imcreator.com/,imcreator.com,gztchan/awesome-design,Stock,,CC0-1.0 (stated in README),,1
ImgGen.Ai,https://imggen.ai/,imggen.ai,bradtraversy/design-resources-for-developers,AI Graphic Design Tools,ImgGen AI is a free AI-powered image generator and enhancement tool,MIT,,1
INBOARD,https://inboardapp.com/,inboardapp.com,gztchan/awesome-design,Toolkit,Organize your inspiration,CC0-1.0 (stated in README),,1
Inbound Marketing,http://inbound.org/,inbound.org,bekatom/awesome-growth-hacking,Resources,,other (see repo LICENSE),,1
How to deliver more software projects on time,http://www.inc.com/mark-suster/how-to-deliver-more-software-projects-on-time.html,inc.com,ProductHired/open-product-management,Shipping and Measuring Products,Mark Suster,none stated,,1
InclusiveColors palette creator,https://www.inclusivecolors.com/,inclusivecolors.com,bradtraversy/design-resources-for-developers,Colors,"Create custom accessible Tailwind-style color palettes, where you can modify HSL curves across whole swatches, check WCAG/APCA contrast, then export to Tailwind/CSS/Figma/Adobe",MIT,,1
Industry,https://industryconference.com/,industryconference.com,dend/awesome-product-management,Conferences,"Over 3 days, attendees will learn from renowned product leaders and share the latest methods, tools, and frameworks that they use to build, launch and scale world-class software products. Building world-class software products is hard. At INDUSTRY you will see how others manage product in different ",CC0-1.0,,1
Industry - Product Conference,https://www.industryconference.com/virtual#pricing,industryconference.com,ProductHired/open-product-management,Communities to Join > Conferences,"For people who build, launch and scale world-class product",none stated,,1
Infogram,https://infogram.com/,infogram.com,bradtraversy/design-resources-for-developers,Online Design Tools,Create infograms,MIT,,1
Information Design,https://www.informationdesign.org/,informationdesign.org,ttt30ga/awesome-product-design,UX > Articles,InfoDesign Hand-picked since 1997,CC0-1.0,,1
Infyicon,https://infyicon.com/,infyicon.com,bradtraversy/design-resources-for-developers,Icons,"160,000+ free icons in outline, filled & color styles — free SVG & PNG, with attribution",MIT,,1
Inkline,https://inkline.io,inkline.io,bradtraversy/design-resources-for-developers,Vue UI Libraries,Inkline is a modern UI/UX Framework for Vue.js designed for creating flawless responsive web applications,MIT,,1
Inpixio photo Editor,https://www.inpixio.com/free-photo-editor,inpixio.com,bradtraversy/design-resources-for-developers,Downloadable Design Software,Free Photo Editor: For windows only,MIT,,1
Inspiration UI,http://inspirationui.com/,inspirationui.com,LisaDziuba/Awesome-Design-Tools,Design Inspiration,a community that aims to provide the best design resources for those who create for the web,MIT,,1
Inspired UI - Mobile Apps Design Patterns,http://inspired-ui.com/,inspired-ui.com,batoreh/awesome-ux,Design Patterns,,CC0-1.0,,1
Inspire UX,http://www.inspireux.com/,inspireux.com,batoreh/awesome-ux,Blogs,"inspireUX focuses on the impact that User Experience has on people, business, and the world",CC0-1.0,,1
Colour Cafe,https://www.instagram.com/colours.cafe/,instagram.com,LisaDziuba/Awesome-Design-Tools,Color Picker Tools,colors inspiration that has selected a modern color palette on Instagram,MIT,,1
Instant Eyedropper,http://instant-eyedropper.com/,instant-eyedropper.com,LisaDziuba/Awesome-Design-Tools,Color Picker Tools,"a minimalist eyedropper tool for windows, supports multiple color formats for both designers and developers",MIT,,1
Google’s HEART Framework for Measuring UX,https://www.interaction-design.org/literature/article/google-s-heart-framework-for-measuring-ux,interaction-design.org,ProductHired/open-product-management,Shipping and Measuring Products,Kenny Lee,none stated,,1
Interaction Design,https://www.interaction-design.org/literature/article/a-one-page-user-research-plan,interaction-design.org,ttt30ga/awesome-product-design,Research > Methods > Research Plan,One Page User Research Plan,CC0-1.0,,1
Interaction Design Foundation,https://www.interaction-design.org/,interaction-design.org,LisaDziuba/Awesome-Design-Tools,Tools for Learning Design,a website that is the industry well known for learning UX/UI skills,MIT,,1
Interaction,http://interaction16.ixda.org/,interaction16.ixda.org,gztchan/awesome-design,Conference and Festival,,CC0-1.0 (stated in README),,1
Intercom,https://intercom.com,intercom.com,samber/awesome-user-research,Product tours & onboarding,"In-app messaging, product tours, and customer support in one platform",CC-BY-4.0,,1
Intercom on Product Management,https://www.intercom.com/resources/books/intercom-product-management,intercom.com,dend/awesome-product-management,Books > Product Management Fundamentals,,CC0-1.0,,1
Essential Glyphs,https://interface.market/essential/basic-pack,interface.market,LisaDziuba/Awesome-Design-Tools,Icons Tools,created to cover your needs in perfect-shaped icons. Adapted for small and large sizes,MIT,,1
Interplay,https://interplayapp.com/,interplayapp.com,LisaDziuba/Awesome-Design-Tools,Design System Tools,connect design and engineering around a single source of truth. The tool is not publicly available yet (beta),MIT,,1
Design System Manager,https://www.invisionapp.com/design-system-manager/,invisionapp.com,LisaDziuba/Awesome-Design-Tools,Design System Tools,Invision's design system manager,MIT,,1
Inspect,https://www.invisionapp.com/feature/inspect/,invisionapp.com,LisaDziuba/Awesome-Design-Tools,Design Handoff Tools,prepare designs for development. Made by Invision,MIT,,1
InVision Studio,https://www.invisionapp.com/studio,invisionapp.com,bradtraversy/design-resources-for-developers,Downloadable Design Software,Free screen designing tool from InVision,MIT,,1
Studio,https://www.invisionapp.com/studio,invisionapp.com,LisaDziuba/Awesome-Design-Tools,UI Design Tools,"combines design, prototyping, and collaboration into one harmonious workflow. Made by InVision",MIT,,1
IT Tools,https://it-tools.tech/,it-tools.tech,bradtraversy/design-resources-for-developers,Others,"Free, open-source collection of browser utilities for developers and IT professionals, with optional self-hosting",MIT,,1
ItsPaint,https://itspaintmac.com,itspaintmac.com,bradtraversy/design-resources-for-developers,Downloadable Design Software,"Free & open source native Mac paint app: blank canvas at any size, crop, and screenshot markup",MIT,,1
Codecademy App,https://itunes.apple.com/us/app/codecademy-go/id1376029326?mt=8,itunes.apple.com,ProductHired/open-product-management,Development,Learn to code on your iPhone anywhere,none stated,,1
Design Hunt,https://itunes.apple.com/us/app/design-hunt/id968588816?mt=8,itunes.apple.com,LisaDziuba/Awesome-Design-Tools,Design Inspiration,"a daily collection of the best products, apps, and inspirations for all creatives",MIT,,1
Lighshot,https://itunes.apple.com/us/app/lightshot-screenshot/id526298438,itunes.apple.com,LisaDziuba/Awesome-Design-Tools,Screenshot Software,taking quick captures of your screen,MIT,,1
Mobile Dashboards by Mixpanel,https://itunes.apple.com/us/app/mixpanel/id1032086092?mt=8,itunes.apple.com,ProductHired/open-product-management,Analytics,"Monitor your key metrics, everywhere you go on your iOS device",none stated,,1
Monosnap,https://itunes.apple.com/us/app/monosnap/id540348655?mt=12,itunes.apple.com,LisaDziuba/Awesome-Design-Tools,Screenshot Software,"create screenshots, annotate and upload them to the cloud",MIT,,1
Pikka,https://itunes.apple.com/us/app/pikka-color-picker/id1195076754,itunes.apple.com,LisaDziuba/Awesome-Design-Tools,Color Picker Tools,color picker & color schemes generator for macOS,MIT,,1
Products That Count - By Sophie-Charlotte Moatti,https://itunes.apple.com/us/podcast/products-that-count-podcast/id1038890550?mt=2,itunes.apple.com,ProductHired/open-product-management,Podcasts,"A podcast for product makers, data-minded thinkers and innovators",none stated,,1
Type is Beautiful - 字谈字畅,https://itunes.apple.com/podcast/zi-tan-zi-chang/id1041704528,itunes.apple.com,gztchan/awesome-design,Podcast,是第一档用华语制作的字体排印主题播客节目，由 Eric Liu 与钱争予搭档主播。,CC0-1.0 (stated in README),,1
Xcode 7.0 - iOS Development,https://itunes.apple.com/us/app/xcode/id497799835?mt=12,itunes.apple.com,ProductHired/open-product-management,Development,"Swift 2 and SDKs for iOS 9, watchOS 2, and OS X 10.11",none stated,,1
Nicholas Ivanecky - Sample PM Website,http://www.ivantron.com,ivantron.com,ProductHired/open-product-management,Career Prep: Resume,Nicholas Ivanecky Resume Website,none stated,,1
View UI,https://www.iviewui.com/,iviewui.com,bradtraversy/design-resources-for-developers,Vue UI Libraries,Dozens of useful and beautiful Vue components made for people with all skill levels with extensive documentation,MIT,,1
Siemens iX,https://ix.siemens.io/,ix.siemens.io,alexpate/awesome-design-systems,Design Systems,,Unlicense,,1
A Pyramid-shaped Career,https://jackdanger.com/pyramid-shaped-career/,jackdanger.com,dend/awesome-product-management,Articles > Career Development & Skills,By Jack Danger,CC0-1.0,,1
Goya,https://jackschaedler.github.io/goya/,jackschaedler.github.io,LisaDziuba/Awesome-Design-Tools,Pixel Art Tools,a pixel-art editor built on ClojureScript and Om,MIT,,1
SvgOMG,https://jakearchibald.github.io/svgomg/,jakearchibald.github.io,bradtraversy/design-resources-for-developers,Image Compression,Online SVG optimizer with a lot of settings and possibility to cut and paste svg code directly in it,MIT,,1
Jam Icons,https://jam-icons.com/,jam-icons.com,bradtraversy/design-resources-for-developers,Icon Fonts,890+ handcrafted icons to make your web app awesome,MIT,,1
95 Ways to find your first customers,http://jasonevanish.com/2013/08/11/95-ways-to-find-your-first-customers-for-customer-development-or-your-first-sale/,jasonevanish.com,bekatom/awesome-growth-hacking,Articles,,other (see repo LICENSE),,1
How to structure and get the most out of customer development interviews,http://jasonevanish.com/2012/01/18/how-to-structure-and-get-the-most-out-of-customer-development-interviews/,jasonevanish.com,ProductHired/open-product-management,Get Out Of The Building,Jason Evanish,none stated,,1
JB Design System,https://javadbat.github.io/design-system,javadbat.github.io,alexpate/awesome-design-systems,Design Systems,,Unlicense,,1
Jay Mantry,https://jaymantri.com/,jaymantri.com,ttt30ga/awesome-product-design,Visual > Stock Images,Free pics (CC0),CC0-1.0,,1
98.css,https://jdan.github.io/98.css/,jdan.github.io,bradtraversy/design-resources-for-developers,CSS Frameworks,A design system for building faithful recreations of old UIs,MIT,,1
Chota,https://jenil.github.io/chota/,jenil.github.io,bradtraversy/design-resources-for-developers,CSS Frameworks,A micro (~3kb) CSS framework,MIT,,1
Mantra,https://jeremyckahn.github.io/mantra/,jeremyckahn.github.io,LisaDziuba/Awesome-Design-Tools,Animation Tools,a web-based timeline animation tool,MIT,,1
Stylie,https://jeremyckahn.github.io/stylie/,jeremyckahn.github.io,LisaDziuba/Awesome-Design-Tools,Animation Tools,a web-based graphical CSS3 animation tool,MIT,,1
JetBrains Ring UI,https://jetbrains.github.io/ring-ui,jetbrains.github.io,alexpate/awesome-design-systems,Design Systems,,Unlicense,,1
Jitsi,https://jitsi.org/,jitsi.org,LisaDziuba/Awesome-Design-Tools,Collaboration Tools,multi-platform open-source video conferencing you can install yourself or use on their servers,MIT,,1
Jitter,https://jitter.video/,jitter.video,bradtraversy/design-resources-for-developers,Online Design Tools,Online tool to create motion graphics/design,MIT,,1
Painless functional specifications,http://www.joelonsoftware.com/articles/fog0000000036.html,joelonsoftware.com,ProductHired/open-product-management,All About Those Requirements,Joel Spolsky,none stated,,1
Painless Functional Specifications – Part 1: Why Bother?,https://www.joelonsoftware.com/2000/10/02/painless-functional-specifications-part-1-why-bother/,joelonsoftware.com,dend/awesome-product-management,Articles > Product Development & Process,By Joel Spolsky,CC0-1.0,,1
Painless Functional Specifications – Part 2: What's a Spec?,https://www.joelonsoftware.com/2000/10/03/painless-functional-specifications-part-2-whats-a-spec/,joelonsoftware.com,dend/awesome-product-management,Articles > Product Development & Process,By Joel Spolsky,CC0-1.0,,1
Painless Functional Specifications – Part 3: But… How?,https://www.joelonsoftware.com/2000/10/04/painless-functional-specifications-part-3-but-how/,joelonsoftware.com,dend/awesome-product-management,Articles > Product Development & Process,By Joel Spolsky,CC0-1.0,,1
Painless Functional Specifications – Part 4: Tips,https://www.joelonsoftware.com/2000/10/15/painless-functional-specifications-part-4-tips/,joelonsoftware.com,dend/awesome-product-management,Articles > Product Development & Process,By Joel Spolsky,CC0-1.0,,1
Software Inventory,http://www.joelonsoftware.com/items/2012/07/09.html,joelonsoftware.com,ProductHired/open-product-management,"Roadmaps, Planning, and Prioritization",Joel Spolsky,none stated,,1
"The Iceberg Secret, revealed",http://www.joelonsoftware.com/articles/fog0000000356.html,joelonsoftware.com,ProductHired/open-product-management,How To Work With X,Joel Spolsky,none stated,,1
JoeSchmoe,https://joeschmoe.io,joeschmoe.io,LisaDziuba/Awesome-Design-Tools,Illustrations,"an illustrated avatar collection for developers and designers, perfect as placeholders or live sites",MIT,,1
Johnny Holland,http://johnnyholland.org/,johnnyholland.org,batoreh/awesome-ux,Blogs,Johnny Holland's Blog;,CC0-1.0,,1
Hamburgers,https://jonsuh.com/hamburgers/,jonsuh.com,bradtraversy/design-resources-for-developers,CSS Animations,"Hamburgers is a collection of tasty CSS-animated hamburger icons. Also included is the source as a Sass library. It’s modular and customizable, so cook up your own hamburger",MIT,,1
Keen UI,https://josephuspaye.github.io/Keen-UI,josephuspaye.github.io,bradtraversy/design-resources-for-developers,Vue UI Libraries,"VueUI library with a simple API, inspired by Google's Material Design",MIT,,1
Shadow Palette Generator,https://www.joshwcomeau.com/shadow-palette/,joshwcomeau.com,bradtraversy/design-resources-for-developers,Online Design Tools,"Create a set of lush, realistic CSS shadows",MIT,,1
JotForm,https://www.jotform.com,jotform.com,LisaDziuba/Awesome-Design-Tools,User Research Tools,"create online forms, get an email for each response, collect data",MIT,,1
JPEG Optimizer,http://jpeg-optimizer.com/,jpeg-optimizer.com,bradtraversy/design-resources-for-developers,Image Compression,Free online tool for resizing and compressing digital photos and images for displaying on the web,MIT,,1
Jpeg.io,https://www.jpeg.io,jpeg.io,bradtraversy/design-resources-for-developers,Image Compression,Convert any major image format into a highly optimized JPEG,MIT,,1
JPEG Compressor,https://jpegcompressor.com/,jpegcompressor.com,bradtraversy/design-resources-for-developers,Image Compression,"free image compressor tool and it support JPEG, PNG, SVG, JPG, WEBP and GIF",MIT,,1
JSONT,https://www.jsont.run/,jsont.run,bradtraversy/design-resources-for-developers,Online Design Tools,A simple and powerful online JSON formatting tool,MIT,,1
JSON Viewer Tool,https://jsonviewertool.com/,jsonviewertool.com,bradtraversy/design-resources-for-developers,Others,"Free online JSON viewer, formatter, validator and converter (CSV, Excel, YAML, XML). Runs fully in the browser",MIT,,1
JTBD,https://jtbd.info/replacing-the-user-story-with-the-job-story-af7cdee10c27,jtbd.info,ttt30ga/awesome-product-design,Research > Methods > Job to be Done,Replacing The User Story With The Job Story,CC0-1.0,,1
Just Free Fonts,https://justfreefonts.com/,justfreefonts.com,bradtraversy/design-resources-for-developers,Fonts,"A hand-curated collection of freeware, open-source, and public domain fonts intended for commercial use",MIT,,1
Justinmind,https://www.justinmind.com/,justinmind.com,gztchan/awesome-design,Prototyping,"Prototype Faster, Communicate Better",CC0-1.0 (stated in README),,1
Hello Color,http://jxnblk.com/hello-color/,jxnblk.com,gztchan/awesome-design,Color,,CC0-1.0 (stated in README),,1
Kactus,https://kactus.io/,kactus.io,LisaDziuba/Awesome-Design-Tools,Design Version Control,"design version control without changing your tools. Manage changes, document work and keep your team in sync",MIT,,1
Kapiche,https://kapiche.com,kapiche.com,samber/awesome-user-research,Survey > Feedback analysis,AI-driven theme discovery and clustering from unstructured customer feedback,CC-BY-4.0,,1
Font Library,http://katydecorah.com/font-library/,katydecorah.com,gztchan/awesome-design,Typography,,CC0-1.0 (stated in README),,1
"Best Web Analytics 2.0 Tools: Quantitative, Qualitative, Life Saving!",http://www.kaushik.net/avinash/best-web-analytics-tools-quantitative-qualitative/,kaushik.net,batoreh/awesome-ux,Articles > Web analytics,,CC0-1.0,,1
"Web Analytics 101: Definitions: Goals, Metrics, KPIs, Dimensions, Targets",http://www.kaushik.net/avinash/web-analytics-101-definitions-goals-metrics-kpis-dimensions-targets/,kaushik.net,batoreh/awesome-ux,Articles > Web analytics,,CC0-1.0,,1
Wing,https://kbrsh.github.io/wing/,kbrsh.github.io,bradtraversy/design-resources-for-developers,CSS Frameworks,A beautiful CSS framework designed for minimalists,MIT,,1
KeenThemes,https://keenthemes.com/,keenthemes.com,bradtraversy/design-resources-for-developers,HTML & CSS Templates,"Free and Pro Html/Css3, Bootstrap5, Vue, React, Laravel templates",MIT,,1
The Growth Hacking Experiment,http://www.keeping.com/growth-hacking/,keeping.com,bekatom/awesome-growth-hacking,Articles,,other (see repo LICENSE),,1
How to hire a Product Manager?,https://www.kennethnorton.com/essays/productmanager.html,kennethnorton.com,ProductHired/open-product-management,Is It Really For You?,Kenneth Norton,none stated,,1
How to work with software engineers,https://www.kennethnorton.com/essays/how-to-work-with-software-engineers.html,kennethnorton.com,ProductHired/open-product-management,How To Work With X,Kenneth Norton,none stated,,1
Leading cross-functional teams,https://www.kennethnorton.com/essays/leading-cross-functional-teams.html,kennethnorton.com,ProductHired/open-product-management,How To Work With X,Kenneth Norton,none stated,,1
How to Listen to Customers,https://www.kennorton.com/essays/how-to-listen-to-customers.html,kennorton.com,ProductHired/open-product-management,Get Out Of The Building,Kenneth Norton,none stated,,1
Slick,https://kenwheeler.github.io/slick/,kenwheeler.github.io,bradtraversy/design-resources-for-developers,Javascript Animation Libraries,Fully responsive carousel,MIT,,1
Keybase,https://keybase.io,keybase.io,LisaDziuba/Awesome-Design-Tools,Collaboration Tools,"a free collaboration app with built-in end-to-end encrypted chat, file sharing, git repositories, and more",MIT,,1
Keyframes.app,https://keyframes.app/,keyframes.app,bradtraversy/design-resources-for-developers,CSS Animations,A graphical user interface for generating custom CSS keyframe animations,MIT,,1
Keynotopia,https://keynotopia.com/,keynotopia.com,ttt30ga/awesome-product-design,Prototype > Tools,"Keynotopia transforms Keynote and PowerPoint into the best rapid prototyping tools for creating mobile, web and desktop UI mockups",CC0-1.0,,1
Keyshape,https://www.keyshapeapp.com/,keyshapeapp.com,LisaDziuba/Awesome-Design-Tools,Animation Tools,2D animation tool that allows for animated SVG export,MIT,,1
tota11y,http://khan.github.io/tota11y/,khan.github.io,LisaDziuba/Awesome-Design-Tools,Accessibility Tools,"an accessibility visualization toolkit. Interesting fact: inside the tool name you can see ""a11y"". It's an abbreviation of accessibility as ""a"" followed by 11 more letters, followed by ""y""",MIT,,1
Progress Bar.js,https://kimmobrunfeldt.github.io/progressbar.js/,kimmobrunfeldt.github.io,bradtraversy/design-resources-for-developers,Javascript Animation Libraries,Responsive and slick progress bars with animated SVG paths,MIT,,1
Kindling,https://www.kindlingapp.com/,kindlingapp.com,ProductHired/open-product-management,Design,Idea management tool,none stated,,1
Kissmetrics,https://www.kissmetrics.com/,kissmetrics.com,bekatom/awesome-growth-hacking,Tools,,other (see repo LICENSE),,1
KISSmetrics,https://www.kissmetricshq.com/,kissmetricshq.com,ProductHired/open-product-management,Analytics,Understand what people are doing on your website and products,none stated,,1
Kite Compositor,https://kiteapp.co/,kiteapp.co,LisaDziuba/Awesome-Design-Tools,Animation Tools,a powerful animation and prototyping application for Mac & iOS,MIT,,1
Kitwind,https://kitwind.io/products/kometa/components,kitwind.io,bradtraversy/design-resources-for-developers,UI Components & Kits,"Fully responsive UI kits, built with Tailwind CSS",MIT,,1
Klim,https://klim.co.nz/,klim.co.nz,gztchan/awesome-design,Typography,,CC0-1.0 (stated in README),,1
Faux,http://knutsynstad.com/fauxcode/,knutsynstad.com,bradtraversy/design-resources-for-developers,Online Design Tools,Turn real code into faux code,MIT,,1
Koan,https://www.koan.co/,koan.co,domenicosolazzo/awesome-okr,Software,,CC0-1.0,,1
Kodeshot,https://www.kodeshot.net/,kodeshot.net,bradtraversy/design-resources-for-developers,Online Design Tools,"Convert your source code into nice pictures for your articles, tweets, messages, posts",MIT,,1
Kodika.io,https://kodika.io,kodika.io,LisaDziuba/Awesome-Design-Tools,No Code Tools,"build iOS apps with Kodika no code app builder for Mac & iPad, capable of creating powerful apps with Drag & Drop",MIT,,1
Konsta UI,https://konstaui.com/,konstaui.com,bradtraversy/design-resources-for-developers,UI Components & Kits,Pixel perfect mobile UI components built with Tailwind CSS,MIT,,1
Korea Design System,https://www.krds.go.kr,krds.go.kr,alexpate/awesome-design-systems,Design Systems,,Unlicense,,1
Kuma UI,https://www.kuma-ui.com/,kuma-ui.com,bradtraversy/design-resources-for-developers,UI Components & Kits,"With Kuma UI's headless, zero-runtime UI components, build top-performing websites effortlessly, while enjoying the best developer experience. Say hello to the future of CSS-in-JS",MIT,,1
Cloudflare Kumo,https://kumo-ui.com/,kumo-ui.com,alexpate/awesome-design-systems,Design Systems,,Unlicense,,1
Hint.css,https://kushagra.dev/lab/hint/,kushagra.dev,bradtraversy/design-resources-for-developers,CSS Frameworks,A pure CSS tooltip library for your lovely websites,MIT,,1
Kutty,https://kutty.netlify.app/,kutty.netlify.app,bradtraversy/design-resources-for-developers,UI Components & Kits,A set of accessible and reusable prebuilt Tailwind components that are commonly used in web applications,MIT,,1
Ladder,https://ladder.io,ladder.io,bekatom/awesome-growth-hacking,Tools,,other (see repo LICENSE),,1
Landing Gallery,https://www.landing.gallery/,landing.gallery,bradtraversy/design-resources-for-developers,Design Inspiration,Home of the best landing page design inspiration,MIT,,1
Landingfolio,https://landingfolio.com/,landingfolio.com,bradtraversy/design-resources-for-developers,Design Inspiration,"Landingfolio features the best landing page inspiration, templates, resources and examples on the web",MIT,,1
Landings,https://landings.dev,landings.dev,bradtraversy/design-resources-for-developers,Design Inspiration,Find the best landing pages for your design inspiration based on your preference,MIT,,1
LandingStock,https://landingstock.com/,landingstock.com,LisaDziuba/Awesome-Design-Tools,Stock Photos Tools,a collection of free images for your landing page,MIT,,1
Lapa,http://www.lapa.ninja/,lapa.ninja,gztchan/awesome-design,Read and Digest,is a gallery featuring the best 1920 landing page examples from around the web,CC0-1.0 (stated in README),,1
La Product Conf,https://www.laproductconf.com/,laproductconf.com,dend/awesome-product-management,Conferences,"Organized by Thiga, La Product Conf (LPC) takes place once a year with events in Paris (France) and Madrid (Spain). The speaker lineup features product leaders from Pinterest, Carrefour, Payfit, Google, Meetic and more",CC0-1.0,,1
latex.css,https://latex.now.sh/,latex.now.sh,bradtraversy/design-resources-for-developers,CSS Frameworks,Make your website look like a LaTeX document,MIT,,1
LaunchDarkly,https://launchdarkly.com,launchdarkly.com,samber/awesome-user-research,Feature flags & experimentation,Feature management and experimentation platform,CC-BY-4.0,,1
Layar,https://www.layar.com/,layar.com,LisaDziuba/Awesome-Design-Tools,Augmented Reality,find various items based upon augmented reality technology,MIT,,1
Layout.fm,http://layout.fm/,layout.fm,gztchan/awesome-design,Podcast,"A weekly podcast about design, technology, programming and everything else",CC0-1.0 (stated in README),,1
What is product management?,https://www.leaninberlin.de/2019/03/what-is-product-management.html,leaninberlin.de,ProductHired/open-product-management,What Is Product Management?,Bogdan Sturza,none stated,,1
Product Market Fit,http://leanstack.com/achievingproductmarketfit/,leanstack.com,bekatom/awesome-growth-hacking,Articles,,other (see repo LICENSE),,1
Lean Startup Week,http://leanstartup.co/2016-conference/,leanstartup.co,ProductHired/open-product-management,Communities to Join > Conferences,Lean Startup Week is a seven-day immersion into Lean Startup methodology led by star practitioners in big companies and hot startups from around the world,none stated,,1
Learn UX,https://learnux.io/,learnux.io,LisaDziuba/Awesome-Design-Tools,Tools for Learning Design,a complete approach to learning UI & UX Tools,MIT,,1
Global Lynda,http://leenau.bitbucket.io/lynda/product-requirements-document/,leenau.bitbucket.io,ProductHired/open-product-management,Sample Product Documentation,Sample Product Requirements Document,none stated,,1
Lenny's Newsletter,https://www.lennysnewsletter.com,lennysnewsletter.com,samber/awesome-user-research,Learn > Newsletters,"Product strategy, growth, and user insights from Lenny Rachitsky",CC-BY-4.0,,1
Lens Studio,https://lensstudio.snapchat.com/,lensstudio.snapchat.com,LisaDziuba/Awesome-Design-Tools,Augmented Reality,"create, publish, and share your own AR experiences for Snapchat with or without code",MIT,,1
Leonardo.Ai,https://leonardo.ai/,leonardo.ai,bradtraversy/design-resources-for-developers,AI Graphic Design Tools,Leonardo AI is an AI-powered design tool that can help you create designs based on reference images,MIT,,1
Leonardo,https://leonardocolor.io,leonardocolor.io,LisaDziuba/Awesome-Design-Tools,Accessibility Tools,generate color palettes by desired WCAG contrast ratio. Open source web tool & npm module for designers and engineers. Made by Adobe,MIT,,1
An Elegant Puzzle,https://lethain.com/elegant-puzzle/,lethain.com,dend/awesome-product-management,Books > Team Leadership & Management,By Will Larson,CC0-1.0,,1
Career advice in 2025,https://lethain.com/career-advice-2025/,lethain.com,dend/awesome-product-management,Articles > Career Development & Skills,By Will Larson,CC0-1.0,,1
svg-icon,http://leungwensen.github.io/svg-icon/,leungwensen.github.io,gztchan/awesome-design,Icon and Logo,is an ultimate SVG icons collection done right,CC0-1.0 (stated in README),,1
Decode and Conquer,https://www.lewis-lin.com/decode-and-conquer,lewis-lin.com,dend/awesome-product-management,Books > Product Management Fundamentals,By Lewis C. Lin,CC0-1.0,,1
Lexend,https://www.lexend.com/,lexend.com,bradtraversy/design-resources-for-developers,Fonts,A variable font empirically shown to significantly improve reading-proficiency,MIT,,1
Vizzu,https://lib.vizzuhq.com/0.3.0/,lib.vizzuhq.com,bradtraversy/design-resources-for-developers,Javascript Chart Libraries,"Vizzu - a free, open-source Javascript library for building animated charts, data stories, and interactive explorers",MIT,,1
LIBRESHOT,https://libreshot.com/,libreshot.com,gztchan/awesome-design,Stock,Free fine art and ordinary photography. Free images for blogs or websites even for commercial use,CC0-1.0 (stated in README),,1
Lexicon,https://liferay.design/lexicon/,liferay.design,bradtraversy/design-resources-for-developers,Design Systems & Style Guides,An experience language for crafting beautiful UI,MIT,,1
Lightform,https://lightform.com/,lightform.com,LisaDziuba/Awesome-Design-Tools,Augmented Reality,a design tool for projected AR,MIT,,1
Salesforce Lightning Design System,https://www.lightningdesignsystem.com,lightningdesignsystem.com,alexpate/awesome-design-systems,Design Systems,,Unlicense,,1
Lightwell,https://lightwell.pro/,lightwell.pro,LisaDziuba/Awesome-Design-Tools,Prototyping Tools,visual tool and SDK to build mobile layouts and animations that translate into native iOS elements,MIT,,1
Linea,https://linea.io/,linea.io,bradtraversy/design-resources-for-developers,Icon Fonts,Linea: Featuring 750+ Free Icons,MIT,,1
Linear Icons,https://linearicons.com/free,linearicons.com,bradtraversy/design-resources-for-developers,Icons,1000+ Ultra crisp vector icons,MIT,,1
LineIcons,https://lineicons.com,lineicons.com,bradtraversy/design-resources-for-developers,Icons,2000+ Essential Line Icons for Designers and Developers,MIT,,1
Lineto,https://lineto.com/,lineto.com,gztchan/awesome-design,Typography,,CC0-1.0 (stated in README),,1
Lingo,https://www.lingoapp.com/,lingoapp.com,LisaDziuba/Awesome-Design-Tools,Design System Tools,create a shared asset library with your entire team,MIT,,1
7 Steps: Interview Strategy to Get into Product Management With No Experience,https://www.linkedin.com/pulse/what-your-product-management-interview-strategy-7-steps-mohammad,linkedin.com,ProductHired/open-product-management,Career Prep: The Interview,Afroz Mohammad,none stated,,1
Acing the Product Management Interview,https://www.linkedin.com/pulse/20141020034027-1533734-acing-the-product-management-interview?trk=hp-feed-article-title-like,linkedin.com,ProductHired/open-product-management,Career Prep: The Interview,Allan Hui,none stated,,1
Product Management Weekly Tips,https://www.linkedin.com/learning/product-management-weekly-tips/welcome,linkedin.com,ProductHired/open-product-management,Online Courses,Free Product Management Weekly Tip Videos From Linkedin Learning,none stated,,1
The DNA of Product Management,https://www.linkedin.com/pulse/20121102003945-7298-the-dna-of-product-management/,linkedin.com,ProductHired/open-product-management,Is It Really For You?,Hunter Walk,none stated,,1
LinkPost,https://linkpost.gg,linkpost.gg,bekatom/awesome-growth-hacking,Tools,AI-powered LinkedIn post writer that predicts virality before publishing using 1M+ posts and 300+ factors,other (see repo LICENSE),,1
Lorem Ipsum,http://www.lipsum.com/feed/html,lipsum.com,gztchan/awesome-design,Mockup,,CC0-1.0 (stated in README),,1
Litmus,https://litmus.com/,litmus.com,LisaDziuba/Awesome-Design-Tools,Development Tools,"an email campaign creation platform that, amongst other things, lets you see how HTML emails will appear in a wide variety of email clients",MIT,,1
Little Visuals,http://littlevisuals.co/,littlevisuals.co,gztchan/awesome-design,Stock,,CC0-1.0 (stated in README),,1
LiveSession,https://livesession.io,livesession.io,LisaDziuba/Awesome-Design-Tools,Experience Monitoring,high-quality user's session replay analytics,MIT,,1
Loading.io,https://loading.io/,loading.io,bradtraversy/design-resources-for-developers,UI Components & Kits,"Online service provider for creating simple animations, spinners, progress bar and more",MIT,,1
Locomotive Scroll,https://locomotivemtl.github.io/locomotive-scroll/,locomotivemtl.github.io,bradtraversy/design-resources-for-developers,Javascript Animation Libraries,A simple scroll library that provides detection of elements in viewport & smooth scrolling with parallax,MIT,,1
logchimp,https://logchimp.codecarrot.net,logchimp.codecarrot.net,dend/awesome-product-management,Tools > Product Roadmapping & Feedback,LogChimp allows you to track your customers feedback to build better products.,CC0-1.0,,1
LOGOwine,https://www.logo.wine/,logo.wine,bradtraversy/design-resources-for-developers,Logos,Brand Logos Free Download in SVG Vector & PNG File Format,MIT,,1
LOGO DESIGN LOVE,http://www.logodesignlove.com/,logodesignlove.com,gztchan/awesome-design,Read and Digest,is a website and book devoted to the design of logos and brand identities,CC0-1.0 (stated in README),,1
Logo Design Team,https://www.logodesignteam.com/,logodesignteam.com,LisaDziuba/Awesome-Design-Tools,Logo Design,offers affordable professional custom logo design and brand design services,MIT,,1
logofaves,http://logofaves.com/,logofaves.com,gztchan/awesome-design,Icon and Logo,,CC0-1.0 (stated in README),,1
Logojoy,https://logojoy.com/,logojoy.com,LisaDziuba/Awesome-Design-Tools,Logo Design,uses artificial intelligence to instantly generate unique logo ideas for your business,MIT,,1
Logo Lab,https://logolab.app/home,logolab.app,LisaDziuba/Awesome-Design-Tools,Logo Design,put your logo to the test with automated visual experiments,MIT,,1
Logo Maker,https://logomakr.com/,logomakr.com,bradtraversy/design-resources-for-developers,Logos,Create custom logos,MIT,,1
Logo Makr,https://logomakr.com/,logomakr.com,LisaDziuba/Awesome-Design-Tools,Logo Design,"design a logo for free, choose from hundreds of fonts and icons, then save a logo on the computer",MIT,,1
LogoMoose,https://www.logomoose.com/,logomoose.com,gztchan/awesome-design,Icon and Logo,is a logo inspiration and design community showcasing logos submitted by professional logo designers,CC0-1.0 (stated in README),,1
Logo My Way,https://www.logomyway.com/,logomyway.com,LisaDziuba/Awesome-Design-Tools,Logo Design,choose from 600 custom logo designs from creative designers worldwide,MIT,,1
Logo of the day,http://logooftheday.com/,logooftheday.com,gztchan/awesome-design,Icon and Logo,,CC0-1.0 (stated in README),,1
LogoSear.ch,https://logosear.ch/search.html,logosear.ch,bradtraversy/design-resources-for-developers,Logos,"Search engine with over 200,000 SVG logos indexed",MIT,,1
Logospire,http://logospire.com/,logospire.com,gztchan/awesome-design,Icon and Logo,is a logo inspiration gallery,CC0-1.0 (stated in README),,1
LogRocket,https://www.logrocket.com/,logrocket.com,LisaDziuba/Awesome-Design-Tools,Experience Monitoring,"see what users do on your site, helping you reproduce bugs and fix issues faster",MIT,,1
Lightbox2,https://lokeshdhakar.com/projects/lightbox2/,lokeshdhakar.com,bradtraversy/design-resources-for-developers,Javascript Animation Libraries,A small JS library to overlay images on top of the current page,MIT,,1
Backpack UI,http://lonelyplanet.github.io/backpack-ui/?path=/story/styles--design-tokens,lonelyplanet.github.io,bradtraversy/design-resources-for-developers,React UI Libraries,Backpack is the Lonely Planet toolset that we use to build front end apps,MIT,,1
Product Purgatory: When they love it but still don't buy,https://longform.asmartbear.com/purgatory/,longform.asmartbear.com,dend/awesome-product-management,Articles > Product Strategy & Planning,By Jason Cohen,CC0-1.0,,1
SSEBITDA—A steady-state profit metric for SaaS companies,https://longform.asmartbear.com/ssebitda/,longform.asmartbear.com,dend/awesome-product-management,Articles > Product Metrics & Analytics,By Jason Cohen,CC0-1.0,,1
Startup Exercise: What can't be solved with money?,https://longform.asmartbear.com/startup-money/,longform.asmartbear.com,dend/awesome-product-management,Articles > Product Strategy & Planning,By Jason Cohen,CC0-1.0,,1
Lookback,https://lookback.com,lookback.com,samber/awesome-user-research,User interview,Live and async moderated interview sessions with real-time team observation,CC-BY-4.0,,1
Lookback.io,https://lookback.io/,lookback.io,gztchan/awesome-design,User Testing,Capture exactly how users experience your product: no guesswork required,CC0-1.0 (stated in README),,1
Looker,https://looker.com,looker.com,samber/awesome-user-research,Analytics > Business intelligence,BI and data analytics platform by Google Cloud,CC-BY-4.0,,1
Lordicon,https://lordicon.com/icons#free,lordicon.com,bradtraversy/design-resources-for-developers,Icons,50 free animated interactive icons,MIT,,1
Lorem.space - Placeholder image generator,https://lorem.space,lorem.space,bradtraversy/design-resources-for-developers,Stock Photos,API for placeholder images but useful!,MIT,,1
LoremPixel,https://lorempixel.com/,lorempixel.com,LisaDziuba/Awesome-Design-Tools,Stock Photos Tools,an API that serves stock photos at specified sizes and categories. Great for placeholder/user-generated content,MIT,,1
Lospec Palette List,https://lospec.com/palette-list,lospec.com,bradtraversy/design-resources-for-developers,Colors,The Lospec Palette List is a database of palettes for pixel art,MIT,,1
LottieFiles,https://lottiefiles.com/,lottiefiles.com,bradtraversy/design-resources-for-developers,UI Components & Kits,"Interactive animations in many formats like json,gif and mp4, libraries and plugins for Web & Mobile",MIT,,1
Lstore Graphics,https://www.ls.graphics/,ls.graphics,LisaDziuba/Awesome-Design-Tools,Mockup Tools,"free and premium mockups, UI/UX tools, scene creators for busy designers",MIT,,1
Lucid,https://lucid.style/,lucid.style,LisaDziuba/Awesome-Design-Tools,Design System Tools,"tool for creating, managing and sharing a design system. From a simple component library through to detailed descriptions of your styles",MIT,,1
Lucide,https://lucide.netlify.app/,lucide.netlify.app,bradtraversy/design-resources-for-developers,Icons,"Lucide is an open-source icon library, a fork of Feather Icons",MIT,,1
LukeW,https://www.lukew.com/ff,lukew.com,ttt30ga/awesome-product-design,UX > Articles,Publications on the critical details and big picture behind digital product design,CC0-1.0,,1
Lumeer,https://www.lumeer.io/,lumeer.io,LisaDziuba/Awesome-Design-Tools,Collaboration Tools,"an easy visual collaborative tool to plan, organize and track anything, anywhere, anytime",MIT,,1
The dark side of expertise,https://lwn.net/Articles/809556/,lwn.net,dend/awesome-product-management,Articles > Career Development & Skills,By Jake Edge,CC0-1.0,,1
Lynda,https://www.lynda.com/,lynda.com,gztchan/awesome-design,Tutorial,"is a leading online learning platform that helps anyone learn business, software, technology and creative skills to achieve personal and professional goals. 🌟",CC0-1.0 (stated in README),,1
Lyssna,https://lyssna.com,lyssna.com,samber/awesome-user-research,User interview,Remote research platform for moderated and unmoderated user interviews,CC-BY-4.0,,1
One door at a time,https://m.signalvnoise.com/one-door-at-a-time/,m.signalvnoise.com,dend/awesome-product-management,Articles > Product Development & Process,By Jason Fried,CC0-1.0,,1
macOS Icon Gallery,http://macosicongallery.com/,macosicongallery.com,gztchan/awesome-design,Icon and Logo,,CC0-1.0 (stated in README),,1
Magic UI,https://magicui.design/,magicui.design,bradtraversy/design-resources-for-developers,React UI Libraries,"free and open-source animated components built with React, Typescript, Tailwind CSS, and Framer Motion",MIT,,1
Magnus UI,https://magnus-ui.com/,magnus-ui.com,bradtraversy/design-resources-for-developers,React Native UI Libraries,Magnus UI is the ultimate UI framework that helps you in building consistent user interfaces effortlessly in react native,MIT,,1
Make 8 bit art,https://make8bitart.com/,make8bitart.com,LisaDziuba/Awesome-Design-Tools,Pixel Art Tools,an open source and in-browser pixel art drawing tool,MIT,,1
Makerbook,http://makerbook.net/,makerbook.net,batoreh/awesome-ux,Freebies,A hand-picked directory of the best free resources for creatives,CC0-1.0,,1
Tint & Shade Generator,https://maketintsandshades.com/,maketintsandshades.com,LisaDziuba/Awesome-Design-Tools,Color Picker Tools,display tints and shades of a given hex color in 10% increments,MIT,,1
Mamba UI,https://mambaui.com/,mambaui.com,bradtraversy/design-resources-for-developers,UI Components & Kits,"Mamba UI is a free, open-source collection of UI components and templates based on Tailwind CSS",MIT,,1
Remote teams,https://managershandbook.notion.site/Remote-teams-5ca3f257580040718fde6eb25c47e134,managershandbook.notion.site,dend/awesome-product-management,Articles > Team Collaboration & Leadership,By Notion Team,CC0-1.0,,1
Design for the Mind,https://www.manning.com/books/design-for-the-mind,manning.com,gztchan/awesome-design,Book,,CC0-1.0 (stated in README),,1
Usability Matters: Mobile-first UX for developers and other accidental designers,https://www.manning.com/books/usability-matters,manning.com,gztchan/awesome-design,Book,,CC0-1.0 (stated in README),,1
Nike Pro,http://manualcreative.com/project/nike-pro-services/,manualcreative.com,gztchan/awesome-design,Styleguide and Branding,,CC0-1.0 (stated in README),,1
Manypixels.co,https://www.manypixels.co/gallery/,manypixels.co,bradtraversy/design-resources-for-developers,UI Graphics,"Monochromatic, Isometric high-quality illustrations",MIT,,1
MapInSeconds,http://mapinseconds.com/,mapinseconds.com,bradtraversy/design-resources-for-developers,Online Design Tools,Simple way to visualize your data with a map,MIT,,1
Google Analytics 360 Suite,https://marketingplatform.google.com/about/enterprise/,marketingplatform.google.com,ProductHired/open-product-management,Analytics,Enterprise analytics for your marketing,none stated,,1
MarketiStats,https://marketistats.com,marketistats.com,bekatom/awesome-growth-hacking,Tools,"Multi-channel marketing analytics dashboard (social, SEO, outreach, affiliates, paid ads) for SaaS founders",other (see repo LICENSE),,1
QR Code Generator,https://markodenic.com/tools/qr-code-generator/,markodenic.com,bradtraversy/design-resources-for-developers,Others,Use QR Code Generator to easily create a QR code for your project,MIT,,1
React Admin,https://marmelab.com/react-admin/,marmelab.com,bradtraversy/design-resources-for-developers,React UI Libraries,A frontend Framework for building admin applications. Supports API's out of the box,MIT,,1
Marvel App,https://marvelapp.com/,marvelapp.com,LisaDziuba/Awesome-Design-Tools,Prototyping Tools,"the collaborative design platform. Wireframe, prototype, design online and create design specs in one place",MIT,,1
devices.css,http://marvelapp.github.io/devices.css/,marvelapp.github.io,bradtraversy/design-resources-for-developers,Others,Pure CSS phones and tablets by Marvel App,MIT,,1
5 Phases of Growth hacking,http://mashable.com/2013/09/02/growth-hacking/,mashable.com,bekatom/awesome-growth-hacking,Resources,,other (see repo LICENSE),,1
mashup-template,http://www.mashup-template.com/templates.html,mashup-template.com,bradtraversy/design-resources-for-developers,HTML & CSS Templates,HTML5/CSS3 Free Templates,MIT,,1
Maskable.app Editor,https://maskable.app/editor/,maskable.app,bradtraversy/design-resources-for-developers,Favicons,Generate maskable PWA icons based on your existing icon,MIT,,1
Material Minimal,https://material-minimal.com/,material-minimal.com,alexpate/awesome-design-systems,Design Systems,,Unlicense,,1
Material UI,https://material-ui.com/,material-ui.com,bradtraversy/design-resources-for-developers,React UI Libraries,"React components for faster and easier web development, based on Material Design",MIT,,1
Material Angular,https://material.angular.io/,material.angular.io,bradtraversy/design-resources-for-developers,Angular UI Libraries,UI library for Angular based on Material design,MIT,,1
BalmUI,https://material.balmjs.com/#/,material.balmjs.com,bradtraversy/design-resources-for-developers,Vue UI Libraries,BalmUI is a modular and customizable Material Design UI library for Vue.js,MIT,,1
Material Palettes,https://material.colorion.co/,material.colorion.co,bradtraversy/design-resources-for-developers,Colors,1000+ Material Design palettes,MIT,,1
Gallery,https://material.io/tools/gallery/,material.io,LisaDziuba/Awesome-Design-Tools,Collaboration Tools,"a collaborative tool for uploading design work, getting feedback, and tracking revisions",MIT,,1
Google Colors,https://material.io/guidelines/style/color.html,material.io,gztchan/awesome-design,Color,The Material Design color system can be used to create a color theme that reflects your brand or style,CC0-1.0 (stated in README),,1
Google Material,https://material.io/,material.io,ttt30ga/awesome-product-design,UI > Guidelines,"Material Design is a unified system that combines theory, resources, and tools for crafting digital experiences",CC0-1.0,,1
Google Material Color Tool,https://material.io/resources/color/,material.io,bradtraversy/design-resources-for-developers,Colors,Official Google Material Color Palette Tool,MIT,,1
Material Design,https://material.io/,material.io,bradtraversy/design-resources-for-developers,Design Systems & Style Guides,Google's Material Design,MIT,,1
Material Design Resources,https://material.io/resources,material.io,bradtraversy/design-resources-for-developers,Others,"Use Material tools, downloads, and interactive projects to simplify your workflow",MIT,,1
Material Icons,https://material.io/resources/icons/,material.io,bradtraversy/design-resources-for-developers,Icon Fonts,Material design icon library,MIT,,1
Materialize,https://materializecss.com/,materializecss.com,bradtraversy/design-resources-for-developers,CSS Frameworks,A modern responsive front-end framework based on Material Design,MIT,,1
Materialize CSS,https://materializecss.com/,materializecss.com,alexpate/awesome-design-systems,Design Systems,,Unlicense,,1
Material Design Palette,https://www.materialpalette.com/,materialpalette.com,gztchan/awesome-design,Color,,CC0-1.0 (stated in README),,1
Material Palette,https://www.materialpalette.com/,materialpalette.com,bradtraversy/design-resources-for-developers,Colors,"Free to pick palettes, icons and colors for Material Design",MIT,,1
Material Design Palette Generator,https://materialpalettes.com/,materialpalettes.com,LisaDziuba/Awesome-Design-Tools,Color Picker Tools,get perfect Material Design color palettes from any hex color,MIT,,1
Material UI,https://www.materialui.co,materialui.co,gztchan/awesome-design,Read and Digest,,CC0-1.0 (stated in README),,1
Typed.js,https://mattboldt.com/demos/typed-js/,mattboldt.com,bradtraversy/design-resources-for-developers,Javascript Animation Libraries,A JavaScript Typing Animation Library,MIT,,1
MatterControl,https://www.matterhackers.com/store/l/mattercontrol/sk/MKZGTDW6,matterhackers.com,LisaDziuba/Awesome-Design-Tools,Three D Modeling Software,"a free, open-source, all-in-one software package that lets you design, slice, organize and manage your 3D prints",MIT,,1
Mattermost,https://mattermost.com/,mattermost.com,LisaDziuba/Awesome-Design-Tools,Collaboration Tools,"a flexible, open-source messaging platform that meets even the most demanding privacy and security standards",MIT,,1
Mautic,https://www.mautic.org,mautic.org,bekatom/awesome-growth-hacking,What is Growth Hacking,"Open-source marketing automation platform for growth teams, campaigns, segmentation, and customer journeys",other (see repo LICENSE),,1
MAX,https://max.adobe.com/,max.adobe.com,gztchan/awesome-design,Conference and Festival,Get inspired. Learn skills. Play,CC0-1.0 (stated in README),,1
Maxibestofone,https://maxibestof.one/,maxibestof.one,bradtraversy/design-resources-for-developers,Design Inspiration,Daily feed of websites & fonts inspiration,MIT,,1
Vivus,https://maxwellito.github.io/vivus/,maxwellito.github.io,bradtraversy/design-resources-for-developers,Javascript Animation Libraries,"Vivus is a lightweight JavaScript class (with no dependencies) that allows you to animate SVGs, giving them the appearence of being drawn",MIT,,1
Maze,https://maze.co,maze.co,samber/awesome-user-research,User testing,Rapid product research platform for usability testing,CC-BY-4.0,,1
Maze,https://maze.design/,maze.design,LisaDziuba/Awesome-Design-Tools,Prototyping Tools,a tool for designers and developers that gives analytical results with actionable KPIs for your Invision prototypes,MIT,,1
Maze Design,http://maze.design,maze.design,gztchan/awesome-design,User Testing,is a great way to conduct user interviews,CC0-1.0 (stated in README),,1
Mazwai,http://mazwai.com,mazwai.com,LisaDziuba/Awesome-Design-Tools,Stock Videos,great collection of free creative commons HD video clips & footages,MIT,,1
Material Design Palette Generator,http://mcg.mbitson.com,mcg.mbitson.com,bradtraversy/design-resources-for-developers,Colors,Generate theme and color palette Material Design-like,MIT,,1
Material Design For Bootstrap,https://mdbootstrap.com/,mdbootstrap.com,bradtraversy/design-resources-for-developers,UI Components & Kits,Open source toolkit for building material design with Bootstrap,MIT,,1
Color Shades Generator,https://mdigi.tools/color-shades/,mdigi.tools,bradtraversy/design-resources-for-developers,Colors,"We can quickly generate color shades of our favorite colors or any colors, to create templates or css components with multiple color shades and more useful tools available on same site",MIT,,1
Medial Lab Amsterdam,https://medialabamsterdam.com/toolkit/,medialabamsterdam.com,ttt30ga/awesome-product-design,UX > Guidelines,Design method toolkit,CC0-1.0,,1
Medialoot CSS Components,https://medialoot.com/free-themes/css-components/,medialoot.com,bradtraversy/design-resources-for-developers,UI Components & Kits,"Calendars, price grids and other UI components",MIT,,1
Media Queries,https://mediaqueri.es/,mediaqueri.es,gztchan/awesome-design,Read and Digest,,CC0-1.0 (stated in README),,1
15 Things You Should Know About Product Managers,https://medium.com/@johnpcutler/15-things-you-should-know-about-product-managers-f488513d246,medium.com,ProductHired/open-product-management,Online Blogs,John Cutler,none stated,,1
7 things every designer needs to know about accessibility,https://medium.com/salesforce-ux/7-things-every-designer-needs-to-know-about-accessibility-64f105f0881b#.tdvecuoag,medium.com,batoreh/awesome-ux,Articles > Acessibility,,CC0-1.0,,1
A Product Manager’s Job,https://medium.com/@joshelman/a-product-managers-job-63c09a43d0ec,medium.com,ProductHired/open-product-management,What Is Product Management?,Josh Elman,none stated,,1
A Usability Test for Yelp’s iOS Application,https://medium.com/@ivanTr0n/a-usability-test-for-yelp-s-ios-application-13c7f3fea84c#.hih9hvh18,medium.com,ProductHired/open-product-management,Sample Product Documentation,Sample Usability Test for Yelp,none stated,,1
"A Usability Test, with Recommendations for Improvement of Skyscanner’s Mobile Flight Search & Booking App",https://medium.com/@mstephan/a-usability-test-with-recommendations-for-improvement-of-skyscanner-s-mobile-flight-search-56b6e598b8a2#.1ve6qzn2e,medium.com,ProductHired/open-product-management,Sample Product Documentation,Sample product break-down with usability testing by Mark Stephan,none stated,,1
"A Usability Test, with Recommendations for Improvement of Skyscanner’s Mobile Flight Search & Booking App: Part I",https://medium.com/@mstephan/a-usability-test-with-recommendations-for-improvement-of-skyscanner-s-mobile-flight-search-56b6e598b8a2#.ibh610rne,medium.com,ProductHired/open-product-management,Sample Product Documentation,Sample Usability Test on Skyscanner,none stated,,1
Babe Ruth and feature lists,https://medium.com/bringing-the-donuts/babe-ruth-and-feature-lists-1818bb8c6ca8,medium.com,ProductHired/open-product-management,"Roadmaps, Planning, and Prioritization",Kenneth Norton,none stated,,1
Being helpful isn’t the same as being clear,https://medium.com/product-narrative/sharing-lessons-learned-in-okr-f802aff4c251,medium.com,domenicosolazzo/awesome-okr,Articles,A useful note to understand the local culture when implementing OKR,CC0-1.0,,1
Books to get you started in UX,https://medium.com/wemake-services/books-to-get-you-started-in-ux-742e44d4c56d,medium.com,batoreh/awesome-ux,Articles > General/Introdutions,,CC0-1.0,,1
Breaking into Product Management — Should you even consider it?,https://medium.com/@sshubhi/breaking-into-product-management-a-guide-c6fa3bc59449,medium.com,dend/awesome-product-management,Articles > Career Development & Skills,By Shubhi Saxena,CC0-1.0,,1
Design Principles For Developers,https://medium.com/design-bootcamp/the-ultimate-design-principles-guide-for-developers-d4aa58937283,medium.com,bradtraversy/design-resources-for-developers,Design Systems & Style Guides,A resource to improve Design principles and guidelines for developers,MIT,,1
Dropbox Design on Medium,https://medium.com/dropbox-design,medium.com,gztchan/awesome-design,Read and Digest,Stories and musings from the Dropbox Design team. 🌟,CC0-1.0 (stated in README),,1
Facebook Design on Medium,https://medium.com/facebook-design,medium.com,gztchan/awesome-design,Read and Digest,experiences from the people designing products billions of people use every day,CC0-1.0 (stated in README),,1
"Fell in a hole, got out",https://medium.com/the-coach-life/fell-in-a-hole-got-out-381356ec8d7f,medium.com,dend/awesome-product-management,Articles > Team Collaboration & Leadership,By Tony Stubblebine,CC0-1.0,,1
Fundamentals of OKR,https://medium.com/startup-tools/okrs-5afdc298bc28,medium.com,domenicosolazzo/awesome-okr,Basics,Great article describing the fundamental of OKR with real examples from Uber and Youtube,CC0-1.0,,1
"Great Product Managers are ""Outcome Thinkers""",https://medium.com/@max.bennett/great-product-managers-are-outcome-thinkers-66fa5d69cfac,medium.com,dend/awesome-product-management,Articles > Product Fundamentals & Philosophy,By Max Bennett,CC0-1.0,,1
Hiring a great product leader,https://medium.com/@suthakamal/hiring-a-great-product-leader-12365570c974,medium.com,ProductHired/open-product-management,Become The Best In The Field,Sutha Kamal,none stated,,1
How a football coach taught me to product manage like a boss,https://medium.com/@biggiesu/how-a-football-coach-taught-me-to-product-manage-like-a-boss-926ab5c39156,medium.com,ProductHired/open-product-management,Become The Best In The Field,Mike Su,none stated,,1
How I would grow Thumbtack’s Customer Side of the Marketplace — Product Spec,https://medium.com/@ivanTr0n/how-i-would-grow-thumbtack-s-customer-side-of-the-marketplace-product-spec-edc5c0521d08#.o9octd4pa,medium.com,ProductHired/open-product-management,Sample Product Documentation,Sample Product Spec about Thumbtack,none stated,,1
How to build a roadmap everyone understands,https://medium.com/@dreasaez/how-to-build-a-product-roadmap-everyone-understands-522b36270e5#.e8gcmylg0,medium.com,ProductHired/open-product-management,"Roadmaps, Planning, and Prioritization",Andrea Saez,none stated,,1
How To Get A PM Job With The Yammer Mafia - In-person,https://medium.com/product-man/how-to-get-a-pm-job-with-the-yammer-mafia-ec2c43c775fb#.viuymdset,medium.com,ProductHired/open-product-management,Career Prep: The Interview,How to Join The Yammer PM Mafia,none stated,,1
How to work with engineers,https://medium.com/the-year-of-the-looking-glass/how-to-work-with-engineers-a3163ff1eced,medium.com,ProductHired/open-product-management,How To Work With X,Julie Zhuo,none stated,,1
How to work with PMs,https://medium.com/the-year-of-the-looking-glass/how-to-work-with-pms-3e852d5eccf5,medium.com,ProductHired/open-product-management,How To Work With X,Julie Zhuo,none stated,,1
Inspire Me with your Job Description,https://medium.com/@mstephan/inspire-with-your-job-description-ecb5ce744cfc#.gjzd3n4ez,medium.com,ProductHired/open-product-management,Hiring a Product Manager Tips/Tricks,Writing a job description that attracts inspired product managers from Mark Stephan,none stated,,1
Lean UX Canvas,https://medium.com/@mstephan/lean-ux-canvas-5f1fdd378077#.et3az0712,medium.com,ProductHired/open-product-management,User Experience,Mark Stephan,none stated,,1
LinkedIn Groups Product Spec,https://medium.com/@ivanTr0n/designing-linkedins-next-killer-feature-to-awake-the-other-300m-users-product-spec-de00305ba13e#.e6df7kcxo,medium.com,ProductHired/open-product-management,Sample Product Documentation,Designing LinkedIn’s Next Killer Feature to awake the other 300M users,none stated,,1
Making a Product Map,https://medium.com/@mstephan/making-a-product-map-4fbf6d440a19#.bpmtqfotk,medium.com,ProductHired/open-product-management,"Roadmaps, Planning, and Prioritization",Mark Stephan,none stated,,1
"Measure twice, cut once",https://medium.com/@rklau/measure-twice-cut-once-e86c2f08b4c,medium.com,ProductHired/open-product-management,Shipping and Measuring Products,Rick Klau,none stated,,1
"Nerds, get the Product Management you deserve",https://medium.com/@jeff7091/nerds-get-the-product-management-you-deserve-3bcf849394c2,medium.com,ProductHired/open-product-management,How To Work With X,Jeff Enderwick,none stated,,1
Ode to a Non Technical Product Manager,https://medium.com/@hunterwalk/ode-to-a-non-technical-product-manager-7776efb98acd,medium.com,ProductHired/open-product-management,Is It Really For You?,Hunter Walk,none stated,,1
Preparing for PM interviews: how to get there in 15–20 hours,https://medium.com/pminsider/preparing-for-pm-interviews-how-to-get-there-in-15-20-hours-193f6fcbf606,medium.com,ProductHired/open-product-management,Career Prep: The Interview,Preparing for PM interviews,none stated,,1
Product Hunt’s Rise - Case Study,https://medium.com/@theunixbeard/product-hunt-s-rise-d49249a1a2c0#.bpns2qcg3,medium.com,ProductHired/open-product-management,Product Case Studies,Product Hunt’s Rise,none stated,,1
Product Manager Skills By Seniority Level — A Deep Breakdown,https://medium.com/pminsider/product-manager-skills-by-seniority-level-a-deep-breakdown-cd0690f76d10,medium.com,ProductHired/open-product-management,Becoming A Product Guru,Brent Tworetzky,none stated,,1
Product Manager You Are…,https://medium.com/@matbalez/product-manager-you-are-664d83ee702e,medium.com,ProductHired/open-product-management,What Is Product Management?,Mat Balez,none stated,,1
So You Want to Manage a Product,https://medium.com/@rohinivibha/so-you-want-to-manage-a-product-c664ba7e5138,medium.com,ProductHired/open-product-management,Becoming A Product Guru,Rohini Viba,none stated,,1
The only metric that matters,https://medium.com/@joshelman/the-only-metric-that-matters-ab24a585b5ea,medium.com,ProductHired/open-product-management,Shipping and Measuring Products,Josh Elman,none stated,,1
The Step-By-Step PM Guide to Building Machine Learning Based Products,https://medium.com/@yaelg/product-manager-pm-step-by-step-tutorial-building-machine-learning-products-ffa7817aa8ab,medium.com,ProductHired/open-product-management,Development,6 step guide to get started in achieving business goals with machine learning,none stated,,1
Top 5 Ways Product Managers can help Developer’s Love them,https://medium.com/@mstephan/top-5-ways-product-managers-can-help-developers-love-them-4660ef7711d5,medium.com,ProductHired/open-product-management,How To Work With X,Mark Stephan,none stated,,1
Uber,https://medium.com/uber-design,medium.com,gztchan/awesome-design,Styleguide and Branding,,CC0-1.0 (stated in README),,1
Ultimate list of 300 hacking tips,https://medium.com/standuply/the-ultimate-list-of-300-top-growth-hacking-tips-and-tricks-b12f7edc2318#.5wgzm37zo,medium.com,bekatom/awesome-growth-hacking,Articles,,other (see repo LICENSE),,1
Usability Test on Product Hunt for iPhone,https://medium.com/@ericjlee/usability-test-on-product-hunt-for-iphone-ba208a440175#.4i6960u4k,medium.com,ProductHired/open-product-management,Sample Product Documentation,Sample Usability Test on Product Hunt,none stated,,1
User Experience Debt,https://medium.com/@vijaysundaram/user-experience-debt-c9bd265d521b,medium.com,ProductHired/open-product-management,User Experience,Vijay Sundaram,none stated,,1
"Want To Build An Incredible Product? Strive For The Delta Of ""Wow""",https://medium.com/@waynechang/want-to-build-an-incredible-product-strive-for-the-delta-of-wow-f184b716af18,medium.com,dend/awesome-product-management,Articles > Product Fundamentals & Philosophy,By Wayne Chang,CC0-1.0,,1
Why teams get stuck with inbound marketing,https://medium.com/point-nine-news/5-reasons-why-your-team-gets-stuck-with-inbound-marketing-2a401e4d8de,medium.com,bekatom/awesome-growth-hacking,Articles,,other (see repo LICENSE),,1
Yahoo! Let’s put some Bots in that beautiful Messenger App - Product Spec,https://medium.com/open-product-management/yahoo-building-bots-for-the-messenger-app-2b43175ae2eb,medium.com,ProductHired/open-product-management,Sample Product Documentation,Sample Product Spec about Yahoo,none stated,,1
Muzli on Medium,https://medium.muz.li/,medium.muz.li,gztchan/awesome-design,Read and Digest,"The freshest links about design and interactive, from around the web",CC0-1.0 (stated in README),,1
Alva,https://www.meetalva.io/,meetalva.io,LisaDziuba/Awesome-Design-Tools,Prototyping Tools,create living prototypes with code components. It's also open source,MIT,,1
Shotty,https://meetshotty.com,meetshotty.com,LisaDziuba/Awesome-Design-Tools,Screenshot Software,a menu bar app that helps you quickly find the screenshot you're looking for so you can drag and drop it into any application,MIT,,1
Lean Product & Lean UX Silicon Valley,http://www.meetup.com/lean-product/,meetup.com,ProductHired/open-product-management,Communities to Join > Meetups > North America,"People interested in applying Lean Startup, Lean UX, and Agile principles to design and develop products that customers love",none stated,,1
Product Austin,http://www.meetup.com/ProductAustin/,meetup.com,ProductHired/open-product-management,Communities to Join > Meetups > North America,"The largest Product Meet-up in Austin, TX",none stated,,1
Product Camp - Singapore Meetup,http://www.meetup.com/Product-Camp-Singapore/,meetup.com,ProductHired/open-product-management,Communities to Join > Meetups > Asia,Product Camp Meetup,none stated,,1
Product Hunt - Singapore Meetup,http://www.meetup.com/Product-Hunt-Singapore-Meetup-Group/,meetup.com,ProductHired/open-product-management,Communities to Join > Meetups > Asia,Product Hunt Meetup,none stated,,1
Product Management Fast Track,http://www.meetup.com/ProductManagementFastTrack/,meetup.com,ProductHired/open-product-management,Communities to Join > Meetups > North America,Product Management in San Francisco,none stated,,1
Product School - Belo Horizonte,http://www.meetup.com/product-school-belohorizonte/,meetup.com,ProductHired/open-product-management,Communities to Join > Meetups > South America,Product School Meetup,none stated,,1
Product School - Boston Meetup,http://www.meetup.com/productmanagementBOS/,meetup.com,ProductHired/open-product-management,Communities to Join > Meetups > North America,Product School Meetup,none stated,,1
Product School - Los Angeles Meetup,http://www.meetup.com/productmanagementLA/,meetup.com,ProductHired/open-product-management,Communities to Join > Meetups > North America,Product School Meetup,none stated,,1
Product School - New York Meetup,http://www.meetup.com/productmanagementNY/,meetup.com,ProductHired/open-product-management,Communities to Join > Meetups > North America,Product School Meetup,none stated,,1
Product School - San Francisco Meetup,http://www.meetup.com/productmanagementSF/,meetup.com,ProductHired/open-product-management,Communities to Join > Meetups > North America,Product School Meetup,none stated,,1
Product School - Silicon Valley Meetup,http://www.meetup.com/productmanagementSV/,meetup.com,ProductHired/open-product-management,Communities to Join > Meetups > North America,Product School Meetup,none stated,,1
Product Talks - Singapore Meetup,http://www.meetup.com/producttalkssingapore/,meetup.com,ProductHired/open-product-management,Communities to Join > Meetups > Asia,Product Talks Meetup,none stated,,1
Product Tank,http://www.meetup.com/producttanknyc/,meetup.com,ProductHired/open-product-management,Communities to Join > Meetups > North America,Product Tank NY Meetups,none stated,,1
Product Tank - Singapore Meetup,http://www.meetup.com/ProductTank-Singapore/,meetup.com,ProductHired/open-product-management,Communities to Join > Meetups > Asia,Product Tank Meetup,none stated,,1
Produto.io - São Paulo,https://www.meetup.com/produto-io-sp/,meetup.com,ProductHired/open-product-management,Communities to Join > Meetups > South America,Produto.io Meetup in São Paulo,none stated,,1
"Silicon Valley Strategy, Innovation and Product Management",http://www.meetup.com/Silicon-Valley-Product-Management/,meetup.com,ProductHired/open-product-management,Communities to Join > Meetups > North America,"Product Management in Cupertino, CA",none stated,,1
"Startup Metrics Toronto, Canada",http://www.meetup.com/Startup-Metrics-Toronto/,meetup.com,ProductHired/open-product-management,Communities to Join > Meetups > North America,A group for entrepreneurs and product managers to discuss the metrics that matter to their startups,none stated,,1
SUPA Product Talks SFBay,http://www.meetup.com/SUPAProductTalks/,meetup.com,ProductHired/open-product-management,Communities to Join > Meetups > North America,SUPA Product Academy in San Francisco,none stated,,1
The Product Group,http://www.meetup.com/TheProductGroup/,meetup.com,ProductHired/open-product-management,Communities to Join > Meetups > North America,The Product Group New York,none stated,,1
The Product Group London,http://www.meetup.com/TheProductGroupLondon/,meetup.com,ProductHired/open-product-management,Communities to Join > Meetups > Europe,The Product Group London,none stated,,1
Building a Great Product Management Organization,https://melissaperri.com/blog/2024/7/16/building-a-great-product-management-organization,melissaperri.com,dend/awesome-product-management,Articles > Product Fundamentals & Philosophy,By Melissa Perri,CC0-1.0,,1
What is Good Product Strategy?,https://melissaperri.com/blog/2016/07/14/what-is-good-product-strategy,melissaperri.com,dend/awesome-product-management,Articles > Team Collaboration & Leadership,By Melissa Perri,CC0-1.0,,1
melt-ui,https://melt-ui.com,melt-ui.com,bradtraversy/design-resources-for-developers,Svelte UI Libraries,"A set of headless, accessible component builders for Svelte",MIT,,1
Meraki UI Components,https://merakiui.com/,merakiui.com,bradtraversy/design-resources-for-developers,UI Components & Kits,Beautiful Tailwindcss components that support RTL languages & fully responsive based on Flexbox & CSS Grid,MIT,,1
Mermaid Design,https://mermaid.design,mermaid.design,bradtraversy/design-resources-for-developers,Online Design Tools,"Mermaid diagram editor with SVG and ASCII rendering, custom themes, and image export",MIT,,1
tailblocks,https://mertjf.github.io/tailblocks/,mertjf.github.io,bradtraversy/design-resources-for-developers,UI Components & Kits,Open source ready-to-use Tailwind CSS components,MIT,,1
Mesh Design System,https://www.meshdesignsystem.com/,meshdesignsystem.com,alexpate/awesome-design-systems,Design Systems,,Unlicense,,1
Mesh Gradient,https://meshgradient.in/,meshgradient.in,bradtraversy/design-resources-for-developers,UI Graphics,Generate & download beautiful mesh gradients,MIT,,1
Metabase,https://metabase.com,metabase.com,samber/awesome-user-research,Analytics > Business intelligence,Open source business intelligence and analytics,CC-BY-4.0,,1
Meteor - The Fastest way to build Javascript Apps,https://www.meteor.com/,meteor.com,ProductHired/open-product-management,Development,"open source platform for web, mobile, and desktop",none stated,,1
Meteoritic,https://meteoritic.io/,meteoritic.io,LisaDziuba/Awesome-Design-Tools,Animation Tools,animation delights library for iOS and Android. Choose from a variety of animations that suits different app styles,MIT,,1
Methods 18F,https://methods.18f.gov/,methods.18f.gov,ttt30ga/awesome-product-design,UX > Guidelines,Collection of tools to bring human-centered design into your project,CC0-1.0,,1
Metro 4,https://metroui.org.ua/index.html,metroui.org.ua,bradtraversy/design-resources-for-developers,CSS Frameworks,"Create your site quickly and effectively with Metro 4. impressive components library built on html, css, javascript",MIT,,1
Color Blender,https://meyerweb.com/eric/tools/color-blend,meyerweb.com,bradtraversy/design-resources-for-developers,Colors,,MIT,,1
Animate On Scroll,https://michalsnik.github.io/aos/,michalsnik.github.io,bradtraversy/design-resources-for-developers,Javascript Animation Libraries,Animate on scroll library to reveal animations when You scroll,MIT,,1
AOS,https://michalsnik.github.io/aos/,michalsnik.github.io,bradtraversy/design-resources-for-developers,CSS Animations,Animate On Scroll Library,MIT,,1
Sim Daltonism,https://michelf.ca/projects/sim-daltonism/,michelf.ca,LisaDziuba/Awesome-Design-Tools,Accessibility Tools,a color blindness simulator for macOS and iOS that lets you visualize colors as they are perceived with various types of color blindness,MIT,,1
Microinteractions,https://microinteractions.com/,microinteractions.com,ttt30ga/awesome-product-design,Prototype > Articles,Designing with Details,CC0-1.0,,1
Inclusive Design,https://www.microsoft.com/design/inclusive/,microsoft.com,LisaDziuba/Awesome-Design-Tools,Accessibility Tools,a methodology and a set of tools provided by the Microsoft team,MIT,,1
Microsoft Design,https://www.microsoft.com/en-us/design,microsoft.com,gztchan/awesome-design,Styleguide and Branding,,CC0-1.0 (stated in README),,1
Microsoft Fluent,https://www.microsoft.com/design/fluent/,microsoft.com,alexpate/awesome-design-systems,Design Systems,,Unlicense,,1
Vscode Codicons,https://microsoft.github.io/vscode-codicons/dist/codicon.html,microsoft.github.io,bradtraversy/design-resources-for-developers,Icon Fonts,The icon font from Visual Studio Code,MIT,,1
Mike Bracco - Sample PM Resume,http://mikebracco.com/resume/,mikebracco.com,ProductHired/open-product-management,Career Prep: Resume,Sample Resume Website from a PM,none stated,,1
mikroconsult Essential UI,https://mikroconsult.gumroad.com/l/free-ui-sounds,mikroconsult.gumroad.com,bradtraversy/design-resources-for-developers,Stock Music & Sound Effects,Twelve original WAV interface clicks. $0 checkout; commercial use allowed,MIT,,1
Milanote,https://milanote.com/,milanote.com,LisaDziuba/Awesome-Design-Tools,Collaboration Tools,"an easy-to-use, collaborative tool to organize your ideas and projects into visual boards",MIT,,1
Milieu Grotesque,https://www.milieugrotesque.com/,milieugrotesque.com,gztchan/awesome-design,Typography,"is an independent type foundry, offering an exclusive library of digital typefaces and related products",CC0-1.0 (stated in README),,1
Milligram.io,https://milligram.io/,milligram.io,bradtraversy/design-resources-for-developers,CSS Frameworks,Minimalist CSS framework,MIT,,1
MindNode,https://mindnode.com/,mindnode.com,LisaDziuba/Awesome-Design-Tools,User Flow Tools,a mind mapping app that makes brainstorming simple and easy,MIT,,1
Mind the Product,http://www.mindtheproduct.com/,mindtheproduct.com,ProductHired/open-product-management,Online Blogs,Product Management Blog and events,none stated,,1
mindtheproduct.com Podcasts,https://www.mindtheproduct.com/tag/podcast/,mindtheproduct.com,ProductHired/open-product-management,Podcasts,Podcasts by mindtheproduct.com,none stated,,1
The Dos and Don'ts of Mentoring in Product,https://www.mindtheproduct.com/the-dos-and-donts-of-mentoring-in-product/,mindtheproduct.com,dend/awesome-product-management,Articles > Team Collaboration & Leadership,By Eira Hayward,CC0-1.0,,1
The power of the perfect slice,http://www.mindtheproduct.com/2013/03/the-power-of-the-perfect-slice/,mindtheproduct.com,ProductHired/open-product-management,Building Great Products,Alastair Lee,none stated,,1
The Product Experience,https://www.mindtheproduct.com/the-product-experience,mindtheproduct.com,samber/awesome-user-research,Learn > Podcast,Mind the Product's podcast on building better products with real user insight,CC-BY-4.0,,1
What exactly is a Product Manager?,http://www.mindtheproduct.com/2011/10/what-exactly-is-a-product-manager/,mindtheproduct.com,ProductHired/open-product-management,What Is Product Management?,Martin Eriksonn,none stated,,1
CA Technologies Mineral UI,https://mineral-ui.netlify.app/,mineral-ui.netlify.app,alexpate/awesome-design-systems,Design Systems,,Unlicense,,1
MineTime,https://minetime.ai,minetime.ai,LisaDziuba/Awesome-Design-Tools,User Research Tools,a free calendar app with smart scheduling and time analytics features,MIT,,1
Mini-Tools.uk Image Color Picker,https://mini-tools.uk/color-picker,mini-tools.uk,bradtraversy/design-resources-for-developers,Colors,"Pick colors from images or screenshots, crop small areas, and copy HEX, RGB or HSL values",MIT,,1
mini.css,https://minicss.org/,minicss.org,bradtraversy/design-resources-for-developers,CSS Frameworks,"A minimal, responsive, style-agnostic CSS framework",MIT,,1
Magic Animations,https://www.minimamente.com/project/magic/,minimamente.com,bradtraversy/design-resources-for-developers,CSS Animations,Animations has been one of the most impressive animation libraries available,MIT,,1
Mint UI,https://mint-ui.github.io/#!/en,mint-ui.github.io,bradtraversy/design-resources-for-developers,Vue UI Libraries,Mobile UI elements for Vue.js,MIT,,1
Magical thinking and the zero-sum roadmap,http://www.mironov.com/magical_thinking/,mironov.com,ProductHired/open-product-management,"Roadmaps, Planning, and Prioritization",Rich Mironov,none stated,,1
Mirror,http://www.mirrorconf.com,mirrorconf.com,gztchan/awesome-design,Conference and Festival,is a conference designed to empower designers and front-end developers who have a thirst for knowledge and want to broaden their horizons,CC0-1.0 (stated in README),,1
Mixed Methods,https://www.mixed-methods.org/episodes,mixed-methods.org,samber/awesome-user-research,Learn > Podcast,A podcast for UX researchers,CC-BY-4.0,,1
Mixed,https://mixed.io,mixed.io,LisaDziuba/Awesome-Design-Tools,Collaboration Tools,real-time whiteboard and collaboration tools for distributed teams,MIT,,1
MixRank,https://mixrank.com/,mixrank.com,bekatom/awesome-growth-hacking,Tools,,other (see repo LICENSE),,1
MMT,https://mmtstock.com/,mmtstock.com,gztchan/awesome-design,Stock,Free photos and videos for commercial use,CC0-1.0 (stated in README),,1
MMT STock,http://mmtstock.com/,mmtstock.com,LisaDziuba/Awesome-Design-Tools,Stock Photos Tools,high-resolution photos provided by Jeffrey Betts with Creative Commons CC0,MIT,,1
Mobile Patterns,https://www.mobile-patterns.com/,mobile-patterns.com,LisaDziuba/Awesome-Design-Tools,Design Inspiration,a design inspirational library featuring finest UI UX Patterns (iOS and Android),MIT,,1
Mobile Mozaic,http://www.mobilemozaic.com/,mobilemozaic.com,gztchan/awesome-design,Read and Digest,,CC0-1.0 (stated in README),,1
Mobirise Icons,https://mobiriseicons.com/,mobiriseicons.com,bradtraversy/design-resources-for-developers,Icon Fonts,"A free, open source set of 150 elegant, pixel-perfect linear icons, available as web icon font and SVG icons",MIT,,1
MockCity,https://mockcity.com/,mockcity.com,bradtraversy/design-resources-for-developers,Product & Image Mockups,Bulk generate mockups from PSD templates by automatically placing images in SmartObjects. The visual editor allows you to change SmartObject parameters and see an updated mockup preview in realtime,MIT,,1
Mockflow,https://www.mockflow.com/,mockflow.com,LisaDziuba/Awesome-Design-Tools,Mockup Tools,the quickest way to brainstorm user interface ideas,MIT,,1
MockupBro,https://mockupbro.com/,mockupbro.com,bradtraversy/design-resources-for-developers,Product & Image Mockups,"Create product mockups with online mockup generator! Just choose a mockup, upload your design and download your image without a watermark",MIT,,1
Mockuphone,https://mockuphone.com/,mockuphone.com,bradtraversy/design-resources-for-developers,Product & Image Mockups,"100% free mockups for all devices including IOS, Android, Windows Phone, Laptop & Desktop and TV",MIT,,1
MockupReel,https://mockupreel.studio,mockupreel.studio,bradtraversy/design-resources-for-developers,Product & Image Mockups,Free browser-based app mockup generator for turning screen recordings into beautiful device mockups. No account required,MIT,,1
Vector Mockups Library,https://mockups.kkuistore.com/,mockups.kkuistore.com,LisaDziuba/Awesome-Design-Tools,Mockup Tools,"free collection of presentation Mockups for Sketch, Figma & Photoshop",MIT,,1
Mockups For Free,https://mockupsforfree.com/,mockupsforfree.com,LisaDziuba/Awesome-Design-Tools,Mockup Tools,"free design resources, PSD files for graphic and web designers",MIT,,1
Mockuuups,https://mockuuups.studio/,mockuuups.studio,LisaDziuba/Awesome-Design-Tools,Mockup Tools,drag-and-drop tool for creating beautiful app previews or any marketing materials,MIT,,1
MockingBot,https://modao.cc/,modao.cc,gztchan/awesome-design,Prototyping,Mobile prototyping tool without headache,CC0-1.0 (stated in README),,1
Modern fluid typography editor,https://modern-fluid-typography.vercel.app/,modern-fluid-typography.vercel.app,bradtraversy/design-resources-for-developers,Fonts,Fluid typography is a modern way of approaching responsive typography,MIT,,1
Modulz,https://www.modulz.app/,modulz.app,LisaDziuba/Awesome-Design-Tools,Design System Tools,"design, build, document and publish your design system—without writing code",MIT,,1
mo.js,https://mojs.github.io/,mojs.github.io,bradtraversy/design-resources-for-developers,Javascript Animation Libraries,The motion graphics toolbelt for the web,MIT,,1
The Mom Test,https://www.momtestbook.com,momtestbook.com,samber/awesome-user-research,Learn > Books,Rob Fitzpatrick. How to talk to customers and learn if your business idea is good,CC-BY-4.0,,1
MongoDB Design System,http://mongodb.design,mongodb.design,alexpate/awesome-design-systems,Design Systems,,Unlicense,,1
Monzo Tone of Voice,https://monzo.com/tone-of-voice/,monzo.com,alexpate/awesome-design-systems,Design Systems,,Unlicense,,1
Moqhub,https://moqhub.com,moqhub.com,LisaDziuba/Awesome-Design-Tools,Collaboration Tools,fast online proofing for creative projects. Get feedback for images and PDFs,MIT,,1
Morguefile,https://morguefile.com/,morguefile.com,bradtraversy/design-resources-for-developers,Stock Photos,"Over 350,000 free stock photos for commercial use",MIT,,1
Mossaik,https://mossaik.app/,mossaik.app,bradtraversy/design-resources-for-developers,Vectors & Clip Art,"Free SVG generator with different tools, waves, tiles, blobs, and more",MIT,,1
Moti,https://moti.fyi/,moti.fyi,bradtraversy/design-resources-for-developers,React Native UI Libraries,Moti is the universal animation package for React Native,MIT,,1
Motion One,https://motion.dev/,motion.dev,bradtraversy/design-resources-for-developers,CSS Animations,"A new animation library, built on the Web Animations API for the smallest filesize and the fastest performance",MIT,,1
Motion Places,https://www.motionplaces.com/,motionplaces.com,LisaDziuba/Awesome-Design-Tools,Stock Videos,a curated collection of beautiful footage you can use for your projects,MIT,,1
Mike Cohn's Blog at Mountain Goat Software,https://www.mountaingoatsoftware.com/blog,mountaingoatsoftware.com,lorabv/awesome-agile,Blogs and Podcasts,,CC0-1.0,,1
Mouseflow,https://mouseflow.com/,mouseflow.com,LisaDziuba/Awesome-Design-Tools,Experience Monitoring,record mouse cursor movements,MIT,,1
Firefox developer edition,https://www.mozilla.org/en-US/firefox/developer/,mozilla.org,LisaDziuba/Awesome-Design-Tools,Development Tools,developer edition of the Firefox browser,MIT,,1
Mozilla,https://www.mozilla.org/en-US/styleguide/,mozilla.org,gztchan/awesome-design,Styleguide and Branding,,CC0-1.0 (stated in README),,1
mParticle,https://mparticle.com,mparticle.com,samber/awesome-user-research,Analytics > Customer data platform,Customer data platform for mobile and web,CC-BY-4.0,,1
Mind the Product Conference,http://mtpcon.com/sf/,mtpcon.com,ProductHired/open-product-management,Communities to Join > Conferences,The Conference for Passionate Product People,none stated,,1
Mui Treasury,https://mui-treasury.com,mui-treasury.com,bradtraversy/design-resources-for-developers,UI Components & Kits,An open-source project that provides a collection of ready-to-use components based on Material-UI,MIT,,1
MUI: Material UI,https://mui.com/material-ui/,mui.com,alexpate/awesome-design-systems,Design Systems,,Unlicense,,1
MURAL,https://mural.co/,mural.co,LisaDziuba/Awesome-Design-Tools,Collaboration Tools,"think and collaborate visually. Anywhere, anytime",MIT,,1
Muse UI,https://muse-ui.org/#/en-US,muse-ui.org,bradtraversy/design-resources-for-developers,Vue UI Libraries,Based on the Vue 2.0 elegant Material Design UI component library,MIT,,1
Musopen,https://musopen.org/music/,musopen.org,bradtraversy/design-resources-for-developers,Stock Music & Sound Effects,An online copyright free classical music library,MIT,,1
Muuuuu,http://muuuuu.org/,muuuuu.org,gztchan/awesome-design,Read and Digest,,CC0-1.0 (stated in README),,1
Muz.li,https://muz.li/,muz.li,ProductHired/open-product-management,Design,Designers' Secret Source,none stated,,1
mydevice.io,https://www.mydevice.io/,mydevice.io,bradtraversy/design-resources-for-developers,Others,Most commonly used device resolutions including phones and tablets,MIT,,1
My Fonts,http://www.myfonts.com/,myfonts.com,gztchan/awesome-design,Typography,,CC0-1.0 (stated in README),,1
Fish UI,https://myliang.github.io/fish-ui/#/components/index,myliang.github.io,bradtraversy/design-resources-for-developers,Vue UI Libraries,Vue UI toolkit for the web,MIT,,1
Naive UI,https://www.naiveui.com/en-US/os-theme,naiveui.com,bradtraversy/design-resources-for-developers,Vue UI Libraries,A Vue 3 Component Library. Fairly Complete. Customizable Themes. Uses TypeScript. Not too Slow,MIT,,1
Naker.Story,https://naker.io/naker-story.html,naker.io,LisaDziuba/Awesome-Design-Tools,Animation Tools,make your web content interactive to engage your visitors like never before thanks to 3D,MIT,,1
Free Logo Maker,https://www.namecheap.com/logo-maker/,namecheap.com,bradtraversy/design-resources-for-developers,Logos,"Fast, All-in-One Logo Generator",MIT,,1
Namer UI,https://namer-ui.vercel.app/,namer-ui.vercel.app,bradtraversy/design-resources-for-developers,UI Components & Kits,A collection of reusable Next.js/React components made to empower developers to quickly build beautiful UIs,MIT,,1
Nappy,https://www.nappy.co/,nappy.co,bradtraversy/design-resources-for-developers,Stock Photos,"A website offering Beautiful, high-res photos of black and brown people",MIT,,1
Narqo,https://narqo.com,narqo.com,bradtraversy/design-resources-for-developers,Image Compression,"Compress images to a target file size, convert HEIC to JPG, crop and resize. Everything runs in the browser, no upload and no sign-up",MIT,,1
NASA Web Design System,https://nasa.github.io/nasawds-site/,nasa.github.io,alexpate/awesome-design-systems,Design Systems,,Unlicense,,1
NASA 1976,https://www.nasa.gov/sites/default/files/atoms/files/nasa_graphics_manual_nhb_1430-2_jan_1976.pdf,nasa.gov,gztchan/awesome-design,Styleguide and Branding,,CC0-1.0 (stated in README),,1
Image Compressor,https://www.nasrtech.dev/image-compressor/,nasrtech.dev,bradtraversy/design-resources-for-developers,Image Compression,"Free browser-based image compressor for JPG, PNG and WebP — runs 100% client-side, nothing is uploaded",MIT,,1
NationBuilder Radius,https://www.nationbuilder.design/,nationbuilder.design,alexpate/awesome-design-systems,Design Systems,,Unlicense,,1
NativeBase,https://nativebase.io/,nativebase.io,bradtraversy/design-resources-for-developers,React Native UI Libraries,Essential cross-platform UI components for React Native & Vue Native,MIT,,1
NavNav,https://navnav.co/,navnav.co,bradtraversy/design-resources-for-developers,Design Inspiration,Responsive navigation examples,MIT,,1
The care and feeding of software engineers,http://www.nczonline.net/blog/2012/06/12/the-care-and-feeding-of-software-engineers-or-why-engineers-are-grumpy/,nczonline.net,ProductHired/open-product-management,How To Work With X,Nicholas C. Zakas,none stated,,1
Negative Space,https://negativespace.co/,negativespace.co,bradtraversy/design-resources-for-developers,Stock Photos,High-Resolution Free Stock Photos,MIT,,1
Neumorphism.io,https://neumorphism.io/#55b9f3,neumorphism.io,bradtraversy/design-resources-for-developers,Online Design Tools,Generate Soft-UI CSS shadow code,MIT,,1
Google Trends,https://newslab.withgoogle.com/assets/docs/google-trends-guide.pdf,newslab.withgoogle.com,gztchan/awesome-design,Styleguide and Branding,,CC0-1.0 (stated in README),,1
Nextcloud,https://nextcloud.com,nextcloud.com,LisaDziuba/Awesome-Design-Tools,Collaboration Tools,"open source collaboration platform for files, kanban boards, chat & calls, calendar and more",MIT,,1
NG Bootstrap,https://ng-bootstrap.github.io/#/home,ng-bootstrap.github.io,bradtraversy/design-resources-for-developers,Angular UI Libraries,UI library for Angular based on the Bootstrap framework,MIT,,1
NG Lightning,https://ng-lightning.github.io/ng-lightning/#/,ng-lightning.github.io,bradtraversy/design-resources-for-developers,Angular UI Libraries,Native Angular components & directives for Lightning Design System,MIT,,1
NG Zorro,https://ng.ant.design/,ng.ant.design,bradtraversy/design-resources-for-developers,Angular UI Libraries,UI library for Angular based on Ant Design,MIT,,1
Periodic Table of Agile Principles and Practices,https://www.niceideas.ch/Agile_table.pdf,niceideas.ch,lorabv/awesome-agile,The Fundamentals,by Jerome Kehrli,CC0-1.0,,1
Nicely Done,http://nicelydone.club/,nicelydone.club,gztchan/awesome-design,Read and Digest,is a curation of the nicest digital products,CC0-1.0 (stated in README),,1
Nippon Colors,http://nipponcolors.com/,nipponcolors.com,gztchan/awesome-design,Color,,CC0-1.0 (stated in README),,1
Nivo,https://nivo.rocks/,nivo.rocks,bradtraversy/design-resources-for-developers,Javascript Chart Libraries,"Nivo provides supercharged React components to easily build dataviz apps, it's built on top of d3. Also comes with server side rendering ability and fully declarative charts",MIT,,1
Nielsen Norman Group Articles,https://nngroup.com/articles,nngroup.com,samber/awesome-user-research,Learn > Blogs,Evidence-based UX research and design guidance,CC-BY-4.0,,1
Nielsen Norman Group UX Conference,https://nngroup.com/training,nngroup.com,samber/awesome-user-research,Learn > Event,Training and events from the leading UX research firm,CC-BY-4.0,,1
NN Group,https://www.nngroup.com/articles/pm-research-plan/,nngroup.com,ttt30ga/awesome-product-design,Research > Methods > Research Plan,Project Management for User Research: The Plan,CC0-1.0,,1
Nodesign.dev,https://nodesign.dev,nodesign.dev,bradtraversy/design-resources-for-developers,Others,A collection of tools for developers who have little to no artistic talent,MIT,,1
Being Glue,https://noidea.dog/glue,noidea.dog,dend/awesome-product-management,Articles > Team Collaboration & Leadership,By Tanya Reilly,CC0-1.0,,1
Norde Source,https://norde.io/,norde.io,LisaDziuba/Awesome-Design-Tools,Icons Tools,"mac, Windows and Linux app to color and customize icon sets to fit your brand",MIT,,1
Nordhealth,https://nordhealth.design/,nordhealth.design,alexpate/awesome-design-systems,Design Systems,,Unlicense,,1
New Old Stock Photos,http://nos.twnsnd.co/,nos.twnsnd.co,gztchan/awesome-design,Stock,"Vintage photos from the public archives, free of known copyright restrictions. recapturing history",CC0-1.0 (stated in README),,1
NES CSS,https://nostalgic-css.github.io/NES.css/,nostalgic-css.github.io,bradtraversy/design-resources-for-developers,CSS Frameworks,NES-style CSS Framework,MIT,,1
Notejoy,https://notejoy.com,notejoy.com,dend/awesome-product-management,Tools > Note-taking & Knowledge Management,"A collaborative note-taking application that is simple, intuitive and allows you to focus on the notes rather than the process around those.",CC0-1.0,,1
Notiflix,https://notiflix.github.io,notiflix.github.io,bradtraversy/design-resources-for-developers,UI Components & Kits,"JavaScript library for client-side non-blocking notifications, popup boxes, loading indicators, and more that makes your web projects much better",MIT,,1
Multi select dropdown,https://www.npmjs.com/package/ng-multiselect-dropdown,npmjs.com,bradtraversy/design-resources-for-developers,Angular UI Libraries,For multi select drop-dowm in forms,MIT,,1
Pagination for datatables,https://www.npmjs.com/package/ngx-pagination,npmjs.com,bradtraversy/design-resources-for-developers,Angular UI Libraries,npm library for pagination,MIT,,1
Nucleo,https://nucleoapp.com/,nucleoapp.com,LisaDziuba/Awesome-Design-Tools,Icons Tools,"a Mac and Windows app to collect, customize and export all your icons",MIT,,1
Nutilz Color Picker,https://nutilz.com/color-picker,nutilz.com,bradtraversy/design-resources-for-developers,Colors,"Free online color picker, HEX/RGB/HSL converter, and palette generator",MIT,,1
Nutilz Color Shades Generator,https://nutilz.com/color-shades-generator,nutilz.com,bradtraversy/design-resources-for-developers,Colors,"Generate tints and shades from any base color as an 11-step scale, exportable as CSS variables, Tailwind config, or SCSS. Free, runs entirely in the browser",MIT,,1
Nutilz Glassmorphism Generator,https://nutilz.com/glassmorphism-generator,nutilz.com,bradtraversy/design-resources-for-developers,Online Design Tools,"Free online glassmorphism CSS generator with live preview — adjust blur, transparency and border to get ready-to-use CSS code. No signup required",MIT,,1
Nutilz Image Watermark,https://nutilz.com/image-watermark,nutilz.com,bradtraversy/design-resources-for-developers,Online Design Tools,"Add a text or image watermark to photos in the browser with adjustable position, opacity and size. No signup or server upload required",MIT,,1
NVIDIA Elements Design System,https://nvidia.github.io/elements/,nvidia.github.io,alexpate/awesome-design-systems,Design Systems,,Unlicense,,1
Are You a C.E.O. of Something?,http://www.nytimes.com/2010/01/31/business/31corner.html?pagewanted=2&_r=4&,nytimes.com,domenicosolazzo/awesome-okr,Articles,An interview with Mark Pincus and how OKR helped at Zynga,CC0-1.0,,1
Obsidian,https://obsidian.md/,obsidian.md,dend/awesome-product-management,Tools > Note-taking & Knowledge Management,"Obsidian is a private and flexible writing app that adapts to the way you think. From personal notes to journaling, knowledge bases, and project management, Obsidian gives you the tools to come up with ideas and organize them. Turn your notes into an online wiki, knowledge base, documentation, or di",CC0-1.0,,1
OBS,https://obsproject.com/,obsproject.com,LisaDziuba/Awesome-Design-Tools,Screenshot Software,open source software for video recording and live streaming,MIT,,1
Octions,https://octicons.github.com/,octicons.github.com,gztchan/awesome-design,Icon and Logo,GitHub's icons,CC0-1.0 (stated in README),,1
Octopus,https://octopus.do/,octopus.do,bradtraversy/design-resources-for-developers,Online Design Tools,Sitemap builder,MIT,,1
Octopus.do,https://octopus.do,octopus.do,LisaDziuba/Awesome-Design-Tools,Information Architecture,visual sitemap builder. Build your website structure in real-time and rapidly share it to collaborate with your team or clients,MIT,,1
Susy,https://www.oddbird.net/susy/,oddbird.net,bradtraversy/design-resources-for-developers,CSS Frameworks,"Lightweight, grid-layout engine for Sass",MIT,,1
Okta Odyssey Design System,https://odyssey-storybook.okta.design/,odyssey-storybook.okta.design,alexpate/awesome-design-systems,Design Systems,,Unlicense,,1
OFFEO,https://offeo.com/,offeo.com,LisaDziuba/Awesome-Design-Tools,Animation Tools,an online video maker for small businesses to create video ads like the Big Brands without the big budget,MIT,,1
officelovin,https://www.officelovin.com/,officelovin.com,gztchan/awesome-design,Read and Digest,is an online platform about office architecture & design,CC0-1.0 (stated in README),,1
okso.app,https://okso.app,okso.app,bradtraversy/design-resources-for-developers,Online Design Tools,"The drawing app with a nested ""drawing-inside-the-drawing"" structure",MIT,,1
OmniGraffle,https://www.omnigroup.com/omnigraffle/,omnigroup.com,LisaDziuba/Awesome-Design-Tools,Information Architecture,сreate beautiful diagrams and designs with this powerful and easy to use app,MIT,,1
Once UI,https://once-ui.com/,once-ui.com,bradtraversy/design-resources-for-developers,Design Systems & Style Guides,"Open-source design system for Next.js with 100+ components, deployment-ready app templates, and Figma integration",MIT,,1
One Month Rails,https://onemonth.com/,onemonth.com,ProductHired/open-product-management,Development,The easiest way ever developed to Learn to Code in just one month,none stated,,1
OneNote,https://onenote.com,onenote.com,dend/awesome-product-management,Tools > Note-taking & Knowledge Management,"Efficient note-taking with superior organizational capabilities. Integrates easily with team-based workflows, where notes from the same notebook can be shared with many individuals.",CC0-1.0,,1
OneToolBox,https://onetoolbox.dev/,onetoolbox.dev,bradtraversy/design-resources-for-developers,Online Design Tools,"Free browser-based developer and design utilities with client-side processing, no account, and no paywall",MIT,,1
onHTML.com,https://onhtml.com/,onhtml.com,bradtraversy/design-resources-for-developers,Others,"Free online HTML/CSS/JS live editor bundled with 60+ developer tools (JSON formatter, regex tester, JWT decoder, color picker, gradient maker, image compressor, base64 encoder). Client-side, no signup",MIT,,1
Onlineboard,https://onlineboard.eu,onlineboard.eu,bradtraversy/design-resources-for-developers,Online Design Tools,Real-time shareable whiteboard for brainstorming,MIT,,1
OnlinePngtools,https://onlinepngtools.com/resize-png,onlinepngtools.com,bradtraversy/design-resources-for-developers,Image Compression,Resize png for without losing transparent background,MIT,,1
Onsen Angular,https://onsen.io/angular2/,onsen.io,bradtraversy/design-resources-for-developers,Angular UI Libraries,Hybrid mobile and PWA UI library for Angular and Onsen UI,MIT,,1
Onsen React,https://onsen.io/react/,onsen.io,bradtraversy/design-resources-for-developers,React UI Libraries,Distributes Components for hybrid mobile apps with React and Onsen UI,MIT,,1
Onsen Vue,https://onsen.io/vue/,onsen.io,bradtraversy/design-resources-for-developers,Vue UI Libraries,Distributes Components for hybrid mobile apps with Vue and Onsen UI,MIT,,1
Onshape,https://www.onshape.com/,onshape.com,LisaDziuba/Awesome-Design-Tools,Three D Modeling Software,"a modeling software specially oriented to design technical and spare parts, was the first full-cloud 3D software created",MIT,,1
OOCSS,http://oocss.org/,oocss.org,bradtraversy/design-resources-for-developers,CSS Methodologies,"OOCSS concepts help us write components that are flexible, modular and interchangeable",MIT,,1
oozled,http://oozled.com/,oozled.com,gztchan/awesome-design,Read and Digest,,CC0-1.0 (stated in README),,1
NASA,https://open.nasa.gov/open-data/,open.nasa.gov,ttt30ga/awesome-product-design,Data,"We're Setting Data, Code and APIs free",CC0-1.0,,1
openby.design,http://openby.design/,openby.design,bradtraversy/design-resources-for-developers,UI Graphics,"Custom crafted free UI design resources, for personal and commercial projects. No attribution is required",MIT,,1
Openchakra,https://openchakra.app/,openchakra.app,bradtraversy/design-resources-for-developers,React UI Libraries,,MIT,,1
"Creativity, Inc.",https://openlibrary.org/works/OL17078912W/Creativity_Inc.,openlibrary.org,ProductHired/open-product-management,Books > Leadership,Ed Catmull,none stated,,1
Where Wizards Stay Up Late,https://openlibrary.org/works/OL3270089W/Where_wizards_stay_up_late,openlibrary.org,ProductHired/open-product-management,Books > Leadership,Katie Hafner,none stated,,1
Open Peeps,https://www.openpeeps.com/,openpeeps.com,bradtraversy/design-resources-for-developers,UI Graphics,Hand drawn illustration library,MIT,,1
OpenSCAD,https://www.openscad.org/,openscad.org,LisaDziuba/Awesome-Design-Tools,Three D Modeling Software,a software for creating solid 3D CAD objects,MIT,,1
eBay Skin,https://opensource.ebay.com/evo-web/,opensource.ebay.com,alexpate/awesome-design-systems,Design Systems,,Unlicense,,1
Chalkmark,https://www.optimalworkshop.com/chalkmark,optimalworkshop.com,LisaDziuba/Awesome-Design-Tools,Experience Monitoring,increase your customer conversion and task-oriented success rates by getting quick feedback on designs before you implement,MIT,,1
Optimal Workshop,https://www.optimalworkshop.com/,optimalworkshop.com,ttt30ga/awesome-product-design,Research > Testing,User Research Platform that helps you and your team make design decisions with confidence,CC0-1.0,,1
OptimalSort,https://www.optimalworkshop.com/optimalsort,optimalworkshop.com,LisaDziuba/Awesome-Design-Tools,Information Architecture,card sorting tool that allows you to understand how people categorize content in your UI,MIT,,1
Reframer,https://www.optimalworkshop.com/reframer,optimalworkshop.com,LisaDziuba/Awesome-Design-Tools,User Research Tools,"a research tool that helps your team to capture, tag (code) and identify patterns in qualitative data across multiple research participants",MIT,,1
Treejack,https://www.optimalworkshop.com/treejack,optimalworkshop.com,LisaDziuba/Awesome-Design-Tools,Information Architecture,upload your proposed sitemap to see how a user would move through your site,MIT,,1
Alta UI,https://www.oracle.com/webfolder/ux/middleware/alta/index.html,oracle.com,bradtraversy/design-resources-for-developers,Design Systems & Style Guides,Oracle's design system and toolkit,MIT,,1
Orbit,https://orbit.kiwi/,orbit.kiwi,bradtraversy/design-resources-for-developers,React UI Libraries,Design system and React UI components for travel projects,MIT,,1
Building Products for the Enterprise,https://www.oreilly.com/library/view/building-products-for/9781492024774/,oreilly.com,dend/awesome-product-management,Books > Product Management Fundamentals,By Blair Reeves and Benjamin Gaines,CC0-1.0,,1
Escaping The Build Trap,https://www.oreilly.com/library/view/escaping-the-build/9781491973783/,oreilly.com,dend/awesome-product-management,Books > Product Management Fundamentals,By Melissa Perri,CC0-1.0,,1
Lean UX,https://www.oreilly.com/library/view/lean-ux-3rd/9781098116507,oreilly.com,samber/awesome-user-research,Learn > Books,Jeff Gothelf & Josh Seiden. Applying lean principles to UX design and research,CC-BY-4.0,,1
The Customer-Driven Playbook,https://www.oreilly.com/library/view/the-customer-driven-playbook/9781491981269/,oreilly.com,dend/awesome-product-management,Books > Customer Research & User Experience,By Jessica Rich and Travis Lowdermilk,CC0-1.0,,1
The Manager's Path,https://www.oreilly.com/library/view/the-managers-path/9781491973882/,oreilly.com,dend/awesome-product-management,Books > Team Leadership & Management,By Camille Fournier,CC0-1.0,,1
Original Mockups,https://originalmockups.com/,originalmockups.com,LisaDziuba/Awesome-Design-Tools,Mockup Tools,high-quality mockups for Photoshop that make your designs stand out,MIT,,1
Orion Icons,https://orioniconlibrary.com/all-icons,orioniconlibrary.com,LisaDziuba/Awesome-Design-Tools,Icons Tools,SVG vector icons with an advanced interactive web app,MIT,,1
Oruga,https://oruga.io/,oruga.io,bradtraversy/design-resources-for-developers,Vue UI Libraries,Oruga is a lightweight library of UI components for Vue.js without CSS framework dependency,MIT,,1
Outset,https://outset.ai,outset.ai,samber/awesome-user-research,User interview,AI-moderated interviews that scale qualitative research without a human moderator,CC-BY-4.0,,1
OverAPI,https://overapi.com/,overapi.com,bradtraversy/design-resources-for-developers,Others,Collection Of All Cheat Sheets,MIT,,1
AutoGuru Overdrive,http://overdrive.autoguru.io/,overdrive.autoguru.io,alexpate/awesome-design-systems,Design Systems,,Unlicense,,1
Overflow,https://overflow.io/,overflow.io,LisaDziuba/Awesome-Design-Tools,User Flow Tools,turn your designs into playable user flow diagrams that tell a story,MIT,,1
Overframe for Mac,https://overframe.xyz/,overframe.xyz,LisaDziuba/Awesome-Design-Tools,Mockup Tools,record your prototype & app with device frame overlay,MIT,,1
Owl carousel,https://owlcarousel2.github.io/OwlCarousel2/,owlcarousel2.github.io,bradtraversy/design-resources-for-developers,Javascript Animation Libraries,Free responsive jQuery carousel,MIT,,1
Owwly,https://owwly.com/feed/inspirations,owwly.com,LisaDziuba/Awesome-Design-Tools,Design Inspiration,home for digital products crafted with passion to design,MIT,,1
Sakura,https://oxal.org/projects/sakura/,oxal.org,bradtraversy/design-resources-for-developers,CSS Frameworks,A minimal classless css framework / theme,MIT,,1
PA11Y,http://pa11y.org/,pa11y.org,LisaDziuba/Awesome-Design-Tools,Accessibility Tools,accessibility testing tool to find issues with your web pages. It runs HTML CodeSniffer from the command line for programmatic accessibility reporting. It's an accessibility developer tool,MIT,,1
Pablo by Buffer,https://pablo.buffer.com/,pablo.buffer.com,LisaDziuba/Awesome-Design-Tools,SMM Design Tools,design engaging images for your social media posts,MIT,,1
Pagebreak,http://www.pagebreakpodcast.com/,pagebreakpodcast.com,gztchan/awesome-design,Podcast,is an audio podcast hosted by Liz Andrade and Niki Brown,CC0-1.0 (stated in README),,1
Pageclip,https://pageclip.co/,pageclip.co,bradtraversy/design-resources-for-developers,Others,A server for your Static HTML forms,MIT,,1
PageCloud,https://www.pagecloud.com/,pagecloud.com,LisaDziuba/Awesome-Design-Tools,Design to Code Tools,the fastest and most customizable website builder that allows anyone to create their ideal website,MIT,,1
Page Collective,https://pagecollective.com/,pagecollective.com,bradtraversy/design-resources-for-developers,Design Inspiration,Page Collective is part of a network of design inspiration websites,MIT,,1
Page Flows,https://pageflows.com/,pageflows.com,LisaDziuba/Awesome-Design-Tools,Design Inspiration,user flow videos and screenshots to inspire you when you're stuck. Discover mobile and web design patterns for over 160 different tasks,MIT,,1
PageGuard,https://pageguard.org,pageguard.org,bekatom/awesome-growth-hacking,Tools,"Free website health scanner: instant SEO audit, Core Web Vitals, and accessibility check. Fix issues hurting your organic growth and conversions. No login required",other (see repo LICENSE),,1
Pagereview,https://pagereview.io/,pagereview.io,batoreh/awesome-ux,Tools,https://github.com/pelmenept/awesome-ux.git,CC0-1.0,,1
PageXL,https://pagexl.com/,pagexl.com,LisaDziuba/Awesome-Design-Tools,No Code Tools,a simple one-page website builder for quickly creating landing pages and online stores,MIT,,1
PaintCode,https://www.paintcodeapp.com,paintcodeapp.com,LisaDziuba/Awesome-Design-Tools,Design to Code Tools,"vector drawing app that instantly converts drawings into Swift, Objective-C, JavaScript or Java code",MIT,,1
Palettable,http://www.palettable.io/,palettable.io,gztchan/awesome-design,Color,Generate beautiful color palettes using the knowledge of millions of designers,CC0-1.0 (stated in README),,1
Artsy Palette,https://palette.artsy.net/,palette.artsy.net,alexpate/awesome-design-systems,Design Systems,,Unlicense,,1
PaletteForge,https://paletteforge.io,paletteforge.io,bradtraversy/design-resources-for-developers,Colors,,MIT,,1
Palette Generator,https://palettegenerator.colorion.co/,palettegenerator.colorion.co,bradtraversy/design-resources-for-developers,Colors,Generate new color palette with every spacebar press,MIT,,1
Palette List,https://www.palettelist.com/,palettelist.com,bradtraversy/design-resources-for-developers,Colors,Pick 2 colors you like and the tool generates thousands of palettes for you,MIT,,1
palettr,http://palettr.com/,palettr.com,gztchan/awesome-design,Color,is a web tool for designers,CC0-1.0 (stated in README),,1
Palettte App,https://palettte.app,palettte.app,bradtraversy/design-resources-for-developers,Colors,Build smooth color schemes that flow from one color to another,MIT,,1
PapersDB,https://papersdb.com/,papersdb.com,bradtraversy/design-resources-for-developers,Others,"The Biggest Paper Database with Sizes, Dimensions and Formats in Metric and Imperial units",MIT,,1
papersizes,https://papersizes.io/,papersizes.io,bradtraversy/design-resources-for-developers,Others,"The best resource for International Paper Sizes, Dimensions & Formats",MIT,,1
tsParticles,https://particles.js.org/,particles.js.org,bradtraversy/design-resources-for-developers,Javascript Animation Libraries,"A lightweight library for creating particles, an improved version of the abandoned and obsolete particles.js",MIT,,1
NG Particles,https://particles.matteobruni.it/,particles.matteobruni.it,bradtraversy/design-resources-for-developers,Angular UI Libraries,A lightweight Angular component for creating particles,MIT,,1
Twilio Paste,https://paste.twilio.design/,paste.twilio.design,alexpate/awesome-design-systems,Design Systems,,Unlicense,,1
PathtoProduct.com,https://www.pathtoproduct.com,pathtoproduct.com,ProductHired/open-product-management,Career Prep: Where to Apply,"Discover over 1,000 product jobs at startups and tech companies",none stated,,1
Pattern Monster,https://pattern.monster/,pattern.monster,bradtraversy/design-resources-for-developers,UI Graphics,A simple online pattern generator to create repeatable SVG patterns,MIT,,1
Patterfly,https://www.patternfly.org/,patternfly.org,bradtraversy/design-resources-for-developers,Design Systems & Style Guides,"PatternFly is an open source design system from Red Hat, Inc",MIT,,1
Patternico,https://patternico.com,patternico.com,bradtraversy/design-resources-for-developers,UI Graphics,Seamless Pattern Maker,MIT,,1
Pattern Lab,https://patternlab.io/,patternlab.io,ttt30ga/awesome-product-design,UI > Tools,Create atomic design systems with Pattern Lab,CC0-1.0,,1
PatternPad,https://patternpad.com/,patternpad.com,bradtraversy/design-resources-for-developers,UI Graphics,Free and unlimited unique pattern designs,MIT,,1
BEAUBUS Patterns,https://patterns.beaubus.com/,patterns.beaubus.com,bradtraversy/design-resources-for-developers,UI Graphics,A set of 150+ free SVG patterns (backgrounds),MIT,,1
City of Boston Fleet,https://patterns.boston.gov/,patterns.boston.gov,alexpate/awesome-design-systems,Design Systems,,Unlicense,,1
Patterns,https://www.patterns.dev,patterns.dev,bradtraversy/design-resources-for-developers,Design Systems & Style Guides,A resource to improve on design patterns and component patterns for building powerful web apps with vanilla JavaScript and React,MIT,,1
"If your product is Great, it doesn't need to be Good",https://paulbuchheit.blogspot.com/2010/02/if-your-product-is-great-it-doesnt-need.html,paulbuchheit.blogspot.com,dend/awesome-product-management,Articles > Product Fundamentals & Philosophy,By Paul Bucheit,CC0-1.0,,1
Do Things that Don't Scale,http://paulgraham.com/ds.html,paulgraham.com,dend/awesome-product-management,Articles > Product Development & Process,By Paul Graham,CC0-1.0,,1
Hackers and Painters,http://www.paulgraham.com/hp.html,paulgraham.com,dend/awesome-product-management,Articles > Product Fundamentals & Philosophy,By Paul Graham,CC0-1.0,,1
How to Be an Expert in a Changing World,http://www.paulgraham.com/ecw.html,paulgraham.com,dend/awesome-product-management,Articles > Product Fundamentals & Philosophy,By Paul Graham,CC0-1.0,,1
Relentlessly Resourceful,http://www.paulgraham.com/relres.html,paulgraham.com,dend/awesome-product-management,Articles > Product Fundamentals & Philosophy,By Paul Graham,CC0-1.0,,1
The Product Manager,https://paulgraham.com/pmjob.html,paulgraham.com,dend/awesome-product-management,Articles > Product Fundamentals & Philosophy,By Paul Graham,CC0-1.0,,1
Payload Components,https://www.payload-components.xyz,payload-components.xyz,bradtraversy/design-resources-for-developers,React UI Libraries,"Free, MIT-licensed Payload CMS blocks for Payload v3 and Next.js 15/16, installed as customizable source with automated collection, renderer, types and admin import-map wiring",MIT,,1
Pay with that tweet,http://www.paywithatweet.com/,paywithatweet.com,bekatom/awesome-growth-hacking,Tools,,other (see repo LICENSE),,1
Project Objectives and Approach for UX Designers: Know Which Star to Navigate By,http://www.peachpit.com/articles/article.aspx?p=1856033,peachpit.com,batoreh/awesome-ux,Articles > User Research,,CC0-1.0,,1
Pencil,https://pencil.evolus.vn/,pencil.evolus.vn,LisaDziuba/Awesome-Design-Tools,Prototyping Tools,prototyping tool with many built-in components that people can easily install and use to create mockups in popular desktop platforms,MIT,,1
Pencil Project,https://pencil.evolus.vn/,pencil.evolus.vn,bradtraversy/design-resources-for-developers,Downloadable Design Software,GUI prototyping software,MIT,,1
Penpot,https://penpot.app/,penpot.app,bradtraversy/design-resources-for-developers,Online Design Tools,"Penpot is the first Open Source design and prototyping platform meant for cross-domain teams. Non dependent on operating systems, Penpot is web based and works with open web standards (SVG). For all and empowered by the community Open Source and selfhostable",MIT,,1
Personas,https://personas.draftbit.com/,personas.draftbit.com,bradtraversy/design-resources-for-developers,Online Design Tools,A playful avatar generator for the modern age,MIT,,1
Pexels Videos,https://www.pexels.com/videos/,pexels.com,LisaDziuba/Awesome-Design-Tools,Stock Videos,"makes it easy to find free stock footage for your website, promo video or anything else",MIT,,1
Pharos: JSTOR's Design System,https://pharos.jstor.org,pharos.jstor.org,alexpate/awesome-design-systems,Design Systems,,Unlicense,,1
"Is your company product-led, sales-led, or marketing-led?",https://philippcannons.com/is-your-company-product-led-sales-led-or-marketing-led/,philippcannons.com,dend/awesome-product-management,Articles > Product Strategy & Planning,By Philipp Cannons,CC0-1.0,,1
Phosphor Icons,https://phosphoricons.com,phosphoricons.com,bradtraversy/design-resources-for-developers,Icons,"Phosphor is a flexible icon family for interfaces, diagrams, presentations",MIT,,1
Polarr,https://photoeditor.polarr.co/,photoeditor.polarr.co,ttt30ga/awesome-product-design,Visual > Tools,Photo Editor,CC0-1.0,,1
Photonkit,http://photonkit.com/,photonkit.com,bradtraversy/design-resources-for-developers,UI Components & Kits,Desktop UI library for Electron,MIT,,1
PhotoQuill,https://photoquill.com,photoquill.com,bradtraversy/design-resources-for-developers,Online Design Tools,"Free browser-based Photoshop alternative with PSD support, layers, masks, blend modes, and local image processing",MIT,,1
PhotoReducer,https://photoreducer.com/,photoreducer.com,bradtraversy/design-resources-for-developers,Image Compression,"Compress images to an exact file size (e.g. under 100 KB), resize and convert JPG, PNG, WebP, AVIF & HEIC — runs fully in the browser via WebAssembly, so photos are never uploaded",MIT,,1
Bucketlistly Blog,http://photos.bucketlistly.com/,photos.bucketlistly.com,gztchan/awesome-design,Stock,A free creative commons (Attribution-NonCommercial) collection of over 8000+ travel photos from all over the world anyone can use,CC0-1.0 (stated in README),,1
Moose,https://photos.icons8.com/,photos.icons8.com,LisaDziuba/Awesome-Design-Tools,Stock Photos Tools,"don't search for stock photos, create them",MIT,,1
A Modern CSS Reset,https://piccalil.li/blog/a-modern-css-reset/,piccalil.li,bradtraversy/design-resources-for-developers,Others,Resets the css styling of all HTML elements to a consistent baseline across browsers,MIT,,1
PicCollages,https://piccollages.com/,piccollages.com,bradtraversy/design-resources-for-developers,Online Design Tools,"Free browser-based photo collage maker for grid layouts and long-image stitching, with drag-and-drop editing and local image processing. No signup required",MIT,,1
Pick an Agency,https://www.pickanagency.com,pickanagency.com,bekatom/awesome-growth-hacking,Tools,"Independent directory of 47,000+ ad and marketing agencies, ranked by verified reviews. No paid placements",other (see repo LICENSE),,1
Picnic CSS,https://picnicss.com/,picnicss.com,bradtraversy/design-resources-for-developers,CSS Frameworks,Lightweight and beautiful library,MIT,,1
Pico.css,https://picocss.com/,picocss.com,bradtraversy/design-resources-for-developers,CSS Frameworks,Elegant styles for all natives HTML elements without .classes and dark mode automatically enabled,MIT,,1
Picons,https://picons.me/,picons.me,gztchan/awesome-design,Icon and Logo,"Vector Icons for iOS, Android, Websites & Apps. Icons designed to perfection",CC0-1.0 (stated in README),,1
Picspree,https://picspree.com,picspree.com,bradtraversy/design-resources-for-developers,Stock Photos,"Royalty free images, stock photos, illustrations, and vectors",MIT,,1
Lorem Picsum,https://picsum.photos/,picsum.photos,bradtraversy/design-resources-for-developers,Stock Photos,An easy to use API to get beautiful placeholder images. Size and other parameters can be specified,MIT,,1
Pictos,http://pictos.cc/,pictos.cc,gztchan/awesome-design,Icon and Logo,"is back once again with Redux: all new carefully crafted interface icons. Each icon in Redux has three variations: Line, Solid & Color",CC0-1.0 (stated in README),,1
Spectre CSS,https://picturepan2.github.io/spectre/,picturepan2.github.io,bradtraversy/design-resources-for-developers,CSS Frameworks,"Lightweight, modern CSS framework",MIT,,1
PictureToLink Image Compressor,https://picturetolink.com/image-compressor,picturetolink.com,bradtraversy/design-resources-for-developers,Image Compression,"Free in-browser compressor for JPG, PNG and WebP with exact target sizes (e.g. 100 KB) and ZIP download for batches. Files stay on your device; no sign-up or watermark",MIT,,1
Pidoco,https://pidoco.com/en,pidoco.com,LisaDziuba/Awesome-Design-Tools,Wireframing Tools,software that lets you quickly create click-through wireframes and fully interactive UX prototypes,MIT,,1
Just Eat Takeaway.com PIE Design System,https://pie.design/,pie.design,alexpate/awesome-design-systems,Design Systems,,Unlicense,,1
Pigment,https://pigment.shapefactory.co/,pigment.shapefactory.co,LisaDziuba/Awesome-Design-Tools,Color Picker Tools,a color palette generator with innumerable color configurations suggested by the app,MIT,,1
Pika,https://pika.style,pika.style,bradtraversy/design-resources-for-developers,Product & Image Mockups,"Instantly create browser mockups and beautiful images for marketing, blog post and more",MIT,,1
Pillarstack,https://www.pillarstack.com/,pillarstack.com,bradtraversy/design-resources-for-developers,Others,Assorted resources for frontend developers and web designers,MIT,,1
Pinegrow,https://pinegrow.com/,pinegrow.com,LisaDziuba/Awesome-Design-Tools,Design to Code Tools,"a professional visual editor for CSS Grid, Bootstrap 4 and 3, Foundation, responsive design, HTML, and CSS",MIT,,1
Pinterest,https://www.pinterest.com/,pinterest.com,gztchan/awesome-design,Stock,is a social media web and mobile application company that operates a software system designed to discover information on the World Wide Web. 🌟,CC0-1.0 (stated in README),,1
Pinterest Gestalt,https://pinterest.github.io/gestalt/#/,pinterest.github.io,alexpate/awesome-design-systems,Design Systems,,Unlicense,,1
Piqsels,https://piqsels.com/,piqsels.com,bradtraversy/design-resources-for-developers,Stock Photos,Royalty Free Stock Photos,MIT,,1
Piskel,https://www.piskelapp.com/,piskelapp.com,LisaDziuba/Awesome-Design-Tools,Pixel Art Tools,online editor for animated sprites & pixel art,MIT,,1
Pivotal,https://pivotal-cf.github.io/pivotal-ui/,pivotal-cf.github.io,alexpate/awesome-design-systems,Design Systems,,Unlicense,,1
Pixbay,https://pixabay.com/,pixabay.com,ttt30ga/awesome-product-design,Visual > Stock Images,Free images and videos you can use anywhere,CC0-1.0,,1
PixCleaner,https://www.pixcleaner.com/,pixcleaner.com,bradtraversy/design-resources-for-developers,Online Design Tools,Accurate and hassle free background removal tool,MIT,,1
Pixel art to CSS,https://www.pixelartcss.com/,pixelartcss.com,LisaDziuba/Awesome-Design-Tools,Pixel Art Tools,pixel art animation and drawing web app powered by React,MIT,,1
Palette Extractor,https://pixelpixi.github.io/spritewright/palette-extractor/,pixelpixi.github.io,bradtraversy/design-resources-for-developers,Colors,"Pull the exact palette out of any image and export it as an Aseprite/GIMP .gpl, a Lospec .hex, CSS variables, JSON or a PNG swatch strip. Runs entirely in the browser",MIT,,1
Pixeltrue Illustrations,https://www.pixeltrue.com/illustrations,pixeltrue.com,bradtraversy/design-resources-for-developers,UI Graphics,Free Animated Illustrations,MIT,,1
PixHeic,https://pixheic.com,pixheic.com,bradtraversy/design-resources-for-developers,Image Compression,"Free browser-based HEIC toolkit for batch conversion to JPG, PNG, WebP, and PDF. Files are processed locally with no uploads",MIT,,1
Pixlr,https://www.pixlr.com/,pixlr.com,bradtraversy/design-resources-for-developers,Online Design Tools,Online photo editor,MIT,,1
Placeholder,https://placeholder.com/,placeholder.com,bradtraversy/design-resources-for-developers,Stock Photos,A free image placeholder service for the web. You can specify image size and format,MIT,,1
Placeit,https://placeit.net/,placeit.net,gztchan/awesome-design,Mockup,marry design and technology to create high-quality branding and marketing tools so anyone from individuals to large companies can create amazing visual assets for their brand regardless of technical or artistic skills,CC0-1.0 (stated in README),,1
Plant,https://plantapp.io/,plantapp.io,LisaDziuba/Awesome-Design-Tools,Design Version Control,Mac app and Sketch plugin offering complete version control for designers and teams,MIT,,1
PlayCode,https://playcode.io/,playcode.io,bradtraversy/design-resources-for-developers,Others,Javascript playground,MIT,,1
Play Type,https://playtype.com/,playtype.com,ttt30ga/awesome-product-design,Visual > Font Foundries,Browse through our selection of more than a hundred fonts and nearly 500 different font weights,CC0-1.0,,1
Always be defining success,https://pmblog.quora.com/Always-Be-Defining-Success,pmblog.quora.com,ProductHired/open-product-management,Shipping and Measuring Products,Jackie Bavaro,none stated,,1
How to be persuasive,https://pmblog.quora.com/How-to-be-persuasive,pmblog.quora.com,ProductHired/open-product-management,Become The Best In The Field,Jackie Bavaro,none stated,,1
Take back your day: Time Management for PMs,https://pmblog.quora.com/Take-back-your-day-Time-Management-for-PMs,pmblog.quora.com,ProductHired/open-product-management,Organizing Your Team,Jackie Bavaro,none stated,,1
The Best Student Activity for Product Managers By Jackie Bavaro,https://pmblog.quora.com/The-Best-Student-Activity-for-Product-Managers,pmblog.quora.com,ProductHired/open-product-management,Career Prep: The Interview,The Best Student Activity for Product Managers,none stated,,1
PNGFree.ai,https://pngfree.ai/,pngfree.ai,bradtraversy/design-resources-for-developers,Vectors & Clip Art,PNGFree.ai offers millions of high-quality Free PNG images,MIT,,1
Illustration by Pngtree,https://pngtree.com/illustration-design,pngtree.com,LisaDziuba/Awesome-Design-Tools,Illustrations,over 13142 professionally designed illustrations of different styles,MIT,,1
pocoloco,https://pocoloco.io/,pocoloco.io,bradtraversy/design-resources-for-developers,CSS Animations,Generate dynamic backgrounds for your website,MIT,,1
Agile Uprising Podcast,http://podcast.agileuprising.com/,podcast.agileuprising.com,ProductHired/open-product-management,Podcasts,"They cover all topics associated with Agile. From the Manifesto, to the frameworks, to the values and principles",none stated,,1
Masters of Scale with Reid Hoffman,https://podcasts.apple.com/us/podcast/masters-of-scale-with-reid-hoffman/id1227971746?mt=2,podcasts.apple.com,ProductHired/open-product-management,Podcasts,How do companies grow from zero to a gazillion? Legendary Silicon Valley investor / entrepreneur Reid Hoffman tests his theories with famous founders,none stated,,1
Podifai Mockup Generator,https://podifai.com/tools/mockup-generator,podifai.com,bradtraversy/design-resources-for-developers,Product & Image Mockups,"Free online 3D mockup generator for product photos, branding, and e-commerce. No signup required",MIT,,1
Polaris,https://polaris.shopify.com/,polaris.shopify.com,bradtraversy/design-resources-for-developers,Design Systems & Style Guides,Design system that creates great experiences for all of Shopify’s merchants,MIT,,1
Shopify Polaris,https://polaris.shopify.com,polaris.shopify.com,alexpate/awesome-design-systems,Design Systems,,Unlicense,,1
Polayoutu,http://www.polayoutu.com/collections,polayoutu.com,gztchan/awesome-design,Stock,is community of photographers based in China who contribute photos under the Creative Common Zero License. 🌟,CC0-1.0 (stated in README),,1
PolyGlyph,https://polyglyph.io/,polyglyph.io,bradtraversy/design-resources-for-developers,AI Graphic Design Tools,"AI-powered SVG generation and editing tool. Type a prompt to generate a vector graphic, then edit it in a browser-based vector editor. Free credits on signup",MIT,,1
Polypane,https://polypane.rocks,polypane.rocks,LisaDziuba/Awesome-Design-Tools,Development Tools,a browser built from the ground up to create and test websites and apps,MIT,,1
Pond5,https://www.pond5.com/,pond5.com,gztchan/awesome-design,Read and Digest,,CC0-1.0 (stated in README),,1
Popmotion,https://popmotion.io/,popmotion.io,bradtraversy/design-resources-for-developers,Javascript Animation Libraries,Simple animation libraries for delightful user interfaces,MIT,,1
Dollars to Donuts,https://portigal.com/podcast,portigal.com,samber/awesome-user-research,Learn > Podcast,Steve Portigal interviews research practitioners,CC-BY-4.0,,1
Interviewing Users,https://portigal.com/Books/interviewing-users,portigal.com,samber/awesome-user-research,Learn > Books,Steve Portigal. How to uncover compelling insights through conversations with users,CC-BY-4.0,,1
In-depth: The AARRR pirate funnel explained,https://posthog.com/product-engineers/aarrr-pirate-funnel,posthog.com,dend/awesome-product-management,Articles > Product Metrics & Analytics,By PostHog,CC0-1.0,,1
PostHog,https://posthog.com,posthog.com,samber/awesome-user-research,All-in-one platforms,"Open source suite: analytics, session replay, feature flags, surveys, and A/B testing",CC-BY-4.0,,1
Butterick's Practical Typography,http://practicaltypography.com/,practicaltypography.com,gztchan/awesome-design,Typography,,CC0-1.0 (stated in README),,1
TypeKit Practice,https://practice.typekit.com/,practice.typekit.com,bradtraversy/design-resources-for-developers,Fonts,Learn about typography practices,MIT,,1
Pragmatic Marketing Courses,https://www.pragmaticmarketing.com/courses,pragmaticmarketing.com,ProductHired/open-product-management,Online Courses,Product Management and Marketing Training,none stated,,1
Precursor,https://precursorapp.com,precursorapp.com,ProductHired/open-product-management,Mockups and Marketing,A real-time collaborative prototyping tool,none stated,,1
Vimeo,https://press.vimeo.com/brand-guidelines,press.vimeo.com,gztchan/awesome-design,Styleguide and Branding,,CC0-1.0 (stated in README),,1
Priceline Design System,https://priceline.github.io/design-system/,priceline.github.io,alexpate/awesome-design-systems,Design Systems,,Unlicense,,1
Prime Design System Kit,https://www.primedesignsystem.com,primedesignsystem.com,LisaDziuba/Awesome-Design-Tools,Design System Tools,"it includes device templates, charts, UI kit and even illustration kit",MIT,,1
PrimeNG,https://www.primefaces.org/primeng/#/,primefaces.org,bradtraversy/design-resources-for-developers,Angular UI Libraries,Powerful UI component library for Angular,MIT,,1
PRIMEREACT,https://www.primefaces.org/primereact/,primefaces.org,bradtraversy/design-resources-for-developers,React UI Libraries,"The ultimate collection of design-agnostic, flexible and accessible React UI Components",MIT,,1
GitHub Primer,https://primer.style/,primer.style,alexpate/awesome-design-systems,Design Systems,,Unlicense,,1
Primer,https://primer.style/,primer.style,bradtraversy/design-resources-for-developers,Design Systems & Style Guides,"Design, build, and create with GitHub’s design system",MIT,,1
Primer Components,https://primer.style/components/,primer.style,bradtraversy/design-resources-for-developers,React UI Libraries,Primer Components are React components which implement GitHub's Primer Design System,MIT,,1
Prime Vue,https://primevue.org/,primevue.org,bradtraversy/design-resources-for-developers,Vue UI Libraries,"Powerful yet simple to use, versatile, performant Vue UI Component Library to help you build stunning user interfaces",MIT,,1
Persona Design System,https://privy-open-source.github.io/design-system/,privy-open-source.github.io,alexpate/awesome-design-systems,Design Systems,,Unlicense,,1
"Marty Cagan and others on why they love the role, what they look for when hiring graduates, and the advice they offer prospective Product Managers",https://product.careers/stories/,product.careers,ProductHired/open-product-management,Interviews,,none stated,,1
Product Management: An introduction for undergraduates and graduates,https://product.careers/presentation/,product.careers,ProductHired/open-product-management,What Is Product Management?,Thor Mitchell (Student presentation),none stated,,1
Product at Heart,https://productatheart.com,productatheart.com,samber/awesome-user-research,Learn > Event,Annual product conference in Hamburg focused on product thinking and discovery,CC-BY-4.0,,1
Do you really understand the concept of product value?,https://www.productboard.com/blog/do-you-really-understand-the-concept-of-product-value/,productboard.com,dend/awesome-product-management,Articles > Product Fundamentals & Philosophy,by Hubert Palan,CC0-1.0,,1
Product Camp Brazil,http://www.productcamp.com.br,productcamp.com.br,ProductHired/open-product-management,Communities to Join > Conferences,"The event is now the largest on Product Management in Latin America, where Brazilian and international speakers share their learnings about Product, UX and Growth with the participants",none stated,,1
Product Camp,http://www.productcamp.org,productcamp.org,ProductHired/open-product-management,Communities to Join > Groups,Product Camp Community Website and Blog,none stated,,1
The Product Coalition,https://productcoalition.com/,productcoalition.com,dend/awesome-product-management,Communities,(using Slack),CC0-1.0,,1
Product Collective,https://productcollective.com/,productcollective.com,dend/awesome-product-management,Communities,(using Slack),CC0-1.0,,1
Get Product Management Career Coaching,https://producthired.com/coaches?types=career-coaching,producthired.com,ProductHired/open-product-management,Career Prep Mentorship,Book a career coaching session with a product expert to level up on your PM job,none stated,,1
Get Product Management Interview Prep Coaching,https://producthired.com/coaches?types=interview-prep,producthired.com,ProductHired/open-product-management,Career Prep Mentorship,Book an interview prep session with a product expert for your upcoming interviews,none stated,,1
Get Product Management Resume Review Coaching,https://producthired.com/coaches?types=resume-review,producthired.com,ProductHired/open-product-management,Career Prep: Resume,Book a resume review session with a product expert before your job hunt,none stated,,1
ProductHired.com,http://www.producthired.com,producthired.com,ProductHired/open-product-management,Career Prep: Where to Apply,Simplify your Product Manager Job Search,none stated,,1
Effective User Interviews,https://producthq.org/agile/product-management/effective-user-interviews/,producthq.org,dend/awesome-product-management,Articles > Customer Research & User Experience,By Product HQ,CC0-1.0,,1
7Geese,http://www.producthunt.com/tech/7geese,producthunt.com,domenicosolazzo/awesome-okr,Software,,CC0-1.0,,1
AngelList Radio - Kirill Makharinsky,https://www.producthunt.com/podcasts/angellist-radio-kirill-makharinsky,producthunt.com,ProductHired/open-product-management,Podcasts,What factors can predict a company's future success,none stated,,1
BetterWorks,http://www.producthunt.com/tech/betterworks,producthunt.com,domenicosolazzo/awesome-okr,Software,,CC0-1.0,,1
Design Details Podcast,https://www.producthunt.com/r/f0a61978d9/12920,producthunt.com,ProductHired/open-product-management,Podcasts,A show about the people who design our favorite products,none stated,,1
Designer Chat,https://www.producthunt.com/r/85601ad255/3697,producthunt.com,ProductHired/open-product-management,Communities to Join > Groups,The Designer News community in a private Slack chat,none stated,,1
Designlab,https://www.producthunt.com/r/b1ef8b4e5a/11546,producthunt.com,ProductHired/open-product-management,Online Courses,"Learn design by doing, with hands-on projects & mentorship",none stated,,1
Exponent - Get Off My Lawn!,https://www.producthunt.com/podcasts/exponent-get-off-my-lawn,producthunt.com,ProductHired/open-product-management,Podcasts,How Snapchat has built it’s product effectively,none stated,,1
FemgineerTV: Episode 2 - How to Make Smart Tradeoffs When Developing Software Products,https://www.producthunt.com/podcasts/femgineertv-episode-2-how-to-make-smart-tradeoffs-when-developing-software-products,producthunt.com,ProductHired/open-product-management,Podcasts,Interview with former Director of Engineering at Facebook,none stated,,1
Growth Everywhere - The Strategy That Skyrocketed Hotjar to $1 Million ARR in 6 Months,https://www.producthunt.com/podcasts/growth-everywhere-the-strategy-that-skyrocketed-hotjar-to-1-million-arr-in-6-months,producthunt.com,ProductHired/open-product-management,Podcasts,How David Darmanin Grew Hotjar To $1 Million ARR in 6 months,none stated,,1
HOW TO MAKE SURE YOU ACHIEVE YOUR GOALS,https://www.producthunt.com/podcasts/how-to-make-sure-you-achieve-your-goals,producthunt.com,ProductHired/open-product-management,Podcasts,6 practical ways we can make sure you achieve your goals,none stated,,1
Kapta,http://www.producthunt.com/tech/kapta,producthunt.com,domenicosolazzo/awesome-okr,Software,,CC0-1.0,,1
Product Hunt Maker Stories - Matt Mazzeo,https://www.producthunt.com/podcasts/product-hunt-maker-stories-matt-mazzeo-2,producthunt.com,ProductHired/open-product-management,Podcasts,"Future of VC, breaking into tech/VC, & more",none stated,,1
SmartProgress,http://www.producthunt.com/tech/smart-progress,producthunt.com,domenicosolazzo/awesome-okr,Software,,CC0-1.0,,1
StatusPath,http://www.producthunt.com/tech/statuspath,producthunt.com,domenicosolazzo/awesome-okr,Software,,CC0-1.0,,1
Strides,http://www.producthunt.com/tech/strides,producthunt.com,domenicosolazzo/awesome-okr,Software,,CC0-1.0,,1
The James Altucher Show #160: Ashlee Vance,https://www.producthunt.com/podcasts/the-james-altucher-show-160-ashlee-vance,producthunt.com,ProductHired/open-product-management,Podcasts,Elon Musk and the quest to save mankind,none stated,,1
Weekdone,http://www.producthunt.com/tech/weekdone,producthunt.com,domenicosolazzo/awesome-okr,Software,,CC0-1.0,,1
What I Know Best - Catherine Pao - Growth Product Manager At Blue Apron,https://www.producthunt.com/podcasts/what-i-know-best-catherine-pao-growth-product-manager-at-blue-apron,producthunt.com,ProductHired/open-product-management,Podcasts,"Product & growth lessons from DigitalOcean, Fab & BlueApron",none stated,,1
Workboard,http://www.producthunt.com/tech/workboard,producthunt.com,domenicosolazzo/awesome-okr,Software,,CC0-1.0,,1
Product Management Job Interview Exercises,https://productmanagementexercises.com/,productmanagementexercises.com,ProductHired/open-product-management,Career Prep: The Interview,Free repository of PM job interview questions and answers,none stated,,1
Idea To Revenue Masterclass,http://productmanageracademy.teachable.com/courses/ideatorevenuemasterclass,productmanageracademy.teachable.com,ProductHired/open-product-management,Online Courses,"Become a Strategic Product Leader: Validate Ideas, Launch Great Products, Deliver Business Results",none stated,,1
Product Manager HQ,https://www.productmanagerhq.com/join-the-community/,productmanagerhq.com,ProductHired/open-product-management,Communities to Join > Groups,Product Manager HQ - Slack group,none stated,,1
ProductNotion,https://productnotion.co/?ref=open-productmanagement/,productnotion.co,ProductHired/open-product-management,Resource Repositories,Loads of ready-made Product Management templates for Notion.so,none stated,,1
Court scribe or Hand of the King,http://www.productpowers.com/blog/court-scribe-or-hand-of-the-king.html,productpowers.com,ProductHired/open-product-management,Become The Best In The Field,Bruce McCarthy,none stated,,1
Product priorities start with strategic goals,http://www.productpowers.com/blog/product-priorities-start-with-strategic-goals.html,productpowers.com,ProductHired/open-product-management,"Roadmaps, Planning, and Prioritization",Bruce McCarthy,none stated,,1
"Rodmaps focus on vision benefits, not features",http://www.productpowers.com/blog/roadmaps-focus-on-vision-benefits-not-features.html,productpowers.com,ProductHired/open-product-management,"Roadmaps, Planning, and Prioritization",Bruce McCarthy,none stated,,1
The dirty dozen roadmap roadblocks,http://www.productpowers.com/blog/the-dirty-dozen-roadmap-roadblocks.html,productpowers.com,ProductHired/open-product-management,"Roadmaps, Planning, and Prioritization",Bruce McCarthy,none stated,,1
Use your Product Powers for Good,http://www.productpowers.com/blog/use-your-product-powers-for-good.html,productpowers.com,ProductHired/open-product-management,What Is Product Management?,Bruce McCarthy,none stated,,1
Product Management Processes,https://www.productprocesses.co,productprocesses.co,ProductHired/open-product-management,Resource Repositories,"A knowledge base of product management processes, tools and templates",none stated,,1
Paaatterns,https://products.ls.graphics/paaatterns/,products.ls.graphics,bradtraversy/design-resources-for-developers,UI Graphics,Free collection of beautiful patterns for all vector formats,MIT,,1
Is It Possible to Work Remotely as a Product Manager?,https://productschool.com/blog/job-search-advice/remote-product-manager,productschool.com,dend/awesome-product-management,Articles > Career Development & Skills,By Roy Cobby,CC0-1.0,,1
Product Management Skills: User Research,https://productschool.com/blog/user-experience/product-management-skills-user-research,productschool.com,dend/awesome-product-management,Articles > Customer Research & User Experience,By Carlos Gonzalez de Villaumbrosia,CC0-1.0,,1
Product OKRs: Driving Outcomes Over Outputs,https://productschool.com/blog/product-strategy/product-okrs,productschool.com,dend/awesome-product-management,Articles > Product Strategy & Planning,By Carlos Gonzalez de Villaumbrosia,CC0-1.0,,1
Product School - USA,http://www.productschool.com,productschool.com,ProductHired/open-product-management,Online Courses,Get a Product Manager Job,none stated,,1
The Product Book,https://productschool.com/resources/ebooks/the-product-book,productschool.com,dend/awesome-product-management,Books > Product Management Fundamentals,By Carlos Gonzalez de Villaumbrosia and Josh Anon,CC0-1.0,,1
Product Stars Brazil,http://www.productstars.com.br,productstars.com.br,ProductHired/open-product-management,Communities to Join > Conferences,The event gather a constellation of experienced people to share experiences and hacks from day to day,none stated,,1
4 Questions I Always Ask When Interviewing Product Managers,http://www.producttalk.org/2012/06/4-questions-i-always-ask-when-interviewing-product-managers/,producttalk.org,ProductHired/open-product-management,Career Prep: The Interview,4 Questions to ask a PM,none stated,,1
Continuous Discovery Habits,https://www.producttalk.org/2021/05/continuous-discovery-habits,producttalk.org,samber/awesome-user-research,Learn > Books,Teresa Torres. How to build a habit of weekly customer touchpoints to make better product decisions,CC-BY-4.0,,1
Drop feature-based product roadmaps,http://www.producttalk.org/2014/04/drop-feature-based-product-roadmaps/,producttalk.org,ProductHired/open-product-management,"Roadmaps, Planning, and Prioritization",Teresa Torres,none stated,,1
Product Discovery Basics,https://www.producttalk.org/2021/08/product-discovery/,producttalk.org,dend/awesome-product-management,Articles > Product Strategy & Planning,By Teresa Torres,CC0-1.0,,1
Story-Based Customer Interviews,https://www.producttalk.org/2024/04/story-based-customer-interviews/,producttalk.org,dend/awesome-product-management,Articles > Customer Research & User Experience,By Teresa Torres,CC0-1.0,,1
Viz Palette,https://projects.susielu.com/viz-palette,projects.susielu.com,LisaDziuba/Awesome-Design-Tools,Color Picker Tools,color picker for data visualizations,MIT,,1
Prolific,https://prolific.com,prolific.com,samber/awesome-user-research,User recruitment,High-quality participant recruitment for research studies,CC-BY-4.0,,1
Promo Image Resizer,https://promo.com/tools/image-resizer/,promo.com,bradtraversy/design-resources-for-developers,Image Compression,Free Image and Photo Resizer,MIT,,1
ProofHub,https://www.proofhub.com/,proofhub.com,LisaDziuba/Awesome-Design-Tools,Collaboration Tools,"the one place for all your projects, teams and communications",MIT,,1
Proto,https://proto.io/,proto.io,ttt30ga/awesome-product-design,Prototype > Softwares,Create fully-interactive high-fidelity prototypes that look and work exactly like your app should. No coding required,CC0-1.0,,1
Mobile Design Patterns,http://pttrns.com/,pttrns.com,batoreh/awesome-ux,Design Patterns,,CC0-1.0,,1
KoliBri,https://public-ui.github.io/,public-ui.github.io,alexpate/awesome-design-systems,Design Systems,(Public-UI),Unlicense,,1
Public Domain Pictures,https://www.publicdomainpictures.net/en/,publicdomainpictures.net,bradtraversy/design-resources-for-developers,Stock Photos,Public domain images of all types,MIT,,1
Pulse,https://pulse.heartbeat.ua/,pulse.heartbeat.ua,bradtraversy/design-resources-for-developers,Design Systems & Style Guides,"Design system, guides and React component library",MIT,,1
Pure CSS,https://purecss.io/,purecss.io,bradtraversy/design-resources-for-developers,CSS Frameworks,"A set of small, responsive CSS modules",MIT,,1
Pusher Chameleon,https://pusher.github.io/chameleon/,pusher.github.io,alexpate/awesome-design-systems,Design Systems,,Unlicense,,1
px.div,https://www.pxdiv.com,pxdiv.com,LisaDziuba/Awesome-Design-Tools,Design to Code Tools,a proper site build tool for developers and designers,MIT,,1
Pyxel Edit,https://pyxeledit.com/,pyxeledit.com,LisaDziuba/Awesome-Design-Tools,Pixel Art Tools,"a pixel art editor designed to make it fun and easy to make tilesets, levels and animations",MIT,,1
Quasar,https://quasar.dev/,quasar.dev,bradtraversy/design-resources-for-developers,Vue UI Libraries,"High-performance Material Design component suite with builders for SPA, SSR, PWA, Mobile (Cordova & Capacitor), Desktop (Electron) and Browser extensions",MIT,,1
Equal UI,https://quatrochan.github.io/Equal/,quatrochan.github.io,bradtraversy/design-resources-for-developers,Vue UI Libraries,Open-source Vue 3 components system for your next project based on TypeScript,MIT,,1
Evolution of the Product Manager,http://queue.acm.org/detail.cfm?id=2683579,queue.acm.org,ProductHired/open-product-management,What Is Product Management?,Ellen Chisa,none stated,,1
Guide to growth hacking,http://www.quicksprout.com/2013/08/26/the-definitive-guide-to-growth-hacking/,quicksprout.com,bekatom/awesome-growth-hacking,What is Growth Hacking,,other (see repo LICENSE),,1
QuickTiny Compress Image,https://quicktinyv2.vercel.app/compress-image,quicktinyv2.vercel.app,bradtraversy/design-resources-for-developers,Image Compression,"Free, no-signup image compressor that runs entirely in the browser, no upload to a server",MIT,,1
Quip,https://quip.com/,quip.com,ProductHired/open-product-management,Team Management,The productivity suite for the mobile generation,none stated,,1
Amazon,https://www.quora.com/Amazon-company/What-is-Amazons-approach-to-product-development-and-product-management,quora.com,ProductHired/open-product-management,Career Prep: Company Types,Amazon's culture,none stated,,1
Dropbox And Referrals Question,http://www.quora.com/How-effective-is-Dropboxs-referral-program-at-bringing-in-*paying*-users-i-e-how-many-subscribers-do-they-have,quora.com,bekatom/awesome-growth-hacking,Growth Hacking with Referrals,Quora,other (see repo LICENSE),,1
Facebook,https://www.quora.com/What-does-a-Product-Manager-at-Facebook-do,quora.com,ProductHired/open-product-management,Career Prep: Company Types,Facebook PM Culture,none stated,,1
Great Growth Hacking List,http://www.quora.com/Where-can-I-find-a-list-overview-of-growth-hacks,quora.com,bekatom/awesome-growth-hacking,Resources,,other (see repo LICENSE),,1
How do I become a Product Manager?,https://www.quora.com/How-do-I-become-a-product-manager-2,quora.com,ProductHired/open-product-management,Becoming A Product Guru,Multiple authors,none stated,,1
How do I recruit prospective customers to shadow as a part of a user-centered design approach?,https://www.quora.com/How-do-I-recruit-prospective-customers-to-shadow-as-a-part-of-a-user-centered-design-approach/answer/Dana-Chisnell,quora.com,batoreh/awesome-ux,Articles > User Research,,CC0-1.0,,1
How do you write a good resume for product manager jobs?,https://www.quora.com/How-do-you-write-a-good-resume-for-product-manager-jobs,quora.com,ProductHired/open-product-management,Career Prep: Resume,Sample Advice on Quora,none stated,,1
How does the process of developing and prioritizing OKRs (objectives and key results) work at companies like Google and Zynga?,https://www.quora.com/How-does-the-process-of-developing-and-prioritizing-OKRs-objectives-and-key-results-work-at-companies-like-Google-and-Zynga,quora.com,domenicosolazzo/awesome-okr,Articles,Some interesting answers about how companies like Google are prioritizing their OKRs,CC0-1.0,,1
Product Market Fit,http://www.quora.com/How-do-you-define-Product-Market-Fit,quora.com,bekatom/awesome-growth-hacking,Articles,Quora,other (see repo LICENSE),,1
Quora topics,https://www.quora.com/topic/Growth-Hacking,quora.com,bekatom/awesome-growth-hacking,Resources,,other (see repo LICENSE),,1
The Ultimate Guide to Product Manager Interview Questions,https://www.quora.com/What-are-frequently-asked-questions-in-product-manager-interviews,quora.com,ProductHired/open-product-management,Career Prep: The Interview,Quora PM Questions,none stated,,1
Top 10 Consumer Internet Growth Hacks,http://www.quora.com/What-are-the-Top-10-Consumer-Internet-Growth-Hacks-that-have-been-A-B-tested,quora.com,bekatom/awesome-growth-hacking,Articles,Quora,other (see repo LICENSE),,1
We are starting to implement OKRs in our company for the first time. Do any of you have experience in terms of problems or issues encountered?,http://www.quora.com/We-are-starting-to-implement-OKRs-in-our-company-for-the-first-time-Do-any-of-you-have-experience-in-terms-of-problems-or-issues-encountered,quora.com,domenicosolazzo/awesome-okr,Articles,Interesting discussion in Quora about how people implement OKRs,CC0-1.0,,1
What are the best books,http://www.quora.com/What-are-the-best-books-or-web-resources-on-Growth-Hacking-and-User-Acquisition,quora.com,bekatom/awesome-growth-hacking,Resources,On Quora,other (see repo LICENSE),,1
What are the best ways to prioritize a list of product features,https://www.quora.com/What-are-the-best-ways-to-prioritize-a-list-of-product-features,quora.com,ProductHired/open-product-management,"Roadmaps, Planning, and Prioritization",Ian McAllister,none stated,,1
What are the most important metrics for developing and managing a mobile product?,https://www.quora.com/What-are-the-most-important-metrics-for-developing-and-managing-a-mobile-product/answer/Drew-Dillon,quora.com,ProductHired/open-product-management,Shipping and Measuring Products,Drew Dillon,none stated,,1
What distinguishes the top 1% of Product Managers from the top 10%?,https://www.quora.com/What-distinguishes-the-Top-1-of-Product-Managers-from-the-Top-10/answer/Ian-McAllister?srid=3wR&st=ns,quora.com,ProductHired/open-product-management,Become The Best In The Field,Ian McAllister,none stated,,1
What innate traits do great internet product leaders share?,https://www.quora.com/What-innate-traits-do-great-Internet-product-leaders-share,quora.com,ProductHired/open-product-management,Become The Best In The Field,Chris Wetherell,none stated,,1
What is growth hacking?,http://www.quora.com/What-is-growth-hacking,quora.com,bekatom/awesome-growth-hacking,What is Growth Hacking,Quora,other (see repo LICENSE),,1
What makes someone a great Product Manager at Google?,https://www.quora.com/What-makes-someone-a-great-product-manager-at-Google?,quora.com,ProductHired/open-product-management,Become The Best In The Field,Edward Ho,none stated,,1
What's a use case where a company uses both OKR and KPI?,http://www.quora.com/Whats-a-use-case-where-a-company-uses-both-OKR-and-KPI,quora.com,domenicosolazzo/awesome-okr,Articles,How to connect OKRs and KPIs,CC0-1.0,,1
Who are some notable growth hackers ?,http://www.quora.com/Who-are-some-notable-growth-hackers,quora.com,bekatom/awesome-growth-hacking,Growth Hackers,Quora,other (see repo LICENSE),,1
Radix Svelte,https://www.radix-svelte.com/,radix-svelte.com,bradtraversy/design-resources-for-developers,Svelte UI Libraries,This is a port of Radix UI for Svelte,MIT,,1
Radix,https://www.radix-ui.com/,radix-ui.com,alexpate/awesome-design-systems,Design Systems,,Unlicense,,1
Radix Icons,https://www.radix-ui.com/icons,radix-ui.com,bradtraversy/design-resources-for-developers,Icons,"A crisp set of 15×15 icons designed by the Modulz team. All icons available as individual react component,SVG and more",MIT,,1
Radix UI,https://www.radix-ui.com/,radix-ui.com,bradtraversy/design-resources-for-developers,React UI Libraries,"Unstyled, accessible components for building high‑quality design systems and web apps in React",MIT,,1
Rambler,https://rambler-digital-solutions.github.io/rambler-ui/,rambler-digital-solutions.github.io,alexpate/awesome-design-systems,Design Systems,,Unlicense,,1
Ramen,https://ramen.is/,ramen.is,ProductHired/open-product-management,Team Management,Ask your users questions while they’re on your website. The best way for SaaS product teams to learn from customers,none stated,,1
Rapid API,https://rapidapi.com/hub,rapidapi.com,bradtraversy/design-resources-for-developers,Others,Discover and connect to thousands of APIs,MIT,,1
Raw Therapee,https://rawtherapee.com/,rawtherapee.com,bradtraversy/design-resources-for-developers,Downloadable Design Software,Cross-platform raw image processing program,MIT,,1
Ray.so,https://ray.so/,ray.so,bradtraversy/design-resources-for-developers,Online Design Tools,Online tool to create beautiful images of your code,MIT,,1
Ray by WeWork,https://ray.wework.com,ray.wework.com,alexpate/awesome-design-systems,Design Systems,,Unlicense,,1
React Bootstrap,https://react-bootstrap.github.io/,react-bootstrap.github.io,bradtraversy/design-resources-for-developers,React UI Libraries,Bootstrap rebuilt for React. Include Bootstrap components right in your JavaScript,MIT,,1
React Icons,https://react-icons.github.io/react-icons/,react-icons.github.io,bradtraversy/design-resources-for-developers,Icon Fonts,"An Open Source and free Svg Icon Library, it is a collection of your favorite icon libraries like Font Awesome and Material Icons to provide you with a wide range of SVG icons to choose from",MIT,,1
React Rainbow,https://react-rainbow.io/,react-rainbow.io,bradtraversy/design-resources-for-developers,React UI Libraries,React Rainbow is a collection of components that will reliably help you build your application in a snap,MIT,,1
React Aria,https://react-spectrum.adobe.com/react-aria/,react-spectrum.adobe.com,bradtraversy/design-resources-for-developers,React UI Libraries,A library of React Hooks that provides accessible UI primitives for your design system,MIT,,1
React Spectrum,https://react-spectrum.adobe.com/react-spectrum/index.html,react-spectrum.adobe.com,bradtraversy/design-resources-for-developers,React UI Libraries,"A React implementation of Spectrum, Adobe’s design system",MIT,,1
React Spring,https://www.react-spring.io/,react-spring.io,bradtraversy/design-resources-for-developers,React UI Libraries,Spring-physics based animation library for React applications,MIT,,1
SVGR,https://react-svgr.com/,react-svgr.com,bradtraversy/design-resources-for-developers,UI Components & Kits,"SVGR is an universal tool to transform a raw SVG into a ready-to-use React components. Available online, in CLI, Node.js, as a webpack/rollup/parcel plugin",MIT,,1
React Toolbox,http://react-toolbox.io/#/,react-toolbox.io,bradtraversy/design-resources-for-developers,React UI Libraries,Material design UI library for React,MIT,,1
React Semantic UI,https://react.semantic-ui.com/,react.semantic-ui.com,bradtraversy/design-resources-for-developers,React UI Libraries,UI components based off of the Semantic UI framework,MIT,,1
React95,https://react95.io/,react95.io,bradtraversy/design-resources-for-developers,React UI Libraries,Refreshed Windows 95 style UI components for your React app,MIT,,1
React Desktop,http://reactdesktop.js.org/,reactdesktop.js.org,bradtraversy/design-resources-for-developers,React UI Libraries,Desktop styled components in React. Includes MacOS and Windows based components,MIT,,1
React Native Elements,https://reactnativeelements.com/,reactnativeelements.com,bradtraversy/design-resources-for-developers,React Native UI Libraries,Cross Platform React Native UI Toolkit that provides an all-in-one UI kit for creating apps in react native,MIT,,1
React Native Paper,https://reactnativepaper.com/,reactnativepaper.com,bradtraversy/design-resources-for-developers,React Native UI Libraries,"React Native Paper is a high-quality, standard-compliant Material Design library that has you covered in all major use-cases",MIT,,1
ReactStrap,https://reactstrap.github.io/,reactstrap.github.io,bradtraversy/design-resources-for-developers,React UI Libraries,Another Bootstrap UI library for React,MIT,,1
Readable,https://readable.io/,readable.io,ttt30ga/awesome-product-design,Writing,You have 7 seconds to grab someone's attention. Readable.io helps you cut out the noise,CC0-1.0,,1
Readme.so,https://readme.so,readme.so,bradtraversy/design-resources-for-developers,Others,The easisest way to create a README,MIT,,1
Readymag,https://readymag.com/,readymag.com,LisaDziuba/Awesome-Design-Tools,Design to Code Tools,"a visually-pleasing tool for designing on the web from landing pages to multimedia long-reads, presentations and portfolios",MIT,,1
Reakit,https://reakit.io/,reakit.io,bradtraversy/design-resources-for-developers,React UI Libraries,"Reakit is a lower level component library for building accessible high level UI libraries, design systems and applications with React",MIT,,1
RealFaviconGenerator,https://realfavicongenerator.net/,realfavicongenerator.net,bradtraversy/design-resources-for-developers,Favicons,"Generate icons for all platforms (Windows, iOS, Android)",MIT,,1
Realistic Shots,https://realisticshots.com/,realisticshots.com,bradtraversy/design-resources-for-developers,Stock Photos,Free high-resolution stock photos,MIT,,1
Realistics Shots,http://realisticshots.com/,realisticshots.com,gztchan/awesome-design,Stock,Free stock photos (high resolution) for personal and commercial use. 7 new photos every week,CC0-1.0 (stated in README),,1
ReallyGoodUX,https://www.reallygoodux.io/,reallygoodux.io,LisaDziuba/Awesome-Design-Tools,Design Inspiration,"screenshots, and examples of great UX from real mobile and web products. Discover the best UX examples—including onboarding tours and walkthroughs",MIT,,1
Realtime Board,https://realtimeboard.com/,realtimeboard.com,ProductHired/open-product-management,Team Management,Web-based whiteboarding & team collaboration tool,none stated,,1
RealtimeBoard (Miro),https://www.realtimeboard.com/,realtimeboard.com,LisaDziuba/Awesome-Design-Tools,Collaboration Tools,whiteboarding platform for cross-functional team collaboration. It was recently renamed to Miro,MIT,,1
Reaper,http://reaper.fm/,reaper.fm,LisaDziuba/Awesome-Design-Tools,Sound Design,"import any audio and MIDI, synthesize, sample, compose, arrange, edit, mix, and master songs or any other audio projects",MIT,,1
Reaviz,https://reaviz.io,reaviz.io,bradtraversy/design-resources-for-developers,React UI Libraries,Data visualization library for React based on D3,MIT,,1
Recharts,http://recharts.org/en-US/,recharts.org,bradtraversy/design-resources-for-developers,React UI Libraries,A composable charting library built on React components,MIT,,1
Redash,https://redash.io,redash.io,samber/awesome-user-research,Analytics > Business intelligence,Open source tool for querying and visualizing data,CC-BY-4.0,,1
Red Cross,http://www.redcross.org/images/MEDIA_CustomProductCatalog/m6440103_BrandPoster.pdf,redcross.org,gztchan/awesome-design,Styleguide and Branding,,CC0-1.0 (stated in README),,1
Reddit Channel,https://www.reddit.com/r/GrowthHacking,reddit.com,bekatom/awesome-growth-hacking,Resources,,other (see repo LICENSE),,1
Oracle Redwood,https://redwood.oracle.com,redwood.oracle.com,alexpate/awesome-design-systems,Design Systems,,Unlicense,,1
Reeoo,http://reeoo.com/,reeoo.com,gztchan/awesome-design,Read and Digest,provides web design inspiration and gallery for web designers,CC0-1.0 (stated in README),,1
Refentra,https://refentra.com/tools/compress-image-to-target-size/,refentra.com,bradtraversy/design-resources-for-developers,Image Compression,"Compress JPEG or WebP toward a chosen KB or MB limit locally, and check the actual output size before downloading. No file upload",MIT,,1
Lessons From Amazon Referral Program,http://www.referralcandy.com/blog/lessons-from-amazon-primes-referral-program/,referralcandy.com,bekatom/awesome-growth-hacking,Growth Hacking with Referrals,,other (see repo LICENSE),,1
How Dancing Cats and Loving Customers increased Strikingly’s customer referrals by +200%,http://www.referralsaasquatch.com/what-do-dancing-cats-loving-customers-and-strikingly-have-in-common/,referralsaasquatch.com,bekatom/awesome-growth-hacking,Growth Hacking with Referrals,,other (see repo LICENSE),,1
Refiner,https://refiner.io,refiner.io,samber/awesome-user-research,Survey > In-app surveys,In-product microsurveys for SaaS,CC-BY-4.0,,1
Cedar,https://rei.github.io/rei-cedar-docs/,rei.github.io,alexpate/awesome-design-systems,Design Systems,,Unlicense,,1
Relay for Figma,https://relay.graphics/,relay.graphics,LisaDziuba/Awesome-Design-Tools,Design Version Control,Relay pushes your latest assets from Figma directly to your codebase (not released yet),MIT,,1
Remix Icon,https://remixicon.com/,remixicon.com,bradtraversy/design-resources-for-developers,Icons,Simply Delightful Icon System,MIT,,1
Research That Scales,https://www.researchops.community/book,researchops.community,samber/awesome-user-research,Learn > Books,Kate Towsey. Building and managing a research practice at scale,CC-BY-4.0,,1
Reshaped,https://reshaped.so,reshaped.so,alexpate/awesome-design-systems,Design Systems,,Unlicense,,1
Resizing.app,https://resizing.app/,resizing.app,bradtraversy/design-resources-for-developers,Image Compression,Resize Your Images Online,MIT,,1
Respondent,https://respondent.io,respondent.io,samber/awesome-user-research,User recruitment,B2B and consumer research participant recruitment,CC-BY-4.0,,1
Responsively,https://responsively.app,responsively.app,bradtraversy/design-resources-for-developers,Others,A tool for designers and frontend developers to design and debug their in all platforms with ease,MIT,,1
Responsive Web Design Podcast,https://responsivewebdesign.com/podcast/,responsivewebdesign.com,gztchan/awesome-design,Podcast,Karen and Ethan interview the people who make responsive redesigns happen,CC0-1.0 (stated in README),,1
How to Craft Your Product Management Team Structure at Every Stage,https://review.firstround.com/how-to-craft-your-product-team-at-every-stage-from-pre-product-market-fit-to-hypergrowth/,review.firstround.com,dend/awesome-product-management,Articles > Product Strategy & Planning,By Nikhyl Singhal,CC0-1.0,,1
Top hacks from a PM behind two of tech’s hottest products,https://review.firstround.com/Top-Hacks-from-a-PM-Behind-Two-of-Techs-Hottest-Products,review.firstround.com,ProductHired/open-product-management,Become The Best In The Field,Todd Jackson,none stated,,1
Set goals with OKRs by Google,https://rework.withgoogle.com/guides/set-goals-with-okrs/steps/introduction/,rework.withgoogle.com,domenicosolazzo/awesome-okr,Guides,Official guide about OKR by Google,CC0-1.0,,1
rgb.to,http://rgb.to/,rgb.to,gztchan/awesome-design,Color,,CC0-1.0 (stated in README),,1
Rhino,https://www.rhino3d.com/,rhino3d.com,LisaDziuba/Awesome-Design-Tools,Three D Modeling Software,a curve-based 3D modeling software that creates mathematically-precise models of 3D surfaces,MIT,,1
Rive,https://rive.app/,rive.app,bradtraversy/design-resources-for-developers,Online Design Tools,,MIT,,1
Lonely Planet,http://rizzo.lonelyplanet.com/styleguide/design-elements/colours,rizzo.lonelyplanet.com,gztchan/awesome-design,Styleguide and Branding,,CC0-1.0 (stated in README),,1
Rizzo,https://rizzo.lonelyplanet.com/styleguide/design-elements,rizzo.lonelyplanet.com,bradtraversy/design-resources-for-developers,Design Systems & Style Guides,"Style guide with UI components, JS components, widgets, etc",MIT,,1
Ant Design Mobile RN,https://rn.mobile.ant.design/,rn.mobile.ant.design,bradtraversy/design-resources-for-developers,React Native UI Libraries,An Ant design based configurable Mobile UI component library based on React Native,MIT,,1
Learnings from implementing OKRs,https://rnjn.in/articles/learnings-about-okrs/,rnjn.in,domenicosolazzo/awesome-okr,Articles,A great guide on implementing OKRs,CC0-1.0,,1
ROBOHASH,https://robohash.org/,robohash.org,bradtraversy/design-resources-for-developers,Vectors & Clip Art,Generate unique images from any text,MIT,,1
Ultimate growth hacking sourcebook,https://rocketshp.com/ultimate-growth-hacking-sourcebook/,rocketshp.com,bekatom/awesome-growth-hacking,Articles,,other (see repo LICENSE),,1
Is or Is Not The Opposite Stupid on its Face?,https://rogermartin.medium.com/is-or-is-not-the-opposite-stupid-on-its-face-ab635b9c5582,rogermartin.medium.com,dend/awesome-product-management,Articles > Product Strategy & Planning,By Roger Martin,CC0-1.0,,1
OKRs and Product Roadmaps,https://www.romanpichler.com/blog/okrs-and-product-roadmaps/,romanpichler.com,dend/awesome-product-management,Articles > Product Strategy & Planning,By Roman Pichler,CC0-1.0,,1
The User Experience Team of One,https://rosenfeldmedia.com/books/the-user-experience-team-of-one-second-edition/,rosenfeldmedia.com,samber/awesome-user-research,Learn > Books,Leah Buley. A research and design survival guide for solo practitioners,CC-BY-4.0,,1
Rosenfeld Review Podcast,https://rosenverse.rosenfeldmedia.com/podcasts,rosenverse.rosenfeldmedia.com,samber/awesome-user-research,Learn > Podcast,Interviews with UX practitioners and design thinkers,CC-BY-4.0,,1
Rotato,https://www.rotato.xyz/,rotato.xyz,LisaDziuba/Awesome-Design-Tools,Mockup Tools,animated 3D mockups for your app designs,MIT,,1
Rotato 3D mockups,https://rotato.xyz,rotato.xyz,gztchan/awesome-design,Mockup,,CC0-1.0 (stated in README),,1
Roughnotation,https://roughnotation.com/,roughnotation.com,bradtraversy/design-resources-for-developers,Javascript Animation Libraries,Rough Notation is a small JavaScript library to create and animate annotations on a web page,MIT,,1
Round Icons,https://roundicons.com/,roundicons.com,bradtraversy/design-resources-for-developers,Icons,"The world's biggest premium and free icon packs library of flat icons, line icons, filled outline, isometric and solid styles",MIT,,1
"THE 3 HACKS THAT GOT SPRINGSLED 138,790 USERS IN LESS THAN 40 DAYS",http://roy.roypovarchik.com/2014/07/springsled-users,roy.roypovarchik.com,bekatom/awesome-growth-hacking,Growth Hacking with Referrals,,other (see repo LICENSE),,1
Raster Simple Grid System,https://rsms.me/raster/,rsms.me,bradtraversy/design-resources-for-developers,CSS Frameworks,Minimal and straight-forward CSS grid system utilizing descriptive HTML rather than semantic CSS,MIT,,1
React Suite,https://rsuitejs.com/en/,rsuitejs.com,bradtraversy/design-resources-for-developers,React UI Libraries,"A suite of React components, sensible UI design, and a friendly development experience",MIT,,1
RudderStack,https://rudderstack.com,rudderstack.com,samber/awesome-user-research,Analytics > Customer data platform,Open source platform for streaming data from your website to any modern stack,CC-BY-4.0,,1
DSK,https://rundsk.com,rundsk.com,LisaDziuba/Awesome-Design-Tools,Design System Tools,short for “Design System Kit” – a workbench for collaboratively creating Design Systems,MIT,,1
RunJS,https://runjs.app/play,runjs.app,bradtraversy/design-resources-for-developers,Others,Free online JavaScript playground,MIT,,1
Resources for Growth hackers,http://ryanholiday.net/my-resources-for-growth-hacking/,ryanholiday.net,bekatom/awesome-growth-hacking,Resources,,other (see repo LICENSE),,1
Saas Pages,https://saaspages.xyz/,saaspages.xyz,LisaDziuba/Awesome-Design-Tools,Design Inspiration,a collection of the best landing pages with a focus on copywriting and design,MIT,,1
Saaspages.xyz,https://saaspages.xyz,saaspages.xyz,bradtraversy/design-resources-for-developers,Design Inspiration,A collection of the best landing pages with a focus on copywriting and design,MIT,,1
Influence without authority,http://www.sachinrekhi.com/blog/2013/02/19/the-most-underrated-product-management-skill-influence-without-authority,sachinrekhi.com,ProductHired/open-product-management,Become The Best In The Field,Sachin Rekhi,none stated,,1
Mastering Effective Communication as a Product Manager,https://www.sachinrekhi.com/mastering-effective-communication-as-a-product-manager,sachinrekhi.com,dend/awesome-product-management,Articles > Team Collaboration & Leadership,By Sachin Rekhi,CC0-1.0,,1
The Top 10 Deliverables of Product Managers,https://www.sachinrekhi.com/top-10-deliverables-of-product-managers,sachinrekhi.com,dend/awesome-product-management,Articles > Team Collaboration & Leadership,By Sachin Rekhi,CC0-1.0,,1
What is Product Management?,http://www.sachinrekhi.com/blog/2013/01/28/what-is-product-management,sachinrekhi.com,ProductHired/open-product-management,What Is Product Management?,Sachin Rekhi,none stated,,1
ICONO,http://saeedalipoor.github.io/icono/,saeedalipoor.github.io,gztchan/awesome-design,Icon and Logo,"pure css icons, with only one element",CC0-1.0 (stated in README),,1
Sage by Kajabi,https://sage.kajabi.com,sage.kajabi.com,alexpate/awesome-design-systems,Design Systems,,Unlicense,,1
Brand Style Guide Examples,https://saijogeorge.com/brand-style-guide-examples/,saijogeorge.com,gztchan/awesome-design,Styleguide and Branding,,CC0-1.0 (stated in README),,1
5 Tips for a Successful Customer Referral Program,https://www.salesforce.com/blog/2013/08/customer-referral-program.html?utm_content=buffer2ca36&utm_source=buffer&utm_medium=twitter&utm_campaign=Buffer,salesforce.com,bekatom/awesome-growth-hacking,Growth Hacking with Referrals,,other (see repo LICENSE),,1
SammaPix,https://www.sammapix.com/tools/compress,sammapix.com,bradtraversy/design-resources-for-developers,Image Compression,"Compress JPG, PNG and WebP directly in the browser via Canvas and WebAssembly. No upload, no account. Part of a 51-tool suite (HEIC/WebP/JXL conversion, RAW, EXIF removal)",MIT,,1
Sans Forgetica,http://sansforgetica.rmit/,sansforgetica.rmit,LisaDziuba/Awesome-Design-Tools,Font Tools,a downloadable font that is scientifically designed to help you remember your study notes,MIT,,1
Fundamental Library,https://sap.github.io/fundamental-styles/,sap.github.io,bradtraversy/design-resources-for-developers,Design Systems & Style Guides,Open source and community driven project for consistent user interfaces,MIT,,1
Granim.js,https://sarcadass.github.io/granim.js/index.html,sarcadass.github.io,bradtraversy/design-resources-for-developers,Javascript Animation Libraries,Create fluid and interactive gradient animations with this small javascript library,MIT,,1
Sargam Icons,https://sargamicons.com/,sargamicons.com,bradtraversy/design-resources-for-developers,Icons,"A collection of 275+ open-source icons available for Figma, SVGs, and React",MIT,,1
Animatopy,https://sarthology.github.io/Animatopy/,sarthology.github.io,bradtraversy/design-resources-for-developers,CSS Animations,Just-add-water CSS animations snippets,MIT,,1
Saruwakakun,https://saruwakakun.com/en/color-ideas,saruwakakun.com,bradtraversy/design-resources-for-developers,Colors,The stunning color scheme for website & App Designs with previews,MIT,,1
SceneLab,https://scenelab.io,scenelab.io,LisaDziuba/Awesome-Design-Tools,Mockup Tools,create realistic mockups and customized brand designs online,MIT,,1
scienceimage,https://www.scienceimage.csiro.au,scienceimage.csiro.au,bradtraversy/design-resources-for-developers,Stock Photos,An image library specializing in science and nature images,MIT,,1
How to run a design critique,http://scottberkun.com/essays/23-how-to-run-a-design-critique/,scottberkun.com,ProductHired/open-product-management,Give and Receive Feedback,Scott Berkun,none stated,,1
Screenlane,https://screenlane.com,screenlane.com,bradtraversy/design-resources-for-developers,Design Inspiration,Screenlane is a website and newsletter that features the latest web and mobile design inspiration,MIT,,1
Screen Peak,https://screenpeek.io/,screenpeek.io,bradtraversy/design-resources-for-developers,Product & Image Mockups,Create a mockup from a URL,MIT,,1
Screenshot.rocks,https://screenshot.rocks/,screenshot.rocks,bradtraversy/design-resources-for-developers,Product & Image Mockups,Create beautiful browser & mobile mockups in seconds,MIT,,1
ScreenshotAPI.net,https://screenshotapi.net,screenshotapi.net,LisaDziuba/Awesome-Design-Tools,Screenshot Software,create pixel-perfect full page website screenshots,MIT,,1
ScreenToGif,https://www.screentogif.com/,screentogif.com,LisaDziuba/Awesome-Design-Tools,Screenshot Software,record a gif of part of the screen. Only available for Windows,MIT,,1
Screenzy,https://screenzy.io,screenzy.io,LisaDziuba/Awesome-Design-Tools,Mockup Tools,instantly transform your pictures and screenshots into beautiful mockups ready to be shared on social media,MIT,,1
"Guy Kawasaki, proto-evangelist",http://scripting.com/2024/10/08/155702.html,scripting.com,dend/awesome-product-management,Articles > Growth & Marketing,By Dave Winer,CC0-1.0,,1
Scrollbar.app,https://scrollbar.app,scrollbar.app,bradtraversy/design-resources-for-developers,Online Design Tools,Simple online editor for creating custom CSS scrollbars,MIT,,1
Scrupp,https://scrupp.com,scrupp.com,bekatom/awesome-growth-hacking,Tools,"Chrome extension that extracts verified emails and phones from LinkedIn Sales Navigator, with waterfall verification and CSV/Google Sheets export",other (see repo LICENSE),,1
Creative Commons,https://search.creativecommons.org,search.creativecommons.org,bradtraversy/design-resources-for-developers,Stock Photos,,MIT,,1
Mulzli Search,https://search.muz.li,search.muz.li,bradtraversy/design-resources-for-developers,Design Inspiration,Search engine for design inspiration,MIT,,1
An Epic List of 100 Growth Hacks for Startups,http://www.searchenginejournal.com/epic-list-100-growth-hacks-startups/118690/?replytocom=1968614,searchenginejournal.com,bekatom/awesome-growth-hacking,Articles,,other (see repo LICENSE),,1
23 tips on how to AB test like a badass,https://searchenginewatch.com/sew/how-to/2223888/23-tips-on-how-to-a-b-test-like-a-badass,searchenginewatch.com,batoreh/awesome-ux,Articles > General/Introdutions,,CC0-1.0,,1
Braid Design System,https://seek-oss.github.io/braid-design-system/,seek-oss.github.io,alexpate/awesome-design-systems,Design Systems,,Unlicense,,1
Segment,https://segment.com,segment.com,samber/awesome-user-research,Analytics > Customer data platform,"Collect, clean, and activate your customer data",CC-BY-4.0,,1
Semantic UI Vue,https://semantic-ui-vue.github.io,semantic-ui-vue.github.io,bradtraversy/design-resources-for-developers,Vue UI Libraries,Semantic UI Vue is the Vue integration for Semantic UI,MIT,,1
Semantic UI,https://semantic-ui.com/,semantic-ui.com,bradtraversy/design-resources-for-developers,CSS Frameworks,Empowers designers and developers by creating a shared vocabulary for UI,MIT,,1
SemiPermanent,https://www.semipermanent.com,semipermanent.com,gztchan/awesome-design,Conference and Festival,,CC0-1.0 (stated in README),,1
Sequence.js,https://www.sequencejs.com/,sequencejs.com,bradtraversy/design-resources-for-developers,CSS Animations,"Sequence.js is a JavaScript library that provides a responsive CSS framework for creating unique sliders, presentations, banners, and other step-based applications",MIT,,1
What The Google Font,https://www.serbyte.net/what-the-google-font,serbyte.net,bradtraversy/design-resources-for-developers,Fonts,"Upload an image to find the closest Google Font match with confidence scores, then download for free",MIT,,1
Badass: Making Users Awesome,http://seriouspony.com/badass-users-the-book,seriouspony.com,ProductHired/open-product-management,Books > Design,Kathy Sierra,none stated,,1
NHS.UK Service Manual,https://service-manual.nhs.uk/,service-manual.nhs.uk,alexpate/awesome-design-systems,Design Systems,,Unlicense,,1
Service Design Days,http://servicedesigndays.com/,servicedesigndays.com,gztchan/awesome-design,Conference and Festival,,CC0-1.0 (stated in README),,1
SETools.xyz,https://www.setools.xyz/,setools.xyz,bradtraversy/design-resources-for-developers,Others,Free Online tools website for work,MIT,,1
shadcn-svelte,https://www.shadcn-svelte.com/,shadcn-svelte.com,bradtraversy/design-resources-for-developers,Svelte UI Libraries,shadcn-svelte is an unofficial community-led Svelte port of shadcn/ui,MIT,,1
shadcn-vue,https://www.shadcn-vue.com/,shadcn-vue.com,bradtraversy/design-resources-for-developers,Vue UI Libraries,Vue port of shadcn-ui,MIT,,1
Shadcn Admin,https://shadcnadmin.com/,shadcnadmin.com,bradtraversy/design-resources-for-developers,UI Components & Kits,"A multipurpose admin dashboard template for React, Next.js, and Vue.js. Fully compatible with shadcn/ui",MIT,,1
Shadcn Examples,https://shadcnexamples.com/,shadcnexamples.com,bradtraversy/design-resources-for-developers,UI Components & Kits,"Examples and components built with React and Tailwind CSS, compatible with Shadcn UI",MIT,,1
Shadcn studio,https://shadcnstudio.com/,shadcnstudio.com,bradtraversy/design-resources-for-developers,UI Components & Kits,Preview your theme changes across different components and layouts,MIT,,1
Shadcn Templates,https://shadcntemplates.com/,shadcntemplates.com,bradtraversy/design-resources-for-developers,React UI Libraries,"Free collection of Shadcn UI templates, components, blocks, boilerplates, and more",MIT,,1
Shadcnui Blocks,https://www.shadcnui-blocks.com/,shadcnui-blocks.com,bradtraversy/design-resources-for-developers,UI Components & Kits,Effortless Shadcn UI Component Previews & Code Snippets,MIT,,1
Shademix,https://shademix.com,shademix.com,bradtraversy/design-resources-for-developers,Colors,"Free color toolkit: eyedropper, 10 paint-system matcher (RAL, NCS, Pantone-equivalent), OKLCH harmonies, WCAG contrast, CMYK warnings, 11 export formats. Web + iPhone/iPad/Mac/Vision Pro. No signup",MIT,,1
ShadeSwash,https://shadeswash.netlify.app/,shadeswash.netlify.app,bradtraversy/design-resources-for-developers,Colors,Quickly generate shades of any color,MIT,,1
Shapes.so,https://shape.so/pricing,shape.so,bradtraversy/design-resources-for-developers,Downloadable Design Software,Icons that can be used as code in your projects,MIT,,1
Shapedfonts Iconclub,https://shapedfonts.com/iconclub/,shapedfonts.com,bradtraversy/design-resources-for-developers,Icons,8000+ free icons,MIT,,1
Custom Shape Dividers,https://www.shapedivider.app/,shapedivider.app,bradtraversy/design-resources-for-developers,Vectors & Clip Art,Free tool to make it easier for designers and developers to export a beautiful SVG shape divider,MIT,,1
Share Icon,https://www.shareicon.net/,shareicon.net,LisaDziuba/Awesome-Design-Tools,Icons Tools,more than 300 000 free download icons in different formats,MIT,,1
sheet2api,https://sheet2api.com/,sheet2api.com,LisaDziuba/Awesome-Design-Tools,No Code Tools,"create an API from Google Sheets or Excel Online Spreadsheets, no coding required",MIT,,1
Sheet2Site,https://www.sheet2site.com/,sheet2site.com,LisaDziuba/Awesome-Design-Tools,No Code Tools,create a website from Google Sheets without writing code,MIT,,1
Shitty Icons,https://shittyicons.com/,shittyicons.com,bradtraversy/design-resources-for-developers,Icons,Collection of Free icons,MIT,,1
Shoelace,https://shoelace.style,shoelace.style,alexpate/awesome-design-systems,Design Systems,,Unlicense,,1
Shoelace.css,https://www.shoelace.style/,shoelace.style,bradtraversy/design-resources-for-developers,CSS Frameworks,"Lightweight, forward-thinking CSS library built with future CSS syntax",MIT,,1
Designing Products People Love,http://shop.oreilly.com/product/0636920038917.do?cmp=tw-design-books-videos-product-promo_cmjy_dp&ref=producthunt,shop.oreilly.com,ProductHired/open-product-management,Books > Design,How great designers create successful products,none stated,,1
How To Get Media Coverage for Your Brand,https://www.shopify.com/blog/15973132-hacking-the-press-clever-ways-to-get-free-press-coverage-with-zero-budget#,shopify.com,dend/awesome-product-management,Articles > Growth & Marketing,By Michael Keenan,CC0-1.0,,1
Shopify,https://www.shopify.com/,shopify.com,LisaDziuba/Awesome-Design-Tools,No Code Tools,"one platform with all the e-commerce and point of sale features you need to start, run, and grow your business",MIT,,1
Shop Talk,http://shoptalkshow.com/,shoptalkshow.com,gztchan/awesome-design,Podcast,is an internet radio show about the internet starring Dave Rupert and Chris Coyier,CC0-1.0 (stated in README),,1
shortcode.dev,https://shortcode.dev,shortcode.dev,bradtraversy/design-resources-for-developers,Others,"A collection of useful snippets and code examples for HTML, CSS, JavaScript, Node, Artisan, Blade and more",MIT,,1
Shot Snap,https://shotsnapp.com/,shotsnapp.com,bradtraversy/design-resources-for-developers,Product & Image Mockups,Create beautiful device mockup images for your app or website design,MIT,,1
shotsnapp,https://shotsnapp.com/,shotsnapp.com,LisaDziuba/Awesome-Design-Tools,Mockup Tools,create beautiful device mockup presentation for your digital app and website design,MIT,,1
ShotStash,https://shotstash.com/,shotstash.com,LisaDziuba/Awesome-Design-Tools,Stock Photos Tools,thousands of free high-resolution CC0 photos and videos,MIT,,1
Shoutem UI,https://shoutem.github.io/docs/ui-toolkit/introduction,shoutem.github.io,bradtraversy/design-resources-for-developers,React Native UI Libraries,Shoutem UI toolkit enables you to build professionally looking React Native apps with ease,MIT,,1
Showcode,https://showcode.app,showcode.app,bradtraversy/design-resources-for-developers,Others,Beautiful code screenshot generator,MIT,,1
Sidebar,https://sidebar.io/,sidebar.io,gztchan/awesome-design,Read and Digest,"has been collecting the best links about UI design, typography, CSS, user research, and all other facets of design since 2012. 🌟",CC0-1.0 (stated in README),,1
Signal v. noise: design,https://signalvnoise.com/design,signalvnoise.com,batoreh/awesome-ux,Blogs,The UX section of Signal v. noise site,CC0-1.0,,1
You don’t need a product roadmap,https://signalvnoise.com/posts/694-you-dont-need-a-product-road-map,signalvnoise.com,ProductHired/open-product-management,"Roadmaps, Planning, and Prioritization",David Heinemeier Hansson,none stated,,1
Siiimple,https://siiimple.com/,siiimple.com,gztchan/awesome-design,Read and Digest,,CC0-1.0 (stated in README),,1
Simple Parallax,https://simpleparallax.com/,simpleparallax.com,bradtraversy/design-resources-for-developers,Javascript Animation Libraries,The easiest way to get a parallax effect with javascript,MIT,,1
SVG sine waves,https://www.sinwaver.com/,sinwaver.com,bradtraversy/design-resources-for-developers,UI Graphics,Export perfect sine waves as SVG for your front-end projects,MIT,,1
Critical Path CSS Generator,https://www.sitelocity.com/critical-path-css-generator,sitelocity.com,bradtraversy/design-resources-for-developers,Others,Generate critical css for your web pages,MIT,,1
Measure Success,https://www.sitepoint.com/how-do-you-measure-the-success-or-failure-of-your-ux-design/,sitepoint.com,ttt30ga/awesome-product-design,Research > Testing,How Do You Measure the Success (or Failure) - of Your UX Design?,CC0-1.0,,1
Sitepoint Blog,https://www.sitepoint.com/blog/,sitepoint.com,gztchan/awesome-design,Read and Digest,,CC0-1.0 (stated in README),,1
Harvard Business School PM 101,https://sites.google.com/site/hbspm101/home,sites.google.com,ProductHired/open-product-management,Resource Repositories,Online resource repository from Harvard Business School PM 101 course (old site),none stated,,1
SiteSee,https://sitesee.co/,sitesee.co,bradtraversy/design-resources-for-developers,Design Inspiration,A curated gallery of beautiful and modern websites,MIT,,1
SaaS growth hacking strategies,http://sixteenventures.com/growth-hacking-resources,sixteenventures.com,bekatom/awesome-growth-hacking,Resources,,other (see repo LICENSE),,1
Size Calculator,https://sizecalc.com/,sizecalc.com,LisaDziuba/Awesome-Design-Tools,Font Tools,calculate the perceived size using viewing distance and physical size of the printed typography,MIT,,1
Skeleton,https://www.skeleton.dev/,skeleton.dev,bradtraversy/design-resources-for-developers,Svelte UI Libraries,Skeleton is an open source UI toolkit built with Svelte + Tailwind that allows you to create reactive web interfaces using Svelte + Tailwind CSS,MIT,,1
Sketch.systems,https://sketch.systems/,sketch.systems,LisaDziuba/Awesome-Design-Tools,User Flow Tools,ui and flow design with interactive state machines,MIT,,1
Sketch App Sources,https://www.sketchappsources.com/,sketchappsources.com,bradtraversy/design-resources-for-developers,UI Graphics,"Sketch UIs, wireframes, icons and much more",MIT,,1
Sketch Master,https://sketchmaster.com/,sketchmaster.com,LisaDziuba/Awesome-Design-Tools,Tools for Learning Design,a collection of video training courses for professionals learning Sketch,MIT,,1
Sketchsheets,https://sketchsheets.com/,sketchsheets.com,LisaDziuba/Awesome-Design-Tools,Sketching Tools,an open source project dedicated to providing free printable templates of the latest devices and platforms for wireframing designs,MIT,,1
SketchUp,https://www.sketchup.com,sketchup.com,LisaDziuba/Awesome-Design-Tools,Three D Modeling Software,"3D design software that truly makes 3D modeling for everyone, with a simple to learn yet robust toolset",MIT,,1
SketchValley,https://sketchvalley.com/,sketchvalley.com,bradtraversy/design-resources-for-developers,UI Graphics,"385+ free SVG and PNG illustrations in flat, 3D and hand-drawn styles. Commercial use with no attribution required",MIT,,1
Skoda Brand System,https://skoda-brand.com/explore-our-brand,skoda-brand.com,bradtraversy/design-resources-for-developers,Design Systems & Style Guides,Design guideline for developing applications under the Skoda brand,MIT,,1
Backpack (Skyscanner),https://skyscanner.design/,skyscanner.design,alexpate/awesome-design-systems,Design Systems,,Unlicense,,1
The Free X Growth Course,https://slappost.app/learn/,slappost.app,bekatom/awesome-growth-hacking,Resources,"5 free no-login lessons on growing on X (Twitter): hooks, threads, X's open-source algorithm, replies, and your profile funnel",other (see repo LICENSE),,1
Slickr,https://slickr.vercel.app/,slickr.vercel.app,bradtraversy/design-resources-for-developers,Online Design Tools,A tool for designing cover image for your blog,MIT,,1
150 growth leaders you must follow,http://www.slideshare.net/FaisalAlKhalidi/150-growth-leaders-you-must-follow-on-twitter?utm_content=bufferce160&utm_medium=social&utm_source=facebook.com&utm_campaign=buffer,slideshare.net,bekatom/awesome-growth-hacking,Growth Hackers,,other (see repo LICENSE),,1
Data driven design research personas and the persona DNA profile.(slides),http://www.slideshare.net/toddwarfel/data-driven-design-research-personas/10-As_a_design_research_tool,slideshare.net,batoreh/awesome-ux,Articles > User Research,,CC0-1.0,,1
Early Google Case Study,http://www.slideshare.net/ashwin_sharma/google-case-study,slideshare.net,ProductHired/open-product-management,Product Case Studies,Google Case Study,none stated,,1
Executioner's tale,http://www.slideshare.net/cwodtke/the-executioners-tale-34241002,slideshare.net,domenicosolazzo/awesome-okr,Slides,"The slides from the talk ""Executioner's tale"" by Christina Wodtke",CC0-1.0,,1
Facebook Case Study,http://www.slideshare.net/misteroo/facebook-analysis-and-study/17-Facebook_is_offering_new_advertisingproducts,slideshare.net,ProductHired/open-product-management,Product Case Studies,Facebook Analysis and Study,none stated,,1
From Intel to Google,http://www.slideshare.net/andrefaria/ok-rs,slideshare.net,domenicosolazzo/awesome-okr,Slides,How to achieve your targets with the methodology invented at Intel and used by Google,CC0-1.0,,1
Growth hacking guid,http://www.slideshare.net/DavidArnoux1/growth-hacking-guide-mindset-framework-and-tools,slideshare.net,bekatom/awesome-growth-hacking,What is Growth Hacking,,other (see repo LICENSE),,1
Growth Hacking Roadmap,http://www.slideshare.net/MarkDAndersen/growth-hacking-roadmap?qid=8493d8c5-507c-4669-b29d-8f767a887edf&v=qf1&b=&from_search=60,slideshare.net,bekatom/awesome-growth-hacking,What is Growth Hacking,,other (see repo LICENSE),,1
How to define good OKRs,http://www.slideshare.net/HenrikJanVanderPol/how-to-set-good-ok-rs,slideshare.net,domenicosolazzo/awesome-okr,Slides,Great slides describing how to set good OKRs,CC0-1.0,,1
How to implement OKRs to drive company performance,http://www.slideshare.net/7Geese/learn-how-to-implement-okrs-to-drive-company-performance,slideshare.net,domenicosolazzo/awesome-okr,Slides,Learn how to implement the OKRs goal-setting process to drive company performance,CC0-1.0,,1
OKR - a guide to objectives and key results,http://www.slideshare.net/DanKeegan/okr-a-guide-to-objectives-and-key-results-36471600,slideshare.net,domenicosolazzo/awesome-okr,Slides,,CC0-1.0,,1
OKR - Objectives and Key Results,http://www.slideshare.net/weekdone/okr-objectives-and-keyresults,slideshare.net,domenicosolazzo/awesome-okr,Slides,A great overview about OKRs by WeekDone,CC0-1.0,,1
OKR: A guide,http://www.slideshare.net/mustansir78/guide-to-okr-objectives-key-results,slideshare.net,domenicosolazzo/awesome-okr,Slides,What are OKRs and what's in it for me?,CC0-1.0,,1
Organizing and engineering Team on Asana,http://www.slideshare.net/asana/organizing-an-engineering-team-using-asana,slideshare.net,domenicosolazzo/awesome-okr,Slides,How Asana uses Key Results in their engineering team,CC0-1.0,,1
Power your business with OKR,http://www.slideshare.net/wrike/power-your-business-with-okrs/17-Awardwinning_Collaboration_Project_Management_SoftwareBrought,slideshare.net,domenicosolazzo/awesome-okr,Slides,An overview about OKR and how to power your business by Wrike,CC0-1.0,,1
Rules of Referrals,http://www.slideshare.net/500startups/09-ivan-kirigin-yes-graph-final?ref=http://growthhackers.com/slides/27-referral-program-hack-tics-in-20-minutes-by-ivan-kirigin,slideshare.net,bekatom/awesome-growth-hacking,Growth Hacking with Referrals,,other (see repo LICENSE),,1
SlideShare,https://www.slideshare.net/HJKwon3/design-research-synthesis,slideshare.net,ttt30ga/awesome-product-design,Research > Methods > Research Synthesis,Design Research Synthesis,CC0-1.0,,1
The 6 major benefits of OKR,http://www.slideshare.net/HenrikJanVanderPol/okrs-6-most-important-benefits-of-objectives-key-results/9-About_the_authorHenrikJan_is_an,slideshare.net,domenicosolazzo/awesome-okr,Slides,A description of the major benefits when using OKRs in your company,CC0-1.0,,1
The Basics of OKR,http://www.slideshare.net/HenrikJanVanderPol/how-to-outperform-anyone-else-introduction-to-okr,slideshare.net,domenicosolazzo/awesome-okr,Slides,Nice presentation presenting basic concepts of OKR,CC0-1.0,,1
The Guide to Objectives and Key Results,http://www.slideshare.net/BetterWorks/the-guide-to-okrs,slideshare.net,domenicosolazzo/awesome-okr,Slides,A light-weight and informative overview of OKR by Benchify,CC0-1.0,,1
Sloppy UI,https://sloppyui.tumblr.com/,sloppyui.tumblr.com,ttt30ga/awesome-product-design,UI > Inspiration,"It's all about intellectual honesty, not trolling",CC0-1.0,,1
SMACSS,http://smacss.com/,smacss.com,bradtraversy/design-resources-for-developers,CSS Methodologies,SMACSS is a way to examine your design process and as a way to fit those rigid frameworks into a flexible thought process,MIT,,1
SmallDev.tools,https://SmallDev.tools/,smalldev.tools,bradtraversy/design-resources-for-developers,Others,"Free tool for developers to help with Beautify & Minify HTML/CSS/Javascript, and many other handy tools. With a delightful interface",MIT,,1
Servier Medical Art,https://smart.servier.com,smart.servier.com,bradtraversy/design-resources-for-developers,Vectors & Clip Art,3000 free medical images to illustrate your publications and PowerPoint presentations,MIT,,1
Smartmockups app,https://smartmockups.com/,smartmockups.com,gztchan/awesome-design,Mockup,The #1 tool for creating stunning marketing images,CC0-1.0 (stated in README),,1
Smartsheet,https://www.smartsheet.com/,smartsheet.com,ProductHired/open-product-management,Team Management,"Microsoft Project alternative, best used for scheduling and resource management",none stated,,1
Smashicons,https://smashicons.com/,smashicons.com,gztchan/awesome-design,Icon and Logo,"is the largest and most distinct Icon Pack in the World. Smashicons offers the simplest, effortless way to use icons",CC0-1.0 (stated in README),,1
A Comprehensive Guide To Product Design,https://www.smashingmagazine.com/2018/01/comprehensive-guide-product-design/,smashingmagazine.com,dend/awesome-product-management,Articles > Product Development & Process,By Nick Babich,CC0-1.0,,1
Malayalam Fonts,https://smc.org.in/fonts/,smc.org.in,bradtraversy/design-resources-for-developers,Fonts,Malayalam fonts for free which are maintained by Swathanthra Malayalam Computing(SMC),MIT,,1
Snapchat,https://www.snapchat.com/brand-guidelines#general-usage-guidelines,snapchat.com,gztchan/awesome-design,Styleguide and Branding,,CC0-1.0 (stated in README),,1
Snappy,http://snappy-app.com/,snappy-app.com,LisaDziuba/Awesome-Design-Tools,Screenshot Software,takes quick shots and organizes them for you into collections,MIT,,1
Sneakpeekit,https://sneakpeekit.com/,sneakpeekit.com,LisaDziuba/Awesome-Design-Tools,Sketching Tools,print note taking grids and devices frames,MIT,,1
Snook,"https://snook.ca/technical/colour_contrast/colour.html#fg=515A5F,bg=FFFFFF",snook.ca,ttt30ga/awesome-product-design,Accessibility > Tools,Colour Contrast Check,CC0-1.0,,1
Snowplow Analytics,https://snowplowanalytics.com/,snowplowanalytics.com,ProductHired/open-product-management,Analytics,"Open source web, mobile and event analytics platform",none stated,,1
SocialBu,https://socialbu.com/,socialbu.com,bekatom/awesome-growth-hacking,Tools,"AI-powered social media management and automation platform for scheduling, publishing, and growing your social presence",other (see repo LICENSE),,1
SocialSizes,https://socialsizes.io/,socialsizes.io,LisaDziuba/Awesome-Design-Tools,SMM Design Tools,provides designers with the best sizes to use for image and video content on social media,MIT,,1
Software Product Management Stack,http://softwareproductmanagement.co/,softwareproductmanagement.co,ProductHired/open-product-management,Resource Repositories,A curated list of Product Manager articles and resources,none stated,,1
BuzzFeed Solid,https://solid.buzzfeed.com/,solid.buzzfeed.com,alexpate/awesome-design-systems,Design Systems,,Unlicense,,1
Agile Glossary,https://www.solutionsiq.com/agile-glossary,solutionsiq.com,lorabv/awesome-agile,The Fundamentals,,CC0-1.0,,1
Resources Archive - SolutionsIQ,https://www.solutionsiq.com/resource,solutionsiq.com,lorabv/awesome-agile,Blogs and Podcasts,,CC0-1.0,,1
Sonic Pi,https://sonic-pi.net/,sonic-pi.net,LisaDziuba/Awesome-Design-Tools,Sound Design,a live coding music synth,MIT,,1
Sonner,https://sonner.emilkowal.ski/,sonner.emilkowal.ski,bradtraversy/design-resources-for-developers,UI Components & Kits,An opinionated toast component for React,MIT,,1
SoundKit,https://soundkit.io/,soundkit.io,LisaDziuba/Awesome-Design-Tools,Sound Design,a UI sound library designed for all of your interface needs,MIT,,1
Spark AR Studio,https://www.sparkar.com,sparkar.com,LisaDziuba/Awesome-Design-Tools,Augmented Reality,сreate AR experiences for Instagram without code,MIT,,1
Sparkle,https://sparkleapp.com/,sparkleapp.com,LisaDziuba/Awesome-Design-Tools,Design to Code Tools,"the easiest way to make a real website, no code, no jargon",MIT,,1
spartan,https://www.spartan.ng/,spartan.ng,bradtraversy/design-resources-for-developers,Angular UI Libraries,Cutting-edge tools powering Angular full-stack development,MIT,,1
Design Details Podcast,https://spec.fm/podcasts/design-details,spec.fm,gztchan/awesome-design,Podcast,A weekly conversation about design process and culture,CC0-1.0 (stated in README),,1
Specctr,https://specctr.com,specctr.com,LisaDziuba/Awesome-Design-Tools,Design Handoff Tools,"in the unfortunate event you're designing UI in PS, AI, or ID this tool creates redline annotations",MIT,,1
Specify,https://www.specifyapp.com/,specifyapp.com,LisaDziuba/Awesome-Design-Tools,Design System Tools,"a tool to create, scale and maintain a design system",MIT,,1
Speckyboy,https://speckyboy.com/,speckyboy.com,gztchan/awesome-design,Read and Digest,was launched with the intent of serving as an inspirational hub for web designers,CC0-1.0 (stated in README),,1
Adobe Spectrum,https://spectrum.adobe.com,spectrum.adobe.com,alexpate/awesome-design-systems,Design Systems,,Unlicense,,1
Spectrum,https://spectrum.adobe.com/,spectrum.adobe.com,bradtraversy/design-resources-for-developers,Design Systems & Style Guides,"Adobe’s design system that provides components and tools to help product teams work more efficiently, and to make Adobe’s applications more cohesive",MIT,,1
Spirit,https://spiritapp.io/,spiritapp.io,LisaDziuba/Awesome-Design-Tools,Animation Tools,the animation tool that helps you to create and manage the animations real-time in the browser,MIT,,1
Splawr,https://splawr.com/,splawr.com,bradtraversy/design-resources-for-developers,HTML & CSS Templates,Free web templates to kickstart your idea!,MIT,,1
Splide,https://splidejs.com,splidejs.com,bradtraversy/design-resources-for-developers,Javascript Animation Libraries,"Free, pure JS library for carousels and sliders",MIT,,1
splidejs,https://splidejs.com/,splidejs.com,bradtraversy/design-resources-for-developers,Javascript Animation Libraries,"Splide is a lightweight, flexible and accessible slider/carousel written in TypeScript. No dependencies, no Lighthouse errors",MIT,,1
Split.io,https://split.io,split.io,samber/awesome-user-research,Feature flags & experimentation,Feature flags with built-in impact measurement,CC-BY-4.0,,1
Splitting.js,https://splitting.js.org/,splitting.js.org,bradtraversy/design-resources-for-developers,Javascript Animation Libraries,"Splitting creates elements and adds CSS variables to unlock amazing possibilities for animating text, grids, and more!",MIT,,1
Sprig,https://sprig.com,sprig.com,samber/awesome-user-research,Survey > In-app surveys,In-product surveys and concept testing tied to real user segments,CC-BY-4.0,,1
Seeds,https://sproutsocial.com/seeds,sproutsocial.com,alexpate/awesome-design-systems,Design Systems,,Unlicense,,1
Square Face Avatar Generator,https://www.squarefaceicongenerator.co/,squarefaceicongenerator.co,bradtraversy/design-resources-for-developers,UI Graphics,Generate square-face avatars & icons online,MIT,,1
Squircley,https://squircley.app/,squircley.app,LisaDziuba/Awesome-Design-Tools,Illustrations,all you need to start creating beautiful SVG squircles,MIT,,1
Squoosh.app,https://squoosh.app/,squoosh.app,bradtraversy/design-resources-for-developers,Image Compression,Image compression from Google Chrome Labs,MIT,,1
ANDI,https://www.ssa.gov/accessibility/andi/help/install.html,ssa.gov,LisaDziuba/Awesome-Design-Tools,Accessibility Tools,"accessibility testing tool for web content (bookmarklet). It will automatically detect accessibility issues, give suggestions to improve online accessibility and check 508 compliance",MIT,,1
NASA 2011,https://sservi.nasa.gov/wp-content/uploads/2011/10/NASA_Style_Guide_v2.1.pdf,sservi.nasa.gov,gztchan/awesome-design,Styleguide and Branding,,CC0-1.0 (stated in README),,1
So You Wanted to be a Product Manager,https://stackoverflow.blog/2020/01/09/humor-so-you-wanted-to-be-a-product-manager/,stackoverflow.blog,dend/awesome-product-management,Articles > Career Development & Skills,By Scott C. Reynolds,CC0-1.0,,1
Stacks – Stack Overflow,https://stackoverflow.design/,stackoverflow.design,alexpate/awesome-design-systems,Design Systems,,Unlicense,,1
Staff Engineer,https://staffeng.com/book,staffeng.com,dend/awesome-product-management,Books > Team Leadership & Management,By Will Larson,CC0-1.0,,1
Starbucks,https://www.starbucks.com/static/reference/styleguide/,starbucks.com,gztchan/awesome-design,Styleguide and Branding,,CC0-1.0 (stated in README),,1
Start Bootstrap,https://startbootstrap.com/,startbootstrap.com,bradtraversy/design-resources-for-developers,HTML & CSS Templates,Bootstrap starter themes,MIT,,1
List of Growth hackers,http://startitup.co/guides/628/list-of-growth-hackers,startitup.co,bekatom/awesome-growth-hacking,Growth Hackers,,other (see repo LICENSE),,1
The Startup Pyramid,http://www.startup-marketing.com/the-startup-pyramid/,startup-marketing.com,bekatom/awesome-growth-hacking,Articles,,other (see repo LICENSE),,1
Who is growth hacker?,http://www.startup-marketing.com/where-are-all-the-growth-hackers/,startup-marketing.com,bekatom/awesome-growth-hacking,What is Growth Hacking,,other (see repo LICENSE),,1
How to build products users love,http://startupclass.samaltman.com/courses/lec07/,startupclass.samaltman.com,ProductHired/open-product-management,Building Great Products,Kevin Hale,none stated,,1
The product manager’s lament,http://www.startuplessonslearned.com/2008/10/product-managers-lament.html,startuplessonslearned.com,ProductHired/open-product-management,How To Work With X,Eric Ries,none stated,,1
StartupResources.io,https://startupresources.io/,startupresources.io,ProductHired/open-product-management,Mockups and Marketing,Tightly curated lists of the best startup tools,none stated,,1
Finding and Fostering Great Product Sense,https://staysaasy.com/product/2023/05/14/product-sense.html,staysaasy.com,dend/awesome-product-management,Articles > Product Fundamentals & Philosophy,By Stay SaaSy,CC0-1.0,,1
STEEP,https://steep.design/,steep.design,bradtraversy/design-resources-for-developers,Design Inspiration,"Free, curated vertical video ads for motion, typography, branding, and campaign inspiration. Browse by brand or category and save favorites without an account",MIT,,1
Trace,https://stickermule.com/trace,stickermule.com,bradtraversy/design-resources-for-developers,Online Design Tools,Instantly remove the background from your photos,MIT,,1
Sticktail,https://sticktailapp.com/,sticktailapp.com,LisaDziuba/Awesome-Design-Tools,User Research Tools,"a platform for centralizing, finding and sharing user insights within your organization",MIT,,1
Stitches,https://stitches.dev/,stitches.dev,bradtraversy/design-resources-for-developers,UI Components & Kits,"CSS-in-JS with near-zero runtime, SSR, multi-variant support, and a best-in-class developer experience",MIT,,1
Stitches,https://stitches.hyperyolo.com/,stitches.hyperyolo.com,bradtraversy/design-resources-for-developers,UI Components & Kits,An HTML template generator using functional css,MIT,,1
Loopvidz,http://stock.loopvidz.com/,stock.loopvidz.com,bradtraversy/design-resources-for-developers,Stock Videos,Free To Use Cinema graphs Created With VIMAGE App,MIT,,1
StockSnap.io,https://stocksnap.io/,stocksnap.io,LisaDziuba/Awesome-Design-Tools,Stock Photos Tools,a large selection of free stock photos and high-resolution images,MIT,,1
Stocksy,https://www.stocksy.com,stocksy.com,gztchan/awesome-design,Stock,"is home to a highly curated collection of royalty-free stock photography and video footage that is beautiful, distinctive, and highly usable",CC0-1.0 (stated in README),,1
Stockvault,http://www.stockvault.net/,stockvault.net,bradtraversy/design-resources-for-developers,Stock Photos,Categorized stock photos,MIT,,1
Stokpic,http://stokpic.com/,stokpic.com,gztchan/awesome-design,Stock,,CC0-1.0 (stated in README),,1
Difficult Conversations,https://www.stoneandheen.com/difficult-conversations,stoneandheen.com,dend/awesome-product-management,Books > Team Leadership & Management,By Douglas Stone,CC0-1.0,,1
Ramotion Store,https://store.ramotion.com/,store.ramotion.com,LisaDziuba/Awesome-Design-Tools,Mockup Tools,carefully crafted Apple and Android mockups for Sketch and Photoshop,MIT,,1
Stories by Freepik,https://stories.freepik.com/,stories.freepik.com,bradtraversy/design-resources-for-developers,Vectors & Clip Art,A collection of free and customizable illustrations for projects,MIT,,1
Storybook,https://storybook.js.org/,storybook.js.org,LisaDziuba/Awesome-Design-Tools,Design System Tools,"an open-source tool for developing UI components in isolation for React, Vue, and Angular",MIT,,1
StorySwag,https://storyswag.co,storyswag.co,LisaDziuba/Awesome-Design-Tools,Animation Tools,"create stylish animated posts for Instagram and Facebook in just a few taps, all from your mobile phone",MIT,,1
Stratechery by Ben Thompson,https://stratechery.com/,stratechery.com,dend/awesome-product-management,Additional resources,Product and strategy insights from the industry,CC0-1.0,,1
Street Smart Product Manager,http://streetsmartproductmanager.com/,streetsmartproductmanager.com,ProductHired/open-product-management,Online Blogs,Thriving in the urban jungle of product,none stated,,1
STUDIO,https://studio.design/,studio.design,LisaDziuba/Awesome-Design-Tools,Design to Code Tools,"design from scratch, collaborate in real-time and publish websites",MIT,,1
Pixelixe,https://studio.pixelixe.com,studio.pixelixe.com,LisaDziuba/Awesome-Design-Tools,UI Design Tools,"a graphic design tool built for marketers, bloggers and small businesses that needs to create stunning and unique images, graphics or static webpages in minutes",MIT,,1
Buildit Gravity,http://style.buildit.digital/,style.buildit.digital,alexpate/awesome-design-systems,Design Systems,,Unlicense,,1
Vibe,https://style.monday.com/,style.monday.com,alexpate/awesome-design-systems,Design Systems,,Unlicense,,1
Styled components,https://styled-components.com/,styled-components.com,bradtraversy/design-resources-for-developers,UI Components & Kits,"Build beautifully UI Components, for your applications & websites",MIT,,1
StyledStock,https://styledstock.co/,styledstock.co,LisaDziuba/Awesome-Design-Tools,Stock Photos Tools,free feminine stock photography for every woman entrepreneur,MIT,,1
Mailchimp Content Styleguide,https://styleguide.mailchimp.com/,styleguide.mailchimp.com,alexpate/awesome-design-systems,Design Systems,,Unlicense,,1
SendGrid Style Guide,http://styleguide.sendgrid.com/,styleguide.sendgrid.com,bradtraversy/design-resources-for-developers,Design Systems & Style Guides,UI library for developing consistent UI/UX at SendGrid,MIT,,1
Channel4,http://styleguides.channel4.com/E4_StyleGuide.pdf,styleguides.channel4.com,gztchan/awesome-design,Styleguide and Branding,,CC0-1.0 (stated in README),,1
StyleGuides.io,http://styleguides.io/,styleguides.io,bradtraversy/design-resources-for-developers,Design Systems & Style Guides,A directory of 500+ styleguides,MIT,,1
StyleShout,https://www.styleshout.com/free-templates/,styleshout.com,bradtraversy/design-resources-for-developers,HTML & CSS Templates,Brilliantly crafted free website templates,MIT,,1
StyleX,https://stylexjs.com/,stylexjs.com,bradtraversy/design-resources-for-developers,CSS Frameworks,"StyleX is a simple, easy-to-use JavaScript syntax and compiler for styling web apps",MIT,,1
Where to get press coverage for your startup,http://submit.co/,submit.co,bekatom/awesome-growth-hacking,Tools,Submit.co,other (see repo LICENSE),,1
Product Led Institute,https://summit.productled.com/?ac=9Vdhr2PIm,summit.productled.com,ProductHired/open-product-management,Communities to Join > Groups,"Product-Led Growth is a go-to-market strategy that relies on using your product as the main vehicle to acquire, activate, and retain customers",none stated,,1
Google Analytics by SumoMe,https://sumo.com/app/google-analytics,sumo.com,ProductHired/open-product-management,Analytics,The easiest way to see your Google Analytics,none stated,,1
Sunsama,https://sunsama.com/,sunsama.com,LisaDziuba/Awesome-Design-Tools,Collaboration Tools,"a beautifully designed, team-oriented task manager that consolidates Trello/Jira/Asana tickets into a single, calendar-oriented view",MIT,,1
Super Designer,https://superdesigner.co,superdesigner.co,bradtraversy/design-resources-for-developers,Design Inspiration,Design tools that give you super powers,MIT,,1
Supernova Studio,https://supernova.io/,supernova.io,LisaDziuba/Awesome-Design-Tools,Design to Code Tools,"import designs from Sketch and convert them into Android, iOS or React Native code",MIT,,1
Quicktime,https://support.apple.com/quicktime,support.apple.com,LisaDziuba/Awesome-Design-Tools,Screenshot Software,a video player that you can use to record your screen,MIT,,1
Snipping Tool,https://support.microsoft.com/en-us/help/13776/windows-use-snipping-tool-to-capture-screenshots,support.microsoft.com,LisaDziuba/Awesome-Design-Tools,Screenshot Software,Windows free screenshot tool,MIT,,1
Svelte UX,https://svelte-ux.techniq.dev/,svelte-ux.techniq.dev,bradtraversy/design-resources-for-developers,Svelte UI Libraries,"Collection of Svelte components, actions, stores, and utilities to build highly interactive applications",MIT,,1
Svelte Material UI,https://sveltematerialui.com/,sveltematerialui.com,bradtraversy/design-resources-for-developers,Svelte UI Libraries,UI library for Svelte based on Material Design,MIT,,1
Svelte Flat UI,https://svelteui.js.org/,svelteui.js.org,bradtraversy/design-resources-for-developers,Svelte UI Libraries,UI library for Svelte based on Flat Design,MIT,,1
SVG to ICO,https://svg-to-ico.org,svg-to-ico.org,bradtraversy/design-resources-for-developers,Icons,"A free, fast online tool to convert SVG images to ICO format for favicons and app icons",MIT,,1
SVG Artista,https://svgartista.net/,svgartista.net,bradtraversy/design-resources-for-developers,CSS Animations,A useful tool to animate stroke and fill properties in SVG images with plain CSS code,MIT,,1
SVGIconify,https://svgiconify.com,svgiconify.com,bradtraversy/design-resources-for-developers,Icons,"Search 343K+ icons from 240 curated libraries and export as SVG, PNG, JSX, or Base64, no account needed",MIT,,1
svgicons.sparkk.fr,http://svgicons.sparkk.fr/,svgicons.sparkk.fr,gztchan/awesome-design,Icon and Logo,,CC0-1.0 (stated in README),,1
SVGminify,https://www.svgminify.com/,svgminify.com,bradtraversy/design-resources-for-developers,Image Compression,"This tool removes superfluous information, thereby reducing the size of your SVG files",MIT,,1
Svgsus,http://www.svgs.us/,svgs.us,LisaDziuba/Awesome-Design-Tools,Icons Tools,SVG icon management tool,MIT,,1
SVG wave,https://svgwave.in/,svgwave.in,bradtraversy/design-resources-for-developers,Vectors & Clip Art,"A free, & customizable gradient 🌈 SVG wave generator for UI designs",MIT,,1
Coaching Tools – The Plan,https://svpg.com/coaching-tools-the-plan/,svpg.com,dend/awesome-product-management,Articles > Team Collaboration & Leadership,By Marty Cagan,CC0-1.0,,1
Feed the beast,http://www.svpg.com/feed-the-beast/,svpg.com,ProductHired/open-product-management,All About Those Requirements,Marty Cagan,none stated,,1
"Good product team, bad product team",http://www.svpg.com/good-product-team-bad-product-team/,svpg.com,ProductHired/open-product-management,Organizing Your Team,Marty Cagan,none stated,,1
Product organizational structure,http://www.svpg.com/product-organizational-structure/,svpg.com,ProductHired/open-product-management,Organizing Your Team,Marty Cagan,none stated,,1
Requirements are not,http://www.svpg.com/requirements-are-not/,svpg.com,ProductHired/open-product-management,All About Those Requirements,Marty Cagan,none stated,,1
Silicon Valley Product Group,http://svpg.com/articles/,svpg.com,ProductHired/open-product-management,Online Blogs,Shares lessons learned and knowledge of product management,none stated,,1
The best Product Management model,http://svpg.com/the-best-product-management-model/,svpg.com,ProductHired/open-product-management,Organizing Your Team,Marty Cagan,none stated,,1
The end of requirements,http://www.svpg.com/the-end-of-requirements/,svpg.com,ProductHired/open-product-management,All About Those Requirements,Marty Cagan,none stated,,1
The inconvenient truth about product,http://www.svpg.com/the-inconvenient-truth-about-product/,svpg.com,ProductHired/open-product-management,"Roadmaps, Planning, and Prioritization",Marty,none stated,,1
The opportunity backlog,http://svpg.com/the-opportunity-backlog,svpg.com,ProductHired/open-product-management,"Roadmaps, Planning, and Prioritization",Marty Cagan,none stated,,1
The seven deadly sins of product planning,http://www.svpg.com/the-seven-deadly-sins-of-product-planning/,svpg.com,ProductHired/open-product-management,"Roadmaps, Planning, and Prioritization",Marty Cagan,none stated,,1
What Product Management is Not,http://www.svpg.com/what-product-management-is-not/,svpg.com,ProductHired/open-product-management,What Is Product Management?,Marty Cagan,none stated,,1
How to get that Next PM Job,http://svpma.org/eventarchives/SVPMA-03-2010-How_to_Get_That_Next_PM_Job-Shreyas_Doshi.pdf,svpma.org,ProductHired/open-product-management,Career Prep: Resume,200 slides from Google PM,none stated,,1
Product Management vs. Product Marketing,http://www.svproduct.com/product-management-vs-product-marketing/,svproduct.com,ProductHired/open-product-management,What Is Product Management?,Marty Cagan,none stated,,1
Stakeholder Management,http://www.svproduct.com/stakeholder-management/,svproduct.com,ProductHired/open-product-management,Become The Best In The Field,Marty Cagan,none stated,,1
Swatches,https://swatchesapp.io/,swatchesapp.io,LisaDziuba/Awesome-Design-Tools,Color Picker Tools,"iOS app that lets you collect, inspect and share the colors that inspire you in your daily life",MIT,,1
sweetalert,https://sweetalert.js.org/,sweetalert.js.org,bradtraversy/design-resources-for-developers,UI Components & Kits,SweetAlert makes popup messages easy and pretty,MIT,,1
sweetalert2,https://sweetalert2.github.io/,sweetalert2.github.io,bradtraversy/design-resources-for-developers,UI Components & Kits,"A beautiful, responsive, customizable, accessible replacement for javascript's popup boxes",MIT,,1
Teaching App Development with Swift,https://swifteducation.github.io/teaching_app_development_with_swift/,swifteducation.github.io,ProductHired/open-product-management,Development,A Github-hosted curriculum on Swift for teachers by Apple (These materials are out of date and are no longer maintained.),none stated,,1
Swiperjs,https://swiperjs.com/,swiperjs.com,bradtraversy/design-resources-for-developers,Javascript Animation Libraries,"Free, Open Source, Modern Slider without jQuery. Available for Vanilla JS and all modern frameworks like React, Vue, Angular etc",MIT,,1
Swiss Miss,http://www.swiss-miss.com/,swiss-miss.com,gztchan/awesome-design,Read and Digest,is a design blog/studio run by tina roth eisenberg,CC0-1.0 (stated in README),,1
SXSW,https://www.sxsw.com/,sxsw.com,gztchan/awesome-design,Conference and Festival,"founded in 1987 in Austin, Texas, SXSW is best known for its conference and festivals that celebrate the convergence of the interactive, film, and music industries",CC0-1.0 (stated in README),,1
Symbol Design System,https://symboldesign.co/,symboldesign.co,LisaDziuba/Awesome-Design-Tools,Design System Tools,design System for Sketch-based on atomic elements,MIT,,1
Symbolset,https://symbolset.com/icons,symbolset.com,gztchan/awesome-design,Icon and Logo,,CC0-1.0 (stated in README),,1
Sympli,https://sympli.io,sympli.io,LisaDziuba/Awesome-Design-Tools,Design Handoff Tools,"automated specs and assets handoff from Sketch, Photoshop and Adobe XD. Integrated with Jira, Xcode and Android Studio",MIT,,1
symu.co,https://symu.co/freebies/templates-4/,symu.co,bradtraversy/design-resources-for-developers,UI Graphics,"Free templates, UI kits, icon, PSD",MIT,,1
French Government Design System,https://www.systeme-de-design.gouv.fr/,systeme-de-design.gouv.fr,alexpate/awesome-design-systems,Design Systems,,Unlicense,,1
System UIcons,https://systemuicons.com/,systemuicons.com,bradtraversy/design-resources-for-developers,Icons,220+ icons in a growing collection,MIT,,1
T26,https://www.t26.com/,t26.com,gztchan/awesome-design,Typography,,CC0-1.0 (stated in README),,1
Tabbied,https://tabbied.com/,tabbied.com,bradtraversy/design-resources-for-developers,Vectors & Clip Art,"Create and customize minimally generated patterns/artwork to use for background images, print and other projects",MIT,,1
Tability,https://tability.io,tability.io,dend/awesome-product-management,Tools > OKRs & Outcome Tracking,"A lightweight OKR tracking tool that helps product teams stay focused on outcomes, not outputs. Great for async check-ins and remote teams.",CC0-1.0,,1
TableConvert,https://tableconvert.com/,tableconvert.com,bradtraversy/design-resources-for-developers,Online Design Tools,"Table Convert Online is a web-based tool to converts Excel, URL, HTML, Markdown table and CSV to Markdown table, CSV/TSV, JSON, XML, YAML, insert SQL, HTML, Excel and LaTeX table",MIT,,1
Tabler Icons,https://tabler-icons.io/,tabler-icons.io,bradtraversy/design-resources-for-developers,Icons,"3500+ highly customizable open source SVG icons with React, Preact, Vue, Svelte and SolidJS support",MIT,,1
Tachyons,https://tachyons.io/,tachyons.io,bradtraversy/design-resources-for-developers,CSS Frameworks,"Create fast loading, highly readable, and 100% responsive interfaces with as little css as possible",MIT,,1
Taiga UI,https://taiga-ui.dev/,taiga-ui.dev,bradtraversy/design-resources-for-developers,Angular UI Libraries,Taiga UI is fully-treeshakable Angular UI Kit consisting of multiple base libraries and several add-ons,MIT,,1
Taiga,https://taiga.io,taiga.io,dend/awesome-product-management,Tools > Task & Project Management,Taiga is a project management tool for multi-functional agile teams. It has a rich feature set and at the same time it is very simple to start with through its intuitive user interface.,CC0-1.0,,1
Tail-Kit,https://www.tailwind-kit.com/,tailwind-kit.com,bradtraversy/design-resources-for-developers,UI Components & Kits,"Tail-kit gives you access to over 250 free components and free templates, based on Tailwind CSS 3.0",MIT,,1
tailwindcomponents,https://tailwindcomponents.com/,tailwindcomponents.com,bradtraversy/design-resources-for-developers,UI Components & Kits,A free repository for community components using TailwindCSS,MIT,,1
Tailwind CSS,https://tailwindcss.com/,tailwindcss.com,bradtraversy/design-resources-for-developers,CSS Frameworks,"Low level, utility-first framework",MIT,,1
Tailwind Templates,https://tailwindtemplates.io/,tailwindtemplates.io,bradtraversy/design-resources-for-developers,UI Components & Kits,A free collection of Tailwindcss Templates - tailwind components for rapid UI development,MIT,,1
Tailwindtoolbox,https://www.tailwindtoolbox.com/,tailwindtoolbox.com,bradtraversy/design-resources-for-developers,UI Components & Kits,"Open source starter templates and components, a plugins directory and useful tools/utilities to kick start your Tailwind CSS project",MIT,,1
BLiP,https://takenet.github.io/blip-ds/,takenet.github.io,alexpate/awesome-design-systems,Design Systems,,Unlicense,,1
Taler,https://www.taler.app/,taler.app,bradtraversy/design-resources-for-developers,Online Design Tools,Create social media banner designs in minutes from hundreds of customizable templates,MIT,,1
Tamagui,https://tamagui.dev/,tamagui.dev,bradtraversy/design-resources-for-developers,React Native UI Libraries,Universal React design systems that optimize for native & web,MIT,,1
The Product Manager's Visual Guide to Feature Selection,https://taprun.com/articles/product-managers-visual-guide-to-feature-selection,taprun.com,ProductHired/open-product-management,"Roadmaps, Planning, and Prioritization",Adam Juda,none stated,,1
Analytics should be an Assembly Line,https://tayloramurphy.substack.com/p/analytics-should-be-an-assembly-line,tayloramurphy.substack.com,dend/awesome-product-management,Articles > Product Metrics & Analytics,By Taylor A. Murphy,CC0-1.0,,1
Teach Yourself To Code,http://teachyourselftocode.com/,teachyourselftocode.com,ProductHired/open-product-management,Development,Learn to code with tutorials recommended by programmers,none stated,,1
Tealium,https://tealium.com,tealium.com,samber/awesome-user-research,Analytics > Customer data platform,Real-time customer data hub and tag management,CC-BY-4.0,,1
Teampaper Snap,https://teampaper.me/snap/,teampaper.me,LisaDziuba/Awesome-Design-Tools,Screenshot Software,allows you to take screenshots of a selected area,MIT,,1
Growth hacker myth,http://techcrunch.com/2012/12/08/defining-a-growth-hacker-6-myths-about-growth-hackers/,techcrunch.com,bekatom/awesome-growth-hacking,Articles,,other (see repo LICENSE),,1
Camtasia,https://www.techsmith.com/video-editor.html,techsmith.com,LisaDziuba/Awesome-Design-Tools,Screenshot Software,a screen recorder that comes with a full-blown built-in editor,MIT,,1
Snagit,https://www.techsmith.com/screen-capture.html,techsmith.com,LisaDziuba/Awesome-Design-Tools,Screenshot Software,"capture images and video, create GIFs, annotate, edit, and share",MIT,,1
Teeny Icons,https://teenyicons.com/,teenyicons.com,bradtraversy/design-resources-for-developers,Icons,TeenyIcons is a set icons in SVG format easy to use in html,MIT,,1
Scania Digital Design System,https://tegel.scania.com,tegel.scania.com,alexpate/awesome-design-systems,Design Systems,,Unlicense,,1
ScreenFlow,http://www.telestream.net/screenflow/overview.htm,telestream.net,LisaDziuba/Awesome-Design-Tools,Screenshot Software,video editing and screen recording,MIT,,1
Templatemo,https://templatemo.com/,templatemo.com,bradtraversy/design-resources-for-developers,HTML & CSS Templates,"Minimal, resume, gallery themes and more",MIT,,1
Tentative.fm,http://tentative.fm/,tentative.fm,gztchan/awesome-design,Podcast,is a podcast about digital product design. Hosted by thoughtbot's Chief Design Officer Kyle Fiedler & Boston Design Director Jaclyn Perrone,CC0-1.0 (stated in README),,1
Tenzu,https://tenzu.net,tenzu.net,dend/awesome-product-management,Tools > Task & Project Management,Lightweight project management tool for agile teams. Features workspaces creation and kanban boards.,CC0-1.0,,1
Covalent UI,https://teradata.github.io/covalent/v3/#/,teradata.github.io,bradtraversy/design-resources-for-developers,Angular UI Libraries,Angular UI Platform focused on solving common enterprise needs,MIT,,1
Terminal CSS,https://terminalcss.xyz/,terminalcss.xyz,bradtraversy/design-resources-for-developers,CSS Frameworks,A modern and minimal CSS framework for terminal lovers,MIT,,1
The 12 Principles,https://the12principles.tumblr.com/,the12principles.tumblr.com,ttt30ga/awesome-product-design,Prototype > Articles,The 12 basic principles of animation were developed by the ‘old men’ of Walt Disney Studios,CC0-1.0,,1
"The Agile Revolution Podcast - The Podcast That Is Everything Agile, Lean and Kanban",https://theagilerevolution.com,theagilerevolution.com,lorabv/awesome-agile,Blogs and Podcasts,,CC0-1.0,,1
Do Product Managers really need a background in CS,https://theartofproductmanagement.quora.com/Do-Product-Managers-really-need-a-background-in-CS,theartofproductmanagement.quora.com,ProductHired/open-product-management,Becoming A Product Guru,Jackie Bavaro,none stated,,1
The 4 ways to break into Product Management,https://theartofproductmanagement.quora.com/The-4-ways-to-Break-into-Product-Management,theartofproductmanagement.quora.com,ProductHired/open-product-management,Becoming A Product Guru,Jackie Bavaro,none stated,,1
Theatre.js,https://www.theatrejs.com/,theatrejs.com,bradtraversy/design-resources-for-developers,Javascript Animation Libraries,"Theatre.js is a JavaScript animation library with a GUI. It animates the DOM, WebGL, and any other JavaScript variable",MIT,,1
The Best Designs,https://www.thebestdesigns.com/,thebestdesigns.com,gztchan/awesome-design,Read and Digest,,CC0-1.0 (stated in README),,1
The Clever PM,http://thecleverpm.com/,thecleverpm.com,ProductHired/open-product-management,Online Blogs,"Tips, tricks, and hacks that help you to be a better, more clever, Product Manager",none stated,,1
The Day's Color,http://www.thedayscolor.com/,thedayscolor.com,gztchan/awesome-design,Color,is to find colorful inspiration from things that surround us. Daily,CC0-1.0 (stated in README),,1
The Deeply Graphic Design,http://thedeependdesign.com/graphic-design-podcast/,thedeependdesign.com,gztchan/awesome-design,Podcast,The web + graphic design podcast that offsers both pratical and creative design advice you can use,CC0-1.0 (stated in README),,1
The Designers Foundry,https://www.thedesignersfoundry.com/,thedesignersfoundry.com,gztchan/awesome-design,Typography,,CC0-1.0 (stated in README),,1
The Design Team,https://thedesignteam.io/,thedesignteam.io,LisaDziuba/Awesome-Design-Tools,Design Inspiration,comics about a design team for a tech startup in Silicon Valley,MIT,,1
KUTE.js,https://thednp.github.io/kute.js/,thednp.github.io,bradtraversy/design-resources-for-developers,Javascript Animation Libraries,KUTE.js is a JavaScript animation engine for modern browsers,MIT,,1
FWA,https://thefwa.com/,thefwa.com,gztchan/awesome-design,Award,"to showcase cutting edge creativity, regardless of the medium or technology used",CC0-1.0 (stated in README),,1
The Great Discontent,https://thegreatdiscontent.com/,thegreatdiscontent.com,gztchan/awesome-design,Read and Digest,"is a print publication and online magazine featuring inspiring conversations with today’s artists, makers, and risk-takers",CC0-1.0 (stated in README),,1
The Greate Discontent Podcast,https://thegreatdiscontent.com/podcast,thegreatdiscontent.com,gztchan/awesome-design,Podcast,"features in-depth conversations with today’s artists, makers, and risk-takers",CC0-1.0 (stated in README),,1
ICON9,http://www.theillustrationconference.org/,theillustrationconference.org,gztchan/awesome-design,Conference and Festival,"brings together top illustrators, designers, educators, representatives, and art buyers to explore the future of illustration",CC0-1.0 (stated in README),,1
The IxD Library,https://theixdlibrary.com/,theixdlibrary.com,ttt30ga/awesome-product-design,UX > Articles,Collection of materials related to Interaction Design,CC0-1.0,,1
The League of Moveable Type,https://www.theleagueofmoveabletype.com/,theleagueofmoveabletype.com,gztchan/awesome-design,Typography,,CC0-1.0 (stated in README),,1
Logo Package Express,http://thelogopackage.com,thelogopackage.com,LisaDziuba/Awesome-Design-Tools,Logo Design,export and package dozens of logo variations and file types for your clients automatically in under 5 minutes,MIT,,1
Theme UI,https://theme-ui.com/home,theme-ui.com,bradtraversy/design-resources-for-developers,React UI Libraries,"Build consistent, themeable React apps based on constraint-based design principles",MIT,,1
Stroke 7,https://themes-pixeden.com/font-demos/7-stroke/index.html,themes-pixeden.com,bradtraversy/design-resources-for-developers,Icon Fonts,202 thin stroke icons inspired by iOS 7,MIT,,1
Themesberg,https://themesberg.com/templates/free,themesberg.com,bradtraversy/design-resources-for-developers,UI Components & Kits,"Free and open-source website themes, templates, and UI kits based on Bootstrap and React",MIT,,1
Exemplar,https://themeselection.com/products/exemplar-free-avatar-library-for-figma-and-sketch/,themeselection.com,bradtraversy/design-resources-for-developers,UI Graphics,Free Avatar Library for Figma and Sketch,MIT,,1
Figma Bootstrap 5 UI Kit,https://themeselection.com/products/free-figma-bootstrap-ui-kit/,themeselection.com,ttt30ga/awesome-product-design,UI > Tools,UI Kit comprising 300+ organized Bootstrap 5 components built with atomic design system & auto layout,CC0-1.0,,1
Sketch Bootstrap 5 UI Kit,https://themeselection.com/products/free-sketch-bootstrap-ui-kit/,themeselection.com,ttt30ga/awesome-product-design,UI > Tools,UI Kit comprising 300+ organized Bootstrap 5 components built with atomic design system & smart layout,CC0-1.0,,1
Themes For App,https://themesfor.app/,themesfor.app,bradtraversy/design-resources-for-developers,HTML & CSS Templates,Free Bootstrap themes and landing pages,MIT,,1
ThemeWagon,https://themewagon.com/theme-price/free/,themewagon.com,bradtraversy/design-resources-for-developers,HTML & CSS Templates,Collection of HTML5 Bootstrap templates from different categories,MIT,,1
The Mockup Club,https://themockup.club/,themockup.club,LisaDziuba/Awesome-Design-Tools,Mockup Tools,"a directory of the best free design mockups for Photoshop, Sketch, Figma and InVision Studio",MIT,,1
10 of the most effective growth hacks,http://thenextweb.com/insider/2015/09/06/10-of-the-most-effective-growth-hacks-from-a-pro/,thenextweb.com,bekatom/awesome-growth-hacking,Resources,,other (see repo LICENSE),,1
A guide to getting everlasting traffic with keyword research,http://thenextweb.com/socialmedia/2014/02/28/get-found-guide-getting-everlasting-traffic-keyword-research/#!AxNSR,thenextweb.com,bekatom/awesome-growth-hacking,Articles,,other (see repo LICENSE),,1
Product Managers: Who are these ‘mini-CEOs’ and what do they do?,http://thenextweb.com/insider/2013/10/12/product-managers-mini-ceos/,thenextweb.com,ProductHired/open-product-management,What Is Product Management?,Ken Yeung,none stated,,1
Noun Project,https://thenounproject.com/,thenounproject.com,LisaDziuba/Awesome-Design-Tools,Icons Tools,icons for everything,MIT,,1
The PM Interview,http://thepminterview.com,thepminterview.com,ProductHired/open-product-management,Career Prep: The Interview,Set of Questions + Timer to practice your PM skills,none stated,,1
Squid.ink,http://thesquid.ink,thesquid.ink,gztchan/awesome-design,Icon and Logo,,CC0-1.0 (stated in README),,1
The Stocks,http://thestocks.im/,thestocks.im,gztchan/awesome-design,Stock,"""The best royalty free stock photos are delivered now along with videos, audios, icons, fonts and colors.""",CC0-1.0 (stated in README),,1
Twitter Case Study,http://www.thetwittercasestudy.com/the-case-study.html,thetwittercasestudy.com,ProductHired/open-product-management,Product Case Studies,The Twitter Case Study from the Dimensions of Strategy Series,none stated,,1
The UX Bookmark,https://www.theuxbookmark.com/,theuxbookmark.com,ttt30ga/awesome-product-design,UX > Guidelines,Collection of the best UX websites from across the globe,CC0-1.0,,1
The Web Toolbox,https://thewebtoolbox.cc/,thewebtoolbox.cc,bradtraversy/design-resources-for-developers,Others,"A collection of handy, free-to-use tools for web developers, programmers and designers",MIT,,1
The Writer,https://www.thewriter.com/what-we-think/readability-checker/,thewriter.com,ttt30ga/awesome-product-design,Writing,How readable is your writing?,CC0-1.0,,1
This is HCD,https://www.thisishcd.com,thisishcd.com,samber/awesome-user-research,Learn > Podcast,Human-centered design conversations with practitioners worldwide,CC-BY-4.0,,1
This is Product Management - By AlphaUX,https://www.thisisproductmanagement.com/,thisisproductmanagement.com,ProductHired/open-product-management,Podcasts,The podcast for product teams,none stated,,1
Screenie,https://www.thnkdev.com/Screenie/,thnkdev.com,LisaDziuba/Awesome-Design-Tools,Screenshot Software,"filter and search through images, change screenshot filetypes",MIT,,1
OBNOXIOUS.CSS,http://tholman.com/obnoxious/,tholman.com,bradtraversy/design-resources-for-developers,CSS Animations,"Animations for the strong of heart, and weak of mind",MIT,,1
thoughtbot,https://thoughtbot.com/blog/transitions-and-transforms,thoughtbot.com,bradtraversy/design-resources-for-developers,CSS Animations,CSS Transitions and Transformations for Beginners,MIT,,1
Threed,http://threed.io/,threed.io,LisaDziuba/Awesome-Design-Tools,Mockup Tools,generate custom 3D Device Mockups in your Browser,MIT,,1
Threed.io,https://threed.io,threed.io,bradtraversy/design-resources-for-developers,Product & Image Mockups,Generate 3D mockups right in your browser,MIT,,1
Redesigning Web Sites : Retooling for the Changing Needs of Business by Stefan Mumaw,https://www.thriftbooks.com/w/redesigning-web-sites-retooling-for-the-changing-needs-of-business-graphic-design_stefan-mumaw/2335569/#isbn=1564969533&idiq=15780827,thriftbooks.com,batoreh/awesome-ux,Books,,CC0-1.0,,1
Thunkable,https://thunkable.com/,thunkable.com,LisaDziuba/Awesome-Design-Tools,No Code Tools,a drag-and-drop tool for anyone to build native mobile apps,MIT,,1
Tilda,https://tilda.cc/,tilda.cc,LisaDziuba/Awesome-Design-Tools,Design to Code Tools,"create a website, landing page or online store for free with the help of Tilda modules and publish it on the same day",MIT,,1
Tilda Icons,https://tilda.cc/free-icons/,tilda.cc,LisaDziuba/Awesome-Design-Tools,Icons Tools,"download free icons for landing pages. More than 700 vector icons, collected in 43 sets for business",MIT,,1
Infinite,https://tilomitra.github.io/infinite/,tilomitra.github.io,bradtraversy/design-resources-for-developers,CSS Animations,"These animations, like rotations and pulses, that are specifically designed to run and repeat forever",MIT,,1
Tindddle,https://tindddle.com/,tindddle.com,batoreh/awesome-ux,Inspiration,Tinder for Dribbble,CC0-1.0,,1
Tingle.js,https://tingle.robinparisi.com/,tingle.robinparisi.com,bradtraversy/design-resources-for-developers,Javascript Animation Libraries,Tingle is a simple modal plugin written in pure JavaScript,MIT,,1
Tinkercad,https://www.tinkercad.com,tinkercad.com,LisaDziuba/Awesome-Design-Tools,Three D Modeling Software,"a free, easy-to-use app for 3D design, electronics, and coding",MIT,,1
Tiny helpers,https://tiny-helpers.dev/,tiny-helpers.dev,bradtraversy/design-resources-for-developers,Others,A collection of free single-purpose online tools for web developers,MIT,,1
TinyPNG,https://tinypng.com/,tinypng.com,bradtraversy/design-resources-for-developers,Image Compression,,MIT,,1
tldraw,https://www.tldraw.com,tldraw.com,bradtraversy/design-resources-for-developers,Others,A tiny little drawing app,MIT,,1
To-Do,https://to-do.microsoft.com/,to-do.microsoft.com,dend/awesome-product-management,Tools > Task & Project Management,"A tool to quickly manage ""to-dos"".",CC0-1.0,,1
Moving Letters,https://tobiasahlin.com/moving-letters/,tobiasahlin.com,bradtraversy/design-resources-for-developers,UI Components & Kits,Animated Text with JavaScript and anime.js,MIT,,1
SpinKit,https://tobiasahlin.com/spinkit/,tobiasahlin.com,bradtraversy/design-resources-for-developers,UI Components & Kits,Simple CSS Spinners,MIT,,1
A Framework For Maximizing Startup Marketing Effectiveness,http://tomtunguz.com/building-a-customer-acquisition-machine/,tomtunguz.com,bekatom/awesome-growth-hacking,Articles,,other (see repo LICENSE),,1
Toolabs,https://www.toolabs.com/,toolabs.com,LisaDziuba/Awesome-Design-Tools,Design System Tools,"design systems and components based design, prototype and development tool. It's not public yet but you can apply to the early access",MIT,,1
Toolbox Kit,https://toolbox-kit.com/,toolbox-kit.com,bradtraversy/design-resources-for-developers,Others,"150+ free browser-based developer tools: JSON formatter, diff checker, regex tester, JWT decoder, CSS generators, SVG optimizer, color tools, and hash/QR generators. Runs client-side, no signup",MIT,,1
Finland Toolbox,https://toolbox.finland.fi/,toolbox.finland.fi,alexpate/awesome-design-systems,Design Systems,,Unlicense,,1
ToolCascade,https://toolcascade.com/,toolcascade.com,bradtraversy/design-resources-for-developers,Others,"80+ free browser-based tools: PDF merge/split, image converters, CSS generators, minifiers, timers, and unit converters. Everything runs client-side — no signup, files never leave your device",MIT,,1
ToolKnit Image Compressor,https://toolknit.com/tools/compress-image.html,toolknit.com,bradtraversy/design-resources-for-developers,Image Compression,"Free client-side batch compressor for JPG, PNG and WebP with quality presets or exact target sizes. Files are not uploaded",MIT,,1
Accessible Palette Builder,https://toolness.github.io/accessible-color-matrix/,toolness.github.io,LisaDziuba/Awesome-Design-Tools,Accessibility Tools,an Elm-based prototype to help designers build accessible color palettes,MIT,,1
Favicon Generator,http://tools.dynamicdrive.com/favicon/,tools.dynamicdrive.com,bradtraversy/design-resources-for-developers,Favicons,Generate favicon ico files for your website,MIT,,1
ToolsHref,https://toolshref.com,toolshref.com,bradtraversy/design-resources-for-developers,Others,"Online Java code analyzer, JSON-to-Mermaid visualization tool, and multiple developer tools",MIT,,1
ToolSnippet,https://www.toolsnippet.com/category/design-generators,toolsnippet.com,bradtraversy/design-resources-for-developers,UI Graphics,"100% client-side CSS generators (glassmorphism, gradients, box-shadows), SVG converters, and developer utilities with zero server uploads",MIT,,1
ToolsNova,https://toolsnova.net/,toolsnova.net,bradtraversy/design-resources-for-developers,Others,"155+ free browser-based utilities for developers and designers, plus a large prompt library. No signup required, and it works offline as a PWA",MIT,,1
Tooplate,https://www.tooplate.com/,tooplate.com,bradtraversy/design-resources-for-developers,HTML & CSS Templates,Tooplate: Free HTML Templates for everyone!,MIT,,1
Storytelling: Actionable Insight from Analytics,http://www.toprankblog.com/2009/10/storytelling-actionable-insight-from-analytics/,toprankblog.com,batoreh/awesome-ux,Articles > Web analytics,,CC0-1.0,,1
Toptal’s Color Filter,https://www.toptal.com/designers/colorfilter,toptal.com,LisaDziuba/Awesome-Design-Tools,Accessibility Tools,lets you test your website and shows you how people with different color blindness will see your pages,MIT,,1
Torch,https://www.torch.app/,torch.app,LisaDziuba/Awesome-Design-Tools,Augmented Reality,a cloud-based 3D design and prototyping app focused on mobile AR,MIT,,1
Totango,http://www.totango.com/,totango.com,bekatom/awesome-growth-hacking,Tools,,other (see repo LICENSE),,1
Transparent Textures,https://www.transparenttextures.com/,transparenttextures.com,bradtraversy/design-resources-for-developers,UI Graphics,A collection of transparent textures background patterns,MIT,,1
Treact,https://treact.owaiskhan.me,treact.owaiskhan.me,bradtraversy/design-resources-for-developers,React UI Libraries,Gallery of free and modern React templates and UI components developed using TailwindCSS as the front-end framework,MIT,,1
Tremor,https://tremor.so/,tremor.so,bradtraversy/design-resources-for-developers,React UI Libraries,React components to build charts and dashboards with,MIT,,1
Google trends,https://trends.google.com/trends/,trends.google.com,ttt30ga/awesome-product-design,Writing,Stories trending now,CC0-1.0,,1
trianglify.io,https://trianglify.io/,trianglify.io,bradtraversy/design-resources-for-developers,Vectors & Clip Art,"Generate low-poly backgrounds, textures, and vectors",MIT,,1
TRIDIV,http://tridiv.com/,tridiv.com,gztchan/awesome-design,Read and Digest,is a web-based editor for creating 3D shapes in CSS,CC0-1.0 (stated in README),,1
Troopl,https://troopl.com,troopl.com,bradtraversy/design-resources-for-developers,Others,Build and publish a free portfolio in minutes,MIT,,1
Exponent,http://www.tryexponent.com,tryexponent.com,ProductHired/open-product-management,Career Prep: The Interview,"Exponent offers online courses, a free interview questions database, and a Slack community for mock interviews",none stated,,1
Great PM Interview Answers Include Tradeoffs. Here's How.,https://www.tryexponent.com/blog/the-key-to-a-successful-pm-interview-answer-tradeoffs,tryexponent.com,dend/awesome-product-management,Articles > Career Development & Skills,By Sushanth Raman,CC0-1.0,,1
The Ultimate Google APM Interview Guide,https://www.tryexponent.com/guides/google/apm-interview,tryexponent.com,ProductHired/open-product-management,Career Prep: Company Types,This guide explains each stage of the Google APM interview and has practice interview questions that were asked at Google,none stated,,1
Retool,https://tryretool.com/,tryretool.com,LisaDziuba/Awesome-Design-Tools,No Code Tools,gives you building blocks and you can build tools much faster,MIT,,1
tumblr,https://www.tumblr.com/,tumblr.com,gztchan/awesome-design,Community,Come for what you love. Stay for what you discover,CC0-1.0 (stated in README),,1
Tumult Hype,https://tumult.com/hype/,tumult.com,LisaDziuba/Awesome-Design-Tools,Animation Tools,the HTML5 animation/interactives creation app for macOS,MIT,,1
Turret CSS,https://turretcss.com/,turretcss.com,bradtraversy/design-resources-for-developers,CSS Frameworks,Turret CSS is a styles framework for development of responsive websites,MIT,,1
Envato Tuts+,https://tutsplus.com/,tutsplus.com,gztchan/awesome-design,Tutorial,helps you learn creative skills and shape the life you want,CC0-1.0 (stated in README),,1
Tweetdeck,https://tweetdeck.twitter.com/,tweetdeck.twitter.com,ProductHired/open-product-management,Mockups and Marketing,Power-user interface for Twitter,none stated,,1
Twemoji,https://twemoji.twitter.com/,twemoji.twitter.com,LisaDziuba/Awesome-Design-Tools,Icons Tools,Twitter’s open-source emoji has you covered for all your project's emoji needs,MIT,,1
twind,https://twind.dev/,twind.dev,bradtraversy/design-resources-for-developers,CSS Frameworks,"The smallest, fastest, most feature complete tailwind-in-js solution in existence",MIT,,1
TwitPile,https://twitpile.com,twitpile.com,LisaDziuba/Awesome-Design-Tools,UI Design Tools,"creates tiled images out of Twitter followers, interests and lists",MIT,,1
Lisa,https://twitter.com/LisaDziuba,twitter.com,LisaDziuba/Awesome-Design-Tools,How to Use and Contribute,on Twitter,MIT,,1
Twitter,https://twitter.com/ivantr0n,twitter.com,ProductHired/open-product-management,How to Use,,none stated,,1
Twitter Growth Hackers List,https://twitter.com/ukituki/lists/growth-hackers,twitter.com,bekatom/awesome-growth-hacking,Growth Hackers,,other (see repo LICENSE),,1
Typ.io,https://typ.io,typ.io,gztchan/awesome-design,Typography,"at Typ.io, we're revealing designers' decisions for all to see; peeking under the hood of beautiful websites to find out what fonts they're using and how they're using them",CC0-1.0 (stated in README),,1
Typeface,https://typefaceapp.com/,typefaceapp.com,LisaDziuba/Awesome-Design-Tools,Font Tools,font manager that improves your design workflow with live font previews and flexible tagging,MIT,,1
Type is Beautiful,https://www.typeisbeautiful.com/,typeisbeautiful.com,gztchan/awesome-design,Typography,,CC0-1.0 (stated in README),,1
TypeNetwork,https://www.typenetwork.com/,typenetwork.com,gztchan/awesome-design,Typography,,CC0-1.0 (stated in README),,1
Type Novel,http://typenovel.tumblr.com/,typenovel.tumblr.com,gztchan/awesome-design,Typography,,CC0-1.0 (stated in README),,1
Typespiration,https://typespiration.com/,typespiration.com,bradtraversy/design-resources-for-developers,Fonts,Inspirational font combinations and color palettes,MIT,,1
Typeicons,http://typicons.com/,typicons.com,gztchan/awesome-design,Icon and Logo,"are free-to-use vector icons embedded in a webfont for easy use in any UI, whether it be on the web or in a native app",CC0-1.0 (stated in README),,1
Typing Words GIF,https://typingwordsgif.com/,typingwordsgif.com,bradtraversy/design-resources-for-developers,Online Design Tools,Free online typing text / typing words GIF maker — no login,MIT,,1
Typographics,http://typographics.com,typographics.com,gztchan/awesome-design,Conference and Festival,is a multi-part event series foc­used on con­tempo­rary typo­graphy and where its future may lie,CC0-1.0 (stated in README),,1
typography,https://www.typography.com/,typography.com,gztchan/awesome-design,Typography,,CC0-1.0 (stated in README),,1
Type Guide,http://www.typogui.de/,typogui.de,gztchan/awesome-design,Typography,A Pocket Guide to Master Every Day’s Typographic Adventures,CC0-1.0 (stated in README),,1
Typo International Design Talks,https://www.typotalks.com/,typotalks.com,gztchan/awesome-design,Conference and Festival,is where the world’s design experts speak,CC0-1.0 (stated in README),,1
DevUtils,https://tyr1105.github.io/devutils-tools/,tyr1105.github.io,bradtraversy/design-resources-for-developers,Others,"10 free online developer tools (JSON formatter, Base64, JWT debugger, hash generator, regex tester, color converter, markdown preview, etc.) — no login required",MIT,,1
Logo Maker,https://www.ucraft.com/free-logo-maker,ucraft.com,LisaDziuba/Awesome-Design-Tools,Logo Design,"allows you to make a free logo within seconds. Start with a blank canvas, add text and an icon, and then customize",MIT,,1
Building a Pre-Launch Marketing Strategy for Beginners,https://www.udemy.com/building-a-pre-launch-marketing-strategy-for-beginners/,udemy.com,ProductHired/open-product-management,Online Courses,Build your own Pre-launch Marketing Strategy for your company rollout or feature,none stated,,1
The Non-Technical Person's guide to building products & apps,https://www.udemy.com/launch-your-idea-idea-to-mvp-with-no-cto-and-no-coding/learn/v4/overview,udemy.com,ProductHired/open-product-management,Online Courses,"Go from Idea to MVP with no CTO and no coding. Launch your business, app, or product idea cheaply, quickly, and easily",none stated,,1
Udemy,https://www.udemy.com/courses/design/,udemy.com,gztchan/awesome-design,Tutorial,The leading global marketplace for learning and instruction,CC0-1.0 (stated in README),,1
You're Hired: How to Get a Job in Silicon Valley,https://www.udemy.com/youre-hired-how-to-get-a-job-in-silicon-valley/,udemy.com,ProductHired/open-product-management,Online Courses,Learn how to get a job in Silicon Valley,none stated,,1
Aceternity UI,https://ui.aceternity.com/,ui.aceternity.com,bradtraversy/design-resources-for-developers,React UI Libraries,Copy paste the most trending components and use them in your websites without having to worry about styling and animations,MIT,,1
Decentraland UI,https://ui.decentraland.org/,ui.decentraland.org,alexpate/awesome-design-systems,Design Systems,,Unlicense,,1
Amplify UI,https://ui.docs.amplify.aws/,ui.docs.amplify.aws,alexpate/awesome-design-systems,Design Systems,,Unlicense,,1
Glass UI,https://ui.glass/generator,ui.glass,bradtraversy/design-resources-for-developers,Online Design Tools,A modern CSS UI library based on the glassmorphism design principles that will help you quickly design and build beautiful websites and applications,MIT,,1
NuxtLabs UI,https://ui.nuxtlabs.com/getting-started,ui.nuxtlabs.com,bradtraversy/design-resources-for-developers,Vue UI Libraries,Fully styled and customizable components for Nuxt,MIT,,1
Supabase UI,https://ui.supabase.io/,ui.supabase.io,bradtraversy/design-resources-for-developers,React UI Libraries,An open-source UI component library inspired by Tailwind and AntDesign,MIT,,1
UI8 — Design Freebies,https://ui8.net/category/freebies,ui8.net,LisaDziuba/Awesome-Design-Tools,Mockup Tools,epic design freebies to get you started,MIT,,1
Ui Bakery,https://uibakery.io/,uibakery.io,bradtraversy/design-resources-for-developers,Online Design Tools,Create full-fledged web apps visually,MIT,,1
UI Beats,https://uibeats.com/,uibeats.com,bradtraversy/design-resources-for-developers,React UI Libraries,"Animated React components built with TypeScript, Tailwind CSS and Motion. Copy, paste, or install with the shadcn CLI",MIT,,1
UIBundle,https://uibundle.com,uibundle.com,bradtraversy/design-resources-for-developers,UI Graphics,"Thousands of Free Design Resources like UI Kits, Mockups, Illustrations, Icons, Fonts, 3D assets, Templates and more",MIT,,1
UIColor Picker,https://uicolorpicker.com/,uicolorpicker.com,bradtraversy/design-resources-for-developers,Colors,A collection of UI Colors with hex codes available to be copied in just one click,MIT,,1
UI Colors,https://uicolors.app/create,uicolors.app,bradtraversy/design-resources-for-developers,Colors,Tailwind CSS color palette generator,MIT,,1
UIdeck,https://uideck.com/,uideck.com,bradtraversy/design-resources-for-developers,HTML & CSS Templates,Free Landing Page Templates and Bootstrap Themes,MIT,,1
Uideo,https://uideo.net,uideo.net,gztchan/awesome-design,Conference and Festival,talks for designers from 69 ux/ui conferences all over the world,CC0-1.0 (stated in README),,1
UI Design Daily,https://uidesigndaily.com/,uidesigndaily.com,bradtraversy/design-resources-for-developers,UI Graphics,Awesome UI Components of all types,MIT,,1
Uiland Design,https://uiland.design/,uiland.design,bradtraversy/design-resources-for-developers,Design Inspiration,Home of the best mobile ui inspirations from top companies in the world,MIT,,1
UILang,http://uilang.com/,uilang.com,bradtraversy/design-resources-for-developers,UI Components & Kits,"A minimal, UI-focused programming language for web designers",MIT,,1
Done Design System,https://uilibrary.github.io/done-design-system/,uilibrary.github.io,bradtraversy/design-resources-for-developers,Design Systems & Style Guides,"Open source design system, guides & components",MIT,,1
UI Movement,https://uimovement.com/,uimovement.com,ProductHired/open-product-management,Design,"The best UI design inspiration, daily",none stated,,1
UINames,https://uinames.com/,uinames.com,gztchan/awesome-design,Mockup,is a simple tool to generate fake names for use in designs and mockups,CC0-1.0 (stated in README),,1
ui-playbook,https://uiplaybook.dev/,uiplaybook.dev,bradtraversy/design-resources-for-developers,React UI Libraries,The documented collection of UI components,MIT,,1
UI Recipes,https://uirecipes.com/,uirecipes.com,LisaDziuba/Awesome-Design-Tools,Design Inspiration,weekly 15 min lessons on UI design from the hottest apps,MIT,,1
UI Sounds,https://uisounds.prototypr.io/,uisounds.prototypr.io,LisaDziuba/Awesome-Design-Tools,Sound Design,learn sound design for user interfaces by example,MIT,,1
UI Sources,https://www.uisources.com/,uisources.com,LisaDziuba/Awesome-Design-Tools,Design Inspiration,over 500+ interactions from the best designed and top-grossing apps on the App Store today,MIT,,1
UI Store Design,https://www.uistore.design/,uistore.design,LisaDziuba/Awesome-Design-Tools,Mockup Tools,"200+ free handpicked design resources for Sketch, Figma, Adobe XD, InVision Studio, Photoshop, Illustrator CC",MIT,,1
CSS Gradient Generator,https://www.uixdraft.com/tools/css-gradient-generator,uixdraft.com,bradtraversy/design-resources-for-developers,Colors,"Free tool for linear, radial, and conic CSS gradients with a live preview and one-click copy",MIT,,1
Uizard,https://uizard.io/,uizard.io,LisaDziuba/Awesome-Design-Tools,Prototyping Tools,"transform wireframes into high-fidelity interactive prototypes, customize style systems, export to Sketch, export to HTML/CSS code",MIT,,1
Unblurimage.Ai,https://unblurimage.ai/,unblurimage.ai,bradtraversy/design-resources-for-developers,AI Graphic Design Tools,"Unblurimage AI is 100% Free,No Sign-Up online tool for unblur image",MIT,,1
Brand New Conference,http://underconsideration.com/brandnewconference/,underconsideration.com,gztchan/awesome-design,Conference and Festival,is a two-day event organized by UnderConsideration,CC0-1.0 (stated in README),,1
Underconsideration,http://underconsideration.com/,underconsideration.com,gztchan/awesome-design,Read and Digest,"are a graphic design firm generating it own projects, initiatives, and content while taking on limited client work",CC0-1.0 (stated in README),,1
Undraw.co,https://undraw.co/,undraw.co,bradtraversy/design-resources-for-developers,UI Graphics,Open-source illustrations for any idea you can imagine and create,MIT,,1
Unicorn Icons,https://unicornicons.com,unicornicons.com,bradtraversy/design-resources-for-developers,Icons,100+ customizable playful animated icons. Available in JSON and SVG format,MIT,,1
Uniform CSS,https://uniformcss.com/,uniformcss.com,bradtraversy/design-resources-for-developers,CSS Frameworks,Fully configurable utility generator and CSS framework built entirely in Sass,MIT,,1
Unity,https://unity.com/,unity.com,LisaDziuba/Awesome-Design-Tools,Augmented Reality,"build high-quality 3D and 2D games, deploy them across mobile, desktop and VR/AR",MIT,,1
Unminus,https://www.unminus.com/,unminus.com,bradtraversy/design-resources-for-developers,Stock Music & Sound Effects,Free Premium Music for Your Projects 🎁 Royalty Free. Cleared for YouTube,MIT,,1
UnoCSS,https://unocss.dev/,unocss.dev,bradtraversy/design-resources-for-developers,CSS Frameworks,"UnoCSS is the instant atomic CSS engine, that is designed to be flexible and extensible. The core is un-opinionated, and all the CSS utilities are provided via presets",MIT,,1
Unscreen,https://www.unscreen.com/,unscreen.com,bradtraversy/design-resources-for-developers,Online Design Tools,Remove Video Background 100% Automatically and Free,MIT,,1
Untitled UI,https://www.untitledui.com/react/,untitledui.com,alexpate/awesome-design-systems,Design Systems,,Unlicense,,1
Untools,https://untools.co,untools.co,ttt30ga/awesome-product-design,Research > Methods > Decision Making,"Thinking tools and frameworks to help you solve problems, make decisions and understand systems",CC0-1.0,,1
Up,https://www.uplabs.com/,uplabs.com,gztchan/awesome-design,Read and Digest,"is the leading community of creatives, offering the best downloadable resources, every day",CC0-1.0 (stated in README),,1
UrbanFonts,https://www.urbanfonts.com/,urbanfonts.com,bradtraversy/design-resources-for-developers,Fonts,A collection of over 8000 free fonts and dingbats,MIT,,1
Acessibility basics,http://www.usability.gov/what-and-why/accessibility.html,usability.gov,batoreh/awesome-ux,Articles > Acessibility,,CC0-1.0,,1
Information Architecture Basics,http://www.usability.gov/what-and-why/information-architecture.html,usability.gov,batoreh/awesome-ux,Articles > Information Architecture,,CC0-1.0,,1
Organization Schemes,http://www.usability.gov/how-to-and-tools/methods/organization-schemes.html,usability.gov,batoreh/awesome-ux,Articles > Information Architecture,,CC0-1.0,,1
Organization Structure,http://www.usability.gov/how-to-and-tools/methods/organization-structures.html,usability.gov,batoreh/awesome-ux,Articles > Information Architecture,,CC0-1.0,,1
Web Analytics basics,http://www.usability.gov/what-and-why/web-analytics.html,usability.gov,batoreh/awesome-ux,Articles > Web analytics,,CC0-1.0,,1
Usability Geek,http://usabilitygeek.com/,usabilitygeek.com,batoreh/awesome-ux,Blogs,A blog to evangelize about the importance of website usability,CC0-1.0,,1
Usability Post,http://usabilitypost.com/,usabilitypost.com,batoreh/awesome-ux,Blogs,Thoughts on design and user experience by Dmitry Fadeyev,CC0-1.0,,1
UseAnimations,https://useanimations.com/,useanimations.com,bradtraversy/design-resources-for-developers,Icons,Free Animated Icons in SVG and Json Format(for lottie),MIT,,1
Axentix,https://useaxentix.com/,useaxentix.com,bradtraversy/design-resources-for-developers,CSS Frameworks,"Axentix is an open source Framework based on CSS Grid using HTML, CSS and JS",MIT,,1
Useberry,https://www.useberry.com/,useberry.com,LisaDziuba/Awesome-Design-Tools,Prototyping Tools,"a usability testing tool that allows importing prototypes from InVision, AdodeXD, Sketch, Marvel and getting users’ behavior insights with heatmaps, video recordings, user flows, time bars and answers of follow-up questions",MIT,,1
Contrast,https://usecontrast.com/,usecontrast.com,LisaDziuba/Awesome-Design-Tools,Accessibility Tools,a macOS app for designers and developers to get quick access to WCAG color contrast ratios,MIT,,1
UseCOS Photo Resizer,https://usecos.app/tools/passport-photo-resizer,usecos.app,bradtraversy/design-resources-for-developers,Image Compression,"Fast client-side image resizer and compressor with exact KB targets (50KB, 100KB, 200KB) and aspect ratio presets. Runs 100% in-browser with zero uploads",MIT,,1
Fathom,https://usefathom.com/,usefathom.com,LisaDziuba/Awesome-Design-Tools,Experience Monitoring,"provides simple, useful websites stats without tracking or storing personal data of your users",MIT,,1
How to be more agentic,https://usefulfictions.substack.com/p/how-to-be-more-agentic,usefulfictions.substack.com,dend/awesome-product-management,Articles > Career Development & Skills,By Cate Hall,CC0-1.0,,1
Galileo AI,https://www.usegalileo.ai/,usegalileo.ai,bradtraversy/design-resources-for-developers,AI Graphic Design Tools,Galileo AI is a UI generation platform for easy and fast design ideation. It allows users to generate interface designs from text,MIT,,1
LightBox,https://uselightbox.com/,uselightbox.com,LisaDziuba/Awesome-Design-Tools,Animation Tools,"2D, Hand-Drawn animation package",MIT,,1
Panda,http://usepanda.com/,usepanda.com,gztchan/awesome-design,Toolkit,"A smart news reader built for productivity, powered by integrations",CC0-1.0 (stated in README),,1
UserBit,https://userbitapp.com/,userbitapp.com,LisaDziuba/Awesome-Design-Tools,User Research Tools,"a platform of real-time research tools for your team. Tag/code interviews and feedback, capture insights, create personas, visual sitemaps and more",MIT,,1
UserBrain,https://userbrain.net/,userbrain.net,gztchan/awesome-design,User Testing,"Keep getting videos of real people testing your website, web app or prototype and make it ridiculously easy to use",CC0-1.0 (stated in README),,1
UserGuiding,https://userguiding.com/,userguiding.com,LisaDziuba/Awesome-Design-Tools,No Code Tools,"create walkthroughs, checklists, hotspots, and modals to improve user onboarding",MIT,,1
Awkward Silences,https://www.userinterviews.com/podcast,userinterviews.com,samber/awesome-user-research,Learn > Podcast,User Interviews' podcast on the practice and craft of UX research,CC-BY-4.0,,1
The Product Manager's Guide to UX Research,https://www.userinterviews.com/blog/ux-research-for-product-managers,userinterviews.com,dend/awesome-product-management,Articles > Customer Research & User Experience,By Katryna Balboni,CC0-1.0,,1
Users Think,http://usersthink.com/,usersthink.com,gztchan/awesome-design,User Testing,"Get user feedback from real people, on demand, when you need it",CC0-1.0 (stated in README),,1
UserTest.io,https://usertest.io/,usertest.io,gztchan/awesome-design,User Testing,"Remote, easy and simple user testing",CC0-1.0 (stated in README),,1
User Zoom,http://www.userzoom.co.uk/,userzoom.co.uk,gztchan/awesome-design,User Testing,All-in-One Agile UX Research Platform,CC0-1.0 (stated in README),,1
UsTwo,https://ustwo.com/blog/the-ustwo-pixel-perfect-precision-handbook-3/,ustwo.com,ttt30ga/awesome-product-design,UI > Guidelines,Pixel Perfect Precision Handbook 3,CC0-1.0,,1
usva.,https://usva.build,usva.build,alexpate/awesome-design-systems,Design Systems,,Unlicense,,1
UX Lady,https://www.ux-lady.com/experience-maps-user-journey-and-more-exp-map-layout/,ux-lady.com,ttt30ga/awesome-product-design,Research > Methods > Storyboard,"Experience maps, user journeys and more",CC0-1.0,,1
UXLX,https://ux-lx.com,ux-lx.com,samber/awesome-user-research,Learn > Event,"UX Lisbon, one of Europe's leading UX conferences",CC-BY-4.0,,1
Mailchimp,http://ux.mailchimp.com/patterns/,ux.mailchimp.com,gztchan/awesome-design,Styleguide and Branding,,CC0-1.0 (stated in README),,1
Costumer journey template (download),http://www.uxapprentice.com/assets/files/UX-Apprentice-Templates.bmpr.zip,uxapprentice.com,batoreh/awesome-ux,Articles > User Research,,CC0-1.0,,1
Stakeholder interview template (download),http://www.uxapprentice.com/resources/stakeholder-interview-template/,uxapprentice.com,batoreh/awesome-ux,Articles > User Research,,CC0-1.0,,1
UX Archive,http://uxarchive.com/,uxarchive.com,LisaDziuba/Awesome-Design-Tools,Design Inspiration,"browse more than 400 user flows across 120 mobile apps. Examine tasks such as booking, logging in, onboarding, purchasing, searching, and more",MIT,,1
Classification Schemes (and When to Use Them),http://www.uxbooth.com/articles/classification-schemes-and-when-to-use-them/,uxbooth.com,batoreh/awesome-ux,Articles > Information Architecture,,CC0-1.0,,1
Complete Beginner’s Guide to Information Architecture,http://www.uxbooth.com/articles/complete-beginners-guide-to-information-architecture/,uxbooth.com,batoreh/awesome-ux,Articles > Information Architecture,,CC0-1.0,,1
UX Checklist,https://uxchecklist.github.io/,uxchecklist.github.io,ttt30ga/awesome-product-design,UX > Tools,UX Project Checklist,CC0-1.0,,1
UX COFFEE - 设计咖,http://www.uxcoffee.com/,uxcoffee.com,gztchan/awesome-design,Podcast,设计无处不在。在这个节目里，我们试图探寻设计的力量、这个世界被创造的过程、以及参与设计了这个世界的人们。主播：Riceman、Hoka、帆啊帆、张挠挠。,CC0-1.0 (stated in README),,1
UX Collective,https://uxdesign.cc,uxdesign.cc,samber/awesome-user-research,Learn > Blogs,"Medium publication covering UX research, design, and product",CC-BY-4.0,,1
UXDesign.cc,https://uxdesign.cc/how-to-get-the-most-out-of-user-interviews-c5d0cd4499b5,uxdesign.cc,ttt30ga/awesome-product-design,Research > Methods > User Interview,How to Get the Most Out of User Interviews,CC0-1.0,,1
UX DesignEdge,http://www.uxdesignedge.com/blog,uxdesignedge.com,batoreh/awesome-ux,Blogs,A blog by UXDesignEdge;,CC0-1.0,,1
UX London,https://uxlondon.com,uxlondon.com,samber/awesome-user-research,Learn > Event,Annual UX conference by Clearleft with talks and full-day workshops,CC-BY-4.0,,1
The Secret to Designing an Intuitive UX : Match the Mental Model to the Conceptual Model,https://uxmag.com/articles/the-secret-to-designing-an-intuitive-user-experience,uxmag.com,batoreh/awesome-ux,Articles > General/Introdutions,,CC0-1.0,,1
Visual Design and Usability Yellow Brick Road,http://uxmag.com/articles/visual-design-and-usability-yellow-brick-road,uxmag.com,batoreh/awesome-ux,Articles > Visual Design,,CC0-1.0,,1
How To Get Started In UX Design,http://uxmastery.com/how-to-get-started-in-ux-design/,uxmastery.com,batoreh/awesome-ux,Articles > General/Introdutions,,CC0-1.0,,1
UX Mastery,https://uxmastery.com/,uxmastery.com,ttt30ga/awesome-product-design,UX > Articles,We help user experience professionals get started and get better,CC0-1.0,,1
UX Matters,https://uxmatters.com,uxmatters.com,samber/awesome-user-research,Learn > Blogs,Long-form articles on UX research methods and strategy,CC-BY-4.0,,1
SQUID,https://uxmisfit.com/squid/,uxmisfit.com,LisaDziuba/Awesome-Design-Tools,User Flow Tools,create beautiful User Flows in Sketch in just minutes,MIT,,1
UX Myths,https://uxmyths.com/,uxmyths.com,ttt30ga/awesome-product-design,UX > Articles,"Build your product based on evidence, not false beliefs",CC0-1.0,,1
The UX for VR,https://www.uxofvr.com/,uxofvr.com,gztchan/awesome-design,Read and Digest,is a curated list of resources to help you on your journey into the User Experience of Virtual Reality,CC0-1.0 (stated in README),,1
UXPA International,https://uxpa.org,uxpa.org,samber/awesome-user-research,Learn > Event,Annual conference by the User Experience Professionals Association,CC-BY-4.0,,1
Medium,https://uxplanet.org/storyboarding-in-ux-design-b9d2e18e5fab,uxplanet.org,ttt30ga/awesome-product-design,Research > Methods > Storyboard,Storyboarding in UX Design,CC0-1.0,,1
UX Podcast,http://uxpodcast.com/,uxpodcast.com,gztchan/awesome-design,Podcast,"is a twice-monthly digital design podcast sharing insights about business, technology and people since 2011",CC0-1.0 (stated in README),,1
UX Reactions,https://uxreactions.com/,uxreactions.com,ttt30ga/awesome-product-design,UX > Articles,Fun stuff,CC0-1.0,,1
UX Recipe,https://uxrecipe.github.io/,uxrecipe.github.io,ttt30ga/awesome-product-design,UX > Tools,"This project is a personal manifesto against the objectification of the term ""UX""",CC0-1.0,,1
UXTOOLS,https://uxtools.co/,uxtools.co,gztchan/awesome-design,Read and Digest,,CC0-1.0 (stated in README),,1
UXWing,https://uxwing.com/,uxwing.com,bradtraversy/design-resources-for-developers,Icons,"Well Optimized, Free icons for commercial use",MIT,,1
UXWing SVG Editor,https://uxwing.com/svg-icon-editor,uxwing.com,bradtraversy/design-resources-for-developers,Online Design Tools,Creating and Edit SVG Online,MIT,,1
Grommet,https://v2.grommet.io/,v2.grommet.io,bradtraversy/design-resources-for-developers,React UI Libraries,mobile first UI component library,MIT,,1
Validately,https://validately.com/,validately.com,gztchan/awesome-design,User Testing,"Easy way to recruit testers, launch tests, and analyze results",CC0-1.0 (stated in README),,1
NGX Bootstrap,https://valor-software.com/ngx-bootstrap/#/,valor-software.com,bradtraversy/design-resources-for-developers,Angular UI Libraries,Another UI library for Angular based on the Bootstrap framework,MIT,,1
Ubuntu Vanilla framework,https://vanillaframework.io/,vanillaframework.io,alexpate/awesome-design-systems,Design Systems,,Unlicense,,1
Vanilla Framework,https://vanillaframework.io/,vanillaframework.io,bradtraversy/design-resources-for-developers,CSS Frameworks,"Simple, extensible CSS framework written in Sass",MIT,,1
Vanta.js,https://www.vantajs.com/,vantajs.com,bradtraversy/design-resources-for-developers,Javascript Animation Libraries,Animated website backgrounds in a few lines of code,MIT,,1
"Good strategy understands affect, not just cognition",https://vaughntan.org/strataffect,vaughntan.org,dend/awesome-product-management,Articles > Product Strategy & Planning,By Vaughn Tan,CC0-1.0,,1
Seven strategy tensions … and misunderstandings,https://vaughntan.org/strategy,vaughntan.org,dend/awesome-product-management,Articles > Product Strategy & Planning,By Vaughn Tan,CC0-1.0,,1
Vaultool Image Compressor,https://vaultool.com/tools/image-compressor,vaultool.com,bradtraversy/design-resources-for-developers,Image Compression,"Free client-side image compression for JPEG, PNG and WebP with adjustable quality. Files are not uploaded",MIT,,1
Vecta Nano,https://vecta.io/nano,vecta.io,bradtraversy/design-resources-for-developers,Image Compression,Uses lossless compression to compress inefficient SVG codes by removing unnecessary data. (Free & Paid),MIT,,1
Vectary,https://www.vectary.com/,vectary.com,LisaDziuba/Awesome-Design-Tools,Augmented Reality,сreate 3D and AR for your website,MIT,,1
Vecteezy,https://www.vecteezy.com/,vecteezy.com,bradtraversy/design-resources-for-developers,Vectors & Clip Art,Find and download free vector art,MIT,,1
Vectopus,https://vectopus.com,vectopus.com,bradtraversy/design-resources-for-developers,Icons,Top curated collective resources for elite designers,MIT,,1
Vector,https://vector.ma/,vector.ma,bradtraversy/design-resources-for-developers,Vectors & Clip Art,Awesome website for all kinds of Moroccan vectors,MIT,,1
Vector4Free,https://www.vector4free.com/,vector4free.com,bradtraversy/design-resources-for-developers,Vectors & Clip Art,Free vector graphics,MIT,,1
VectorLogoZone,https://www.vectorlogo.zone/,vectorlogo.zone,bradtraversy/design-resources-for-developers,Logos,Consistently formatted SVG logos,MIT,,1
Velocity.js,http://velocityjs.org/,velocityjs.org,bradtraversy/design-resources-for-developers,Javascript Animation Libraries,Velocity is a lightweight animation engine with the same API as jQuery's $.animate(),MIT,,1
The Ultimate Guide to Product Manager Interview Questions,http://www.venturegrit.com/how-to-interview-a-product-manager-the-ultimate-guide/,venturegrit.com,ProductHired/open-product-management,Career Prep: The Interview,PM Questions to Practice,none stated,,1
Vercel,https://vercel.com/geist,vercel.com,alexpate/awesome-design-systems,Design Systems,,Unlicense,,1
Verexif,https://www.verexif.com/en/,verexif.com,bradtraversy/design-resources-for-developers,Image Compression,Remove meta tags in image in order to reduce image size and increase privacy security,MIT,,1
Versions,https://versions.sympli.io,versions.sympli.io,LisaDziuba/Awesome-Design-Tools,Design Version Control,"a version control tool for designers with visual diff, merge and conflict resolution. Works with GitHub, Bitbucket, GitLab and Azure DevOps",MIT,,1
Vertopal,https://www.vertopal.com/,vertopal.com,bradtraversy/design-resources-for-developers,Others,Free online platform for converting computer files to a variety of file formats,MIT,,1
VEUI,https://veui.dev/en-US,veui.dev,bradtraversy/design-resources-for-developers,Vue UI Libraries,"VEUI is an enterprise UI component library, based on Vue.js",MIT,,1
Ryan Singer at Future of Web Apps,https://vimeo.com/15772341,vimeo.com,batoreh/awesome-ux,Videos,,CC0-1.0,,1
The Executioner's Tale,https://vimeo.com/86392023,vimeo.com,domenicosolazzo/awesome-okr,Videos,The Executioner's tale by Christina Wodtke,CC0-1.0,,1
Vimeo,https://vimeo.com/channels/freestockfootage/,vimeo.com,ttt30ga/awesome-product-design,Visual > Stock Videos,"Royalty Free Stock Video for Free Personal, Corporate or Commercial Use",CC0-1.0,,1
Particles.js,https://vincentgarreau.com/particles.js/,vincentgarreau.com,bradtraversy/design-resources-for-developers,Javascript Animation Libraries,A lightweight JavaScript library for creating particles,MIT,,1
VChart,https://visactor.io/vchart,visactor.io,bradtraversy/design-resources-for-developers,Javascript Chart Libraries,"VChart is not only a multi-terminal chart library that can be used out of the box, but also a vivid and flexible data storyteller",MIT,,1
VMind,https://visactor.io/vmind,visactor.io,bradtraversy/design-resources-for-developers,AI Graphic Design Tools,"VMind is an intelligent visualization suit that provides intelligent interfaces through rule algorithms, machine learning, and LLM",MIT,,1
VStory,https://visactor.io/vstory,visactor.io,bradtraversy/design-resources-for-developers,Javascript Chart Libraries,"VStory is a feature-rich narrative system that can use VisActor's VChart and VTable, combined with built-in components, to create visual works",MIT,,1
VTable,https://visactor.io/vtable,visactor.io,bradtraversy/design-resources-for-developers,Javascript Chart Libraries,"VTable is a high-performance multidimensional analysis component developed based on Canvas. When compared with traditional DOM table components, VTable primarily addresses rendering and interaction performance issues in the context of large amounts of data",MIT,,1
Visage 3.0,https://visage.co/,visage.co,ProductHired/open-product-management,Design,The design tool for content marketers. Template System for Brand Design,none stated,,1
Visily,https://www.visily.ai,visily.ai,bradtraversy/design-resources-for-developers,Online Design Tools,Tool that empowers non-designers to design web and mobile app mockups,MIT,,1
Visme,https://www.visme.co/,visme.co,bradtraversy/design-resources-for-developers,Online Design Tools,"Create presentations, infographics and more",MIT,,1
Visual Hub,https://visual-hub.net/,visual-hub.net,bradtraversy/design-resources-for-developers,Vectors & Clip Art,"Free flat-style illustrations for business, education and blogging. Commercial use OK, no attribution or signup required. Available in EN/JA/ZH/KO",MIT,,1
VisualPharm,https://visualpharm.com/,visualpharm.com,LisaDziuba/Awesome-Design-Tools,Icons Tools,free SVG Icons with super-fast search and free Coke. Built for fun by Icons8,MIT,,1
Village,https://vllg.com/,vllg.com,gztchan/awesome-design,Typography,,CC0-1.0 (stated in README),,1
Voiceflow,https://www.voiceflow.com,voiceflow.com,LisaDziuba/Awesome-Design-Tools,UI Design Tools,"prototype, design and deploy real apps for Amazon Alexa & Google Home",MIT,,1
Volume,https://www.volumecolor.io/,volumecolor.io,bradtraversy/design-resources-for-developers,Colors,3D OKLCH color palette generator,MIT,,1
VSCO,http://vsco.co/id/journal/p/1,vsco.co,gztchan/awesome-design,Styleguide and Branding,,CC0-1.0 (stated in README),,1
Vue CheatSheet,https://vue-cheatsheet.themeselection.com/,vue-cheatsheet.themeselection.com,bradtraversy/design-resources-for-developers,Others,"An interactive cheatsheet of Vue, Vue Router, and Pinia. The only Vue CheatSheet you will ever need",MIT,,1
Vue Final Modal,https://vue-final-modal.org/,vue-final-modal.org,bradtraversy/design-resources-for-developers,Vue UI Libraries,"Vue Final Modal is a tiny, renderless, mobile-friendly, feature-rich modal component for Vue.js",MIT,,1
VueTailwind,https://www.vue-tailwind.com/,vue-tailwind.com,bradtraversy/design-resources-for-developers,Vue UI Libraries,Set of Lightview and fully customizable Vue Components optimized for TailwindCSS,MIT,,1
Chakra UI Vue,https://vue.chakra-ui.com/,vue.chakra-ui.com,bradtraversy/design-resources-for-developers,Vue UI Libraries,Chakra UI is a simple modular and accessible component library that gives you the building blocks to build Vue applications with speed,MIT,,1
Vue Design System,https://vueds.com/,vueds.com,alexpate/awesome-design-systems,Design Systems,,Unlicense,,1
Vuejsexamples,https://vuejsexamples.com,vuejsexamples.com,bradtraversy/design-resources-for-developers,Vue UI Libraries,A nice collection of useful vuejs UI components,MIT,,1
Vuesax,https://vuesax.com/,vuesax.com,bradtraversy/design-resources-for-developers,Vue UI Libraries,Unique and reusable UI components,MIT,,1
Vuestic,https://vuestic.dev/,vuestic.dev,bradtraversy/design-resources-for-developers,Vue UI Libraries,Free and Open Source UI Library for Vue 3 🤘,MIT,,1
Vue Telemetry,https://vuetelemetry.com/,vuetelemetry.com,bradtraversy/design-resources-for-developers,Others,Reveal the Vue plugins and technology stack powering any website or explore a database of 5500+ websites,MIT,,1
Vuetensils,https://vuetensils.stegosource.com/,vuetensils.stegosource.com,bradtraversy/design-resources-for-developers,Vue UI Libraries,"Vuetensils is a lightweight component library for Vue 2.x that brings some of most common UI features, but only the bare minimum styles to avoid adding any extra bloat. You can work on the branding, and don't have to worry about the accessibility",MIT,,1
Vuetify,https://vuetifyjs.com/en/,vuetifyjs.com,bradtraversy/design-resources-for-developers,Vue UI Libraries,Material design component framework,MIT,,1
Vuforia,https://www.vuforia.com/,vuforia.com,LisaDziuba/Awesome-Design-Tools,Augmented Reality,SDK for mobile devices that enables the creation of augmented reality applications,MIT,,1
Vuikit,https://vuikit.js.org/,vuikit.js.org,bradtraversy/design-resources-for-developers,Vue UI Libraries,"A consistent and responsive Vue UI library, based on the front-end framework UIkit",MIT,,1
Layout Forge,https://vumox.github.io/layout-forge/,vumox.github.io,bradtraversy/design-resources-for-developers,Online Design Tools,"Free, open-source visual generators for CSS Grid, Flexbox, palettes, gradients, clip-path and glassmorphism. No account required",MIT,,1
VWO,https://vwo.com,vwo.com,samber/awesome-user-research,Feature flags & experimentation,A/B testing and conversion optimization platform,CC-BY-4.0,,1
W3Layouts,https://w3layouts.com/,w3layouts.com,bradtraversy/design-resources-for-developers,HTML & CSS Templates,W3Layouts: 3784+ Free Website Templates for 2020,MIT,,1
W3.CSS,https://www.w3schools.com/w3css/,w3schools.com,bradtraversy/design-resources-for-developers,CSS Frameworks,"A modern CSS framework with support for desktop, tablet, and mobile design by default. Designed to be independent of jQuery or any other JavaScript library",MIT,,1
W3csstemplates,https://www.w3schools.com/w3css/w3css_templates.asp,w3schools.com,bradtraversy/design-resources-for-developers,HTML & CSS Templates,Some responsive W3.CSS website templates for you to use,MIT,,1
The customer is always right. Except when they aren’t,http://wadefoster.net/post/57403834478/the-customer-is-always-right-except-when-they-arent,wadefoster.net,ProductHired/open-product-management,Get Out Of The Building,Wade Foster,none stated,,1
The lost art of the soft launch,http://wadefoster.net/post/70145296769/the-lost-art-of-the-soft-launch,wadefoster.net,ProductHired/open-product-management,Shipping and Measuring Products,Wade Foster,none stated,,1
Wakamai Fondue,https://wakamaifondue.com/,wakamaifondue.com,LisaDziuba/Awesome-Design-Tools,Font Tools,"the tool that answers the question ""what can my font do?""",MIT,,1
Agile Engineering Self Assessment,http://wall-skills.com/2016/agile-engineering-self-assessment/,wall-skills.com,lorabv/awesome-agile,Engineering,,CC0-1.0,,1
#1 SaaS Growth Hack,https://www.waltervoronovic.com/saas-growth-hacks/,waltervoronovic.com,bekatom/awesome-growth-hacking,Articles,,other (see repo LICENSE),,1
Wannapik,https://www.wannapik.com/,wannapik.com,LisaDziuba/Awesome-Design-Tools,Illustrations,"a collection of free illustrations, vector images, photos, and animations for any use",MIT,,1
Don't start a tech-enabled service,https://waseem.substack.com/p/tech-enabled-services,waseem.substack.com,dend/awesome-product-management,Articles > Product Development & Process,By Waseem Daher,CC0-1.0,,1
Watermarkly,https://watermarkly.com/compress-jpeg/,watermarkly.com,bradtraversy/design-resources-for-developers,Image Compression,"Private, client-side compression of JPEG images. The app does not send images to a server for processing",MIT,,1
Waveguide,https://www.waveguide.io/,waveguide.io,LisaDziuba/Awesome-Design-Tools,Design Inspiration,"a design knowledge bank with thousands of artificially enriched examples of product and brand experience (examples of Mobile App, Landing pages, eCommerce, CX/UX Patterns)",MIT,,1
WAYS WE WORK,http://wayswework.io/,wayswework.io,gztchan/awesome-design,Read and Digest,is a digital publication focused on telling stories and getting first-hand accounts of how people do the work they love,CC0-1.0 (stated in README),,1
500px,https://web.500px.com/,web.500px.com,gztchan/awesome-design,Stock,over 15 million photographers from 195 countries. 🌟,CC0-1.0 (stated in README),,1
12 Things about Product-Market Fit,https://web.archive.org/web/20180629011058/https://a16z.com/2017/02/18/12-things-about-product-market-fit/,web.archive.org,dend/awesome-product-management,Articles > Product Strategy & Planning,By Tren Griffin,CC0-1.0,,1
"A Minimum Viable Product Is Not a Product, It's a Process",https://web.archive.org/web/20201004000942/https://www.ycombinator.com/library/4Q-a-minimum-viable-product-is-not-a-product-it-s-a-process,web.archive.org,dend/awesome-product-management,Articles > Product Development & Process,By Jim Brikman,CC0-1.0,,1
How to Deliver More Software Projects on Time,https://web.archive.org/web/20151029064330/https://www.inc.com/mark-suster/how-to-deliver-more-software-projects-on-time.html,web.archive.org,dend/awesome-product-management,Articles > Product Development & Process,By Mark Suster,CC0-1.0,,1
How to Use the Google HEART Framework to Measure and Improve Your App's UX,https://web.archive.org/web/20190714162138/https://clevertap.com/blog/google-heart-framework/,web.archive.org,dend/awesome-product-management,Articles > Customer Research & User Experience,By Emily Bonnie,CC0-1.0,,1
"Mud Rooms, Red Letters, and Real Priorities",https://web.archive.org/web/20090710004515/https://www.43folders.com/2009/04/28/priorities,web.archive.org,dend/awesome-product-management,Articles > Product Strategy & Planning,By Merlin Mann,CC0-1.0,,1
PM at Microsoft,https://web.archive.org/web/20180220022153/https://blogs.msdn.microsoft.com/techtalk/2005/12/16/pm-at-microsoft/,web.archive.org,dend/awesome-product-management,Articles > Career Development & Skills,By Steven Sinofsky,CC0-1.0,,1
Your MVP is about discovery not product,http://web.archive.org/web/20170112085359/http://kevindewalt.com/2013/07/14/your-mvp-is-about-discovery-not-product/,web.archive.org,ProductHired/open-product-management,Get Out Of The Building,Kevin Dewalt,none stated,,1
NOVA Material Design Icons,http://www.webalys.com/nova/index.html,webalys.com,gztchan/awesome-design,Icon and Logo,"4,000 vector icons provided in two styles: Line and Solid",CC0-1.0 (stated in README),,1
Web Credible,https://www.webcredible.com/blog/visual-design-and-colour-accessibility/,webcredible.com,ttt30ga/awesome-product-design,Accessibility > Articles,Visual design and color accessibility,CC0-1.0,,1
Web Design Inspiration,https://www.webdesign-inspiration.com/,webdesign-inspiration.com,bradtraversy/design-resources-for-developers,Design Inspiration,"A site for web design inspiration, updated daily",MIT,,1
Tuts+,https://webdesign.tutsplus.com/tutorials/how-to-prepare-and-use-an-affinity-diagram--cms-28388,webdesign.tutsplus.com,ttt30ga/awesome-product-design,Research > Methods > Research Synthesis,How to Prepare and Use an Affinity Diagram,CC0-1.0,,1
Google Web Designer,https://webdesigner.withgoogle.com/,webdesigner.withgoogle.com,bradtraversy/design-resources-for-developers,Downloadable Design Software,"Create engaging, interactive HTML5-based designs and motion graphics that can run on any device",MIT,,1
webdesignerdepot,https://www.webdesignerdepot.com/,webdesignerdepot.com,gztchan/awesome-design,Read and Digest,,CC0-1.0 (stated in README),,1
Web Designer News,http://www.webdesignernews.com/,webdesignernews.com,gztchan/awesome-design,Read and Digest,curated stories for designers. 🌟,CC0-1.0 (stated in README),,1
Web Design Museum,https://www.webdesignmuseum.org/,webdesignmuseum.org,LisaDziuba/Awesome-Design-Tools,Design Inspiration,"over 1,200 carefully selected web sites that show web design trends between the years 1994 and 2006",MIT,,1
LOL COLORS,https://www.webdesignrankings.com/resources/lolcolors/,webdesignrankings.com,gztchan/awesome-design,Color,Curated color palette inspiration,CC0-1.0 (stated in README),,1
WebDevTrick,https://webdevtrick.com/,webdevtrick.com,bradtraversy/design-resources-for-developers,Others,"A famous blog for many amazing HTML, CSS, JQuery designs",MIT,,1
Webfieldmanual,https://webfieldmanual.com/,webfieldmanual.com,gztchan/awesome-design,Read and Digest,,CC0-1.0 (stated in README),,1
Webfont,https://webfontapp.com/,webfontapp.com,LisaDziuba/Awesome-Design-Tools,Font Tools,"create and maintain custom SVG icon fonts, made a shared library of icons",MIT,,1
Web Font Preview,https://webfontpreview.com/,webfontpreview.com,LisaDziuba/Awesome-Design-Tools,Font Tools,preview Google Font pairings with components and site templates,MIT,,1
Webframe,https://webframe.xyz,webframe.xyz,bradtraversy/design-resources-for-developers,Design Inspiration,Discover and be inspired by beautiful webapp designs,MIT,,1
CoolHue,https://webkul.github.io/coolhue/,webkul.github.io,LisaDziuba/Awesome-Design-Tools,Gradient Tools,handpicked gradient palette and swatch for your next super amazing stuff,MIT,,1
CoolHue 2.0,https://webkul.github.io/coolhue/,webkul.github.io,bradtraversy/design-resources-for-developers,Colors,A free tool that shows different gradient examples in CSS and PNG format,MIT,,1
Vivid.js,https://webkul.github.io/vivid/,webkul.github.io,bradtraversy/design-resources-for-developers,Icons,Ready to use Free and Open Source SVG Icons Pack JavaScript Library,MIT,,1
Colorrrs,http://www.webpagefx.com/web-design/hex-to-rgb/,webpagefx.com,gztchan/awesome-design,Color,,CC0-1.0 (stated in README),,1
EMOJI CHEAT SHEET,https://www.webpagefx.com/tools/emoji-cheat-sheet/,webpagefx.com,gztchan/awesome-design,Read and Digest,,CC0-1.0 (stated in README),,1
WebSequenceDiagrams,https://www.websequencediagrams.com/,websequencediagrams.com,LisaDziuba/Awesome-Design-Tools,User Flow Tools,a simple webapp to work out object interactions arranged in time sequence,MIT,,1
Websitevice,https://websitevice.com/,websitevice.com,bradtraversy/design-resources-for-developers,Design Inspiration,A curated gallery of professional website designs to inspire developers and designers seeking creative ideas and best practices,MIT,,1
Web Style Guide by Patrick J. Lynch and Sarah Horton,http://webstyleguide.com/wsg3/index.html,webstyleguide.com,batoreh/awesome-ux,Books,,CC0-1.0,,1
OKR report document example by WeekDone,https://weekdone.com/resources/templates/okr-report-document-example,weekdone.com,domenicosolazzo/awesome-okr,Templates,A word template for setting your OKRs,CC0-1.0,,1
OKR report document template by WeekDone,https://weekdone.com/resources/templates/okr-report-document-template,weekdone.com,domenicosolazzo/awesome-okr,Templates,An example of OKRs using the word template above,CC0-1.0,,1
OKR report spreadsheet example by WeekDone,https://weekdone.com/resources/templates/okr-report-spreadsheet-example,weekdone.com,domenicosolazzo/awesome-okr,Templates,An example of OKRs using the excel template above,CC0-1.0,,1
OKR report word template by WeekDone,https://weekdone.com/resources/templates/okr-report-spreadsheet-template,weekdone.com,domenicosolazzo/awesome-okr,Templates,An excel template for setting your OKR,CC0-1.0,,1
Welcome UI,http://www.welcome-ui.com/,welcome-ui.com,alexpate/awesome-design-systems,Design Systems,,Unlicense,,1
We Love Icon Font,https://weloveiconfonts.com/,weloveiconfonts.com,ttt30ga/awesome-product-design,Visual > Icons,This is a free & open source icon fonts hosting service,CC0-1.0,,1
We Love Icon Fonts,http://weloveiconfonts.com/,weloveiconfonts.com,gztchan/awesome-design,Icon and Logo,,CC0-1.0 (stated in README),,1
10 essential steps to create products that customer love,http://welovelean.wordpress.com/2013/07/06/10-essential-steps-to-create-products-that-customers-love/,welovelean.wordpress.com,ProductHired/open-product-management,Building Great Products,Laurence McCahill,none stated,,1
React-WeUI,https://weui.github.io/react-weui/docs/#/react-weui/docs/page/0/articles/0,weui.github.io,bradtraversy/design-resources-for-developers,React UI Libraries,React-WeUI made from our love of React and WeChat's WeUI Design,MIT,,1
W Fonts,https://www.wfonts.com/,wfonts.com,bradtraversy/design-resources-for-developers,Fonts,Download Free fonts,MIT,,1
What Design Can Do,http://www.whatdesigncando.com/,whatdesigncando.com,gztchan/awesome-design,Conference and Festival,is an international platform on the impact of design,CC0-1.0 (stated in README),,1
What Font Finder,https://whatfontfinder.com/font-identifier/,whatfontfinder.com,bradtraversy/design-resources-for-developers,Fonts,"Identify a font from an image in your browser — the picture never leaves your device, and each match is scored so you can tell a close hit from a guess",MIT,,1
Measure What Matters,https://www.whatmatters.com/book,whatmatters.com,domenicosolazzo/awesome-okr,Books,A handbook for setting and achieving audacious goals by John Doerr,CC0-1.0,,1
Measure What Matters: Examples & Resources,https://www.whatmatters.com/get-examples/,whatmatters.com,domenicosolazzo/awesome-okr,Examples,A list of OKR examples,CC0-1.0,,1
WhatsApp,https://www.whatsappbrand.com/,whatsappbrand.com,gztchan/awesome-design,Styleguide and Branding,,CC0-1.0 (stated in README),,1
Whimsical,https://whimsical.co/,whimsical.co,LisaDziuba/Awesome-Design-Tools,User Flow Tools,"easy to create flow charts, wireframes and sticky notes",MIT,,1
Whimsical Wireframes,https://whimsical.co/wireframes/,whimsical.co,LisaDziuba/Awesome-Design-Tools,Wireframing Tools,"instant wireframing at your fingertips. Rich library of configurable elements like buttons, inputs, checkboxes",MIT,,1
Whimsical,https://whimsical.com/,whimsical.com,bradtraversy/design-resources-for-developers,Online Design Tools,"Wireframes, diagrams and more (4 free)",MIT,,1
whocanuse,https://whocanuse.com,whocanuse.com,bradtraversy/design-resources-for-developers,Colors,,MIT,,1
Wicked Blocks,https://wickedblocks.dev/,wickedblocks.dev,bradtraversy/design-resources-for-developers,UI Components & Kits,A free collection of Tailwind blocks & components,MIT,,1
Wikitude,https://www.wikitude.com/,wikitude.com,LisaDziuba/Awesome-Design-Tools,Augmented Reality,"empowers your iOS, Android & Smart Glasses apps with Image & Object Tracking, Instant tracking (SLAM), Geo AR, and more",MIT,,1
williamsharkey,http://williamsharkey.com/Shapes.html,williamsharkey.com,bradtraversy/design-resources-for-developers,Others,Random SVG Graphic Generator,MIT,,1
Wind UI,https://wind-ui.com/,wind-ui.com,bradtraversy/design-resources-for-developers,UI Components & Kits,"Expertly made, responsive, accessible components in React and HTML ready to be used on your website or app",MIT,,1
Windi CSS,https://windicss.org/,windicss.org,bradtraversy/design-resources-for-developers,CSS Frameworks,Next generation compiler for Tailwind CSS,MIT,,1
Tiff,https://winniethemu.github.io/tiff/,winniethemu.github.io,bradtraversy/design-resources-for-developers,Fonts,A type diff tool that visually contrasts the differences between two fonts,MIT,,1
Wireflow,http://wireflow.co,wireflow.co,LisaDziuba/Awesome-Design-Tools,User Flow Tools,"free, online and open source tool for creating beautiful user flow prototypes",MIT,,1
Wistia Music,https://wistia.com/resources/music,wistia.com,LisaDziuba/Awesome-Design-Tools,Sound Design,download some free background tracks to add energy and emotion to your videos,MIT,,1
Whiteboard,https://witeboard.com/,witeboard.com,bradtraversy/design-resources-for-developers,Online Design Tools,Online drawing tool,MIT,,1
Witeboard,https://www.witeboard.com/,witeboard.com,LisaDziuba/Awesome-Design-Tools,Collaboration Tools,simple real-time whiteboard for collaboration work,MIT,,1
Wix Style React,https://www.wix-style-react.com/storybook/,wix-style-react.com,alexpate/awesome-design-systems,Design Systems,,Unlicense,,1
React Native UI Lib,https://wix.github.io/react-native-ui-lib/,wix.github.io,bradtraversy/design-resources-for-developers,React Native UI Libraries,React Native UI (RNUI) is a UI Toolset & Components Library for React Native from Wix,MIT,,1
Wizlogo,https://wizlogo.com/,wizlogo.com,LisaDziuba/Awesome-Design-Tools,Logo Design,create a logo with a simple and affordable tool backed by professional designers,MIT,,1
Women in Product,https://www.womenpm.org/,womenpm.org,dend/awesome-product-management,Communities,(using Facebook),CC0-1.0,,1
WordMarkIt,https://wordmark.it/,wordmark.it,LisaDziuba/Awesome-Design-Tools,Font Tools,displays your written word/phrase with all the fonts which are already installed on your computer,MIT,,1
workmark,https://wordmark.it/,wordmark.it,gztchan/awesome-design,Typography,,CC0-1.0 (stated in README),,1
Openverse,https://wordpress.org/openverse/,wordpress.org,bradtraversy/design-resources-for-developers,Stock Photos,Openverse is a search engine for openly-licensed media,MIT,,1
workmode,http://workmode.show/,workmode.show,gztchan/awesome-design,Podcast,is a podcast series about being a pro,CC0-1.0 (stated in README),,1
Workzone,https://www.workzone.com/,workzone.com,LisaDziuba/Awesome-Design-Tools,Collaboration Tools,"a simple, powerful project management software",MIT,,1
World Vector Logo,https://worldvectorlogo.com/,worldvectorlogo.com,bradtraversy/design-resources-for-developers,Logos,Download vector logos of brands you love,MIT,,1
WOWA,https://www.wowa.me/,wowa.me,LisaDziuba/Awesome-Design-Tools,Sound Design,"download royalty-free music for YouTube videos, podcasts, and apps. No copyright CC0. Music inspired by Unsplash",MIT,,1
wow.js,https://wowjs.uk/,wowjs.uk,bradtraversy/design-resources-for-developers,Javascript Animation Libraries,Reveal Animations When You Scroll,MIT,,1
WPSkins.org,https://wpskins.org/,wpskins.org,bradtraversy/design-resources-for-developers,HTML & CSS Templates,"Directory of 2,500+ free website themes across popular CMS platforms and static site generators",MIT,,1
Wrike,https://www.wrike.com/,wrike.com,LisaDziuba/Awesome-Design-Tools,Collaboration Tools,an online project management software that gives you full visibility and control over your tasks,MIT,,1
WriteMaps,https://writemaps.com/,writemaps.com,LisaDziuba/Awesome-Design-Tools,Information Architecture,"create sitemaps that impress! Plan out the pages and content for your next website project in a visual, fun, and beautiful manner",MIT,,1
30 must read resources,http://writtent.com/blog/30-must-read-growth-hacking-resources-digital-marketers/,writtent.com,bekatom/awesome-growth-hacking,Resources,,other (see repo LICENSE),,1
Wufoo,https://www.wufoo.com,wufoo.com,LisaDziuba/Awesome-Design-Tools,User Research Tools,"сreate forms, collect data and payments and automate your workflows",MIT,,1
Wunder Stock,https://wunderstock.com/,wunderstock.com,bradtraversy/design-resources-for-developers,Stock Photos,Stunningly amazing free photos,MIT,,1
wwwhere,http://wwwhere.io/,wwwhere.io,gztchan/awesome-design,Read and Digest,,CC0-1.0 (stated in README),,1
Bob Moesta,https://x.com/bmoesta,x.com,samber/awesome-user-research,Learn > People to follow,Co-creator of the Jobs to be Done framework; author of Demand-Side Sales,CC-BY-4.0,,1
Erika Hall,https://x.com/mulegirl,x.com,samber/awesome-user-research,Learn > People to follow,Co-founder of Mule Design; author of Just Enough Research,CC-BY-4.0,,1
Judd Antin,https://x.com/juddantin,x.com,samber/awesome-user-research,Learn > People to follow,Former head of UX research at Meta; writes on research strategy and impact,CC-BY-4.0,,1
Kate Towsey,https://x.com/katetowsey,x.com,samber/awesome-user-research,Learn > People to follow,Pioneer of research operations; author of Research That Scales,CC-BY-4.0,,1
Leah Buley,https://x.com/ugleah,x.com,samber/awesome-user-research,Learn > People to follow,Author of The User Experience Team of One; VP of Research at Salesforce,CC-BY-4.0,,1
Nikkel Blaase,https://x.com/niklasb,x.com,samber/awesome-user-research,Learn > People to follow,Product designer writing on design systems and research-led product thinking,CC-BY-4.0,,1
Steve Portigal,https://x.com/steveportigal,x.com,samber/awesome-user-research,Learn > People to follow,Author of Interviewing Users; leading voice in user research practice,CC-BY-4.0,,1
Teresa Torres,https://x.com/ttorres,x.com,samber/awesome-user-research,Learn > People to follow,Author of Continuous Discovery Habits; advocate for outcome-driven product teams,CC-BY-4.0,,1
Xicons,https://www.xicons.co/,xicons.co,LisaDziuba/Awesome-Design-Tools,Icons Tools,"free vector icons, that update every 10 days",MIT,,1
Xicons,https://www.xicons.org/#/,xicons.org,bradtraversy/design-resources-for-developers,Icons,"SVG Vue/React components integrated from fluentui-system-icons, ionicons, etc. (Vue3, Vue2, React, SVG)",MIT,,1
XMind: ZEN,https://www.xmind.net/zen/,xmind.net,LisaDziuba/Awesome-Design-Tools,User Flow Tools,a brainstorming and mind mapping tool that can switch between outline and tree-chart. Link topics with other charts,MIT,,1
xstyled,https://xstyled.dev/,xstyled.dev,bradtraversy/design-resources-for-developers,React UI Libraries,"A CSS-in-JS framework built for React with props based utilities like display, fontSize or rotate",MIT,,1
Xtensio,https://xtensio.com/how-to-create-a-competitive-analysis/,xtensio.com,ttt30ga/awesome-product-design,Research > Methods > Competitive Analysis,How To: Create A Competitive Analysis,CC0-1.0,,1
Yanko Design,http://www.yankodesign.com/,yankodesign.com,gztchan/awesome-design,Read and Digest,,CC0-1.0 (stated in README),,1
Yellow Lab Tools,https://yellowlab.tools/,yellowlab.tools,bradtraversy/design-resources-for-developers,Online Design Tools,Online test to help speeding up heavy web pages,MIT,,1
Yelp,https://www.yelp.com/styleguide,yelp.com,gztchan/awesome-design,Styleguide and Branding,,CC0-1.0 (stated in README),,1
YesInsights,https://www.yesinsights.com/,yesinsights.com,LisaDziuba/Awesome-Design-Tools,User Research Tools,simple one question and NPS surveys to improve your business,MIT,,1
21 Growth Hacking Tactics,http://yongfook.com/actionable-growth-hacking-tactics.html,yongfook.com,bekatom/awesome-growth-hacking,Articles,,other (see repo LICENSE),,1
YouGov,https://yougov.com/,yougov.com,ttt30ga/awesome-product-design,Data,We believe in the power of participation,CC0-1.0,,1
"Yours Productly - Shardul Mehta, VP Products at Diamond Mind",http://yoursproductly.com/shardulmehta/,yoursproductly.com,ProductHired/open-product-management,Podcasts,"Shardul Mehta on Product Canvas, Why Products Fail, His Upcoming Book and a Lot More",none stated,,1
Agile Architecture,https://www.youtube.com/watch?v=VjKYO6DP3fo&t=12s,youtube.com,lorabv/awesome-agile,Engineering,,CC0-1.0,,1
Box Case Study,https://www.youtube.com/watch?v=qeY2BRaS11g,youtube.com,ProductHired/open-product-management,Product Case Studies,Box Case Study,none stated,,1
Building an Enterprise Product: Yammer's Development Methodology,https://www.youtube.com/watch?v=N8wdRZDv0ks,youtube.com,ProductHired/open-product-management,Product Case Studies,"Jason Shah, product manager at Yammer, shares aspects of Yammer's product development methodology",none stated,,1
"Chris Lee on ""How to Get into Product Management""",https://www.youtube.com/watch?v=EoncOT67ImI,youtube.com,ProductHired/open-product-management,Interviews,"A conversation between Chris Lee, Product Manager at Dropbox, and Jason Shah",none stated,,1
Continuous Discovery Habits,https://www.youtube.com/watch?v=l7-5x0ra2tc,youtube.com,samber/awesome-user-research,Learn > Talk,Teresa Torres on building a sustainable habit of weekly customer discovery,CC-BY-4.0,,1
Dan Martell- Startupfest 2014,https://www.youtube.com/watch?v=OBhq9QUEia8,youtube.com,bekatom/awesome-growth-hacking,Videos,,other (see repo LICENSE),,1
"Eva Andreasson on ""How to Get into Product Management""",https://www.youtube.com/watch?v=tIQLhdMrK2Y,youtube.com,ProductHired/open-product-management,Interviews,"A conversation between Eva Andreasson, Senior Product Manager at Cloudera, and Jason Shah, Product Manager at Yammer",none stated,,1
Former Facebook & Twitter Growth Expert Andy Johns Shares Scaling Tips,https://www.youtube.com/watch?v=eqeS8US10_k&feature=youtu.be,youtube.com,bekatom/awesome-growth-hacking,Videos,,other (see repo LICENSE),,1
"How to Build a Great Company, Step by Step",https://www.youtube.com/watch?v=1RTcXwJuCaU,youtube.com,bekatom/awesome-growth-hacking,Videos,,other (see repo LICENSE),,1
How to Run Better User Interviews,https://www.youtube.com/watch?v=qAws7eXItMk,youtube.com,samber/awesome-user-research,Learn > Talk,Steve Portigal on interviewing users,CC-BY-4.0,,1
"Jackie Bavaro on ""How to Get into Product Management""",https://www.youtube.com/watch?v=tSx8V8Y5LW8,youtube.com,ProductHired/open-product-management,Interviews,"A conversation between Jackie Bavaro, Product Manager at Asana, and Jason Shah",none stated,,1
"James Currier, Co-Founder Ooga Labs & Curator of the NFX- LeWeb'13 Paris - The Next 10 Years",https://www.youtube.com/watch?v=9PTT5Kb6610,youtube.com,bekatom/awesome-growth-hacking,Videos,,other (see repo LICENSE),,1
"Janna Bastow on ""How to Get into Product Management""",https://www.youtube.com/watch?v=p9Ubfv5v2i8,youtube.com,ProductHired/open-product-management,Interviews,"A conversation between Janna Bastow, founder of ProdPad and previously a product manager / consultant",none stated,,1
"Jason Evanish on ""How to Get into Product Management""",https://www.youtube.com/watch?v=9pqBBEkSfdU,youtube.com,ProductHired/open-product-management,Interviews,"A conversation between Jason Evanish, Product Manager at KISSMetrics, and Jason Shah",none stated,,1
Jobs to be Done,https://www.youtube.com/watch?v=sfGtw2C95Ms,youtube.com,samber/awesome-user-research,Learn > Talk,Bob Moesta on understanding user motivations,CC-BY-4.0,,1
Just Enough Research,https://www.youtube.com/watch?v=9yBpBDVqJao,youtube.com,samber/awesome-user-research,Learn > Talk,Erika Hall on making research practical and actionable for teams,CC-BY-4.0,,1
Mock PM Interview Practice,https://www.youtube.com/channel/UCjm_qVkCPjOVDz9BWjNqO9A,youtube.com,ProductHired/open-product-management,Career Prep: Company Types,This channel goes through various sample interview questions with FANG and other companies,none stated,,1
"Pascal Carole on ""How to Get into Product Management""",https://www.youtube.com/watch?v=g48swcdEqFE,youtube.com,ProductHired/open-product-management,Interviews,"A conversation between Pascal Carole, Product Manager at Microsoft / Yammer and former engineer at Microsoft, and Jason Shah",none stated,,1
Predictable Revenue Webinar,https://www.youtube.com/watch?v=olH8Yf_aMfI,youtube.com,bekatom/awesome-growth-hacking,Videos,,other (see repo LICENSE),,1
"Raj Ramachandran on ""How to Get into Product Management""",https://www.youtube.com/watch?v=fqJo_UkMMxM,youtube.com,ProductHired/open-product-management,Interviews,"A conversation between Raj Ramachandran, Director of Product at Kidaptive and former Product Manager at Zynga",none stated,,1
"Ryan Hoover on ""How to Get Into Product Management""",https://www.youtube.com/watch?v=gIJNfQZCY0s,youtube.com,ProductHired/open-product-management,Interviews,"A conversation between Ryan Hoover, Director of Product, PlayHaven and Jason Shah",none stated,,1
"Teresa Torres on ""How to Get into Product Management""",https://www.youtube.com/watch?v=VuSfqm1dr7Y,youtube.com,ProductHired/open-product-management,Interviews,"A conversation between Teresa Torres, Vice President, Products at AfterCollege and a product consultant",none stated,,1
The Lean Startup,https://www.youtube.com/watch?v=fEvKo90qBns#t=2579,youtube.com,bekatom/awesome-growth-hacking,Videos,,other (see repo LICENSE),,1
The Mom Test,https://www.youtube.com/watch?v=l9ET1WqRvSI,youtube.com,samber/awesome-user-research,Learn > Talk,Rob Fitzpatrick on talking to customers without fooling yourself,CC-BY-4.0,,1
The Power of Storytelling in Research,https://www.youtube.com/watch?v=e7YpMTBMKbI,youtube.com,samber/awesome-user-research,Learn > Talk,Steve Portigal on synthesizing and communicating research findings,CC-BY-4.0,,1
Validating & Scaling Your Business W/ Noah Kagan of AppSumo,https://www.youtube.com/watch?v=s6iLUb6Kg1A#t=876,youtube.com,bekatom/awesome-growth-hacking,Videos,,other (see repo LICENSE),,1
"Wil Keenan on ""How to Get Into Product Management""",https://www.youtube.com/watch?v=-CMip6mUT5I,youtube.com,ProductHired/open-product-management,Interviews,"A conversation between Wil Keenan, Senior Product Manager at Change.org and Jason Shah",none stated,,1
Youtube,https://www.youtube.com/yt/about/brand-resources/,youtube.com,gztchan/awesome-design,Styleguide and Branding,,CC0-1.0 (stated in README),,1
YouTube Audio Library,https://www.youtube.com/audiolibrary/music,youtube.com,LisaDziuba/Awesome-Design-Tools,Sound Design,browse and download free music for your project,MIT,,1
Youtube Grwoth Hacker TV,https://www.youtube.com/user/growthhackertv,youtube.com,bekatom/awesome-growth-hacking,Videos,,other (see repo LICENSE),,1
YouTube Studio Audio Library,https://www.youtube.com/audiolibrary,youtube.com,bradtraversy/design-resources-for-developers,Stock Music & Sound Effects,Royalty-free audio library for downloadable music and sound effects. Cleared for YouTube monetization,MIT,,1
Vant,https://youzan.github.io/vant,youzan.github.io,bradtraversy/design-resources-for-developers,Vue UI Libraries,Lightweight Mobile UI Components built on Vue,MIT,,1
yEd,https://www.yworks.com/products/yed,yworks.com,LisaDziuba/Awesome-Design-Tools,User Flow Tools,free desktop tool for making diagrams. Usable for the wide variety of use cases. Auto-layout helps a lot when making flowcharts,MIT,,1
Don't Give Your Users Shit Work,https://zachholman.com/posts/shit-work/,zachholman.com,dend/awesome-product-management,Articles > Product Development & Process,By Zach Holman,CC0-1.0,,1
Blogs,http://zack.onisko.com/50-growth-hacker-blogs-to-follow/,zack.onisko.com,bekatom/awesome-growth-hacking,Resources,50+ Growth hacker blogs to follow,other (see repo LICENSE),,1
Zeroheight,https://www.zeroheight.com/,zeroheight.com,LisaDziuba/Awesome-Design-Tools,Design System Tools,"style guides created by designers, extended by developers, and editable by everyone",MIT,,1
Chinese Colors,http://zhongguose.com,zhongguose.com,gztchan/awesome-design,Color,is a collection of Chinese traditional colors,CC0-1.0 (stated in README),,1
zipBoard,https://zipboard.co,zipboard.co,LisaDziuba/Awesome-Design-Tools,Collaboration Tools,an online visual bug tracking and website annotation tool,MIT,,1
ZOKRI,https://zokri.com/,zokri.com,domenicosolazzo/awesome-okr,Software,,CC0-1.0,,1
Zondicons,https://www.zondicons.com/icons.html,zondicons.com,bradtraversy/design-resources-for-developers,Icons,A set of free premium SVG icons for you to use on your digital products,MIT,,1
Zoom,https://zoom.us,zoom.us,LisaDziuba/Awesome-Design-Tools,User Research Tools,it's one of the best online meeting services,MIT,,1
Zoommy,http://www.zoommyapp.com,zoommyapp.com,LisaDziuba/Awesome-Design-Tools,Stock Photos Tools,helps you find awesome free stock photos for your creative product or inspiration,MIT,,1
Zugata,http://www.zugata.com/,zugata.com,domenicosolazzo/awesome-okr,Software,,CC0-1.0,,1
Zulip,https://zulipchat.com/,zulipchat.com,LisaDziuba/Awesome-Design-Tools,Collaboration Tools,"combines the immediacy of real-time chat with an email threading model, helping to focus on important conversations while ignoring irrelevant ones",MIT,,1
MOTION UI,https://zurb.com/playground/motion-ui,zurb.com,bradtraversy/design-resources-for-developers,CSS Animations,A Sass library for creating flexible CSS transitions and animations,MIT,,1
Responsive Sketchsheets,https://zurb.com/playground/responsive-sketchsheets,zurb.com,LisaDziuba/Awesome-Design-Tools,Sketching Tools,offers responsive pre-design templates. These will automatically adapt their layout to any screen size and include neat features,MIT,,1
Zurb Foundation Icons,https://zurb.com/playground/foundation-icon-fonts-3,zurb.com,bradtraversy/design-resources-for-developers,Icon Fonts,Customizable Foundation icons,MIT,,1
Zurb PatternTap,http://zurb.com/patterntap,zurb.com,gztchan/awesome-design,Read and Digest,,CC0-1.0 (stated in README),,1
Zwicon,https://www.zwicon.com/,zwicon.com,LisaDziuba/Awesome-Design-Tools,Icons Tools,handcrafted icon set for your next project,MIT,,1
Zdog,https://zzz.dog/,zzz.dog,bradtraversy/design-resources-for-developers,CSS Animations,"Round, flat, designer-friendly pseudo-3D engine for canvas & SVG",MIT,,1
