# Field-fit manual review, 9 Oct 2026: each scoring unit's 30 highest-volume phrases, read one by one.
# field_fit: yes (plainly product, design or business work), partial (generic but a product reader could type it), no (another world). reason: why; "rule confirmed" means the rule result was read and kept.
# intent_override: set where the review changed the fine intent (dictionary or career); else empty. Phrases not listed here keep the rule result from tools/harvest.py field_fit_rule.
keyword,unit,field_fit,reason,intent_override
agile agile,u01,yes,a word-order variant of agile methodology (software and product work),
agile agile software,u01,yes,"rule confirmed: names a method, artifact, role, metric or tool of the work",
agile approach,u01,yes,"rule confirmed: names a method, artifact, role, metric or tool of the work",
agile approaches,u01,yes,a word-order variant of agile methodology (software and product work),
agile computing,u01,yes,a word-order variant of agile methodology (software and product work),
agile implementation,u01,yes,a word-order variant of agile methodology (software and product work),
agile implementations,u01,yes,a word-order variant of agile methodology (software and product work),
agile methodologies,u01,yes,"rule confirmed: names a method, artifact, role, metric or tool of the work",
agile methodology,u01,yes,"rule confirmed: names a method, artifact, role, metric or tool of the work",
agile process methodology,u01,yes,"rule confirmed: names a method, artifact, role, metric or tool of the work",
agile project development,u01,yes,"rule confirmed: names a method, artifact, role, metric or tool of the work",
agile software development methodology,u01,yes,"rule confirmed: names a method, artifact, role, metric or tool of the work",
agile system development,u01,yes,a word-order variant of agile methodology (software and product work),
agile systems development,u01,yes,a word-order variant of agile methodology (software and product work),
agile technique,u01,yes,a word-order variant of agile methodology (software and product work),
agile techniques,u01,yes,a word-order variant of agile methodology (software and product work),
define agile methods,u01,yes,"rule confirmed: names a method, artifact, role, metric or tool of the work",
method agile,u01,yes,a word-order variant of agile methodology (software and product work),
methodologies agile,u01,yes,a word-order variant of agile methodology (software and product work),
software agile development,u01,yes,"rule confirmed: names a method, artifact, role, metric or tool of the work",
agile,u01,partial,rule confirmed: no field word and no other-world word,
software development agile,u01,yes,a word-order variant of agile methodology (software and product work),
scrum master,u01,yes,"rule confirmed: names a method, artifact, role, metric or tool of the work",
agile defined,u01,partial,rule confirmed: no field word and no other-world word,
agile definition,u01,partial,rule confirmed: no field word and no other-world word,
agile definitions,u01,partial,rule confirmed: no field word and no other-world word,
definition for agile,u01,partial,rule confirmed: no field word and no other-world word,
agile meaning,u01,partial,rule confirmed: no field word and no other-world word,
meaning agile,u01,partial,rule confirmed: no field word and no other-world word,
meaning for agile,u01,partial,rule confirmed: no field word and no other-world word,
agile agile,u02,yes,a word-order variant of agile methodology (software and product work),
agile agile software,u02,yes,"rule confirmed: names a method, artifact, role, metric or tool of the work",
agile approach,u02,yes,"rule confirmed: names a method, artifact, role, metric or tool of the work",
agile approaches,u02,yes,a word-order variant of agile methodology (software and product work),
agile computing,u02,yes,a word-order variant of agile methodology (software and product work),
agile implementation,u02,yes,a word-order variant of agile methodology (software and product work),
agile implementations,u02,yes,a word-order variant of agile methodology (software and product work),
agile methodologies,u02,yes,"rule confirmed: names a method, artifact, role, metric or tool of the work",
agile methodology,u02,yes,"rule confirmed: names a method, artifact, role, metric or tool of the work",
agile process methodology,u02,yes,"rule confirmed: names a method, artifact, role, metric or tool of the work",
agile software development methodology,u02,yes,"rule confirmed: names a method, artifact, role, metric or tool of the work",
agile system development,u02,yes,a word-order variant of agile methodology (software and product work),
agile systems development,u02,yes,a word-order variant of agile methodology (software and product work),
agile technique,u02,yes,a word-order variant of agile methodology (software and product work),
agile techniques,u02,yes,a word-order variant of agile methodology (software and product work),
define agile methods,u02,yes,"rule confirmed: names a method, artifact, role, metric or tool of the work",
method agile,u02,yes,a word-order variant of agile methodology (software and product work),
methodologies agile,u02,yes,a word-order variant of agile methodology (software and product work),
software agile development,u02,yes,"rule confirmed: names a method, artifact, role, metric or tool of the work",
agile,u02,partial,rule confirmed: no field word and no other-world word,
software development agile,u02,yes,a word-order variant of agile methodology (software and product work),
agile defined,u02,partial,rule confirmed: no field word and no other-world word,
agile definition,u02,partial,rule confirmed: no field word and no other-world word,
agile definitions,u02,partial,rule confirmed: no field word and no other-world word,
definition for agile,u02,partial,rule confirmed: no field word and no other-world word,
agile meaning,u02,partial,rule confirmed: no field word and no other-world word,
meaning agile,u02,partial,rule confirmed: no field word and no other-world word,
meaning for agile,u02,partial,rule confirmed: no field word and no other-world word,
agile development management,u02,yes,"rule confirmed: names a method, artifact, role, metric or tool of the work",
agile for management,u02,yes,a word-order variant of agile methodology (software and product work),
agile project development,u03,yes,"rule confirmed: names a method, artifact, role, metric or tool of the work",
agile and project management,u03,yes,"rule confirmed: names a method, artifact, role, metric or tool of the work",
agile development and project management,u03,yes,"rule confirmed: names a method, artifact, role, metric or tool of the work",
agile development project management,u03,yes,"rule confirmed: names a method, artifact, role, metric or tool of the work",
agile for project management,u03,yes,"rule confirmed: names a method, artifact, role, metric or tool of the work",
agile for project managers,u03,yes,"agile project management, a variant",
agile in project management,u03,yes,"rule confirmed: names a method, artifact, role, metric or tool of the work",
agile it project management,u03,yes,"rule confirmed: names a method, artifact, role, metric or tool of the work",
agile management project,u03,yes,"agile project management, a variant",
agile method project management,u03,yes,"rule confirmed: names a method, artifact, role, metric or tool of the work",
agile methodologies in project management,u03,yes,"rule confirmed: names a method, artifact, role, metric or tool of the work",
agile methodologies project management,u03,yes,"rule confirmed: names a method, artifact, role, metric or tool of the work",
agile methodology for project management,u03,yes,"rule confirmed: names a method, artifact, role, metric or tool of the work",
agile methodology in project management,u03,yes,"rule confirmed: names a method, artifact, role, metric or tool of the work",
agile methodology of project management,u03,yes,"rule confirmed: names a method, artifact, role, metric or tool of the work",
agile methodology project management,u03,yes,"rule confirmed: names a method, artifact, role, metric or tool of the work",
agile methods project management,u03,yes,"rule confirmed: names a method, artifact, role, metric or tool of the work",
agile project management,u03,yes,"rule confirmed: names a method, artifact, role, metric or tool of the work",
agile project manager,u03,yes,"rule confirmed: names a method, artifact, role, metric or tool of the work",
agile project managers,u03,yes,"rule confirmed: names a method, artifact, role, metric or tool of the work",
agile project methodology,u03,yes,"rule confirmed: names a method, artifact, role, metric or tool of the work",
agile software development project management,u03,yes,"rule confirmed: names a method, artifact, role, metric or tool of the work",
agile software project management,u03,yes,"rule confirmed: names a method, artifact, role, metric or tool of the work",
manage agile project,u03,yes,"rule confirmed: names a method, artifact, role, metric or tool of the work",
manage agile projects,u03,yes,"agile project management, a variant",
managing agile projects,u03,yes,"agile project management, a variant",
project agile management,u03,yes,"agile project management, a variant",
project management agile development,u03,yes,"rule confirmed: names a method, artifact, role, metric or tool of the work",
project management agile methodology,u03,yes,"rule confirmed: names a method, artifact, role, metric or tool of the work",
project management agile software,u03,yes,"rule confirmed: names a method, artifact, role, metric or tool of the work",
agile safe,u04,yes,"SAFe, the scaled agile framework",
agile safe framework,u04,yes,"SAFe, the scaled agile framework",
agile scaled framework,u04,yes,"SAFe, the scaled agile framework",
agile scaling framework,u04,yes,"SAFe, the scaled agile framework",
agile scaling frameworks,u04,yes,"SAFe, the scaled agile framework",
safe agile framework,u04,yes,"rule confirmed: names a method, artifact, role, metric or tool of the work",
safe agile method,u04,yes,"rule confirmed: names a method, artifact, role, metric or tool of the work",
safe agile methodologies,u04,yes,"rule confirmed: names a method, artifact, role, metric or tool of the work",
safe agile methodology,u04,yes,"rule confirmed: names a method, artifact, role, metric or tool of the work",
safe framework agile,u04,yes,"SAFe, the scaled agile framework",
safe framework in agile,u04,yes,"SAFe, the scaled agile framework",
safe scaled agile framework,u04,yes,"rule confirmed: names a method, artifact, role, metric or tool of the work",
scalable agile framework,u04,yes,"rule confirmed: names a method, artifact, role, metric or tool of the work",
scaled agile,u04,yes,"SAFe, the scaled agile framework",
scaled agile framework,u04,yes,"rule confirmed: names a method, artifact, role, metric or tool of the work",
scaled agile framework safe,u04,yes,"rule confirmed: names a method, artifact, role, metric or tool of the work",
scaled agile frameworks,u04,yes,"SAFe, the scaled agile framework",
scaled agile safe,u04,yes,"SAFe, the scaled agile framework",
scaling agile,u04,yes,"SAFe, the scaled agile framework",
scaling agile safe,u04,yes,"SAFe, the scaled agile framework",
agile and safe,u04,yes,"SAFe, the scaled agile framework",
safe agile development,u04,yes,"rule confirmed: names a method, artifact, role, metric or tool of the work",
safe and agile,u04,yes,"SAFe, the scaled agile framework",
safe scalable agile framework,u04,yes,"rule confirmed: names a method, artifact, role, metric or tool of the work",
safe scaling agile,u04,yes,"SAFe, the scaled agile framework",
scrum master,u05,yes,"rule confirmed: names a method, artifact, role, metric or tool of the work",
agile development scrum,u05,yes,"rule confirmed: names a method, artifact, role, metric or tool of the work",
agile for scrum,u05,yes,"rule confirmed: names a method, artifact, role, metric or tool of the work",
agile i scrum,u05,yes,"rule confirmed: names a method, artifact, role, metric or tool of the work",
agile methodology scrum,u05,yes,"rule confirmed: names a method, artifact, role, metric or tool of the work",
agile scrum,u05,yes,"rule confirmed: names a method, artifact, role, metric or tool of the work",
agile scrum development,u05,yes,"rule confirmed: names a method, artifact, role, metric or tool of the work",
agile scrum of scrums,u05,yes,"rule confirmed: names a method, artifact, role, metric or tool of the work",
agile sw development with scrum,u05,yes,"rule confirmed: names a method, artifact, role, metric or tool of the work",
agile using scrum,u05,yes,"rule confirmed: names a method, artifact, role, metric or tool of the work",
scrum & agile,u05,yes,"rule confirmed: names a method, artifact, role, metric or tool of the work",
scrum agile,u05,yes,"rule confirmed: names a method, artifact, role, metric or tool of the work",
scrum agile methodology,u05,yes,"rule confirmed: names a method, artifact, role, metric or tool of the work",
scrum agile software,u05,yes,"rule confirmed: names a method, artifact, role, metric or tool of the work",
scrum for agile,u05,yes,"rule confirmed: names a method, artifact, role, metric or tool of the work",
scrum in agile development,u05,yes,"rule confirmed: names a method, artifact, role, metric or tool of the work",
scrum is an agile methodology,u05,yes,"rule confirmed: names a method, artifact, role, metric or tool of the work",
agile vs scrum,u05,yes,"rule confirmed: names a method, artifact, role, metric or tool of the work",
kanban vs scrum,u05,yes,"rule confirmed: names a method, artifact, role, metric or tool of the work",
scrum guide,u05,yes,"rule confirmed: names a method, artifact, role, metric or tool of the work",
scrum project management,u05,yes,"rule confirmed: names a method, artifact, role, metric or tool of the work",
scrum framework,u05,yes,"rule confirmed: names a method, artifact, role, metric or tool of the work",
scrum methodology,u05,yes,"rule confirmed: names a method, artifact, role, metric or tool of the work",
scrum vs kanban,u05,yes,"rule confirmed: names a method, artifact, role, metric or tool of the work",
backlog product,u05,yes,"rule confirmed: names a method, artifact, role, metric or tool of the work",
product backlog,u05,yes,"rule confirmed: names a method, artifact, role, metric or tool of the work",
scrum ceremonies,u05,yes,"rule confirmed: names a method, artifact, role, metric or tool of the work",
what is a product backlog,u05,yes,"rule confirmed: names a method, artifact, role, metric or tool of the work",
what is product backlog,u05,yes,"rule confirmed: names a method, artifact, role, metric or tool of the work",
what is the product backlog,u05,yes,"rule confirmed: names a method, artifact, role, metric or tool of the work",
agile development manifesto,u06,yes,"rule confirmed: names a method, artifact, role, metric or tool of the work",
agile manifesto,u06,yes,"rule confirmed: names a method, artifact, role, metric or tool of the work",
agile methodology manifesto,u06,yes,"rule confirmed: names a method, artifact, role, metric or tool of the work",
agile project management manifesto,u06,yes,"rule confirmed: names a method, artifact, role, metric or tool of the work",
agile software development manifesto,u06,yes,"rule confirmed: names a method, artifact, role, metric or tool of the work",
agile software manifesto,u06,yes,"rule confirmed: names a method, artifact, role, metric or tool of the work",
manifesto agile,u06,yes,the agile manifesto,
manifesto agile software development,u06,yes,"rule confirmed: names a method, artifact, role, metric or tool of the work",
manifesto for agile,u06,yes,the agile manifesto,
manifesto for agile development,u06,yes,"rule confirmed: names a method, artifact, role, metric or tool of the work",
manifesto for agile software,u06,yes,"rule confirmed: names a method, artifact, role, metric or tool of the work",
manifesto for agile software development,u06,yes,"rule confirmed: names a method, artifact, role, metric or tool of the work",
manifesto of agile,u06,yes,the agile manifesto,
manifesto of agile software development,u06,yes,"rule confirmed: names a method, artifact, role, metric or tool of the work",
agile principles,u06,yes,"rule confirmed: names a method, artifact, role, metric or tool of the work",
accessibility,u07,partial,rule confirmed: no field word and no other-world word,
accessibility accessibility,u07,partial,the bare word repeated: a dictionary lookup,dictionary
electronic accessibility,u07,partial,rule confirmed: no field word and no other-world word,
accessibility def,u07,partial,rule confirmed: no field word and no other-world word,
accessibility definition,u07,partial,rule confirmed: no field word and no other-world word,
define accessibility,u07,partial,rule confirmed: no field word and no other-world word,
accessibility heuristic,u07,yes,accessibility heuristics for interface review,
accessibility heuristics,u07,yes,accessibility heuristics for interface review,
synonym accessibility,u07,partial,rule confirmed: no field word and no other-world word,
synonym for accessibility,u07,partial,rule confirmed: no field word and no other-world word,
synonyms for accessibility,u07,partial,rule confirmed: no field word and no other-world word,
accessibility 508,u07,yes,digital accessibility of websites and interfaces,
accessibility 508 compliance,u07,yes,digital accessibility of websites and interfaces,
accessibility meaning,u07,partial,rule confirmed: no field word and no other-world word,
how to accessibility,u07,partial,rule confirmed: no field word and no other-world word,
accessibility standard,u07,yes,digital accessibility of websites and interfaces,
accessibility standards,u07,yes,"rule confirmed: names a method, artifact, role, metric or tool of the work",
accessibility widget accessibe,u07,no,"a vendor's widget (accessiBe), a product lookup",
accessibility ada,u07,partial,ADA accessibility is mostly buildings and public places; some is web compliance,
accessibility guidelines wcag,u07,yes,"rule confirmed: names a method, artifact, role, metric or tool of the work",
accessibility guidelines web,u07,yes,"rule confirmed: names a method, artifact, role, metric or tool of the work",
accessibility guidelines websites,u07,yes,"rule confirmed: names a method, artifact, role, metric or tool of the work",
accessibility wcag,u07,yes,"rule confirmed: names a method, artifact, role, metric or tool of the work",
accessibility web guidelines,u07,yes,digital accessibility of websites and interfaces,
ada accessibility,u07,partial,ADA accessibility is mostly buildings and public places; some is web compliance,
ada and accessibility,u07,partial,ADA accessibility is mostly buildings and public places; some is web compliance,
internet accessibility,u07,yes,digital accessibility of websites and interfaces,
voluntary product accessibility template,u07,yes,"rule confirmed: names a method, artifact, role, metric or tool of the work",
wcag accessibility,u07,yes,"rule confirmed: names a method, artifact, role, metric or tool of the work",
wcag accessibility guidelines,u07,yes,"rule confirmed: names a method, artifact, role, metric or tool of the work",
accessibility,u08,partial,rule confirmed: no field word and no other-world word,
accessibility accessibility,u08,partial,the bare word repeated: a dictionary lookup,dictionary
accessibility def,u08,partial,rule confirmed: no field word and no other-world word,
accessibility definition,u08,partial,rule confirmed: no field word and no other-world word,
define accessibility,u08,partial,rule confirmed: no field word and no other-world word,
synonym accessibility,u08,partial,rule confirmed: no field word and no other-world word,
synonym for accessibility,u08,partial,rule confirmed: no field word and no other-world word,
synonyms for accessibility,u08,partial,rule confirmed: no field word and no other-world word,
accessibility meaning,u08,partial,rule confirmed: no field word and no other-world word,
how to accessibility,u08,partial,rule confirmed: no field word and no other-world word,
accessibility synonyms,u08,partial,rule confirmed: no field word and no other-world word,
another word for accessibility,u08,partial,rule confirmed: no field word and no other-world word,
data accessibility,u08,no,"data engineering: access to data, not accessible design",
database accessibility,u08,no,"data engineering: access to data, not accessible design",
easier accessibility,u08,partial,rule confirmed: no field word and no other-world word,
patient accessibility,u08,no,rule confirmed: health care and nursing,
total accessibility,u08,partial,rule confirmed: no field word and no other-world word,
voice accessibility,u08,no,a device feature (voice control settings),
accessibility to,u08,partial,rule confirmed: no field word and no other-world word,
assistive technologies examples,u08,yes,assistive technology in accessible design,
accessibility 508,u09,yes,digital accessibility of websites and interfaces,
accessibility 508 compliance,u09,yes,digital accessibility of websites and interfaces,
accessibility standard,u09,yes,digital accessibility of websites and interfaces,
accessibility standards,u09,yes,"rule confirmed: names a method, artifact, role, metric or tool of the work",
accessibility ada,u09,partial,ADA accessibility is mostly buildings and public places; some is web compliance,
accessibility guidelines wcag,u09,yes,"rule confirmed: names a method, artifact, role, metric or tool of the work",
accessibility guidelines web,u09,yes,"rule confirmed: names a method, artifact, role, metric or tool of the work",
accessibility guidelines websites,u09,yes,"rule confirmed: names a method, artifact, role, metric or tool of the work",
accessibility wcag,u09,yes,"rule confirmed: names a method, artifact, role, metric or tool of the work",
accessibility web guidelines,u09,yes,digital accessibility of websites and interfaces,
ada accessibility,u09,partial,ADA accessibility is mostly buildings and public places; some is web compliance,
ada and accessibility,u09,partial,ADA accessibility is mostly buildings and public places; some is web compliance,
voluntary product accessibility template,u09,yes,"rule confirmed: names a method, artifact, role, metric or tool of the work",
wcag accessibility,u09,yes,"rule confirmed: names a method, artifact, role, metric or tool of the work",
wcag accessibility guidelines,u09,yes,"rule confirmed: names a method, artifact, role, metric or tool of the work",
wcag web content accessibility guidelines,u09,yes,"rule confirmed: names a method, artifact, role, metric or tool of the work",
web accessibility guideline,u09,yes,"rule confirmed: names a method, artifact, role, metric or tool of the work",
web accessibility guidelines,u09,yes,"rule confirmed: names a method, artifact, role, metric or tool of the work",
web content accessibility guideline,u09,yes,digital accessibility of websites and interfaces,
web content accessibility guidelines,u09,yes,"rule confirmed: names a method, artifact, role, metric or tool of the work",
web content accessibility guidelines wcag,u09,yes,"rule confirmed: names a method, artifact, role, metric or tool of the work",
website accessibility guidelines,u09,yes,"rule confirmed: names a method, artifact, role, metric or tool of the work",
website content accessibility guidelines,u09,yes,"rule confirmed: names a method, artifact, role, metric or tool of the work",
texas accessibility standards,u09,no,Texas building accessibility standards (architecture),
ada's technical books,u09,no,a bookstore name,
electronic accessibility,u10,partial,rule confirmed: no field word and no other-world word,
accessibility heuristic,u10,yes,accessibility heuristics for interface review,
accessibility heuristics,u10,yes,accessibility heuristics for interface review,
internet accessibility,u10,yes,digital accessibility of websites and interfaces,
web accessibility guide,u10,yes,"rule confirmed: names a method, artifact, role, metric or tool of the work",
web content accessibility,u10,yes,digital accessibility of websites and interfaces,
web content accessibility guide,u10,yes,digital accessibility of websites and interfaces,
website accessibility guide,u10,yes,"rule confirmed: names a method, artifact, role, metric or tool of the work",
accessibility font size,u10,yes,digital accessibility of websites and interfaces,
font size accessibility,u10,yes,digital accessibility of websites and interfaces,
font size for accessibility,u10,yes,digital accessibility of websites and interfaces,
universal design,u10,partial,rule confirmed: no field word and no other-world word,
accessibility for website,u10,yes,digital accessibility of websites and interfaces,
accessibility of a website,u10,yes,digital accessibility of websites and interfaces,
accessibility of websites,u10,yes,digital accessibility of websites and interfaces,
accessibility on a website,u10,yes,digital accessibility of websites and interfaces,
accessibility on web,u10,yes,digital accessibility of websites and interfaces,
accessibility web,u10,yes,digital accessibility of websites and interfaces,
accessibility web site,u10,yes,digital accessibility of websites and interfaces,
high contrast accessibility,u10,yes,digital accessibility of websites and interfaces,
web accessibility,u10,yes,"rule confirmed: names a method, artifact, role, metric or tool of the work",
accessibility widget accessibe,u11,no,"a vendor's widget (accessiBe), a product lookup",
accessibility check,u11,yes,website accessibility testing,
accessibility checker,u11,yes,"rule confirmed: names a method, artifact, role, metric or tool of the work",
check for accessibility,u11,yes,website accessibility testing,
accessibility check for website,u11,yes,website accessibility testing,
accessibility check website,u11,yes,website accessibility testing,
accessibility checker online,u11,yes,"rule confirmed: names a method, artifact, role, metric or tool of the work",
accessibility checker website,u11,yes,"rule confirmed: names a method, artifact, role, metric or tool of the work",
accessibility test website,u11,yes,website accessibility testing,
accessibility web checker,u11,yes,website accessibility testing,
accessibility website check,u11,yes,website accessibility testing,
accessibility website checker,u11,yes,website accessibility testing,
check accessibility website,u11,yes,website accessibility testing,
check site accessibility,u11,yes,website accessibility testing,
check site for accessibility,u11,yes,website accessibility testing,
check website for accessibility,u11,yes,website accessibility testing,
online accessibility test,u11,yes,website accessibility testing,
online accessibility testing,u11,yes,"rule confirmed: names a method, artifact, role, metric or tool of the work",
site accessibility checker,u11,yes,"rule confirmed: names a method, artifact, role, metric or tool of the work",
site accessibility test,u11,yes,website accessibility testing,
test a website for accessibility,u11,yes,website accessibility testing,
test accessibility of website,u11,yes,website accessibility testing,
test accessibility website,u11,yes,website accessibility testing,
test site accessibility,u11,yes,website accessibility testing,
test site for accessibility,u11,yes,website accessibility testing,
test web accessibility,u11,yes,"rule confirmed: names a method, artifact, role, metric or tool of the work",
test website for accessibility,u11,yes,website accessibility testing,
testing a website for accessibility,u11,yes,website accessibility testing,
testing web accessibility,u11,yes,"rule confirmed: names a method, artifact, role, metric or tool of the work",
website accessibility check,u11,yes,"rule confirmed: names a method, artifact, role, metric or tool of the work",
analytics,u12,partial,rule confirmed: no field word and no other-world word,
data analyst,u12,no,"the data-analyst job and its education, not product work",
data analytics,u12,partial,rule confirmed: generic but plausible for a product reader,
business analytics,u12,yes,"rule confirmed: names a method, artifact, role, metric or tool of the work",
data analysis tools,u12,partial,rule confirmed: generic but plausible for a product reader,
free web analytics service,u12,yes,"rule confirmed: names a method, artifact, role, metric or tool of the work",
data analyst internship,u12,partial,rule confirmed: no field word and no other-world word,
analytics definition,u12,partial,rule confirmed: no field word and no other-world word,
business intelligence analyst,u12,no,"the data-analyst job and its education, not product work",
clearwater analytics,u12,no,a company name,
performance analytics,u12,partial,rule confirmed: no field word and no other-world word,
what does a data analyst do,u12,no,"the data-analyst job and its education, not product work",
data analyst remote,u12,partial,rule confirmed: no field word and no other-world word,
data analytics certifications,u12,no,"the data-analyst job and its education, not product work",
healthcare data analyst,u12,no,rule confirmed: health care and nursing,
snowball analytics,u12,no,a company name,
masters in business analytics,u12,no,"the data-analyst job and its education, not product work",
what is data analytics,u12,partial,rule confirmed: generic but plausible for a product reader,
business analytics platform,u12,yes,"rule confirmed: names a method, artifact, role, metric or tool of the work",
data science vs data analytics,u12,partial,rule confirmed: generic but plausible for a product reader,
masters in data analytics,u12,no,"the data-analyst job and its education, not product work",
data analytics platforms,u12,partial,rule confirmed: generic but plausible for a product reader,
how to become a data analyst,u12,no,"the data-analyst job and its education, not product work",
tiger analytics,u12,no,a company name,
verisk analytics,u12,no,a company name,
what is a data analyst,u12,no,"the data-analyst job and its education, not product work",
what is business analytics,u12,yes,"rule confirmed: names a method, artifact, role, metric or tool of the work",
business analytics tools,u12,yes,"rule confirmed: names a method, artifact, role, metric or tool of the work",
data analytics tool,u12,partial,rule confirmed: generic but plausible for a product reader,
marketing analytics,u12,yes,"rule confirmed: names a method, artifact, role, metric or tool of the work",
project management,u13,yes,"rule confirmed: names a method, artifact, role, metric or tool of the work",
task management,u13,partial,rule confirmed: generic but plausible for a product reader,
project manager,u13,partial,rule confirmed: no field word and no other-world word,
project management tools,u13,yes,"rule confirmed: names a method, artifact, role, metric or tool of the work",
project management tool,u13,yes,"rule confirmed: names a method, artifact, role, metric or tool of the work",
program manager,u13,partial,rule confirmed: no field word and no other-world word,
project coordinator,u13,partial,rule confirmed: no field word and no other-world word,
project mapping,u13,partial,rule confirmed: no field word and no other-world word,
construction project manager,u13,no,construction industry,
project board,u13,partial,rule confirmed: no field word and no other-world word,
project charter,u13,partial,rule confirmed: no field word and no other-world word,
project plan,u13,partial,rule confirmed: no field word and no other-world word,
construction project management,u13,no,construction industry,
pmi property management,u13,no,"property management, another field",
project management platform,u13,yes,"rule confirmed: names a method, artifact, role, metric or tool of the work",
assistant project manager,u13,partial,rule confirmed: no field word and no other-world word,
project timeline,u13,partial,rule confirmed: no field word and no other-world word,
statement of work,u13,partial,rule confirmed: no field word and no other-world word,
it project manager,u13,partial,rule confirmed: no field word and no other-world word,
pmi project management institute,u13,yes,"rule confirmed: names a method, artifact, role, metric or tool of the work",
project management masters,u13,no,a degree or certification search,
project management methodologies,u13,yes,"rule confirmed: names a method, artifact, role, metric or tool of the work",
project scope,u13,partial,rule confirmed: no field word and no other-world word,
technical program manager,u13,partial,rule confirmed: no field word and no other-world word,
kick off meeting,u13,partial,rule confirmed: no field word and no other-world word,
program management,u13,yes,"rule confirmed: names a method, artifact, role, metric or tool of the work",
program manager vs project manager,u13,partial,rule confirmed: no field word and no other-world word,
project management office,u13,yes,"rule confirmed: names a method, artifact, role, metric or tool of the work",
project management professional,u13,no,a degree or certification search,
project portfolio,u13,partial,rule confirmed: no field word and no other-world word,
user interviews,u14,partial,"mostly the User Interviews brand (Trustpilot, Reddit and the brand on page one)",
close-ended questions in research,u14,partial,rule confirmed: no field word and no other-world word,
closed questions in research,u14,partial,rule confirmed: no field word and no other-world word,
closed-ended questions in research,u14,partial,rule confirmed: no field word and no other-world word,
online survey platforms,u14,yes,"rule confirmed: names a method, artifact, role, metric or tool of the work",
web soil survey,u14,no,"rule confirmed: maps, places and travel",
user testing,u14,yes,"rule confirmed: names a method, artifact, role, metric or tool of the work",
filter question examples,u14,partial,rule confirmed: no field word and no other-world word,
filter questions examples,u14,partial,rule confirmed: no field word and no other-world word,
online surveys,u14,partial,rule confirmed: no field word and no other-world word,
customer feedback survey,u14,yes,"rule confirmed: names a method, artifact, role, metric or tool of the work",
via character strengths survey,u14,no,rule confirmed: personality and self-help,
customer satisfaction survey,u14,yes,"rule confirmed: names a method, artifact, role, metric or tool of the work",
open ended survey examples,u14,partial,rule confirmed: no field word and no other-world word,
open-ended survey example,u14,partial,rule confirmed: no field word and no other-world word,
qualitative data examples,u14,yes,"rule confirmed: names a method, artifact, role, metric or tool of the work",
uat testing,u14,yes,user acceptance testing of a product,
survey tools,u14,yes,"rule confirmed: names a method, artifact, role, metric or tool of the work",
user interviews platform,u14,yes,"rule confirmed: names a method, artifact, role, metric or tool of the work",
action research,u14,no,an academic research method in education,
open ended survey,u14,partial,rule confirmed: no field word and no other-world word,
user testing questions,u14,yes,"rule confirmed: names a method, artifact, role, metric or tool of the work",
ux research,u14,yes,"rule confirmed: names a method, artifact, role, metric or tool of the work",
dichotomous questions in research,u14,partial,rule confirmed: no field word and no other-world word,
hybrid questions,u14,partial,rule confirmed: no field word and no other-world word,
online market research surveys,u14,yes,"rule confirmed: names a method, artifact, role, metric or tool of the work",
testing usability,u14,yes,"rule confirmed: names a method, artifact, role, metric or tool of the work",
usability testing,u14,yes,"rule confirmed: names a method, artifact, role, metric or tool of the work",
user acceptance testing,u14,yes,"rule confirmed: names a method, artifact, role, metric or tool of the work",
contingency questions,u14,partial,rule confirmed: no field word and no other-world word,
close-ended questions in research,u15,partial,rule confirmed: no field word and no other-world word,
closed questions in research,u15,partial,rule confirmed: no field word and no other-world word,
closed-ended questions in research,u15,partial,rule confirmed: no field word and no other-world word,
online survey platforms,u15,yes,"rule confirmed: names a method, artifact, role, metric or tool of the work",
web soil survey,u15,no,"rule confirmed: maps, places and travel",
filter question examples,u15,partial,rule confirmed: no field word and no other-world word,
filter questions examples,u15,partial,rule confirmed: no field word and no other-world word,
online surveys,u15,partial,rule confirmed: no field word and no other-world word,
customer feedback survey,u15,yes,"rule confirmed: names a method, artifact, role, metric or tool of the work",
via character strengths survey,u15,no,rule confirmed: personality and self-help,
customer satisfaction survey,u15,yes,"rule confirmed: names a method, artifact, role, metric or tool of the work",
open ended survey examples,u15,partial,rule confirmed: no field word and no other-world word,
open-ended survey example,u15,partial,rule confirmed: no field word and no other-world word,
survey tools,u15,yes,"rule confirmed: names a method, artifact, role, metric or tool of the work",
open ended survey,u15,partial,rule confirmed: no field word and no other-world word,
dichotomous questions in research,u15,partial,rule confirmed: no field word and no other-world word,
hybrid questions,u15,partial,rule confirmed: no field word and no other-world word,
online market research surveys,u15,yes,"rule confirmed: names a method, artifact, role, metric or tool of the work",
contingency questions,u15,partial,rule confirmed: no field word and no other-world word,
customer satisfaction survey software,u15,yes,"rule confirmed: names a method, artifact, role, metric or tool of the work",
product research surveys,u15,yes,"rule confirmed: names a method, artifact, role, metric or tool of the work",
customer service survey questions,u15,yes,"rule confirmed: names a method, artifact, role, metric or tool of the work",
customer survey,u15,yes,"rule confirmed: names a method, artifact, role, metric or tool of the work",
online survey tools,u15,yes,"rule confirmed: names a method, artifact, role, metric or tool of the work",
product survey questions,u15,yes,"rule confirmed: names a method, artifact, role, metric or tool of the work",
via survey of character strengths,u15,no,rule confirmed: personality and self-help,
survey description,u15,partial,rule confirmed: no field word and no other-world word,
the survey,u15,partial,rule confirmed: no field word and no other-world word,
introduction of a survey,u15,partial,rule confirmed: no field word and no other-world word,
introduction of survey,u15,partial,rule confirmed: no field word and no other-world word,
user interviews,u16,partial,"mostly the User Interviews brand (Trustpilot, Reddit and the brand on page one)",
user interviews platform,u16,yes,"rule confirmed: names a method, artifact, role, metric or tool of the work",
user interviews focus group,u16,no,the User Interviews brand and paid-study panels: participants looking for paid studies,
user interviews focus groups,u16,no,the User Interviews brand and paid-study panels: participants looking for paid studies,
user interviews com,u16,no,the User Interviews brand and paid-study panels: participants looking for paid studies,
is user interviews legit,u16,no,the User Interviews brand and paid-study panels: participants looking for paid studies,
is user interviews legitimate,u16,no,the User Interviews brand and paid-study panels: participants looking for paid studies,
user interviews paid research studies,u16,no,the User Interviews brand and paid-study panels: participants looking for paid studies,
user interviews review,u16,no,the User Interviews brand and paid-study panels: participants looking for paid studies,
user interviews reviews,u16,no,the User Interviews brand and paid-study panels: participants looking for paid studies,
user interviews reddit,u16,no,the User Interviews brand and paid-study panels: participants looking for paid studies,
focus group panel reviews,u16,no,the User Interviews brand and paid-study panels: participants looking for paid studies,
semi-structured interviews in qualitative research,u16,yes,"rule confirmed: names a method, artifact, role, metric or tool of the work",
user interviews legit,u16,no,the User Interviews brand and paid-study panels: participants looking for paid studies,
user interviews participant,u16,no,the User Interviews brand and paid-study panels: participants looking for paid studies,
user interviews participants,u16,no,the User Interviews brand and paid-study panels: participants looking for paid studies,
user interviews login,u16,no,the User Interviews brand and paid-study panels: participants looking for paid studies,
user interviews careers,u16,yes,"rule confirmed: names a method, artifact, role, metric or tool of the work",
respondent user interviews,u16,no,the User Interviews brand and paid-study panels: participants looking for paid studies,
user interviews questions,u16,yes,"rule confirmed: names a method, artifact, role, metric or tool of the work",
what is user interviews,u16,no,the User Interviews brand and paid-study panels: participants looking for paid studies,
user interviews app,u16,no,the User Interviews brand and paid-study panels: participants looking for paid studies,
user interviews market research,u16,no,the User Interviews brand and paid-study panels: participants looking for paid studies,
user interviews sign up,u16,no,the User Interviews brand and paid-study panels: participants looking for paid studies,
user testing,u17,yes,"rule confirmed: names a method, artifact, role, metric or tool of the work",
uat testing,u17,yes,user acceptance testing of a product,
user testing questions,u17,yes,"rule confirmed: names a method, artifact, role, metric or tool of the work",
testing usability,u17,yes,"rule confirmed: names a method, artifact, role, metric or tool of the work",
usability testing,u17,yes,"rule confirmed: names a method, artifact, role, metric or tool of the work",
user acceptance testing,u17,yes,"rule confirmed: names a method, artifact, role, metric or tool of the work",
usability testing platform,u17,yes,"rule confirmed: names a method, artifact, role, metric or tool of the work",
usability testing platforms,u17,yes,"rule confirmed: names a method, artifact, role, metric or tool of the work",
website user testing,u17,yes,"rule confirmed: names a method, artifact, role, metric or tool of the work",
questions for usability testing,u17,yes,"rule confirmed: names a method, artifact, role, metric or tool of the work",
usability testing questions,u17,yes,"rule confirmed: names a method, artifact, role, metric or tool of the work",
usability testing scenario template,u17,yes,"rule confirmed: names a method, artifact, role, metric or tool of the work",
usability testing service,u17,yes,"rule confirmed: names a method, artifact, role, metric or tool of the work",
usability testing services,u17,yes,"rule confirmed: names a method, artifact, role, metric or tool of the work",
tools for usability testing,u17,yes,"rule confirmed: names a method, artifact, role, metric or tool of the work",
usability testing tool,u17,yes,"rule confirmed: names a method, artifact, role, metric or tool of the work",
usability testing tools,u17,yes,"rule confirmed: names a method, artifact, role, metric or tool of the work",
what is the usability testing,u17,yes,"rule confirmed: names a method, artifact, role, metric or tool of the work",
what is usability testing,u17,yes,"rule confirmed: names a method, artifact, role, metric or tool of the work",
what usability testing,u17,yes,"rule confirmed: names a method, artifact, role, metric or tool of the work",
example of usability testing,u17,yes,"rule confirmed: names a method, artifact, role, metric or tool of the work",
examples of usability testing,u17,yes,"rule confirmed: names a method, artifact, role, metric or tool of the work",
remote usability testing,u17,yes,"rule confirmed: names a method, artifact, role, metric or tool of the work",
remote usability testing software,u17,yes,"rule confirmed: names a method, artifact, role, metric or tool of the work",
testing a website for usability,u17,yes,"rule confirmed: names a method, artifact, role, metric or tool of the work",
testing website usability,u17,yes,"rule confirmed: names a method, artifact, role, metric or tool of the work",
usability testing a website,u17,yes,"rule confirmed: names a method, artifact, role, metric or tool of the work",
usability testing example,u17,yes,"rule confirmed: names a method, artifact, role, metric or tool of the work",
usability testing examples,u17,yes,"rule confirmed: names a method, artifact, role, metric or tool of the work",
usability testing for a website,u17,yes,"rule confirmed: names a method, artifact, role, metric or tool of the work",
qualitative data examples,u18,yes,"rule confirmed: names a method, artifact, role, metric or tool of the work",
action research,u18,no,an academic research method in education,
ux research,u18,yes,"rule confirmed: names a method, artifact, role, metric or tool of the work",
ux research positions,u18,yes,"rule confirmed: names a method, artifact, role, metric or tool of the work",
user research,u18,yes,"rule confirmed: names a method, artifact, role, metric or tool of the work",
what is ux research,u18,yes,"rule confirmed: names a method, artifact, role, metric or tool of the work",
research method ux,u18,yes,"rule confirmed: names a method, artifact, role, metric or tool of the work",
research methods ux,u18,yes,"rule confirmed: names a method, artifact, role, metric or tool of the work",
user research for ux design,u18,yes,"rule confirmed: names a method, artifact, role, metric or tool of the work",
ux design research methods,u18,yes,"rule confirmed: names a method, artifact, role, metric or tool of the work",
ux research intern,u18,yes,"rule confirmed: names a method, artifact, role, metric or tool of the work",
ux research internships,u18,yes,"rule confirmed: names a method, artifact, role, metric or tool of the work",
ux research method,u18,yes,"rule confirmed: names a method, artifact, role, metric or tool of the work",
ux research methodologies,u18,yes,"rule confirmed: names a method, artifact, role, metric or tool of the work",
ux research methodology,u18,yes,"rule confirmed: names a method, artifact, role, metric or tool of the work",
ux research methods,u18,yes,"rule confirmed: names a method, artifact, role, metric or tool of the work",
ux research methods and techniques,u18,yes,"rule confirmed: names a method, artifact, role, metric or tool of the work",
ux research techniques,u18,yes,"rule confirmed: names a method, artifact, role, metric or tool of the work",
tools for ux research,u18,yes,"rule confirmed: names a method, artifact, role, metric or tool of the work",
user feedback,u18,yes,"rule confirmed: names a method, artifact, role, metric or tool of the work",
ux research tool,u18,yes,"rule confirmed: names a method, artifact, role, metric or tool of the work",
ux research tools,u18,yes,"rule confirmed: names a method, artifact, role, metric or tool of the work",
defining research methodology,u18,no,academic research methods for students and theses,
research question generator,u18,no,academic research methods for students and theses,
user research platform,u18,yes,"rule confirmed: names a method, artifact, role, metric or tool of the work",
ux research internship,u18,yes,"rule confirmed: names a method, artifact, role, metric or tool of the work",
what exploratory research,u18,no,academic research methods for students and theses,
ux research agencies,u18,yes,"rule confirmed: names a method, artifact, role, metric or tool of the work",
ux research companies,u18,yes,"rule confirmed: names a method, artifact, role, metric or tool of the work",
ux research company,u18,yes,"rule confirmed: names a method, artifact, role, metric or tool of the work",
ui ux design,u19,yes,"rule confirmed: names a method, artifact, role, metric or tool of the work",
one ui themes,u19,no,Samsung's One UI phone software,
one ui,u19,no,Samsung's One UI phone software,
ux design,u19,yes,"rule confirmed: names a method, artifact, role, metric or tool of the work",
ui/ux designer,u19,yes,"rule confirmed: names a method, artifact, role, metric or tool of the work",
ux designer,u19,yes,"rule confirmed: names a method, artifact, role, metric or tool of the work",
product design,u19,yes,"rule confirmed: names a method, artifact, role, metric or tool of the work",
digital design,u19,partial,rule confirmed: no field word and no other-world word,
product designer,u19,yes,"rule confirmed: names a method, artifact, role, metric or tool of the work",
the design of everyday things,u19,yes,the classic book on interaction design,
swagger ui,u19,no,a developer tool for API documentation,
ui benefits,u19,no,UI here means unemployment insurance,
ui design,u19,yes,"rule confirmed: names a method, artifact, role, metric or tool of the work",
ui self service,u19,no,UI here means unemployment insurance,
ui ux artist,u19,partial,"a job title, mostly game and art work",
ui/ux artist,u19,partial,"a job title, mostly game and art work",
what is ux design,u19,yes,"rule confirmed: names a method, artifact, role, metric or tool of the work",
grace ux theme,u19,no,"a product or place name, not interface design",
ux and ui designers,u19,yes,"rule confirmed: names a method, artifact, role, metric or tool of the work",
ui benefits ma,u19,no,UI here means unemployment insurance,
one ui 1.0,u19,no,Samsung's One UI phone software,
ui quickcare,u19,no,UI here means unemployment insurance,
scrubber ui,u19,yes,"rule confirmed: names a method, artifact, role, metric or tool of the work",
ui ux internship,u19,yes,"rule confirmed: names a method, artifact, role, metric or tool of the work",
ui cafe,u19,no,"a product or place name, not interface design",
ux principles,u19,yes,"rule confirmed: names a method, artifact, role, metric or tool of the work",
bad ux,u19,yes,"rule confirmed: names a method, artifact, role, metric or tool of the work",
mustard ui,u19,partial,a code library or component name,
number ui,u19,partial,a code library or component name,
ui-tars,u19,no,"a product or place name, not interface design",
content marketing,u20,partial,rule confirmed: no field word and no other-world word,
marketing strategy,u20,yes,"rule confirmed: names a method, artifact, role, metric or tool of the work",
call to action,u20,yes,"rule confirmed: names a method, artifact, role, metric or tool of the work",
marketing funnel,u20,yes,"rule confirmed: names a method, artifact, role, metric or tool of the work",
content marketing services,u20,no,buying agency services,
marketing plan,u20,yes,"rule confirmed: names a method, artifact, role, metric or tool of the work",
growth and development,u20,no,"child and human growth, not business growth",
content marketing strategy,u20,yes,"rule confirmed: names a method, artifact, role, metric or tool of the work",
digital marketing strategies,u20,partial,rule confirmed: no field word and no other-world word,
sales funnel,u20,yes,"rule confirmed: names a method, artifact, role, metric or tool of the work",
social media marketing strategy,u20,yes,"rule confirmed: names a method, artifact, role, metric or tool of the work",
b2b marketing,u20,partial,rule confirmed: no field word and no other-world word,
call to action examples,u20,yes,"rule confirmed: names a method, artifact, role, metric or tool of the work",
content marketing agencies,u20,no,buying agency services,
content marketing lead,u20,partial,rule confirmed: no field word and no other-world word,
marketing automation,u20,partial,rule confirmed: no field word and no other-world word,
performance marketing,u20,partial,rule confirmed: no field word and no other-world word,
inbound marketing,u20,partial,rule confirmed: no field word and no other-world word,
marketing channels,u20,partial,rule confirmed: no field word and no other-world word,
marketing plan example,u20,yes,"rule confirmed: names a method, artifact, role, metric or tool of the work",
marketing plan template,u20,yes,"rule confirmed: names a method, artifact, role, metric or tool of the work",
performance marketing agency,u20,no,buying agency services,
account based marketing,u20,partial,rule confirmed: no field word and no other-world word,
customer acquisition,u20,yes,"rule confirmed: names a method, artifact, role, metric or tool of the work",
marketing strategy examples,u20,yes,"rule confirmed: names a method, artifact, role, metric or tool of the work",
what is a marketing strategy,u20,yes,"rule confirmed: names a method, artifact, role, metric or tool of the work",
what is b2b marketing,u20,partial,rule confirmed: no field word and no other-world word,
word of mouth marketing,u20,partial,rule confirmed: no field word and no other-world word,
what is performance marketing,u20,partial,rule confirmed: no field word and no other-world word,
marketing strategy for small business,u20,no,rule confirmed: generic small business,
associate product management,u21,yes,"rule confirmed: names a method, artifact, role, metric or tool of the work",
product life cycle,u21,yes,"rule confirmed: names a method, artifact, role, metric or tool of the work",
product management vacancy,u21,yes,"rule confirmed: names a method, artifact, role, metric or tool of the work",
product life cycle management software,u21,partial,"PLM: manufacturing and engineering software, next to product management",
product management pay,u21,yes,a salary search,career
management of product,u21,yes,"rule confirmed: names a method, artifact, role, metric or tool of the work",
management product,u21,yes,"rule confirmed: names a method, artifact, role, metric or tool of the work",
manager of product management,u21,yes,"rule confirmed: names a method, artifact, role, metric or tool of the work",
product and management,u21,yes,"rule confirmed: names a method, artifact, role, metric or tool of the work",
product management,u21,yes,"rule confirmed: names a method, artifact, role, metric or tool of the work",
product management manager,u21,yes,"rule confirmed: names a method, artifact, role, metric or tool of the work",
product management product,u21,yes,"rule confirmed: names a method, artifact, role, metric or tool of the work",
product management what is,u21,yes,"rule confirmed: names a method, artifact, role, metric or tool of the work",
what does product management do,u21,yes,"rule confirmed: names a method, artifact, role, metric or tool of the work",
what is a product management,u21,yes,"rule confirmed: names a method, artifact, role, metric or tool of the work",
what is product management,u21,yes,"rule confirmed: names a method, artifact, role, metric or tool of the work",
what is the product management,u21,yes,"rule confirmed: names a method, artifact, role, metric or tool of the work",
product science,u21,yes,"rule confirmed: names a method, artifact, role, metric or tool of the work",
certifications for product management,u21,yes,a certification search,career
marketing and product management,u21,yes,"rule confirmed: names a method, artifact, role, metric or tool of the work",
marketing in product management,u21,yes,"rule confirmed: names a method, artifact, role, metric or tool of the work",
marketing product management,u21,yes,"rule confirmed: names a method, artifact, role, metric or tool of the work",
marketing to product management,u21,yes,"rule confirmed: names a method, artifact, role, metric or tool of the work",
product in marketing management,u21,yes,"rule confirmed: names a method, artifact, role, metric or tool of the work",
product management and product marketing,u21,yes,"rule confirmed: names a method, artifact, role, metric or tool of the work",
product management cert,u21,yes,a certification search,career
product management in marketing,u21,yes,"rule confirmed: names a method, artifact, role, metric or tool of the work",
product management marketing,u21,yes,"rule confirmed: names a method, artifact, role, metric or tool of the work",
product management remote,u21,yes,"rule confirmed: names a method, artifact, role, metric or tool of the work",
product marketing and product management,u21,yes,"rule confirmed: names a method, artifact, role, metric or tool of the work",
associate product management,u22,yes,"rule confirmed: names a method, artifact, role, metric or tool of the work",
product management vacancy,u22,yes,"rule confirmed: names a method, artifact, role, metric or tool of the work",
product management pay,u22,yes,a salary search,career
management of product,u22,yes,"rule confirmed: names a method, artifact, role, metric or tool of the work",
management product,u22,yes,"rule confirmed: names a method, artifact, role, metric or tool of the work",
manager of product management,u22,yes,"rule confirmed: names a method, artifact, role, metric or tool of the work",
product and management,u22,yes,"rule confirmed: names a method, artifact, role, metric or tool of the work",
product management,u22,yes,"rule confirmed: names a method, artifact, role, metric or tool of the work",
product management manager,u22,yes,"rule confirmed: names a method, artifact, role, metric or tool of the work",
product management product,u22,yes,"rule confirmed: names a method, artifact, role, metric or tool of the work",
product management what is,u22,yes,"rule confirmed: names a method, artifact, role, metric or tool of the work",
what does product management do,u22,yes,"rule confirmed: names a method, artifact, role, metric or tool of the work",
what is a product management,u22,yes,"rule confirmed: names a method, artifact, role, metric or tool of the work",
what is product management,u22,yes,"rule confirmed: names a method, artifact, role, metric or tool of the work",
what is the product management,u22,yes,"rule confirmed: names a method, artifact, role, metric or tool of the work",
product science,u22,yes,"rule confirmed: names a method, artifact, role, metric or tool of the work",
certifications for product management,u22,yes,a certification search,career
marketing and product management,u22,yes,"rule confirmed: names a method, artifact, role, metric or tool of the work",
marketing in product management,u22,yes,"rule confirmed: names a method, artifact, role, metric or tool of the work",
marketing product management,u22,yes,"rule confirmed: names a method, artifact, role, metric or tool of the work",
marketing to product management,u22,yes,"rule confirmed: names a method, artifact, role, metric or tool of the work",
product in marketing management,u22,yes,"rule confirmed: names a method, artifact, role, metric or tool of the work",
product management and product marketing,u22,yes,"rule confirmed: names a method, artifact, role, metric or tool of the work",
product management cert,u22,yes,a certification search,career
product management in marketing,u22,yes,"rule confirmed: names a method, artifact, role, metric or tool of the work",
product management marketing,u22,yes,"rule confirmed: names a method, artifact, role, metric or tool of the work",
product management remote,u22,yes,"rule confirmed: names a method, artifact, role, metric or tool of the work",
product marketing and product management,u22,yes,"rule confirmed: names a method, artifact, role, metric or tool of the work",
product marketing product management,u22,yes,"rule confirmed: names a method, artifact, role, metric or tool of the work",
product marketing to product management,u22,yes,"rule confirmed: names a method, artifact, role, metric or tool of the work",
product life cycle,u23,yes,"rule confirmed: names a method, artifact, role, metric or tool of the work",
product life cycle management software,u23,partial,"PLM: manufacturing and engineering software, next to product management",
product life cycle management system,u23,partial,"PLM: manufacturing and engineering software, next to product management",
product life cycle management systems,u23,partial,"PLM: manufacturing and engineering software, next to product management",
product lifecycle management system,u23,partial,"PLM: manufacturing and engineering software, next to product management",
product lifecycle management systems,u23,partial,"PLM: manufacturing and engineering software, next to product management",
life cycle product management,u23,yes,"rule confirmed: names a method, artifact, role, metric or tool of the work",
lifecycle management product,u23,partial,"PLM: manufacturing and engineering software, next to product management",
lifecycle product management,u23,yes,"rule confirmed: names a method, artifact, role, metric or tool of the work",
product life cycle in management,u23,yes,"rule confirmed: names a method, artifact, role, metric or tool of the work",
product lifecycle management,u23,partial,"PLM: manufacturing and engineering software, next to product management",
product management life cycle,u23,yes,"rule confirmed: names a method, artifact, role, metric or tool of the work",
product management lifecycle,u23,yes,"rule confirmed: names a method, artifact, role, metric or tool of the work",
what is product lifecycle management,u23,partial,"PLM: manufacturing and engineering software, next to product management",
product life cycle management meaning,u23,partial,"PLM: manufacturing and engineering software, next to product management",
product lifecycle management meaning,u23,partial,"PLM: manufacturing and engineering software, next to product management",
product life cycle stages,u23,yes,"rule confirmed: names a method, artifact, role, metric or tool of the work",
product lifecycle management for software,u23,partial,"PLM: manufacturing and engineering software, next to product management",
arena product lifecycle management,u23,no,a vendor's product,
rockwell product life cycle,u23,no,a vendor's product,
product obsolescence,u23,partial,generic business and manufacturing,
metrics,u24,partial,rule confirmed: no field word and no other-world word,
okr,u24,yes,"rule confirmed: names a method, artifact, role, metric or tool of the work",
kpi examples,u24,yes,"rule confirmed: names a method, artifact, role, metric or tool of the work",
meaning of okr,u24,yes,"rule confirmed: names a method, artifact, role, metric or tool of the work",
okr meaning,u24,yes,"rule confirmed: names a method, artifact, role, metric or tool of the work",
okr means,u24,yes,"rule confirmed: names a method, artifact, role, metric or tool of the work",
dora metrics,u24,partial,rule confirmed: generic but plausible for a product reader,
customer acquisition cost,u24,yes,"rule confirmed: names a method, artifact, role, metric or tool of the work",
customer lifetime value,u24,yes,"rule confirmed: names a method, artifact, role, metric or tool of the work",
kpi vs okr,u24,yes,"rule confirmed: names a method, artifact, role, metric or tool of the work",
kpis vs okr,u24,yes,"rule confirmed: names a method, artifact, role, metric or tool of the work",
okr vs kpi,u24,yes,"rule confirmed: names a method, artifact, role, metric or tool of the work",
okr vs kpis,u24,yes,"rule confirmed: names a method, artifact, role, metric or tool of the work",
synonym metrics,u24,partial,rule confirmed: no field word and no other-world word,
thesaurus metrics,u24,partial,rule confirmed: no field word and no other-world word,
what is an okr,u24,yes,"rule confirmed: names a method, artifact, role, metric or tool of the work",
okr what is,u24,yes,"rule confirmed: names a method, artifact, role, metric or tool of the work",
what are okr,u24,yes,"rule confirmed: names a method, artifact, role, metric or tool of the work",
what is okr,u24,yes,"rule confirmed: names a method, artifact, role, metric or tool of the work",
kpi meaning in business,u24,yes,"rule confirmed: names a method, artifact, role, metric or tool of the work",
kpi metrics,u24,yes,"rule confirmed: names a method, artifact, role, metric or tool of the work",
snf metrics,u24,no,skilled nursing facility metrics (health care),
what does okr stand for,u24,yes,"rule confirmed: names a method, artifact, role, metric or tool of the work",
what does okr stands for,u24,yes,"rule confirmed: names a method, artifact, role, metric or tool of the work",
arr formula,u24,yes,"rule confirmed: names a method, artifact, role, metric or tool of the work",
key metrics,u24,partial,rule confirmed: no field word and no other-world word,
performance metrics,u24,partial,rule confirmed: generic but plausible for a product reader,
standard metrics,u24,partial,rule confirmed: no field word and no other-world word,
example of okr,u24,yes,"rule confirmed: names a method, artifact, role, metric or tool of the work",
examples of okr,u24,yes,"rule confirmed: names a method, artifact, role, metric or tool of the work",
okr,u25,yes,"rule confirmed: names a method, artifact, role, metric or tool of the work",
meaning of okr,u25,yes,"rule confirmed: names a method, artifact, role, metric or tool of the work",
okr meaning,u25,yes,"rule confirmed: names a method, artifact, role, metric or tool of the work",
okr means,u25,yes,"rule confirmed: names a method, artifact, role, metric or tool of the work",
kpi vs okr,u25,yes,"rule confirmed: names a method, artifact, role, metric or tool of the work",
kpis vs okr,u25,yes,"rule confirmed: names a method, artifact, role, metric or tool of the work",
okr vs kpi,u25,yes,"rule confirmed: names a method, artifact, role, metric or tool of the work",
okr vs kpis,u25,yes,"rule confirmed: names a method, artifact, role, metric or tool of the work",
what is an okr,u25,yes,"rule confirmed: names a method, artifact, role, metric or tool of the work",
okr what is,u25,yes,"rule confirmed: names a method, artifact, role, metric or tool of the work",
what are okr,u25,yes,"rule confirmed: names a method, artifact, role, metric or tool of the work",
what is okr,u25,yes,"rule confirmed: names a method, artifact, role, metric or tool of the work",
what does okr stand for,u25,yes,"rule confirmed: names a method, artifact, role, metric or tool of the work",
what does okr stands for,u25,yes,"rule confirmed: names a method, artifact, role, metric or tool of the work",
example of okr,u25,yes,"rule confirmed: names a method, artifact, role, metric or tool of the work",
examples of okr,u25,yes,"rule confirmed: names a method, artifact, role, metric or tool of the work",
okr example,u25,yes,"rule confirmed: names a method, artifact, role, metric or tool of the work",
okr examples,u25,yes,"rule confirmed: names a method, artifact, role, metric or tool of the work",
okr objectives key results examples,u25,yes,"rule confirmed: names a method, artifact, role, metric or tool of the work",
okr samples,u25,yes,"rule confirmed: names a method, artifact, role, metric or tool of the work",
definition of okr,u25,yes,"rule confirmed: names a method, artifact, role, metric or tool of the work",
objectives and key results okr,u25,yes,"rule confirmed: names a method, artifact, role, metric or tool of the work",
okr def,u25,yes,"rule confirmed: names a method, artifact, role, metric or tool of the work",
okr define,u25,yes,"rule confirmed: names a method, artifact, role, metric or tool of the work",
okr defined,u25,yes,"rule confirmed: names a method, artifact, role, metric or tool of the work",
okr definition,u25,yes,"rule confirmed: names a method, artifact, role, metric or tool of the work",
okr definitions,u25,yes,"rule confirmed: names a method, artifact, role, metric or tool of the work",
okr framework,u25,yes,"rule confirmed: names a method, artifact, role, metric or tool of the work",
okr frameworks,u25,yes,"rule confirmed: names a method, artifact, role, metric or tool of the work",
okr template,u25,yes,"rule confirmed: names a method, artifact, role, metric or tool of the work",
metrics,u26,partial,rule confirmed: no field word and no other-world word,
kpi examples,u26,yes,"rule confirmed: names a method, artifact, role, metric or tool of the work",
dora metrics,u26,partial,rule confirmed: generic but plausible for a product reader,
customer acquisition cost,u26,yes,"rule confirmed: names a method, artifact, role, metric or tool of the work",
customer lifetime value,u26,yes,"rule confirmed: names a method, artifact, role, metric or tool of the work",
synonym metrics,u26,partial,rule confirmed: no field word and no other-world word,
thesaurus metrics,u26,partial,rule confirmed: no field word and no other-world word,
kpi meaning in business,u26,yes,"rule confirmed: names a method, artifact, role, metric or tool of the work",
kpi metrics,u26,yes,"rule confirmed: names a method, artifact, role, metric or tool of the work",
snf metrics,u26,no,skilled nursing facility metrics (health care),
arr formula,u26,yes,"rule confirmed: names a method, artifact, role, metric or tool of the work",
key metrics,u26,partial,rule confirmed: no field word and no other-world word,
performance metrics,u26,partial,rule confirmed: generic but plausible for a product reader,
standard metrics,u26,partial,rule confirmed: no field word and no other-world word,
what is kpi in marketing,u26,yes,"rule confirmed: names a method, artifact, role, metric or tool of the work",
victoria metrics,u26,no,server monitoring software,
5 metrics,u26,partial,rule confirmed: no field word and no other-world word,
metrics and imperial units,u26,no,"measurement units, school mnemonics or a company name",
prometheus metrics,u26,no,server monitoring software,
vanity metrics,u26,yes,a product metrics idea,
king henry metrics,u26,no,"measurement units, school mnemonics or a company name",
mstr metrics,u26,no,crypto and stock investing,
token metrics,u26,no,crypto and stock investing,
metrics unlimited,u26,no,"measurement units, school mnemonics or a company name",
quality metrics,u26,partial,rule confirmed: no field word and no other-world word,
coin metrics,u26,no,crypto and stock investing,
kpi vs metric,u26,yes,"rule confirmed: names a method, artifact, role, metric or tool of the work",
metrics for saas,u26,yes,"rule confirmed: names a method, artifact, role, metric or tool of the work",
metrics icon,u26,no,"measurement units, school mnemonics or a company name",
metrics or matrix,u26,partial,a word-choice question,dictionary
design & thinking,u27,yes,a word-order variant of design thinking,
design and design thinking,u27,yes,"rule confirmed: names a method, artifact, role, metric or tool of the work",
design design thinking,u27,yes,"rule confirmed: names a method, artifact, role, metric or tool of the work",
design for thinking,u27,yes,a word-order variant of design thinking,
design of thinking,u27,yes,a word-order variant of design thinking,
design thinking,u27,yes,"rule confirmed: names a method, artifact, role, metric or tool of the work",
design thinking and,u27,yes,"rule confirmed: names a method, artifact, role, metric or tool of the work",
design thinking design,u27,yes,"rule confirmed: names a method, artifact, role, metric or tool of the work",
thinking about design,u27,yes,a word-order variant of design thinking,
design process,u27,yes,"rule confirmed: names a method, artifact, role, metric or tool of the work",
design process thinking,u27,yes,"rule confirmed: names a method, artifact, role, metric or tool of the work",
design thinking design process,u27,yes,"rule confirmed: names a method, artifact, role, metric or tool of the work",
design thinking process,u27,yes,"rule confirmed: names a method, artifact, role, metric or tool of the work",
design thinking processes,u27,yes,"rule confirmed: names a method, artifact, role, metric or tool of the work",
human centered design,u27,yes,"human-centered design, a design method",
process design thinking,u27,yes,"rule confirmed: names a method, artifact, role, metric or tool of the work",
process of design thinking,u27,yes,"rule confirmed: names a method, artifact, role, metric or tool of the work",
thinking design process,u27,yes,"rule confirmed: names a method, artifact, role, metric or tool of the work",
problem statement examples,u27,partial,rule confirmed: no field word and no other-world word,
design thinking what is,u27,yes,"rule confirmed: names a method, artifact, role, metric or tool of the work",
what is a design thinking,u27,yes,"rule confirmed: names a method, artifact, role, metric or tool of the work",
what is design thinking,u27,yes,"rule confirmed: names a method, artifact, role, metric or tool of the work",
what is the design thinking,u27,yes,"rule confirmed: names a method, artifact, role, metric or tool of the work",
design thinking framework,u27,yes,"rule confirmed: names a method, artifact, role, metric or tool of the work",
design thinking frameworks,u27,yes,"rule confirmed: names a method, artifact, role, metric or tool of the work",
framework design thinking,u27,yes,"rule confirmed: names a method, artifact, role, metric or tool of the work",
framework for design thinking,u27,yes,"rule confirmed: names a method, artifact, role, metric or tool of the work",
define design thinking,u27,yes,"rule confirmed: names a method, artifact, role, metric or tool of the work",
definition design thinking,u27,yes,"rule confirmed: names a method, artifact, role, metric or tool of the work",
definition of design thinking,u27,yes,"rule confirmed: names a method, artifact, role, metric or tool of the work",
design & thinking,u28,yes,a word-order variant of design thinking,
design and design thinking,u28,yes,"rule confirmed: names a method, artifact, role, metric or tool of the work",
design design thinking,u28,yes,"rule confirmed: names a method, artifact, role, metric or tool of the work",
design for thinking,u28,yes,a word-order variant of design thinking,
design of thinking,u28,yes,a word-order variant of design thinking,
design thinking,u28,yes,"rule confirmed: names a method, artifact, role, metric or tool of the work",
design thinking and,u28,yes,"rule confirmed: names a method, artifact, role, metric or tool of the work",
design thinking design,u28,yes,"rule confirmed: names a method, artifact, role, metric or tool of the work",
thinking about design,u28,yes,a word-order variant of design thinking,
human centered design,u28,yes,"human-centered design, a design method",
design thinking what is,u28,yes,"rule confirmed: names a method, artifact, role, metric or tool of the work",
what is a design thinking,u28,yes,"rule confirmed: names a method, artifact, role, metric or tool of the work",
what is design thinking,u28,yes,"rule confirmed: names a method, artifact, role, metric or tool of the work",
what is the design thinking,u28,yes,"rule confirmed: names a method, artifact, role, metric or tool of the work",
define design thinking,u28,yes,"rule confirmed: names a method, artifact, role, metric or tool of the work",
definition design thinking,u28,yes,"rule confirmed: names a method, artifact, role, metric or tool of the work",
definition of design thinking,u28,yes,"rule confirmed: names a method, artifact, role, metric or tool of the work",
design thinking def,u28,yes,"rule confirmed: names a method, artifact, role, metric or tool of the work",
design thinking define,u28,yes,"rule confirmed: names a method, artifact, role, metric or tool of the work",
design thinking defined,u28,yes,"rule confirmed: names a method, artifact, role, metric or tool of the work",
design thinking definition,u28,yes,"rule confirmed: names a method, artifact, role, metric or tool of the work",
design thinking definitions,u28,yes,"rule confirmed: names a method, artifact, role, metric or tool of the work",
design thinking meaning,u28,yes,"rule confirmed: names a method, artifact, role, metric or tool of the work",
meaning of design thinking,u28,yes,"rule confirmed: names a method, artifact, role, metric or tool of the work",
design thinking by ideo,u28,yes,"rule confirmed: names a method, artifact, role, metric or tool of the work",
design thinking ideo,u28,yes,"rule confirmed: names a method, artifact, role, metric or tool of the work",
ideo and design thinking,u28,yes,"rule confirmed: names a method, artifact, role, metric or tool of the work",
ideo design thinking,u28,yes,"rule confirmed: names a method, artifact, role, metric or tool of the work",
design thinking at stanford,u28,yes,"rule confirmed: names a method, artifact, role, metric or tool of the work",
design thinking stanford,u28,yes,"rule confirmed: names a method, artifact, role, metric or tool of the work",
design process,u29,yes,"rule confirmed: names a method, artifact, role, metric or tool of the work",
design process thinking,u29,yes,"rule confirmed: names a method, artifact, role, metric or tool of the work",
design thinking design process,u29,yes,"rule confirmed: names a method, artifact, role, metric or tool of the work",
design thinking process,u29,yes,"rule confirmed: names a method, artifact, role, metric or tool of the work",
design thinking processes,u29,yes,"rule confirmed: names a method, artifact, role, metric or tool of the work",
process design thinking,u29,yes,"rule confirmed: names a method, artifact, role, metric or tool of the work",
process of design thinking,u29,yes,"rule confirmed: names a method, artifact, role, metric or tool of the work",
thinking design process,u29,yes,"rule confirmed: names a method, artifact, role, metric or tool of the work",
problem statement examples,u29,partial,rule confirmed: no field word and no other-world word,
design thinking framework,u29,yes,"rule confirmed: names a method, artifact, role, metric or tool of the work",
design thinking frameworks,u29,yes,"rule confirmed: names a method, artifact, role, metric or tool of the work",
framework design thinking,u29,yes,"rule confirmed: names a method, artifact, role, metric or tool of the work",
framework for design thinking,u29,yes,"rule confirmed: names a method, artifact, role, metric or tool of the work",
design thinking stages,u29,yes,"rule confirmed: names a method, artifact, role, metric or tool of the work",
design thinking step by step,u29,yes,"rule confirmed: names a method, artifact, role, metric or tool of the work",
design thinking steps,u29,yes,"rule confirmed: names a method, artifact, role, metric or tool of the work",
step of design thinking,u29,yes,"rule confirmed: names a method, artifact, role, metric or tool of the work",
steps for design thinking,u29,yes,"rule confirmed: names a method, artifact, role, metric or tool of the work",
steps in design thinking,u29,yes,"rule confirmed: names a method, artifact, role, metric or tool of the work",
steps of design thinking,u29,yes,"rule confirmed: names a method, artifact, role, metric or tool of the work",
design thinking workshop,u29,yes,"rule confirmed: names a method, artifact, role, metric or tool of the work",
design thinking workshops,u29,yes,"rule confirmed: names a method, artifact, role, metric or tool of the work",
"design thinking"" workshop",u29,yes,"rule confirmed: names a method, artifact, role, metric or tool of the work",
workshop design thinking,u29,yes,"rule confirmed: names a method, artifact, role, metric or tool of the work",
workshop on design thinking,u29,yes,"rule confirmed: names a method, artifact, role, metric or tool of the work",
design thinking process steps,u29,yes,"rule confirmed: names a method, artifact, role, metric or tool of the work",
steps in design thinking process,u29,yes,"rule confirmed: names a method, artifact, role, metric or tool of the work",
steps in the design thinking process,u29,yes,"rule confirmed: names a method, artifact, role, metric or tool of the work",
5 phases of design thinking,u29,yes,"rule confirmed: names a method, artifact, role, metric or tool of the work",
5 stages of design thinking,u29,yes,"rule confirmed: names a method, artifact, role, metric or tool of the work",
originality pricing,u30,no,a software vendor's price list (Originality.ai),
dynamic pricing,u30,yes,"rule confirmed: names a method, artifact, role, metric or tool of the work",
price pricing strategy,u30,yes,"rule confirmed: names a method, artifact, role, metric or tool of the work",
pricing and pricing strategy,u30,yes,"rule confirmed: names a method, artifact, role, metric or tool of the work",
pricing and strategy,u30,yes,a pricing strategy or tactic,
pricing policy strategy,u30,yes,a pricing strategy or tactic,
pricing strategies,u30,yes,"rule confirmed: names a method, artifact, role, metric or tool of the work",
pricing strategy,u30,yes,"rule confirmed: names a method, artifact, role, metric or tool of the work",
strategic pricing strategy,u30,yes,"rule confirmed: names a method, artifact, role, metric or tool of the work",
strategy for pricing,u30,yes,a pricing strategy or tactic,
strategy of pricing,u30,yes,a pricing strategy or tactic,
strategy pricing,u30,yes,a pricing strategy or tactic,
questions about pricing,u30,partial,generic pricing question,
what is retail pricing,u30,partial,rule confirmed: no field word and no other-world word,
with pricing,u30,no,a fragment with no meaning of its own,
oil price market,u30,no,commodity and stock investing,
datadog pricing,u30,no,a software vendor's price list,
linkedin sales navigator pricing,u30,no,a software vendor's price list,
competitive pricing,u30,yes,"rule confirmed: names a method, artifact, role, metric or tool of the work",
market insider oil price,u30,no,commodity and stock investing,
price to sales ratio,u30,no,commodity and stock investing,
zoho crm pricing,u30,no,a software vendor's price list,
define retail pricing,u30,partial,rule confirmed: no field word and no other-world word,
pricing analyst,u30,partial,a job title,
psychological pricing,u30,yes,a pricing strategy or tactic,
retail pricing definition,u30,partial,rule confirmed: no field word and no other-world word,
what is market pricing,u30,yes,a pricing strategy or tactic,
product pricing,u30,yes,"rule confirmed: names a method, artifact, role, metric or tool of the work",
personalized pricing,u30,yes,a pricing strategy or tactic,
descript pricing,u30,no,a software vendor's price list,
originality pricing,u31,no,a software vendor's price list (Originality.ai),
price pricing strategy,u31,yes,"rule confirmed: names a method, artifact, role, metric or tool of the work",
pricing and pricing strategy,u31,yes,"rule confirmed: names a method, artifact, role, metric or tool of the work",
pricing and strategy,u31,yes,a pricing strategy or tactic,
pricing policy strategy,u31,yes,a pricing strategy or tactic,
pricing strategies,u31,yes,"rule confirmed: names a method, artifact, role, metric or tool of the work",
pricing strategy,u31,yes,"rule confirmed: names a method, artifact, role, metric or tool of the work",
strategic pricing strategy,u31,yes,"rule confirmed: names a method, artifact, role, metric or tool of the work",
strategy for pricing,u31,yes,a pricing strategy or tactic,
strategy of pricing,u31,yes,a pricing strategy or tactic,
strategy pricing,u31,yes,a pricing strategy or tactic,
questions about pricing,u31,partial,generic pricing question,
with pricing,u31,no,a fragment with no meaning of its own,
oil price market,u31,no,commodity and stock investing,
datadog pricing,u31,no,a software vendor's price list,
linkedin sales navigator pricing,u31,no,a software vendor's price list,
market insider oil price,u31,no,commodity and stock investing,
price to sales ratio,u31,no,commodity and stock investing,
zoho crm pricing,u31,no,a software vendor's price list,
pricing analyst,u31,partial,a job title,
what is market pricing,u31,yes,a pricing strategy or tactic,
product pricing,u31,yes,"rule confirmed: names a method, artifact, role, metric or tool of the work",
personalized pricing,u31,yes,a pricing strategy or tactic,
descript pricing,u31,no,a software vendor's price list,
loss leader pricing,u31,yes,a pricing strategy or tactic,
promotional pricing,u31,yes,a pricing strategy or tactic,
another word for pricing,u31,partial,rule confirmed: no field word and no other-world word,
bulk pricing,u31,yes,a pricing strategy or tactic,
dollar tree pricing strategy changes,u31,partial,retail news,
intuit enterprise suite pricing,u31,no,a software vendor's price list,
dynamic pricing,u32,yes,"rule confirmed: names a method, artifact, role, metric or tool of the work",
competitive pricing,u32,yes,"rule confirmed: names a method, artifact, role, metric or tool of the work",
psychological pricing,u32,yes,a pricing strategy or tactic,
marketing pricing strategy examples,u32,yes,"rule confirmed: names a method, artifact, role, metric or tool of the work",
pricing strategy examples marketing,u32,yes,"rule confirmed: names a method, artifact, role, metric or tool of the work",
cost plus pricing strategy,u32,yes,"rule confirmed: names a method, artifact, role, metric or tool of the work",
cost-plus pricing strategy,u32,yes,"rule confirmed: names a method, artifact, role, metric or tool of the work",
example of a pricing strategy,u32,yes,"rule confirmed: names a method, artifact, role, metric or tool of the work",
example of pricing strategy,u32,yes,"rule confirmed: names a method, artifact, role, metric or tool of the work",
examples of pricing strategies,u32,yes,"rule confirmed: names a method, artifact, role, metric or tool of the work",
examples of pricing strategy,u32,yes,"rule confirmed: names a method, artifact, role, metric or tool of the work",
pricing strategy cost plus,u32,yes,"rule confirmed: names a method, artifact, role, metric or tool of the work",
pricing strategy example,u32,yes,"rule confirmed: names a method, artifact, role, metric or tool of the work",
pricing strategy examples,u32,yes,"rule confirmed: names a method, artifact, role, metric or tool of the work",
competitive pricing strategy,u32,yes,"rule confirmed: names a method, artifact, role, metric or tool of the work",
penetration pricing strategy,u32,yes,"rule confirmed: names a method, artifact, role, metric or tool of the work",
pricing competitive strategy,u32,yes,a pricing strategy or tactic,
pricing strategy competitive,u32,yes,"rule confirmed: names a method, artifact, role, metric or tool of the work",
pricing strategy penetration,u32,yes,"rule confirmed: names a method, artifact, role, metric or tool of the work",
pricing strategy value based,u32,yes,"rule confirmed: names a method, artifact, role, metric or tool of the work",
pricing strategy value-based,u32,yes,"rule confirmed: names a method, artifact, role, metric or tool of the work",
value based pricing strategy,u32,yes,"rule confirmed: names a method, artifact, role, metric or tool of the work",
value pricing strategy,u32,yes,"rule confirmed: names a method, artifact, role, metric or tool of the work",
value-based pricing strategy,u32,yes,"rule confirmed: names a method, artifact, role, metric or tool of the work",
market skimming pricing strategy,u32,yes,"rule confirmed: names a method, artifact, role, metric or tool of the work",
pricing strategy skimming,u32,yes,"rule confirmed: names a method, artifact, role, metric or tool of the work",
pricing strategy types,u32,yes,"rule confirmed: names a method, artifact, role, metric or tool of the work",
skimming pricing strategy,u32,yes,"rule confirmed: names a method, artifact, role, metric or tool of the work",
types of pricing strategy,u32,yes,"rule confirmed: names a method, artifact, role, metric or tool of the work",
dynamic pricing strategy,u32,yes,"rule confirmed: names a method, artifact, role, metric or tool of the work",
what is retail pricing,u33,partial,rule confirmed: no field word and no other-world word,
define retail pricing,u33,partial,rule confirmed: no field word and no other-world word,
retail pricing definition,u33,partial,rule confirmed: no field word and no other-world word,
amazon pricing strategy,u33,partial,"a retail company case study, generic business rather than product work",
amazon's pricing strategy,u33,partial,"a retail company case study, generic business rather than product work",
nike pricing strategy,u33,partial,"a retail company case study, generic business rather than product work",
nike's pricing strategy,u33,partial,"a retail company case study, generic business rather than product work",
pricing and retail strategy,u33,partial,"a retail company case study, generic business rather than product work",
pricing strategy amazon,u33,partial,"a retail company case study, generic business rather than product work",
pricing strategy for nike,u33,partial,"a retail company case study, generic business rather than product work",
pricing strategy for retail,u33,partial,"a retail company case study, generic business rather than product work",
pricing strategy in retail,u33,partial,"a retail company case study, generic business rather than product work",
pricing strategy nike,u33,partial,"a retail company case study, generic business rather than product work",
pricing strategy of amazon,u33,partial,"a retail company case study, generic business rather than product work",
pricing strategy of nike,u33,partial,"a retail company case study, generic business rather than product work",
pricing strategy of walmart,u33,partial,"a retail company case study, generic business rather than product work",
pricing strategy retail,u33,partial,"a retail company case study, generic business rather than product work",
pricing strategy walmart,u33,partial,"a retail company case study, generic business rather than product work",
retail pricing strategy,u33,partial,"a retail company case study, generic business rather than product work",
retail store pricing strategy,u33,partial,"a retail company case study, generic business rather than product work",
retailer pricing strategy,u33,partial,"a retail company case study, generic business rather than product work",
retailing pricing strategy,u33,partial,"a retail company case study, generic business rather than product work",
walmart pricing strategy,u33,partial,"a retail company case study, generic business rather than product work",
walmart's pricing strategy,u33,partial,"a retail company case study, generic business rather than product work",
hotel pricing strategy,u33,no,"hotel revenue management, another industry",
hotel room pricing strategy,u33,no,"hotel revenue management, another industry",
mcdonald's pricing strategy,u33,partial,"a retail company case study, generic business rather than product work",
pricing strategy for hotel,u33,no,"hotel revenue management, another industry",
pricing strategy for hotel industry,u33,no,"hotel revenue management, another industry",
pricing strategy for hotels,u33,no,"hotel revenue management, another industry",
prioritization,u34,partial,rule confirmed: no field word and no other-world word,
another word for prioritization,u34,partial,rule confirmed: no field word and no other-world word,
use high priority notification meaning,u34,no,rule confirmed: personal tasks and time,
prioritization synonym,u34,partial,rule confirmed: no field word and no other-world word,
prioritization synonyms,u34,partial,rule confirmed: no field word and no other-world word,
define prioritization,u34,partial,rule confirmed: no field word and no other-world word,
definition of prioritization,u34,partial,rule confirmed: no field word and no other-world word,
prioritization definition,u34,partial,rule confirmed: no field word and no other-world word,
moscow prioritization,u34,yes,"rule confirmed: names a method, artifact, role, metric or tool of the work",
urgent important matrix,u34,partial,rule confirmed: no field word and no other-world word,
what does prioritization mean,u34,partial,rule confirmed: no field word and no other-world word,
high priority,u34,no,rule confirmed: personal tasks and time,
matrix for prioritization,u34,partial,rule confirmed: no field word and no other-world word,
matrix prioritization,u34,partial,rule confirmed: no field word and no other-world word,
prioritization in spanish,u34,partial,rule confirmed: no field word and no other-world word,
prioritization matrix,u34,partial,rule confirmed: generic but plausible for a product reader,
prioritization meaning,u34,partial,rule confirmed: no field word and no other-world word,
priority matrix,u34,partial,rule confirmed: generic but plausible for a product reader,
prioritization of tasks,u34,no,rule confirmed: personal tasks and time,
prioritization task,u34,no,rule confirmed: personal tasks and time,
task prioritization,u34,no,rule confirmed: personal tasks and time,
tasks prioritization,u34,no,rule confirmed: personal tasks and time,
priority levels,u34,no,everyday and personal priorities,
prioritization pronunciation,u34,partial,rule confirmed: no field word and no other-world word,
priority management,u34,no,everyday and personal priorities,
top priority,u34,no,rule confirmed: personal tasks and time,
priority list,u34,no,everyday and personal priorities,
what is prioritization,u34,partial,the meaning of an everyday word,dictionary
important vs urgent,u34,partial,rule confirmed: no field word and no other-world word,
must have nice to have priority,u34,yes,MoSCoW-style requirement priorities,
prioritization,u35,partial,rule confirmed: no field word and no other-world word,
another word for prioritization,u35,partial,rule confirmed: no field word and no other-world word,
use high priority notification meaning,u35,no,rule confirmed: personal tasks and time,
prioritization synonym,u35,partial,rule confirmed: no field word and no other-world word,
prioritization synonyms,u35,partial,rule confirmed: no field word and no other-world word,
define prioritization,u35,partial,rule confirmed: no field word and no other-world word,
definition of prioritization,u35,partial,rule confirmed: no field word and no other-world word,
prioritization definition,u35,partial,rule confirmed: no field word and no other-world word,
what does prioritization mean,u35,partial,rule confirmed: no field word and no other-world word,
high priority,u35,no,rule confirmed: personal tasks and time,
prioritization in spanish,u35,partial,rule confirmed: no field word and no other-world word,
prioritization meaning,u35,partial,rule confirmed: no field word and no other-world word,
priority levels,u35,no,everyday and personal priorities,
prioritization pronunciation,u35,partial,rule confirmed: no field word and no other-world word,
priority management,u35,no,everyday and personal priorities,
top priority,u35,no,rule confirmed: personal tasks and time,
priority list,u35,no,everyday and personal priorities,
what is prioritization,u35,partial,the meaning of an everyday word,dictionary
must have nice to have priority,u35,yes,MoSCoW-style requirement priorities,
must-have nice to have priority,u35,yes,MoSCoW-style requirement priorities,
must-have nice-to have priority,u35,yes,MoSCoW-style requirement priorities,
examples of priorities,u35,no,everyday life priorities,
examples of priority,u35,no,everyday life priorities,
priorities examples,u35,no,everyday life priorities,
prioritisation or prioritization,u35,partial,rule confirmed: no field word and no other-world word,
prioritization in a sentence,u35,partial,rule confirmed: no field word and no other-world word,
prioritization quote,u35,no,quotes and self-help,
prioritization quotes,u35,no,quotes and self-help,
quotes about prioritization,u35,no,quotes and self-help,
quotes on prioritization,u35,no,quotes and self-help,
moscow prioritization,u36,yes,"rule confirmed: names a method, artifact, role, metric or tool of the work",
urgent important matrix,u36,partial,rule confirmed: no field word and no other-world word,
matrix for prioritization,u36,partial,rule confirmed: no field word and no other-world word,
matrix prioritization,u36,partial,rule confirmed: no field word and no other-world word,
prioritization matrix,u36,partial,rule confirmed: generic but plausible for a product reader,
priority matrix,u36,partial,rule confirmed: generic but plausible for a product reader,
important vs urgent,u36,partial,rule confirmed: no field word and no other-world word,
rice prioritization,u36,yes,"rule confirmed: names a method, artifact, role, metric or tool of the work",
urgent vs important matrix,u36,partial,rule confirmed: no field word and no other-world word,
important urgent quadrant,u36,partial,rule confirmed: no field word and no other-world word,
prioritization framework,u36,yes,"rule confirmed: names a method, artifact, role, metric or tool of the work",
prioritization moscow method template,u36,yes,"rule confirmed: names a method, artifact, role, metric or tool of the work",
eisenhower matrix for task prioritization,u36,no,rule confirmed: personal tasks and time,
method of prioritization,u36,yes,prioritization methods for product and project work,
methods of prioritization,u36,yes,prioritization methods for product and project work,
moscow prioritization method,u36,yes,"rule confirmed: names a method, artifact, role, metric or tool of the work",
prioritization method,u36,yes,"rule confirmed: names a method, artifact, role, metric or tool of the work",
prioritization methodologies,u36,yes,prioritization methods for product and project work,
prioritization methods,u36,yes,"rule confirmed: names a method, artifact, role, metric or tool of the work",
prioritization techniques,u36,yes,"rule confirmed: names a method, artifact, role, metric or tool of the work",
matrix prioritization template,u36,partial,rule confirmed: no field word and no other-world word,
prioritization matrix template,u36,partial,rule confirmed: generic but plausible for a product reader,
rice prioritization framework,u36,yes,"rule confirmed: names a method, artifact, role, metric or tool of the work",
sample prioritization matrix,u36,partial,rule confirmed: generic but plausible for a product reader,
eisenhower matrix for prioritization,u36,partial,rule confirmed: generic but plausible for a product reader,
eisenhower prioritization matrix,u36,partial,rule confirmed: generic but plausible for a product reader,
prioritization frameworks,u36,yes,"rule confirmed: names a method, artifact, role, metric or tool of the work",
project prioritization matrix,u36,partial,rule confirmed: generic but plausible for a product reader,
rice prioritization method,u36,yes,"rule confirmed: names a method, artifact, role, metric or tool of the work",
moscow method prioritization,u36,yes,"rule confirmed: names a method, artifact, role, metric or tool of the work",
prioritization of tasks,u37,no,rule confirmed: personal tasks and time,
prioritization task,u37,no,rule confirmed: personal tasks and time,
task prioritization,u37,no,rule confirmed: personal tasks and time,
tasks prioritization,u37,no,rule confirmed: personal tasks and time,
prioritization and time management,u37,no,rule confirmed: personal tasks and time,
prioritization in time management,u37,no,rule confirmed: personal tasks and time,
prioritization time management,u37,no,rule confirmed: personal tasks and time,
time management and prioritization,u37,no,rule confirmed: personal tasks and time,
time management prioritization,u37,no,rule confirmed: personal tasks and time,
what is task prioritization,u37,no,rule confirmed: personal tasks and time,
prioritization at work,u37,no,personal productivity and soft skills,
prioritization of work,u37,no,personal productivity and soft skills,
work prioritization,u37,no,personal productivity and soft skills,
task prioritization meaning,u37,no,rule confirmed: personal tasks and time,
prioritization skill,u37,no,personal productivity and soft skills,
prioritization skills,u37,no,personal productivity and soft skills,
epic user web,u38,no,"a login lookup for Epic, the health-records software",
story points,u38,yes,"rule confirmed: names a method, artifact, role, metric or tool of the work",
story maps,u38,no,"mostly ArcGIS StoryMaps, a mapping product",
defining user stories,u38,yes,"rule confirmed: names a method, artifact, role, metric or tool of the work",
user stories,u38,yes,"rule confirmed: names a method, artifact, role, metric or tool of the work",
user stories as a user,u38,yes,"rule confirmed: names a method, artifact, role, metric or tool of the work",
format for user stories,u38,yes,"rule confirmed: names a method, artifact, role, metric or tool of the work",
template for user stories,u38,yes,"rule confirmed: names a method, artifact, role, metric or tool of the work",
templates for user stories,u38,yes,"rule confirmed: names a method, artifact, role, metric or tool of the work",
user stories format,u38,yes,"rule confirmed: names a method, artifact, role, metric or tool of the work",
user stories template,u38,yes,"rule confirmed: names a method, artifact, role, metric or tool of the work",
user stories templates,u38,yes,"rule confirmed: names a method, artifact, role, metric or tool of the work",
user story format,u38,yes,"rule confirmed: names a method, artifact, role, metric or tool of the work",
acceptance criteria for user stories examples,u38,yes,"rule confirmed: names a method, artifact, role, metric or tool of the work",
agile development user stories examples,u38,yes,"rule confirmed: names a method, artifact, role, metric or tool of the work",
agile development user stories template,u38,yes,"rule confirmed: names a method, artifact, role, metric or tool of the work",
agile methodology user stories example,u38,yes,"rule confirmed: names a method, artifact, role, metric or tool of the work",
agile methodology user stories template,u38,yes,"rule confirmed: names a method, artifact, role, metric or tool of the work",
agile user stories example,u38,yes,"rule confirmed: names a method, artifact, role, metric or tool of the work",
agile user stories examples,u38,yes,"rule confirmed: names a method, artifact, role, metric or tool of the work",
agile user stories format,u38,yes,"rule confirmed: names a method, artifact, role, metric or tool of the work",
agile user stories template,u38,yes,"rule confirmed: names a method, artifact, role, metric or tool of the work",
example of user stories,u38,yes,"rule confirmed: names a method, artifact, role, metric or tool of the work",
example of user stories in agile,u38,yes,"rule confirmed: names a method, artifact, role, metric or tool of the work",
example user stories,u38,yes,"rule confirmed: names a method, artifact, role, metric or tool of the work",
example user stories agile,u38,yes,"rule confirmed: names a method, artifact, role, metric or tool of the work",
examples of agile user stories,u38,yes,"rule confirmed: names a method, artifact, role, metric or tool of the work",
examples of user stories,u38,yes,"rule confirmed: names a method, artifact, role, metric or tool of the work",
examples of user stories agile,u38,yes,"rule confirmed: names a method, artifact, role, metric or tool of the work",
examples of user stories for agile development,u38,yes,"rule confirmed: names a method, artifact, role, metric or tool of the work",
format for user stories,u39,yes,"rule confirmed: names a method, artifact, role, metric or tool of the work",
template for user stories,u39,yes,"rule confirmed: names a method, artifact, role, metric or tool of the work",
templates for user stories,u39,yes,"rule confirmed: names a method, artifact, role, metric or tool of the work",
user stories format,u39,yes,"rule confirmed: names a method, artifact, role, metric or tool of the work",
user stories template,u39,yes,"rule confirmed: names a method, artifact, role, metric or tool of the work",
user stories templates,u39,yes,"rule confirmed: names a method, artifact, role, metric or tool of the work",
user story format,u39,yes,"rule confirmed: names a method, artifact, role, metric or tool of the work",
agile development user stories examples,u39,yes,"rule confirmed: names a method, artifact, role, metric or tool of the work",
agile development user stories template,u39,yes,"rule confirmed: names a method, artifact, role, metric or tool of the work",
agile methodology user stories example,u39,yes,"rule confirmed: names a method, artifact, role, metric or tool of the work",
agile methodology user stories template,u39,yes,"rule confirmed: names a method, artifact, role, metric or tool of the work",
agile user stories example,u39,yes,"rule confirmed: names a method, artifact, role, metric or tool of the work",
agile user stories examples,u39,yes,"rule confirmed: names a method, artifact, role, metric or tool of the work",
agile user stories format,u39,yes,"rule confirmed: names a method, artifact, role, metric or tool of the work",
agile user stories template,u39,yes,"rule confirmed: names a method, artifact, role, metric or tool of the work",
example of user stories,u39,yes,"rule confirmed: names a method, artifact, role, metric or tool of the work",
example of user stories in agile,u39,yes,"rule confirmed: names a method, artifact, role, metric or tool of the work",
example user stories,u39,yes,"rule confirmed: names a method, artifact, role, metric or tool of the work",
example user stories agile,u39,yes,"rule confirmed: names a method, artifact, role, metric or tool of the work",
examples of agile user stories,u39,yes,"rule confirmed: names a method, artifact, role, metric or tool of the work",
examples of user stories,u39,yes,"rule confirmed: names a method, artifact, role, metric or tool of the work",
examples of user stories agile,u39,yes,"rule confirmed: names a method, artifact, role, metric or tool of the work",
examples of user stories for agile development,u39,yes,"rule confirmed: names a method, artifact, role, metric or tool of the work",
examples of user stories in agile,u39,yes,"rule confirmed: names a method, artifact, role, metric or tool of the work",
examples user stories,u39,yes,"rule confirmed: names a method, artifact, role, metric or tool of the work",
sample of user stories,u39,yes,"rule confirmed: names a method, artifact, role, metric or tool of the work",
sample user stories,u39,yes,"rule confirmed: names a method, artifact, role, metric or tool of the work",
samples of user stories,u39,yes,"rule confirmed: names a method, artifact, role, metric or tool of the work",
user stories agile examples,u39,yes,"rule confirmed: names a method, artifact, role, metric or tool of the work",
user stories agile template,u39,yes,"rule confirmed: names a method, artifact, role, metric or tool of the work",
epic user web,u40,no,"a login lookup for Epic, the health-records software",
story points,u40,yes,"rule confirmed: names a method, artifact, role, metric or tool of the work",
story maps,u40,no,"mostly ArcGIS StoryMaps, a mapping product",
defining user stories,u40,yes,"rule confirmed: names a method, artifact, role, metric or tool of the work",
user stories,u40,yes,"rule confirmed: names a method, artifact, role, metric or tool of the work",
user stories as a user,u40,yes,"rule confirmed: names a method, artifact, role, metric or tool of the work",
define user stories,u40,yes,"rule confirmed: names a method, artifact, role, metric or tool of the work",
user stories defined,u40,yes,"rule confirmed: names a method, artifact, role, metric or tool of the work",
user stories definition,u40,yes,"rule confirmed: names a method, artifact, role, metric or tool of the work",
user story description,u40,yes,"rule confirmed: names a method, artifact, role, metric or tool of the work",
user story meaning,u40,yes,"rule confirmed: names a method, artifact, role, metric or tool of the work",
what are user stories,u40,yes,"rule confirmed: names a method, artifact, role, metric or tool of the work",
what is a user stories,u40,yes,"rule confirmed: names a method, artifact, role, metric or tool of the work",
what is user stories,u40,yes,"rule confirmed: names a method, artifact, role, metric or tool of the work",
mapping user stories,u40,yes,"rule confirmed: names a method, artifact, role, metric or tool of the work",
user story mapping,u40,yes,"rule confirmed: names a method, artifact, role, metric or tool of the work",
user story id,u40,yes,"rule confirmed: names a method, artifact, role, metric or tool of the work",
agile and user stories,u40,yes,"rule confirmed: names a method, artifact, role, metric or tool of the work",
agile development user stories,u40,yes,"rule confirmed: names a method, artifact, role, metric or tool of the work",
agile methodology user stories,u40,yes,"rule confirmed: names a method, artifact, role, metric or tool of the work",
agile project management user stories,u40,yes,"rule confirmed: names a method, artifact, role, metric or tool of the work",
agile scrum user stories,u40,yes,"rule confirmed: names a method, artifact, role, metric or tool of the work",
agile software development user stories,u40,yes,"rule confirmed: names a method, artifact, role, metric or tool of the work",
agile user stories,u40,yes,"rule confirmed: names a method, artifact, role, metric or tool of the work",
agile who writes user stories,u40,yes,"rule confirmed: names a method, artifact, role, metric or tool of the work",
agile writing user stories,u40,yes,"rule confirmed: names a method, artifact, role, metric or tool of the work",
creating user stories,u40,yes,"rule confirmed: names a method, artifact, role, metric or tool of the work",
scrum user stories,u40,yes,"rule confirmed: names a method, artifact, role, metric or tool of the work",
user stories agile,u40,yes,"rule confirmed: names a method, artifact, role, metric or tool of the work",
user stories agile development,u40,yes,"rule confirmed: names a method, artifact, role, metric or tool of the work",
acceptance criteria for user stories examples,u41,yes,"rule confirmed: names a method, artifact, role, metric or tool of the work",
examples of user stories with acceptance criteria,u41,yes,"rule confirmed: names a method, artifact, role, metric or tool of the work",
sample acceptance criteria for user stories,u41,yes,"rule confirmed: names a method, artifact, role, metric or tool of the work",
sample user stories with acceptance criteria,u41,yes,"rule confirmed: names a method, artifact, role, metric or tool of the work",
user stories acceptance criteria examples,u41,yes,"rule confirmed: names a method, artifact, role, metric or tool of the work",
user stories examples with acceptance criteria,u41,yes,"rule confirmed: names a method, artifact, role, metric or tool of the work",
user story examples acceptance criteria,u41,yes,"rule confirmed: names a method, artifact, role, metric or tool of the work",
how to write acceptance criteria for user stories,u41,yes,"rule confirmed: names a method, artifact, role, metric or tool of the work",
gherkin format user stories,u41,yes,"rule confirmed: names a method, artifact, role, metric or tool of the work",
gherkin format user story,u41,yes,"rule confirmed: names a method, artifact, role, metric or tool of the work",
acceptance criteria vs requirements,u41,yes,"rule confirmed: names a method, artifact, role, metric or tool of the work",
acceptance criteria for user stories,u41,yes,"rule confirmed: names a method, artifact, role, metric or tool of the work",
acceptance criteria in user stories,u41,yes,"rule confirmed: names a method, artifact, role, metric or tool of the work",
given when then user stories,u41,yes,"rule confirmed: names a method, artifact, role, metric or tool of the work",
given when/then user stories,u41,yes,"rule confirmed: names a method, artifact, role, metric or tool of the work",
given-when then user stories,u41,yes,"rule confirmed: names a method, artifact, role, metric or tool of the work",
given-when then user story,u41,yes,"rule confirmed: names a method, artifact, role, metric or tool of the work",
given-when-then user stories,u41,yes,"rule confirmed: names a method, artifact, role, metric or tool of the work",
given/when then user stories,u41,yes,"rule confirmed: names a method, artifact, role, metric or tool of the work",
given/when-then user stories,u41,yes,"rule confirmed: names a method, artifact, role, metric or tool of the work",
given/when/then user stories,u41,yes,"rule confirmed: names a method, artifact, role, metric or tool of the work",
user stories acceptance criteria,u41,yes,"rule confirmed: names a method, artifact, role, metric or tool of the work",
user stories and acceptance criteria,u41,yes,"rule confirmed: names a method, artifact, role, metric or tool of the work",
user stories given when then,u41,yes,"rule confirmed: names a method, artifact, role, metric or tool of the work",
user stories with acceptance criteria,u41,yes,"rule confirmed: names a method, artifact, role, metric or tool of the work",
user story given when then,u41,yes,"rule confirmed: names a method, artifact, role, metric or tool of the work",
website design,u42,yes,"rule confirmed: names a method, artifact, role, metric or tool of the work",
web designer,u42,partial,rule confirmed: no field word and no other-world word,
web design company,u42,no,buying web design services,
web design agency,u42,no,buying web design services,
portfolio website,u42,partial,rule confirmed: no field word and no other-world word,
responsive design,u42,partial,rule confirmed: no field word and no other-world word,
web design services,u42,no,buying web design services,
landing page examples,u42,yes,"rule confirmed: names a method, artifact, role, metric or tool of the work",
portfolio website examples,u42,partial,rule confirmed: no field word and no other-world word,
website examples,u42,partial,rule confirmed: no field word and no other-world word,
nhd website examples,u42,no,"National History Day, a school project",
web design tools,u42,yes,"rule confirmed: names a method, artifact, role, metric or tool of the work",
website design software,u42,yes,"rule confirmed: names a method, artifact, role, metric or tool of the work",
web design and development,u42,yes,"rule confirmed: names a method, artifact, role, metric or tool of the work",
how to design a website,u42,partial,rule confirmed: no field word and no other-world word,
personal website examples,u42,no,rule confirmed: personal tasks and time,
website design examples,u42,yes,"rule confirmed: names a method, artifact, role, metric or tool of the work",
hire a website designer,u42,no,buying web design services,
how to make a portfolio website,u42,partial,rule confirmed: no field word and no other-world word,
squarespace website examples,u42,partial,examples from one website builder,
what is a landing page on a website,u42,yes,"rule confirmed: names a method, artifact, role, metric or tool of the work",
wix website examples,u42,partial,examples from one website builder,
wordpress website examples,u42,partial,examples from one website builder,
about us page examples,u42,yes,web page design patterns,
create a landing page,u42,yes,"rule confirmed: names a method, artifact, role, metric or tool of the work",
design a website,u42,partial,rule confirmed: no field word and no other-world word,
good website design examples,u42,yes,"rule confirmed: names a method, artifact, role, metric or tool of the work",
artist website examples,u42,partial,rule confirmed: no field word and no other-world word,
best landing page examples,u42,yes,"rule confirmed: names a method, artifact, role, metric or tool of the work",
website footer examples,u42,yes,web page design patterns,
customer journey,u43,yes,"rule confirmed: names a method, artifact, role, metric or tool of the work",
consumer journey map,u43,yes,"rule confirmed: names a method, artifact, role, metric or tool of the work",
customer experience journey map,u43,yes,"rule confirmed: names a method, artifact, role, metric or tool of the work",
customer journey map,u43,yes,"rule confirmed: names a method, artifact, role, metric or tool of the work",
customers journey map,u43,yes,"rule confirmed: names a method, artifact, role, metric or tool of the work",
journey map customer,u43,yes,"rule confirmed: names a method, artifact, role, metric or tool of the work",
journey map customer experience,u43,yes,"rule confirmed: names a method, artifact, role, metric or tool of the work",
map customer journey,u43,yes,"rule confirmed: names a method, artifact, role, metric or tool of the work",
map of customer journey,u43,yes,"rule confirmed: names a method, artifact, role, metric or tool of the work",
map the customer journey,u43,yes,"rule confirmed: names a method, artifact, role, metric or tool of the work",
flow chart examples,u43,partial,rule confirmed: no field word and no other-world word,
define user persona,u43,yes,"rule confirmed: names a method, artifact, role, metric or tool of the work",
user persona definition,u43,yes,"rule confirmed: names a method, artifact, role, metric or tool of the work",
customer profile,u43,yes,"rule confirmed: names a method, artifact, role, metric or tool of the work",
map user journey,u43,yes,"rule confirmed: names a method, artifact, role, metric or tool of the work",
use journey map,u43,yes,"rule confirmed: names a method, artifact, role, metric or tool of the work",
user journey map,u43,yes,"rule confirmed: names a method, artifact, role, metric or tool of the work",
persona user,u43,yes,"rule confirmed: names a method, artifact, role, metric or tool of the work",
persona user experience,u43,yes,"rule confirmed: names a method, artifact, role, metric or tool of the work",
user experience persona,u43,yes,"rule confirmed: names a method, artifact, role, metric or tool of the work",
user persona,u43,yes,"rule confirmed: names a method, artifact, role, metric or tool of the work",
titanic journey map,u43,no,"rule confirmed: religion, history and literature",
user flow,u43,yes,"rule confirmed: names a method, artifact, role, metric or tool of the work",
user persona template,u43,yes,"rule confirmed: names a method, artifact, role, metric or tool of the work",
user persona templates,u43,yes,"rule confirmed: names a method, artifact, role, metric or tool of the work",
customer persona,u43,yes,"rule confirmed: names a method, artifact, role, metric or tool of the work",
flow of a website,u43,partial,rule confirmed: no field word and no other-world word,
client journey map template,u43,yes,"rule confirmed: names a method, artifact, role, metric or tool of the work",
customer experience journey map template,u43,yes,"rule confirmed: names a method, artifact, role, metric or tool of the work",
customer journey map template,u43,yes,"rule confirmed: names a method, artifact, role, metric or tool of the work",
customer journey,u44,yes,"rule confirmed: names a method, artifact, role, metric or tool of the work",
consumer journey map,u44,yes,"rule confirmed: names a method, artifact, role, metric or tool of the work",
customer experience journey map,u44,yes,"rule confirmed: names a method, artifact, role, metric or tool of the work",
customer journey map,u44,yes,"rule confirmed: names a method, artifact, role, metric or tool of the work",
customers journey map,u44,yes,"rule confirmed: names a method, artifact, role, metric or tool of the work",
journey map customer,u44,yes,"rule confirmed: names a method, artifact, role, metric or tool of the work",
journey map customer experience,u44,yes,"rule confirmed: names a method, artifact, role, metric or tool of the work",
map customer journey,u44,yes,"rule confirmed: names a method, artifact, role, metric or tool of the work",
map of customer journey,u44,yes,"rule confirmed: names a method, artifact, role, metric or tool of the work",
map the customer journey,u44,yes,"rule confirmed: names a method, artifact, role, metric or tool of the work",
flow chart examples,u44,partial,rule confirmed: no field word and no other-world word,
map user journey,u44,yes,"rule confirmed: names a method, artifact, role, metric or tool of the work",
use journey map,u44,yes,"rule confirmed: names a method, artifact, role, metric or tool of the work",
user journey map,u44,yes,"rule confirmed: names a method, artifact, role, metric or tool of the work",
titanic journey map,u44,no,"rule confirmed: religion, history and literature",
user flow,u44,yes,"rule confirmed: names a method, artifact, role, metric or tool of the work",
flow of a website,u44,partial,rule confirmed: no field word and no other-world word,
client journey map template,u44,yes,"rule confirmed: names a method, artifact, role, metric or tool of the work",
customer experience journey map template,u44,yes,"rule confirmed: names a method, artifact, role, metric or tool of the work",
customer journey map template,u44,yes,"rule confirmed: names a method, artifact, role, metric or tool of the work",
customer journey map template#,u44,yes,"rule confirmed: names a method, artifact, role, metric or tool of the work",
customer journey map templates,u44,yes,"rule confirmed: names a method, artifact, role, metric or tool of the work",
customer experience journey map example,u44,yes,"rule confirmed: names a method, artifact, role, metric or tool of the work",
customer experience journey map examples,u44,yes,"rule confirmed: names a method, artifact, role, metric or tool of the work",
customer journey map example,u44,yes,"rule confirmed: names a method, artifact, role, metric or tool of the work",
customer journey map examples,u44,yes,"rule confirmed: names a method, artifact, role, metric or tool of the work",
customer journey map sample,u44,yes,"rule confirmed: names a method, artifact, role, metric or tool of the work",
customer journey map samples,u44,yes,"rule confirmed: names a method, artifact, role, metric or tool of the work",
example journey map,u44,yes,"rule confirmed: names a method, artifact, role, metric or tool of the work",
example of a journey map,u44,yes,"rule confirmed: names a method, artifact, role, metric or tool of the work",
define user persona,u45,yes,"rule confirmed: names a method, artifact, role, metric or tool of the work",
user persona definition,u45,yes,"rule confirmed: names a method, artifact, role, metric or tool of the work",
customer profile,u45,yes,"rule confirmed: names a method, artifact, role, metric or tool of the work",
persona user,u45,yes,"rule confirmed: names a method, artifact, role, metric or tool of the work",
persona user experience,u45,yes,"rule confirmed: names a method, artifact, role, metric or tool of the work",
user experience persona,u45,yes,"rule confirmed: names a method, artifact, role, metric or tool of the work",
user persona,u45,yes,"rule confirmed: names a method, artifact, role, metric or tool of the work",
user persona template,u45,yes,"rule confirmed: names a method, artifact, role, metric or tool of the work",
user persona templates,u45,yes,"rule confirmed: names a method, artifact, role, metric or tool of the work",
customer persona,u45,yes,"rule confirmed: names a method, artifact, role, metric or tool of the work",
persona 5 user interface,u45,no,the video game Persona 5,
buyer persona examples,u45,yes,"rule confirmed: names a method, artifact, role, metric or tool of the work",
how to create a user persona,u45,yes,"rule confirmed: names a method, artifact, role, metric or tool of the work",
user experience persona examples,u45,yes,"rule confirmed: names a method, artifact, role, metric or tool of the work",
user persona example,u45,yes,"rule confirmed: names a method, artifact, role, metric or tool of the work",
user persona examples,u45,yes,"rule confirmed: names a method, artifact, role, metric or tool of the work",
user persona ux,u45,yes,"rule confirmed: names a method, artifact, role, metric or tool of the work",
what is a user persona,u45,yes,"rule confirmed: names a method, artifact, role, metric or tool of the work",
what is user persona,u45,yes,"rule confirmed: names a method, artifact, role, metric or tool of the work",
create a user persona,u45,yes,"rule confirmed: names a method, artifact, role, metric or tool of the work",
create user persona,u45,yes,"rule confirmed: names a method, artifact, role, metric or tool of the work",
creating a user persona,u45,yes,"rule confirmed: names a method, artifact, role, metric or tool of the work",
creating user persona,u45,yes,"rule confirmed: names a method, artifact, role, metric or tool of the work",
user persona creation,u45,yes,"rule confirmed: names a method, artifact, role, metric or tool of the work",
user persona creator,u45,yes,"rule confirmed: names a method, artifact, role, metric or tool of the work",
user persona generator,u45,yes,"rule confirmed: names a method, artifact, role, metric or tool of the work",
persona-chat,u45,no,an AI dataset name,
user persona design,u45,yes,"rule confirmed: names a method, artifact, role, metric or tool of the work",
user persona maker,u45,yes,"rule confirmed: names a method, artifact, role, metric or tool of the work",
ux persona examples,u45,yes,"rule confirmed: names a method, artifact, role, metric or tool of the work",
a & b testing,u46,yes,"A/B testing, written another way",
a / b testing,u46,yes,"A/B testing, written another way",
a b split testing,u46,yes,"rule confirmed: names a method, artifact, role, metric or tool of the work",
a b testing,u46,yes,"A/B testing, written another way",
a to b testing,u46,yes,"A/B testing, written another way",
a-b testing,u46,yes,"A/B testing, written another way",
a/b split testing,u46,yes,"rule confirmed: names a method, artifact, role, metric or tool of the work",
a/b testing,u46,yes,"rule confirmed: names a method, artifact, role, metric or tool of the work",
hypothesis testing,u46,partial,"statistics in general, mostly students",
a b testing what is,u46,yes,"A/B testing, written another way",
what is a and b testing,u46,yes,"A/B testing, written another way",
what is a b split testing,u46,yes,"rule confirmed: names a method, artifact, role, metric or tool of the work",
what is a b testing,u46,yes,"A/B testing, written another way",
what is a&b testing,u46,yes,"A/B testing, written another way",
what is a-b testing,u46,yes,"A/B testing, written another way",
what is a/b split testing,u46,yes,"rule confirmed: names a method, artifact, role, metric or tool of the work",
what is a/b testing,u46,yes,"rule confirmed: names a method, artifact, role, metric or tool of the work",
what is a/b testing software,u46,yes,"rule confirmed: names a method, artifact, role, metric or tool of the work",
a b c testing,u46,yes,"A/B testing, written another way",
a/b/c testing,u46,yes,"A/B testing, written another way",
a b testing definition,u46,yes,"A/B testing, written another way",
a b testing meaning,u46,yes,"A/B testing, written another way",
a-b testing meaning,u46,yes,"A/B testing, written another way",
a/b testing definition,u46,yes,"rule confirmed: names a method, artifact, role, metric or tool of the work",
a/b testing meaning,u46,yes,"rule confirmed: names a method, artifact, role, metric or tool of the work",
a/b testing means,u46,yes,"rule confirmed: names a method, artifact, role, metric or tool of the work",
define a b testing,u46,yes,"A/B testing, written another way",
definition of a/b testing,u46,yes,"rule confirmed: names a method, artifact, role, metric or tool of the work",
a b testing calculator,u46,yes,"A/B testing, written another way",
a/b testing calculator,u46,yes,"rule confirmed: names a method, artifact, role, metric or tool of the work",
a & b testing,u47,yes,"A/B testing, written another way",
a / b testing,u47,yes,"A/B testing, written another way",
a b split testing,u47,yes,"rule confirmed: names a method, artifact, role, metric or tool of the work",
a b testing,u47,yes,"A/B testing, written another way",
a to b testing,u47,yes,"A/B testing, written another way",
a-b testing,u47,yes,"A/B testing, written another way",
a/b split testing,u47,yes,"rule confirmed: names a method, artifact, role, metric or tool of the work",
a/b testing,u47,yes,"rule confirmed: names a method, artifact, role, metric or tool of the work",
hypothesis testing,u47,partial,"statistics in general, mostly students",
a b testing what is,u47,yes,"A/B testing, written another way",
what is a and b testing,u47,yes,"A/B testing, written another way",
what is a b split testing,u47,yes,"rule confirmed: names a method, artifact, role, metric or tool of the work",
what is a b testing,u47,yes,"A/B testing, written another way",
what is a&b testing,u47,yes,"A/B testing, written another way",
what is a-b testing,u47,yes,"A/B testing, written another way",
what is a/b split testing,u47,yes,"rule confirmed: names a method, artifact, role, metric or tool of the work",
what is a/b testing,u47,yes,"rule confirmed: names a method, artifact, role, metric or tool of the work",
a b c testing,u47,yes,"A/B testing, written another way",
a/b/c testing,u47,yes,"A/B testing, written another way",
a b testing definition,u47,yes,"A/B testing, written another way",
a b testing meaning,u47,yes,"A/B testing, written another way",
a-b testing meaning,u47,yes,"A/B testing, written another way",
a/b testing definition,u47,yes,"rule confirmed: names a method, artifact, role, metric or tool of the work",
a/b testing meaning,u47,yes,"rule confirmed: names a method, artifact, role, metric or tool of the work",
a/b testing means,u47,yes,"rule confirmed: names a method, artifact, role, metric or tool of the work",
define a b testing,u47,yes,"A/B testing, written another way",
definition of a/b testing,u47,yes,"rule confirmed: names a method, artifact, role, metric or tool of the work",
a b testing calculator,u47,yes,"A/B testing, written another way",
a/b testing calculator,u47,yes,"rule confirmed: names a method, artifact, role, metric or tool of the work",
a b n testing,u47,yes,"A/B testing, written another way",
what is a/b testing software,u48,yes,"rule confirmed: names a method, artifact, role, metric or tool of the work",
a / b testing tools,u48,yes,"A/B testing, written another way",
a b split testing tools,u48,yes,"rule confirmed: names a method, artifact, role, metric or tool of the work",
a b testing in mailchimp,u48,partial,rule confirmed: no field word and no other-world word,
a b testing mailchimp,u48,partial,rule confirmed: no field word and no other-world word,
a b testing on mailchimp,u48,partial,rule confirmed: no field word and no other-world word,
a b testing software,u48,yes,"A/B testing, written another way",
a b testing tools,u48,yes,"A/B testing, written another way",
a/b split testing tools,u48,yes,"rule confirmed: names a method, artifact, role, metric or tool of the work",
a/b testing in mailchimp,u48,yes,"rule confirmed: names a method, artifact, role, metric or tool of the work",
a/b testing mailchimp,u48,yes,"rule confirmed: names a method, artifact, role, metric or tool of the work",
a/b testing software,u48,yes,"rule confirmed: names a method, artifact, role, metric or tool of the work",
a/b testing tools,u48,yes,"rule confirmed: names a method, artifact, role, metric or tool of the work",
mailchimp a b testing,u48,partial,rule confirmed: no field word and no other-world word,
mailchimp a/b testing,u48,yes,"rule confirmed: names a method, artifact, role, metric or tool of the work",
software a b testing,u48,yes,"A/B testing, written another way",
tool for a b testing,u48,yes,"A/B testing, written another way",
tools for a b testing,u48,yes,"A/B testing, written another way",
tools for a/b testing,u48,yes,"rule confirmed: names a method, artifact, role, metric or tool of the work",
a b testing vwo,u48,partial,rule confirmed: no field word and no other-world word,
a/b testing vwo,u48,yes,"rule confirmed: names a method, artifact, role, metric or tool of the work",
vwo a b testing,u48,partial,rule confirmed: no field word and no other-world word,
vwo a/b testing,u48,yes,"rule confirmed: names a method, artifact, role, metric or tool of the work",
a b testing on shopify,u48,partial,rule confirmed: no field word and no other-world word,
a b testing shopify,u48,partial,rule confirmed: no field word and no other-world word,
a/b testing on shopify,u48,yes,"rule confirmed: names a method, artifact, role, metric or tool of the work",
a/b testing shopify,u48,yes,"rule confirmed: names a method, artifact, role, metric or tool of the work",
shopify a b testing,u48,partial,rule confirmed: no field word and no other-world word,
shopify a/b testing,u48,yes,"rule confirmed: names a method, artifact, role, metric or tool of the work",
youtube a b testing,u48,partial,rule confirmed: no field word and no other-world word,
a b testing for landing pages,u49,yes,"rule confirmed: names a method, artifact, role, metric or tool of the work",
a b testing for marketing,u49,yes,A/B testing in marketing and on websites,
a b testing for seo,u49,yes,A/B testing in marketing and on websites,
a b testing in marketing,u49,yes,A/B testing in marketing and on websites,
a b testing in seo,u49,yes,A/B testing in marketing and on websites,
a b testing landing page,u49,yes,"rule confirmed: names a method, artifact, role, metric or tool of the work",
a b testing landing pages,u49,yes,"rule confirmed: names a method, artifact, role, metric or tool of the work",
a b testing marketing,u49,yes,A/B testing in marketing and on websites,
a b testing seo,u49,yes,A/B testing in marketing and on websites,
a-b testing in marketing,u49,yes,A/B testing in marketing and on websites,
a-b testing marketing,u49,yes,A/B testing in marketing and on websites,
a/b marketing testing,u49,yes,A/B testing in marketing and on websites,
a/b testing for landing pages,u49,yes,"rule confirmed: names a method, artifact, role, metric or tool of the work",
a/b testing for seo,u49,yes,"rule confirmed: names a method, artifact, role, metric or tool of the work",
a/b testing in marketing,u49,yes,"rule confirmed: names a method, artifact, role, metric or tool of the work",
a/b testing in seo,u49,yes,"rule confirmed: names a method, artifact, role, metric or tool of the work",
a/b testing landing pages,u49,yes,"rule confirmed: names a method, artifact, role, metric or tool of the work",
a/b testing marketing,u49,yes,"rule confirmed: names a method, artifact, role, metric or tool of the work",
a/b testing seo,u49,yes,"rule confirmed: names a method, artifact, role, metric or tool of the work",
landing page a/b testing,u49,yes,"rule confirmed: names a method, artifact, role, metric or tool of the work",
seo a b testing,u49,yes,A/B testing in marketing and on websites,
seo a/b testing,u49,yes,"rule confirmed: names a method, artifact, role, metric or tool of the work",
a b testing email,u49,yes,A/B testing in marketing and on websites,
a b testing emails,u49,yes,A/B testing in marketing and on websites,
a b testing on a website,u49,yes,A/B testing in marketing and on websites,
a b testing website,u49,yes,A/B testing in marketing and on websites,
a b website testing,u49,yes,A/B testing in marketing and on websites,
a/b email testing,u49,yes,A/B testing in marketing and on websites,
a/b testing emails,u49,yes,"rule confirmed: names a method, artifact, role, metric or tool of the work",
a/b testing website,u49,yes,"rule confirmed: names a method, artifact, role, metric or tool of the work",
component-based software engineering,u50,no,rule confirmed: engineering and software construction,
shadcn ui,u50,partial,a developer component library,
design patterns,u50,yes,"rule confirmed: names a method, artifact, role, metric or tool of the work",
plant design management system,u50,no,rule confirmed: engineering and software construction,
banner design,u50,partial,rule confirmed: no field word and no other-world word,
material design,u50,yes,a public design system,
teal material design,u50,partial,rule confirmed: no field word and no other-world word,
ant design,u50,yes,a public design system,
delete icon material design,u50,partial,rule confirmed: no field word and no other-world word,
a design system,u50,yes,"rule confirmed: names a method, artifact, role, metric or tool of the work",
advance design system,u50,no,Keysight's electronics design software,
and design system,u50,yes,"rule confirmed: names a method, artifact, role, metric or tool of the work",
design system,u50,yes,"rule confirmed: names a method, artifact, role, metric or tool of the work",
design system design,u50,yes,"rule confirmed: names a method, artifact, role, metric or tool of the work",
design-system,u50,yes,a public design system,
cad design system,u50,no,rule confirmed: engineering and software construction,
carbon design system,u50,yes,"rule confirmed: names a method, artifact, role, metric or tool of the work",
computer aided design system,u50,no,CAD software for engineering,
fluent ui,u50,yes,a public design system,
what is a design system,u50,yes,"rule confirmed: names a method, artifact, role, metric or tool of the work",
microservices design patterns,u50,no,rule confirmed: engineering and software construction,
breadcrumbs ui,u50,yes,"rule confirmed: names a method, artifact, role, metric or tool of the work",
graphic design grid system,u50,partial,rule confirmed: no field word and no other-world word,
grid system graphic design,u50,partial,rule confirmed: no field word and no other-world word,
grid system in graphic design,u50,partial,rule confirmed: no field word and no other-world word,
keysight advanced design system,u50,no,Keysight's electronics design software,
mobile stepper material-ui,u50,yes,"rule confirmed: names a method, artifact, role, metric or tool of the work",
spinners ui,u50,yes,"rule confirmed: names a method, artifact, role, metric or tool of the work",
carbon design system ibm,u50,yes,"rule confirmed: names a method, artifact, role, metric or tool of the work",
chat ui,u50,yes,"rule confirmed: names a method, artifact, role, metric or tool of the work",
component-based software engineering,u51,no,rule confirmed: engineering and software construction,
shadcn ui,u51,partial,a developer component library,
design patterns,u51,yes,"rule confirmed: names a method, artifact, role, metric or tool of the work",
banner design,u51,partial,rule confirmed: no field word and no other-world word,
microservices design patterns,u51,no,rule confirmed: engineering and software construction,
breadcrumbs ui,u51,yes,"rule confirmed: names a method, artifact, role, metric or tool of the work",
graphic design grid system,u51,partial,rule confirmed: no field word and no other-world word,
grid system graphic design,u51,partial,rule confirmed: no field word and no other-world word,
grid system in graphic design,u51,partial,rule confirmed: no field word and no other-world word,
mobile stepper material-ui,u51,yes,"rule confirmed: names a method, artifact, role, metric or tool of the work",
spinners ui,u51,yes,"rule confirmed: names a method, artifact, role, metric or tool of the work",
chat ui,u51,yes,"rule confirmed: names a method, artifact, role, metric or tool of the work",
call ui,u51,yes,"rule confirmed: names a method, artifact, role, metric or tool of the work",
dialogs ui,u51,yes,"rule confirmed: names a method, artifact, role, metric or tool of the work",
ellesmere ui profiles,u51,no,a game interface add-on,
autocomplete material-ui,u51,yes,"rule confirmed: names a method, artifact, role, metric or tool of the work",
carousel ui,u51,yes,"rule confirmed: names a method, artifact, role, metric or tool of the work",
coachmark ui,u51,yes,"rule confirmed: names a method, artifact, role, metric or tool of the work",
drop shadow ui,u51,yes,"rule confirmed: names a method, artifact, role, metric or tool of the work",
filter ui,u51,yes,"rule confirmed: names a method, artifact, role, metric or tool of the work",
form ui,u51,yes,"rule confirmed: names a method, artifact, role, metric or tool of the work",
in call ui,u51,yes,"rule confirmed: names a method, artifact, role, metric or tool of the work",
in-call ui,u51,yes,"rule confirmed: names a method, artifact, role, metric or tool of the work",
search bar ux,u51,yes,"rule confirmed: names a method, artifact, role, metric or tool of the work",
search box ux,u51,yes,"rule confirmed: names a method, artifact, role, metric or tool of the work",
search field ux,u51,yes,"rule confirmed: names a method, artifact, role, metric or tool of the work",
chip ui,u51,yes,"rule confirmed: names a method, artifact, role, metric or tool of the work",
chips ui,u51,yes,"rule confirmed: names a method, artifact, role, metric or tool of the work",
pagination ui,u51,yes,"rule confirmed: names a method, artifact, role, metric or tool of the work",
rating slider ui,u51,yes,"rule confirmed: names a method, artifact, role, metric or tool of the work",
plant design management system,u52,no,rule confirmed: engineering and software construction,
material design,u52,yes,a public design system,
teal material design,u52,partial,rule confirmed: no field word and no other-world word,
ant design,u52,yes,a public design system,
delete icon material design,u52,partial,rule confirmed: no field word and no other-world word,
a design system,u52,yes,"rule confirmed: names a method, artifact, role, metric or tool of the work",
advance design system,u52,no,Keysight's electronics design software,
and design system,u52,yes,"rule confirmed: names a method, artifact, role, metric or tool of the work",
design system,u52,yes,"rule confirmed: names a method, artifact, role, metric or tool of the work",
design system design,u52,yes,"rule confirmed: names a method, artifact, role, metric or tool of the work",
design-system,u52,yes,a public design system,
cad design system,u52,no,rule confirmed: engineering and software construction,
carbon design system,u52,yes,"rule confirmed: names a method, artifact, role, metric or tool of the work",
computer aided design system,u52,no,CAD software for engineering,
fluent ui,u52,yes,a public design system,
what is a design system,u52,yes,"rule confirmed: names a method, artifact, role, metric or tool of the work",
keysight advanced design system,u52,no,Keysight's electronics design software,
carbon design system ibm,u52,yes,"rule confirmed: names a method, artifact, role, metric or tool of the work",
ibm carbon design system,u52,yes,"rule confirmed: names a method, artifact, role, metric or tool of the work",
ibm's carbon design system,u52,yes,"rule confirmed: names a method, artifact, role, metric or tool of the work",
system-design-primer github,u52,no,software interview preparation,
analysis and design system,u52,partial,"systems analysis, software engineering",
design system engineer,u52,yes,"rule confirmed: names a method, artifact, role, metric or tool of the work",
design system engineering,u52,yes,"rule confirmed: names a method, artifact, role, metric or tool of the work",
design system example,u52,yes,"rule confirmed: names a method, artifact, role, metric or tool of the work",
design system examples,u52,yes,"rule confirmed: names a method, artifact, role, metric or tool of the work",
design system inc,u52,no,a company name,
human design system,u52,no,"Human Design, a personality system",
ads advanced design system,u52,no,Keysight's electronics design software,
advanced design system ads,u52,no,Keysight's electronics design software,
product requirements document,u53,yes,"rule confirmed: names a method, artifact, role, metric or tool of the work",
software requirement specification meaning,u53,yes,"rule confirmed: names a method, artifact, role, metric or tool of the work",
spec driven development,u53,partial,rule confirmed: no field word and no other-world word,
what are product requirements,u53,yes,"rule confirmed: names a method, artifact, role, metric or tool of the work",
what is a product requirements document,u53,yes,"rule confirmed: names a method, artifact, role, metric or tool of the work",
what is product requirements,u53,yes,"rule confirmed: names a method, artifact, role, metric or tool of the work",
draft requirements,u53,no,sports draft eligibility,
system requirements,u53,no,computer and game system requirements,
design brief,u53,partial,rule confirmed: no field word and no other-world word,
design spec,u53,partial,rule confirmed: no field word and no other-world word,
prd product requirements document template,u53,yes,"rule confirmed: names a method, artifact, role, metric or tool of the work",
product requirements document sample,u53,yes,"rule confirmed: names a method, artifact, role, metric or tool of the work",
product requirements document template,u53,yes,"rule confirmed: names a method, artifact, role, metric or tool of the work",
product requirements document template word,u53,yes,"rule confirmed: names a method, artifact, role, metric or tool of the work",
product requirements document templates,u53,yes,"rule confirmed: names a method, artifact, role, metric or tool of the work",
product requirements template,u53,yes,"rule confirmed: names a method, artifact, role, metric or tool of the work",
requirements document,u53,yes,"rule confirmed: names a method, artifact, role, metric or tool of the work",
sample product requirements document,u53,yes,"rule confirmed: names a method, artifact, role, metric or tool of the work",
non functional requirements,u53,yes,"rule confirmed: names a method, artifact, role, metric or tool of the work",
application requirements,u53,partial,mostly college and job application requirements,
functional vs non functional requirements,u53,yes,"rule confirmed: names a method, artifact, role, metric or tool of the work",
product requirements documents,u53,yes,"rule confirmed: names a method, artifact, role, metric or tool of the work",
define the requirements,u53,yes,"rule confirmed: names a method, artifact, role, metric or tool of the work",
requirements definition,u53,yes,"rule confirmed: names a method, artifact, role, metric or tool of the work",
functional requirements,u53,yes,"rule confirmed: names a method, artifact, role, metric or tool of the work",
requirements txt,u53,no,a Python file name,
reserve requirements definition,u53,no,banking reserve requirements,
example of product requirements,u53,yes,"rule confirmed: names a method, artifact, role, metric or tool of the work",
example product requirements document,u53,yes,"rule confirmed: names a method, artifact, role, metric or tool of the work",
product requirements document example,u53,yes,"rule confirmed: names a method, artifact, role, metric or tool of the work",
4 ps of marketing,u54,yes,"rule confirmed: names a method, artifact, role, metric or tool of the work",
marketing mix,u54,yes,"rule confirmed: names a method, artifact, role, metric or tool of the work",
what are the 4 ps of marketing,u54,yes,"rule confirmed: names a method, artifact, role, metric or tool of the work",
4ps of marketing,u54,yes,"rule confirmed: names a method, artifact, role, metric or tool of the work",
four ps of marketing,u54,partial,rule confirmed: no field word and no other-world word,
product marketing,u54,yes,"rule confirmed: names a method, artifact, role, metric or tool of the work",
customer segmentation,u54,yes,"rule confirmed: names a method, artifact, role, metric or tool of the work",
market segmentation meaning,u54,partial,rule confirmed: no field word and no other-world word,
marketing mix definition,u54,yes,"rule confirmed: names a method, artifact, role, metric or tool of the work",
marketing mix modeling,u54,yes,"rule confirmed: names a method, artifact, role, metric or tool of the work",
product market,u54,yes,"rule confirmed: names a method, artifact, role, metric or tool of the work",
product marketing management,u54,yes,"rule confirmed: names a method, artifact, role, metric or tool of the work",
product marketing manager,u54,yes,"rule confirmed: names a method, artifact, role, metric or tool of the work",
the 4 ps of marketing,u54,yes,"rule confirmed: names a method, artifact, role, metric or tool of the work",
what are the 4 p's of marketing,u54,partial,rule confirmed: no field word and no other-world word,
target definition marketing,u54,partial,rule confirmed: no field word and no other-world word,
target marketing definition,u54,partial,rule confirmed: no field word and no other-world word,
what are customer segments,u54,yes,"rule confirmed: names a method, artifact, role, metric or tool of the work",
what are distribution channels in marketing,u54,partial,rule confirmed: no field word and no other-world word,
what is a go to market strategy,u54,yes,"rule confirmed: names a method, artifact, role, metric or tool of the work",
what is the distribution channel in marketing,u54,partial,rule confirmed: no field word and no other-world word,
distribution channels meaning,u54,partial,rule confirmed: no field word and no other-world word,
ideal customer profile,u54,yes,"rule confirmed: names a method, artifact, role, metric or tool of the work",
market segmentation examples,u54,partial,rule confirmed: no field word and no other-world word,
target market examples,u54,partial,rule confirmed: no field word and no other-world word,
what is segmentation in marketing,u54,partial,rule confirmed: no field word and no other-world word,
define product market,u54,yes,"rule confirmed: names a method, artifact, role, metric or tool of the work",
definition of a product market,u54,yes,"rule confirmed: names a method, artifact, role, metric or tool of the work",
definition of product market,u54,yes,"rule confirmed: names a method, artifact, role, metric or tool of the work",
definition product market,u54,yes,"rule confirmed: names a method, artifact, role, metric or tool of the work",
retention,u55,partial,rule confirmed: no field word and no other-world word,
retention def,u55,partial,rule confirmed: no field word and no other-world word,
customer retention,u55,yes,"rule confirmed: names a method, artifact, role, metric or tool of the work",
rate of retention,u55,partial,rule confirmed: no field word and no other-world word,
retention rate,u55,partial,rule confirmed: generic but plausible for a product reader,
customer retention strategies,u55,yes,"rule confirmed: names a method, artifact, role, metric or tool of the work",
customer success,u55,yes,"rule confirmed: names a method, artifact, role, metric or tool of the work",
customer loyalty program,u55,yes,"rule confirmed: names a method, artifact, role, metric or tool of the work",
verizon pricing strategy customer churn,u55,yes,"rule confirmed: names a method, artifact, role, metric or tool of the work",
customer engagement,u55,yes,"rule confirmed: names a method, artifact, role, metric or tool of the work",
customer loyalty,u55,yes,"rule confirmed: names a method, artifact, role, metric or tool of the work",
calculate retention rate,u55,partial,rule confirmed: generic but plausible for a product reader,
calculating retention rate,u55,partial,rule confirmed: generic but plausible for a product reader,
calculation of retention rate,u55,partial,rule confirmed: generic but plausible for a product reader,
employee retention rate formula,u55,no,rule confirmed: HR and employees,
formula for employee retention rate,u55,no,rule confirmed: HR and employees,
formula for retention rate,u55,partial,rule confirmed: generic but plausible for a product reader,
formula of retention rate,u55,partial,rule confirmed: generic but plausible for a product reader,
formula retention rate,u55,partial,rule confirmed: generic but plausible for a product reader,
retention rate calculation,u55,partial,rule confirmed: generic but plausible for a product reader,
retention rate computation,u55,partial,rule confirmed: generic but plausible for a product reader,
retention rate equation,u55,partial,rule confirmed: generic but plausible for a product reader,
retention rate formula,u55,partial,rule confirmed: generic but plausible for a product reader,
what is a retention rate,u55,partial,rule confirmed: generic but plausible for a product reader,
what is customer retention,u55,yes,"rule confirmed: names a method, artifact, role, metric or tool of the work",
what is retention rate,u55,partial,rule confirmed: generic but plausible for a product reader,
what is the retention rate,u55,partial,rule confirmed: generic but plausible for a product reader,
customer retention meaning,u55,yes,"rule confirmed: names a method, artifact, role, metric or tool of the work",
engagement rate,u55,yes,"rule confirmed: names a method, artifact, role, metric or tool of the work",
how do i calculate retention rate,u55,partial,rule confirmed: generic but plausible for a product reader,
calculate retention rate,u56,partial,rule confirmed: generic but plausible for a product reader,
calculating retention rate,u56,partial,rule confirmed: generic but plausible for a product reader,
calculation of retention rate,u56,partial,rule confirmed: generic but plausible for a product reader,
employee retention rate formula,u56,no,rule confirmed: HR and employees,
formula for employee retention rate,u56,no,rule confirmed: HR and employees,
formula for retention rate,u56,partial,rule confirmed: generic but plausible for a product reader,
formula of retention rate,u56,partial,rule confirmed: generic but plausible for a product reader,
formula retention rate,u56,partial,rule confirmed: generic but plausible for a product reader,
retention rate calculation,u56,partial,rule confirmed: generic but plausible for a product reader,
retention rate computation,u56,partial,rule confirmed: generic but plausible for a product reader,
retention rate equation,u56,partial,rule confirmed: generic but plausible for a product reader,
retention rate formula,u56,partial,rule confirmed: generic but plausible for a product reader,
how do i calculate retention rate,u56,partial,rule confirmed: generic but plausible for a product reader,
how do you calculate employee retention rate,u56,no,rule confirmed: HR and employees,
how do you calculate the retention rate,u56,partial,rule confirmed: generic but plausible for a product reader,
how to calculate a retention rate,u56,partial,rule confirmed: generic but plausible for a product reader,
how to calculate employee retention rate,u56,no,rule confirmed: HR and employees,
how to calculate retention rate,u56,partial,rule confirmed: generic but plausible for a product reader,
how to calculate staff retention rate,u56,no,rule confirmed: HR and employees,
how to calculate the retention rate,u56,partial,rule confirmed: generic but plausible for a product reader,
how to compute retention rate,u56,partial,rule confirmed: generic but plausible for a product reader,
how to determine retention rate,u56,partial,rule confirmed: generic but plausible for a product reader,
how to figure retention rate,u56,partial,rule confirmed: generic but plausible for a product reader,
how to find retention rate,u56,partial,rule confirmed: generic but plausible for a product reader,
client retention rate formula,u56,yes,"rule confirmed: names a method, artifact, role, metric or tool of the work",
customer retention rate calculation formula,u56,yes,"rule confirmed: names a method, artifact, role, metric or tool of the work",
customer retention rate formula,u56,yes,"rule confirmed: names a method, artifact, role, metric or tool of the work",
how do you calculate customer retention rate,u56,yes,"rule confirmed: names a method, artifact, role, metric or tool of the work",
how to calculate client retention rate,u56,yes,"rule confirmed: names a method, artifact, role, metric or tool of the work",
how to calculate customer retention rate,u56,yes,"rule confirmed: names a method, artifact, role, metric or tool of the work",
retention,u57,partial,rule confirmed: no field word and no other-world word,
retention def,u57,partial,rule confirmed: no field word and no other-world word,
rate of retention,u57,partial,rule confirmed: no field word and no other-world word,
retention rate,u57,partial,rule confirmed: generic but plausible for a product reader,
what is a retention rate,u57,partial,rule confirmed: generic but plausible for a product reader,
what is retention rate,u57,partial,rule confirmed: generic but plausible for a product reader,
what is the retention rate,u57,partial,rule confirmed: generic but plausible for a product reader,
engagement rate,u57,yes,"rule confirmed: names a method, artifact, role, metric or tool of the work",
retention rate meaning,u57,partial,rule confirmed: generic but plausible for a product reader,
retention program,u57,partial,rule confirmed: no field word and no other-world word,
onboarding process meaning,u57,partial,mostly employee onboarding (HR); some product onboarding,
retention ratio,u57,partial,a finance ratio as often as a customer measure,
define retention rate,u57,partial,rule confirmed: generic but plausible for a product reader,
definition of retention rate,u57,partial,rule confirmed: generic but plausible for a product reader,
definition retention rate,u57,partial,rule confirmed: generic but plausible for a product reader,
employee retention rate,u57,no,rule confirmed: HR and employees,
employees retention rate,u57,no,rule confirmed: HR and employees,
employment retention rate,u57,no,"employee retention, an HR measure",
meaning of retention rate,u57,partial,rule confirmed: generic but plausible for a product reader,
retention rate def,u57,partial,rule confirmed: generic but plausible for a product reader,
retention rate definition,u57,partial,rule confirmed: generic but plausible for a product reader,
retention rate employee,u57,no,rule confirmed: HR and employees,
retention rate employees,u57,no,rule confirmed: HR and employees,
retention rate employment,u57,no,"employee retention, an HR measure",
retention rate for employees,u57,no,rule confirmed: HR and employees,
retention rate of employees,u57,no,rule confirmed: HR and employees,
staff retention rate,u57,no,rule confirmed: HR and employees,
improving employee engagement,u57,no,rule confirmed: HR and employees,
retention rate for colleges,u57,no,"college student retention, education",
retention rate of colleges,u57,no,"college student retention, education",
customer retention,u58,yes,"rule confirmed: names a method, artifact, role, metric or tool of the work",
customer retention strategies,u58,yes,"rule confirmed: names a method, artifact, role, metric or tool of the work",
customer success,u58,yes,"rule confirmed: names a method, artifact, role, metric or tool of the work",
customer loyalty program,u58,yes,"rule confirmed: names a method, artifact, role, metric or tool of the work",
verizon pricing strategy customer churn,u58,yes,"rule confirmed: names a method, artifact, role, metric or tool of the work",
customer engagement,u58,yes,"rule confirmed: names a method, artifact, role, metric or tool of the work",
customer loyalty,u58,yes,"rule confirmed: names a method, artifact, role, metric or tool of the work",
what is customer retention,u58,yes,"rule confirmed: names a method, artifact, role, metric or tool of the work",
customer retention meaning,u58,yes,"rule confirmed: names a method, artifact, role, metric or tool of the work",
what is a customer success manager,u58,yes,"rule confirmed: names a method, artifact, role, metric or tool of the work",
customer lifecycle,u58,yes,"rule confirmed: names a method, artifact, role, metric or tool of the work",
customer retention loyalty programs,u58,yes,"rule confirmed: names a method, artifact, role, metric or tool of the work",
loyalty programs for customer retention,u58,yes,"rule confirmed: names a method, artifact, role, metric or tool of the work",
client retention rate,u58,yes,"rule confirmed: names a method, artifact, role, metric or tool of the work",
consumer retention rate,u58,yes,"rule confirmed: names a method, artifact, role, metric or tool of the work",
customer engagement strategy,u58,yes,"rule confirmed: names a method, artifact, role, metric or tool of the work",
customer retention rate,u58,yes,"rule confirmed: names a method, artifact, role, metric or tool of the work",
customer success platform,u58,yes,"rule confirmed: names a method, artifact, role, metric or tool of the work",
customers retention rate,u58,yes,"rule confirmed: names a method, artifact, role, metric or tool of the work",
loyalty programs examples,u58,partial,rule confirmed: no field word and no other-world word,
what does a customer success manager do,u58,yes,"rule confirmed: names a method, artifact, role, metric or tool of the work",
active user,u58,yes,"rule confirmed: names a method, artifact, role, metric or tool of the work",
churn rate vs retention rate,u58,yes,"rule confirmed: names a method, artifact, role, metric or tool of the work",
customer retention rate crr,u58,yes,"rule confirmed: names a method, artifact, role, metric or tool of the work",
retention rate vs churn rate,u58,yes,"rule confirmed: names a method, artifact, role, metric or tool of the work",
product manager,u59,yes,"rule confirmed: names a method, artifact, role, metric or tool of the work",
associate product manager,u59,yes,"rule confirmed: names a method, artifact, role, metric or tool of the work",
product owner,u59,yes,"rule confirmed: names a method, artifact, role, metric or tool of the work",
product owner position,u59,yes,"rule confirmed: names a method, artifact, role, metric or tool of the work",
product owner positions,u59,yes,"rule confirmed: names a method, artifact, role, metric or tool of the work",
product owner vacancies,u59,yes,"rule confirmed: names a method, artifact, role, metric or tool of the work",
product owner vacancy,u59,yes,"rule confirmed: names a method, artifact, role, metric or tool of the work",
remote product manager,u59,yes,"rule confirmed: names a method, artifact, role, metric or tool of the work",
product management vs product owner,u59,yes,"rule confirmed: names a method, artifact, role, metric or tool of the work",
product manager vs owner,u59,yes,"rule confirmed: names a method, artifact, role, metric or tool of the work",
product owner vs product manager,u59,yes,"rule confirmed: names a method, artifact, role, metric or tool of the work",
technical product manager,u59,yes,"rule confirmed: names a method, artifact, role, metric or tool of the work",
product owner cv example,u59,yes,"rule confirmed: names a method, artifact, role, metric or tool of the work",
product owner cv examples,u59,yes,"rule confirmed: names a method, artifact, role, metric or tool of the work",
product manager versus product owner,u59,yes,"rule confirmed: names a method, artifact, role, metric or tool of the work",
product manager vs product owner,u59,yes,"rule confirmed: names a method, artifact, role, metric or tool of the work",
product owner vs manager,u59,yes,"rule confirmed: names a method, artifact, role, metric or tool of the work",
product owner what is,u59,yes,"rule confirmed: names a method, artifact, role, metric or tool of the work",
what is a product owner,u59,yes,"rule confirmed: names a method, artifact, role, metric or tool of the work",
what is product owner,u59,yes,"rule confirmed: names a method, artifact, role, metric or tool of the work",
duties of a product owner,u59,yes,"rule confirmed: names a method, artifact, role, metric or tool of the work",
product owner duties,u59,yes,"rule confirmed: names a method, artifact, role, metric or tool of the work",
product owner responsibilities,u59,yes,"rule confirmed: names a method, artifact, role, metric or tool of the work",
responsibilities of a product owner,u59,yes,"rule confirmed: names a method, artifact, role, metric or tool of the work",
responsibilities of product owner,u59,yes,"rule confirmed: names a method, artifact, role, metric or tool of the work",
responsibilities product owner,u59,yes,"rule confirmed: names a method, artifact, role, metric or tool of the work",
responsibility of a product owner,u59,yes,"rule confirmed: names a method, artifact, role, metric or tool of the work",
responsibility of product owner,u59,yes,"rule confirmed: names a method, artifact, role, metric or tool of the work",
role of a product owner,u59,yes,"rule confirmed: names a method, artifact, role, metric or tool of the work",
role of product owner,u59,yes,"rule confirmed: names a method, artifact, role, metric or tool of the work",
product owner,u60,yes,"rule confirmed: names a method, artifact, role, metric or tool of the work",
product owner position,u60,yes,"rule confirmed: names a method, artifact, role, metric or tool of the work",
product owner positions,u60,yes,"rule confirmed: names a method, artifact, role, metric or tool of the work",
product owner vacancies,u60,yes,"rule confirmed: names a method, artifact, role, metric or tool of the work",
product owner vacancy,u60,yes,"rule confirmed: names a method, artifact, role, metric or tool of the work",
product management vs product owner,u60,yes,"rule confirmed: names a method, artifact, role, metric or tool of the work",
product owner vs product manager,u60,yes,"rule confirmed: names a method, artifact, role, metric or tool of the work",
product owner cv example,u60,yes,"rule confirmed: names a method, artifact, role, metric or tool of the work",
product owner cv examples,u60,yes,"rule confirmed: names a method, artifact, role, metric or tool of the work",
product manager versus product owner,u60,yes,"rule confirmed: names a method, artifact, role, metric or tool of the work",
product manager vs product owner,u60,yes,"rule confirmed: names a method, artifact, role, metric or tool of the work",
product owner vs manager,u60,yes,"rule confirmed: names a method, artifact, role, metric or tool of the work",
product owner what is,u60,yes,"rule confirmed: names a method, artifact, role, metric or tool of the work",
what is a product owner,u60,yes,"rule confirmed: names a method, artifact, role, metric or tool of the work",
what is product owner,u60,yes,"rule confirmed: names a method, artifact, role, metric or tool of the work",
duties of a product owner,u60,yes,"rule confirmed: names a method, artifact, role, metric or tool of the work",
product owner duties,u60,yes,"rule confirmed: names a method, artifact, role, metric or tool of the work",
product owner responsibilities,u60,yes,"rule confirmed: names a method, artifact, role, metric or tool of the work",
responsibilities of a product owner,u60,yes,"rule confirmed: names a method, artifact, role, metric or tool of the work",
responsibilities of product owner,u60,yes,"rule confirmed: names a method, artifact, role, metric or tool of the work",
responsibilities product owner,u60,yes,"rule confirmed: names a method, artifact, role, metric or tool of the work",
responsibility of a product owner,u60,yes,"rule confirmed: names a method, artifact, role, metric or tool of the work",
responsibility of product owner,u60,yes,"rule confirmed: names a method, artifact, role, metric or tool of the work",
role of a product owner,u60,yes,"rule confirmed: names a method, artifact, role, metric or tool of the work",
role of product owner,u60,yes,"rule confirmed: names a method, artifact, role, metric or tool of the work",
role of the product owner,u60,yes,"rule confirmed: names a method, artifact, role, metric or tool of the work",
role product owner,u60,yes,"rule confirmed: names a method, artifact, role, metric or tool of the work",
roles of a product owner,u60,yes,"rule confirmed: names a method, artifact, role, metric or tool of the work",
roles product owner,u60,yes,"rule confirmed: names a method, artifact, role, metric or tool of the work",
what a product owner does,u60,yes,"rule confirmed: names a method, artifact, role, metric or tool of the work",
product manager,u61,yes,"rule confirmed: names a method, artifact, role, metric or tool of the work",
associate product manager,u61,yes,"rule confirmed: names a method, artifact, role, metric or tool of the work",
remote product manager,u61,yes,"rule confirmed: names a method, artifact, role, metric or tool of the work",
product manager vs owner,u61,yes,"rule confirmed: names a method, artifact, role, metric or tool of the work",
technical product manager,u61,yes,"rule confirmed: names a method, artifact, role, metric or tool of the work",
product manager tech,u61,yes,"rule confirmed: names a method, artifact, role, metric or tool of the work",
product manager roadmap,u61,yes,"rule confirmed: names a method, artifact, role, metric or tool of the work",
product manager requirements,u61,yes,"rule confirmed: names a method, artifact, role, metric or tool of the work",
analytics for product managers,u61,yes,"rule confirmed: names a method, artifact, role, metric or tool of the work",
analytics product manager,u61,yes,"rule confirmed: names a method, artifact, role, metric or tool of the work",
product manager analytics,u61,yes,"rule confirmed: names a method, artifact, role, metric or tool of the work",
change management,u62,yes,"rule confirmed: names a method, artifact, role, metric or tool of the work",
leadership development program,u62,partial,"general leadership and management training, not product work in particular",
management styles,u62,partial,"general leadership and management training, not product work in particular",
leadership development,u62,partial,"general leadership and management training, not product work in particular",
leadership styles in management,u62,partial,"general leadership and management training, not product work in particular",
leadership vs management,u62,partial,"general leadership and management training, not product work in particular",
prosci change management,u62,yes,"rule confirmed: names a method, artifact, role, metric or tool of the work",
change management process,u62,yes,"rule confirmed: names a method, artifact, role, metric or tool of the work",
stakeholder in management,u62,yes,"rule confirmed: names a method, artifact, role, metric or tool of the work",
stakeholder management,u62,yes,"rule confirmed: names a method, artifact, role, metric or tool of the work",
leadership and management,u62,partial,"general leadership and management training, not product work in particular",
management leadership for tomorrow,u62,no,a nonprofit's name,
transformational leadership theory,u62,partial,"general leadership and management training, not product work in particular",
what is a stakeholder management,u62,yes,"rule confirmed: names a method, artifact, role, metric or tool of the work",
what is stakeholder management,u62,yes,"rule confirmed: names a method, artifact, role, metric or tool of the work",
itil change management,u62,partial,IT service management change control,
leadership development coaching,u62,partial,"general leadership and management training, not product work in particular",
transformational leadership examples,u62,partial,"general leadership and management training, not product work in particular",
change management frameworks,u62,yes,"rule confirmed: names a method, artifact, role, metric or tool of the work",
change management models,u62,yes,"rule confirmed: names a method, artifact, role, metric or tool of the work",
expectation management,u62,partial,rule confirmed: no field word and no other-world word,
leadership experience examples,u62,no,job and college application examples,
vision statement leadership,u62,partial,rule confirmed: no field word and no other-world word,
define stakeholder management,u62,yes,"rule confirmed: names a method, artifact, role, metric or tool of the work",
definition of stakeholder management,u62,yes,"rule confirmed: names a method, artifact, role, metric or tool of the work",
definition stakeholder management,u62,yes,"rule confirmed: names a method, artifact, role, metric or tool of the work",
meaning of stakeholder management,u62,yes,"rule confirmed: names a method, artifact, role, metric or tool of the work",
project stakeholder management definition,u62,yes,"rule confirmed: names a method, artifact, role, metric or tool of the work",
stakeholder management definition,u62,yes,"rule confirmed: names a method, artifact, role, metric or tool of the work",
stakeholder management meaning,u62,yes,"rule confirmed: names a method, artifact, role, metric or tool of the work",
change management,u63,yes,"rule confirmed: names a method, artifact, role, metric or tool of the work",
leadership development program,u63,partial,"general leadership and management training, not product work in particular",
management styles,u63,partial,"general leadership and management training, not product work in particular",
leadership development,u63,partial,"general leadership and management training, not product work in particular",
leadership styles in management,u63,partial,"general leadership and management training, not product work in particular",
leadership vs management,u63,partial,"general leadership and management training, not product work in particular",
prosci change management,u63,yes,"rule confirmed: names a method, artifact, role, metric or tool of the work",
change management process,u63,yes,"rule confirmed: names a method, artifact, role, metric or tool of the work",
leadership and management,u63,partial,"general leadership and management training, not product work in particular",
management leadership for tomorrow,u63,no,a nonprofit's name,
transformational leadership theory,u63,partial,"general leadership and management training, not product work in particular",
itil change management,u63,partial,IT service management change control,
leadership development coaching,u63,partial,"general leadership and management training, not product work in particular",
transformational leadership examples,u63,partial,"general leadership and management training, not product work in particular",
change management frameworks,u63,yes,"rule confirmed: names a method, artifact, role, metric or tool of the work",
change management models,u63,yes,"rule confirmed: names a method, artifact, role, metric or tool of the work",
leadership experience examples,u63,no,job and college application examples,
vision statement leadership,u63,partial,rule confirmed: no field word and no other-world word,
kotter's change management models,u63,yes,"rule confirmed: names a method, artifact, role, metric or tool of the work",
kotter's model of change management,u63,yes,"rule confirmed: names a method, artifact, role, metric or tool of the work",
shadow health prioritization and introduction to leadership,u63,no,a nursing-school simulation,
stakeholder in management,u64,yes,"rule confirmed: names a method, artifact, role, metric or tool of the work",
stakeholder management,u64,yes,"rule confirmed: names a method, artifact, role, metric or tool of the work",
what is a stakeholder management,u64,yes,"rule confirmed: names a method, artifact, role, metric or tool of the work",
what is stakeholder management,u64,yes,"rule confirmed: names a method, artifact, role, metric or tool of the work",
expectation management,u64,partial,rule confirmed: no field word and no other-world word,
define stakeholder management,u64,yes,"rule confirmed: names a method, artifact, role, metric or tool of the work",
definition of stakeholder management,u64,yes,"rule confirmed: names a method, artifact, role, metric or tool of the work",
definition stakeholder management,u64,yes,"rule confirmed: names a method, artifact, role, metric or tool of the work",
meaning of stakeholder management,u64,yes,"rule confirmed: names a method, artifact, role, metric or tool of the work",
project stakeholder management definition,u64,yes,"rule confirmed: names a method, artifact, role, metric or tool of the work",
stakeholder management definition,u64,yes,"rule confirmed: names a method, artifact, role, metric or tool of the work",
stakeholder management meaning,u64,yes,"rule confirmed: names a method, artifact, role, metric or tool of the work",
stakeholder management means,u64,yes,"rule confirmed: names a method, artifact, role, metric or tool of the work",
what is a stakeholder in project management,u64,yes,"rule confirmed: names a method, artifact, role, metric or tool of the work",
what is stakeholder in project management,u64,yes,"rule confirmed: names a method, artifact, role, metric or tool of the work",
define stakeholder in project management,u64,yes,"rule confirmed: names a method, artifact, role, metric or tool of the work",
definition of a stakeholder in project management,u64,yes,"rule confirmed: names a method, artifact, role, metric or tool of the work",
definition of stakeholder in project management,u64,yes,"rule confirmed: names a method, artifact, role, metric or tool of the work",
project management stakeholder,u64,yes,"rule confirmed: names a method, artifact, role, metric or tool of the work",
stakeholder definition in project management,u64,yes,"rule confirmed: names a method, artifact, role, metric or tool of the work",
stakeholder definition project management,u64,yes,"rule confirmed: names a method, artifact, role, metric or tool of the work",
stakeholder in project management,u64,yes,"rule confirmed: names a method, artifact, role, metric or tool of the work",
stakeholder project management,u64,yes,"rule confirmed: names a method, artifact, role, metric or tool of the work",
stakeholder project management definition,u64,yes,"rule confirmed: names a method, artifact, role, metric or tool of the work",
project management stakeholder management,u64,yes,"rule confirmed: names a method, artifact, role, metric or tool of the work",
project stakeholder management,u64,yes,"rule confirmed: names a method, artifact, role, metric or tool of the work",
stakeholder management in project management,u64,yes,"rule confirmed: names a method, artifact, role, metric or tool of the work",
stakeholder management project management,u64,yes,"rule confirmed: names a method, artifact, role, metric or tool of the work",
plan stakeholder management,u64,yes,"rule confirmed: names a method, artifact, role, metric or tool of the work",
planning stakeholder management,u64,yes,"rule confirmed: names a method, artifact, role, metric or tool of the work",
value proposition,u65,yes,"rule confirmed: names a method, artifact, role, metric or tool of the work",
beta testing,u65,yes,"rule confirmed: names a method, artifact, role, metric or tool of the work",
beta testing meaning,u65,yes,"rule confirmed: names a method, artifact, role, metric or tool of the work",
product development,u65,yes,"rule confirmed: names a method, artifact, role, metric or tool of the work",
product line,u65,yes,"rule confirmed: names a method, artifact, role, metric or tool of the work",
unique selling proposition meaning,u65,yes,"rule confirmed: names a method, artifact, role, metric or tool of the work",
positioning statement,u65,yes,"rule confirmed: names a method, artifact, role, metric or tool of the work",
product differentiation,u65,yes,"rule confirmed: names a method, artifact, role, metric or tool of the work",
product market fit,u65,yes,"rule confirmed: names a method, artifact, role, metric or tool of the work",
product line and mix,u65,yes,"rule confirmed: names a method, artifact, role, metric or tool of the work",
product positioning bases,u65,yes,"rule confirmed: names a method, artifact, role, metric or tool of the work",
straddle positioning in marketing,u65,yes,"rule confirmed: names a method, artifact, role, metric or tool of the work",
what is beta testing,u65,yes,"rule confirmed: names a method, artifact, role, metric or tool of the work",
unique value proposition,u65,yes,"rule confirmed: names a method, artifact, role, metric or tool of the work",
product development life cycle,u65,yes,"rule confirmed: names a method, artifact, role, metric or tool of the work",
product development process,u65,yes,"rule confirmed: names a method, artifact, role, metric or tool of the work",
product failures,u65,yes,"rule confirmed: names a method, artifact, role, metric or tool of the work",
product launch,u65,yes,"rule confirmed: names a method, artifact, role, metric or tool of the work",
value proposition example,u65,yes,"rule confirmed: names a method, artifact, role, metric or tool of the work",
product and strategy,u65,yes,"rule confirmed: names a method, artifact, role, metric or tool of the work",
product strategy,u65,yes,"rule confirmed: names a method, artifact, role, metric or tool of the work",
strategy for product,u65,yes,"rule confirmed: names a method, artifact, role, metric or tool of the work",
product led growth,u65,yes,"rule confirmed: names a method, artifact, role, metric or tool of the work",
product positioning,u65,yes,"rule confirmed: names a method, artifact, role, metric or tool of the work",
examples of market positioning,u65,yes,"rule confirmed: names a method, artifact, role, metric or tool of the work",
market research and product development,u65,yes,"rule confirmed: names a method, artifact, role, metric or tool of the work",
new product development,u65,yes,"rule confirmed: names a method, artifact, role, metric or tool of the work",
product development engineer,u65,partial,an engineering job title,
product development research,u65,yes,"rule confirmed: names a method, artifact, role, metric or tool of the work",
product market fit question,u65,yes,"rule confirmed: names a method, artifact, role, metric or tool of the work",
value proposition,u66,yes,"rule confirmed: names a method, artifact, role, metric or tool of the work",
product line,u66,yes,"rule confirmed: names a method, artifact, role, metric or tool of the work",
unique selling proposition meaning,u66,yes,"rule confirmed: names a method, artifact, role, metric or tool of the work",
positioning statement,u66,yes,"rule confirmed: names a method, artifact, role, metric or tool of the work",
product differentiation,u66,yes,"rule confirmed: names a method, artifact, role, metric or tool of the work",
product market fit,u66,yes,"rule confirmed: names a method, artifact, role, metric or tool of the work",
product line and mix,u66,yes,"rule confirmed: names a method, artifact, role, metric or tool of the work",
product positioning bases,u66,yes,"rule confirmed: names a method, artifact, role, metric or tool of the work",
straddle positioning in marketing,u66,yes,"rule confirmed: names a method, artifact, role, metric or tool of the work",
unique value proposition,u66,yes,"rule confirmed: names a method, artifact, role, metric or tool of the work",
value proposition example,u66,yes,"rule confirmed: names a method, artifact, role, metric or tool of the work",
product and strategy,u66,yes,"rule confirmed: names a method, artifact, role, metric or tool of the work",
product strategy,u66,yes,"rule confirmed: names a method, artifact, role, metric or tool of the work",
strategy for product,u66,yes,"rule confirmed: names a method, artifact, role, metric or tool of the work",
product led growth,u66,yes,"rule confirmed: names a method, artifact, role, metric or tool of the work",
product positioning,u66,yes,"rule confirmed: names a method, artifact, role, metric or tool of the work",
examples of market positioning,u66,yes,"rule confirmed: names a method, artifact, role, metric or tool of the work",
product market fit question,u66,yes,"rule confirmed: names a method, artifact, role, metric or tool of the work",
product market fit questions,u66,yes,"rule confirmed: names a method, artifact, role, metric or tool of the work",
product-market fit question,u66,yes,"rule confirmed: names a method, artifact, role, metric or tool of the work",
product-market fit questions,u66,yes,"rule confirmed: names a method, artifact, role, metric or tool of the work",
product/market fit questions,u66,yes,"rule confirmed: names a method, artifact, role, metric or tool of the work",
customer value proposition,u66,yes,"rule confirmed: names a method, artifact, role, metric or tool of the work",
marketing product strategy,u66,yes,"rule confirmed: names a method, artifact, role, metric or tool of the work",
product strategy marketing,u66,yes,"rule confirmed: names a method, artifact, role, metric or tool of the work",
product depth,u66,yes,"rule confirmed: names a method, artifact, role, metric or tool of the work",
what is a product strategy,u66,yes,"rule confirmed: names a method, artifact, role, metric or tool of the work",
what is product strategy,u66,yes,"rule confirmed: names a method, artifact, role, metric or tool of the work",
what is the product strategy,u66,yes,"rule confirmed: names a method, artifact, role, metric or tool of the work",
example of a product strategy,u66,yes,"rule confirmed: names a method, artifact, role, metric or tool of the work",
beta testing,u67,yes,"rule confirmed: names a method, artifact, role, metric or tool of the work",
beta testing meaning,u67,yes,"rule confirmed: names a method, artifact, role, metric or tool of the work",
product development,u67,yes,"rule confirmed: names a method, artifact, role, metric or tool of the work",
what is beta testing,u67,yes,"rule confirmed: names a method, artifact, role, metric or tool of the work",
product development life cycle,u67,yes,"rule confirmed: names a method, artifact, role, metric or tool of the work",
product development process,u67,yes,"rule confirmed: names a method, artifact, role, metric or tool of the work",
product failures,u67,yes,"rule confirmed: names a method, artifact, role, metric or tool of the work",
product launch,u67,yes,"rule confirmed: names a method, artifact, role, metric or tool of the work",
market research and product development,u67,yes,"rule confirmed: names a method, artifact, role, metric or tool of the work",
new product development,u67,yes,"rule confirmed: names a method, artifact, role, metric or tool of the work",
product development engineer,u67,partial,an engineering job title,
product development research,u67,yes,"rule confirmed: names a method, artifact, role, metric or tool of the work",
product research and development,u67,yes,"rule confirmed: names a method, artifact, role, metric or tool of the work",
research and development of a product,u67,yes,"rule confirmed: names a method, artifact, role, metric or tool of the work",
product development company,u67,no,buying product development services,
product development stages,u67,yes,"rule confirmed: names a method, artifact, role, metric or tool of the work",
mvp software development,u67,yes,"rule confirmed: names a method, artifact, role, metric or tool of the work",
develop product strategy,u67,yes,"rule confirmed: names a method, artifact, role, metric or tool of the work",
developing product strategy,u67,yes,"rule confirmed: names a method, artifact, role, metric or tool of the work",
new product development strategy,u67,yes,"rule confirmed: names a method, artifact, role, metric or tool of the work",
product development and strategy,u67,yes,"rule confirmed: names a method, artifact, role, metric or tool of the work",
product development phases,u67,yes,"rule confirmed: names a method, artifact, role, metric or tool of the work",
product development services,u67,no,buying product development services,
product development strategy,u67,yes,"rule confirmed: names a method, artifact, role, metric or tool of the work",
strategy for new product development,u67,yes,"rule confirmed: names a method, artifact, role, metric or tool of the work",
strategy for product development,u67,yes,"rule confirmed: names a method, artifact, role, metric or tool of the work",
strategy of new product development,u67,yes,"rule confirmed: names a method, artifact, role, metric or tool of the work",
strategy product development,u67,yes,"rule confirmed: names a method, artifact, role, metric or tool of the work",
launch product strategy,u67,yes,"rule confirmed: names a method, artifact, role, metric or tool of the work",
launch strategy of a product,u67,yes,"rule confirmed: names a method, artifact, role, metric or tool of the work",
mvp minimum viable product,u68,yes,"rule confirmed: names a method, artifact, role, metric or tool of the work",
innovation discovery,u68,partial,rule confirmed: no field word and no other-world word,
discovery product,u68,yes,"rule confirmed: names a method, artifact, role, metric or tool of the work",
product discovery,u68,yes,"rule confirmed: names a method, artifact, role, metric or tool of the work",
online product discovery platform,u68,yes,"rule confirmed: names a method, artifact, role, metric or tool of the work",
product discovery service,u68,partial,buying discovery services from an agency,
product discovery services,u68,partial,buying discovery services from an agency,
product discovery process,u68,yes,"rule confirmed: names a method, artifact, role, metric or tool of the work",
product roadmap,u69,yes,"rule confirmed: names a method, artifact, role, metric or tool of the work",
roadmap for product,u69,yes,"rule confirmed: names a method, artifact, role, metric or tool of the work",
roadmap product,u69,yes,"rule confirmed: names a method, artifact, role, metric or tool of the work",
example of a product roadmap,u69,yes,"rule confirmed: names a method, artifact, role, metric or tool of the work",
example of product roadmap,u69,yes,"rule confirmed: names a method, artifact, role, metric or tool of the work",
example product roadmap,u69,yes,"rule confirmed: names a method, artifact, role, metric or tool of the work",
examples of product roadmap,u69,yes,"rule confirmed: names a method, artifact, role, metric or tool of the work",
product roadmap example,u69,yes,"rule confirmed: names a method, artifact, role, metric or tool of the work",
product roadmap examples,u69,yes,"rule confirmed: names a method, artifact, role, metric or tool of the work",
product roadmap format,u69,yes,"rule confirmed: names a method, artifact, role, metric or tool of the work",
product roadmap sample,u69,yes,"rule confirmed: names a method, artifact, role, metric or tool of the work",
product roadmap samples,u69,yes,"rule confirmed: names a method, artifact, role, metric or tool of the work",
product roadmap template,u69,yes,"rule confirmed: names a method, artifact, role, metric or tool of the work",
product roadmap templates,u69,yes,"rule confirmed: names a method, artifact, role, metric or tool of the work",
roadmap product template,u69,yes,"rule confirmed: names a method, artifact, role, metric or tool of the work",
sample product roadmap,u69,yes,"rule confirmed: names a method, artifact, role, metric or tool of the work",
sample product roadmap template,u69,yes,"rule confirmed: names a method, artifact, role, metric or tool of the work",
template for product roadmap,u69,yes,"rule confirmed: names a method, artifact, role, metric or tool of the work",
template product roadmap,u69,yes,"rule confirmed: names a method, artifact, role, metric or tool of the work",
roadmap examples,u69,yes,"rule confirmed: names a method, artifact, role, metric or tool of the work",
technology roadmap,u69,partial,"IT and technology planning, next to product roadmaps",
comptia roadmap,u69,no,an IT certification path,
it roadmap,u69,partial,"IT and technology planning, next to product roadmaps",
product roadmap software,u69,yes,"rule confirmed: names a method, artifact, role, metric or tool of the work",
software product roadmap,u69,yes,"rule confirmed: names a method, artifact, role, metric or tool of the work",
what is a product roadmap,u69,yes,"rule confirmed: names a method, artifact, role, metric or tool of the work",
what is in a product roadmap,u69,yes,"rule confirmed: names a method, artifact, role, metric or tool of the work",
develop product roadmap,u69,yes,"rule confirmed: names a method, artifact, role, metric or tool of the work",
developing a product roadmap,u69,yes,"rule confirmed: names a method, artifact, role, metric or tool of the work",
developing product roadmap,u69,yes,"rule confirmed: names a method, artifact, role, metric or tool of the work",
information about architecture,u70,no,building architecture,
information architecture,u70,yes,"rule confirmed: names a method, artifact, role, metric or tool of the work",
information architecture ia,u70,yes,"rule confirmed: names a method, artifact, role, metric or tool of the work",
information of architecture,u70,no,building architecture,
information on architecture,u70,no,building architecture,
what is an information architecture,u70,yes,"rule confirmed: names a method, artifact, role, metric or tool of the work",
what is information architecture,u70,yes,"rule confirmed: names a method, artifact, role, metric or tool of the work",
website sitemap examples,u70,yes,a website structure artifact,
information architecture in ux,u70,yes,"rule confirmed: names a method, artifact, role, metric or tool of the work",
information architecture in ux design,u70,yes,"rule confirmed: names a method, artifact, role, metric or tool of the work",
information architecture ux,u70,yes,"rule confirmed: names a method, artifact, role, metric or tool of the work",
information architecture ux design,u70,yes,"rule confirmed: names a method, artifact, role, metric or tool of the work",
ux design information architecture,u70,yes,"rule confirmed: names a method, artifact, role, metric or tool of the work",
information architecture for a website,u70,yes,"rule confirmed: names a method, artifact, role, metric or tool of the work",
information architecture for website,u70,yes,"rule confirmed: names a method, artifact, role, metric or tool of the work",
information architecture for websites,u70,yes,"rule confirmed: names a method, artifact, role, metric or tool of the work",
information architecture of a website,u70,yes,"rule confirmed: names a method, artifact, role, metric or tool of the work",
information architecture of website,u70,yes,"rule confirmed: names a method, artifact, role, metric or tool of the work",
information architecture web,u70,yes,"rule confirmed: names a method, artifact, role, metric or tool of the work",
information architecture website,u70,yes,"rule confirmed: names a method, artifact, role, metric or tool of the work",
information architecture websites,u70,yes,"rule confirmed: names a method, artifact, role, metric or tool of the work",
site information architecture,u70,yes,"rule confirmed: names a method, artifact, role, metric or tool of the work",
web information architecture,u70,yes,"rule confirmed: names a method, artifact, role, metric or tool of the work",
website information architecture,u70,yes,"rule confirmed: names a method, artifact, role, metric or tool of the work",
information architecture diagram,u70,yes,"rule confirmed: names a method, artifact, role, metric or tool of the work",
information architecture diagrams,u70,yes,"rule confirmed: names a method, artifact, role, metric or tool of the work",
information architecture summit,u70,yes,"rule confirmed: names a method, artifact, role, metric or tool of the work",
example information architecture,u70,yes,"rule confirmed: names a method, artifact, role, metric or tool of the work",
example of information architecture,u70,yes,"rule confirmed: names a method, artifact, role, metric or tool of the work",
examples of information architecture,u70,yes,"rule confirmed: names a method, artifact, role, metric or tool of the work",
ux and ui design tools,u71,yes,"rule confirmed: names a method, artifact, role, metric or tool of the work",
ux design tools,u71,yes,"rule confirmed: names a method, artifact, role, metric or tool of the work",
ux designing tools,u71,yes,"rule confirmed: names a method, artifact, role, metric or tool of the work",
tools for ui ux design,u71,yes,"rule confirmed: names a method, artifact, role, metric or tool of the work",
tools for ui/ux design,u71,yes,"rule confirmed: names a method, artifact, role, metric or tool of the work",
ui ux design tools,u71,yes,"rule confirmed: names a method, artifact, role, metric or tool of the work",
ui ux designing tools,u71,yes,"rule confirmed: names a method, artifact, role, metric or tool of the work",
ui ux tools,u71,yes,"rule confirmed: names a method, artifact, role, metric or tool of the work",
ui/ux design tools,u71,yes,"rule confirmed: names a method, artifact, role, metric or tool of the work",
ui/ux designer tools,u71,yes,"rule confirmed: names a method, artifact, role, metric or tool of the work",
ui/ux tools,u71,yes,"rule confirmed: names a method, artifact, role, metric or tool of the work",
tools for ux,u71,yes,"rule confirmed: names a method, artifact, role, metric or tool of the work",
tools for ux design,u71,yes,"rule confirmed: names a method, artifact, role, metric or tool of the work",
ux tools,u71,yes,"rule confirmed: names a method, artifact, role, metric or tool of the work",
ai tools for ux design,u71,yes,"rule confirmed: names a method, artifact, role, metric or tool of the work",
best tools for ux,u71,yes,"rule confirmed: names a method, artifact, role, metric or tool of the work",
best tools for ux design,u71,yes,"rule confirmed: names a method, artifact, role, metric or tool of the work",
best ux design tools,u71,yes,"rule confirmed: names a method, artifact, role, metric or tool of the work",
best ux tools,u71,yes,"rule confirmed: names a method, artifact, role, metric or tool of the work",
product management tools,u72,yes,"rule confirmed: names a method, artifact, role, metric or tool of the work",
tools for product management,u72,yes,"rule confirmed: names a method, artifact, role, metric or tool of the work",
tools product management,u72,yes,"rule confirmed: names a method, artifact, role, metric or tool of the work",
ai tools for product management,u72,yes,"rule confirmed: names a method, artifact, role, metric or tool of the work",
product analytics tools,u72,yes,"rule confirmed: names a method, artifact, role, metric or tool of the work",
roadmap tools,u72,yes,"rule confirmed: names a method, artifact, role, metric or tool of the work",
tools for roadmap,u72,yes,"rule confirmed: names a method, artifact, role, metric or tool of the work",
product roadmap tools,u72,yes,"rule confirmed: names a method, artifact, role, metric or tool of the work",
best product management tools,u72,yes,"rule confirmed: names a method, artifact, role, metric or tool of the work",
best tools for product management,u72,yes,"rule confirmed: names a method, artifact, role, metric or tool of the work",
prototyping software tools,u73,yes,"rule confirmed: names a method, artifact, role, metric or tool of the work",
prototyping tools,u73,yes,"rule confirmed: names a method, artifact, role, metric or tool of the work",
software prototyping tools,u73,yes,"rule confirmed: names a method, artifact, role, metric or tool of the work",
tools for prototyping,u73,yes,"rule confirmed: names a method, artifact, role, metric or tool of the work",
tools of prototyping,u73,yes,"rule confirmed: names a method, artifact, role, metric or tool of the work",
ai prototyping tools,u73,yes,"rule confirmed: names a method, artifact, role, metric or tool of the work",
fast prototyping tools,u73,yes,"rule confirmed: names a method, artifact, role, metric or tool of the work",
quick prototyping tools,u73,yes,"rule confirmed: names a method, artifact, role, metric or tool of the work",
rapid prototyping tools,u73,yes,"rule confirmed: names a method, artifact, role, metric or tool of the work",
tools for rapid prototyping,u73,yes,"rule confirmed: names a method, artifact, role, metric or tool of the work",
best prototyping tools,u73,yes,"rule confirmed: names a method, artifact, role, metric or tool of the work",
best tools for prototyping,u73,yes,"rule confirmed: names a method, artifact, role, metric or tool of the work",
good prototyping tools,u73,yes,"rule confirmed: names a method, artifact, role, metric or tool of the work",
prototyping tools ui,u73,yes,"rule confirmed: names a method, artifact, role, metric or tool of the work",
prototyping ui tools,u73,yes,"rule confirmed: names a method, artifact, role, metric or tool of the work",
ui prototyping tools,u73,yes,"rule confirmed: names a method, artifact, role, metric or tool of the work",
user interface prototyping tools,u73,yes,"rule confirmed: names a method, artifact, role, metric or tool of the work",
books about design,u74,partial,rule confirmed: no field word and no other-world word,
books design,u74,partial,rule confirmed: no field word and no other-world word,
books for design,u74,partial,rule confirmed: no field word and no other-world word,
books on design,u74,partial,rule confirmed: no field word and no other-world word,
design for books,u74,no,"book design (covers and layout), the other meaning",
design in books,u74,no,"book design (covers and layout), the other meaning",
design of books,u74,no,"book design (covers and layout), the other meaning",
design books,u74,partial,rule confirmed: no field word and no other-world word,
design with books,u74,no,"book design (covers and layout), the other meaning",
best books about design,u74,partial,rule confirmed: no field word and no other-world word,
best books design,u74,partial,rule confirmed: no field word and no other-world word,
best books for design,u74,partial,rule confirmed: no field word and no other-world word,
best books on design,u74,partial,rule confirmed: no field word and no other-world word,
best design books,u74,partial,rule confirmed: no field word and no other-world word,
good design books,u74,partial,rule confirmed: no field word and no other-world word,
great books on design,u74,partial,rule confirmed: no field word and no other-world word,
books about graphic design,u75,partial,rule confirmed: no field word and no other-world word,
books for graphic design,u75,partial,rule confirmed: no field word and no other-world word,
books graphic design,u75,partial,rule confirmed: no field word and no other-world word,
books on graphic design,u75,partial,rule confirmed: no field word and no other-world word,
books on graphics design,u75,partial,rule confirmed: no field word and no other-world word,
design graphic books,u75,partial,rule confirmed: no field word and no other-world word,
graphic design and books,u75,partial,rule confirmed: no field word and no other-world word,
graphic design books,u75,partial,rule confirmed: no field word and no other-world word,
graphic design for books,u75,no,"book design (covers and layout), the other meaning",
graphic design of books,u75,no,"book design (covers and layout), the other meaning",
graphics design books,u75,partial,rule confirmed: no field word and no other-world word,
visual design books,u75,yes,"rule confirmed: names a method, artifact, role, metric or tool of the work",
best books about graphic design,u75,partial,rule confirmed: no field word and no other-world word,
best books for graphic design,u75,partial,rule confirmed: no field word and no other-world word,
best books graphic design,u75,partial,rule confirmed: no field word and no other-world word,
best books on graphic design,u75,partial,rule confirmed: no field word and no other-world word,
best design books for graphic designers,u75,partial,rule confirmed: no field word and no other-world word,
best graphic design books,u75,partial,rule confirmed: no field word and no other-world word,
best graphics design books,u75,partial,rule confirmed: no field word and no other-world word,
best visual design books,u75,yes,"rule confirmed: names a method, artifact, role, metric or tool of the work",
cool graphic design books,u75,partial,rule confirmed: no field word and no other-world word,
good graphic design books,u75,partial,rule confirmed: no field word and no other-world word,
graphic design best books,u75,partial,rule confirmed: no field word and no other-world word,
graphic design books best,u75,partial,rule confirmed: no field word and no other-world word,
great books on graphic design,u75,partial,rule confirmed: no field word and no other-world word,
great graphic design books,u75,partial,rule confirmed: no field word and no other-world word,
books about product management,u76,yes,"rule confirmed: names a method, artifact, role, metric or tool of the work",
books for product management,u76,yes,"rule confirmed: names a method, artifact, role, metric or tool of the work",
books on product management,u76,yes,"rule confirmed: names a method, artifact, role, metric or tool of the work",
books product management,u76,yes,"rule confirmed: names a method, artifact, role, metric or tool of the work",
product management books,u76,yes,"rule confirmed: names a method, artifact, role, metric or tool of the work",
best books about product management,u76,yes,"rule confirmed: names a method, artifact, role, metric or tool of the work",
best books for product management,u76,yes,"rule confirmed: names a method, artifact, role, metric or tool of the work",
best books on product management,u76,yes,"rule confirmed: names a method, artifact, role, metric or tool of the work",
best books product management,u76,yes,"rule confirmed: names a method, artifact, role, metric or tool of the work",
best product management books,u76,yes,"rule confirmed: names a method, artifact, role, metric or tool of the work",
good books on product management,u76,yes,"rule confirmed: names a method, artifact, role, metric or tool of the work",
good product management books,u76,yes,"rule confirmed: names a method, artifact, role, metric or tool of the work",
product management best books,u76,yes,"rule confirmed: names a method, artifact, role, metric or tool of the work",
top product management books,u76,yes,"rule confirmed: names a method, artifact, role, metric or tool of the work",
books about ux,u77,yes,"rule confirmed: names a method, artifact, role, metric or tool of the work",
books about ux design,u77,yes,"rule confirmed: names a method, artifact, role, metric or tool of the work",
books for ux,u77,yes,"rule confirmed: names a method, artifact, role, metric or tool of the work",
books for ux design,u77,yes,"rule confirmed: names a method, artifact, role, metric or tool of the work",
books on ux,u77,yes,"rule confirmed: names a method, artifact, role, metric or tool of the work",
books on ux design,u77,yes,"rule confirmed: names a method, artifact, role, metric or tool of the work",
user experience design books,u77,yes,"rule confirmed: names a method, artifact, role, metric or tool of the work",
ux books,u77,yes,"rule confirmed: names a method, artifact, role, metric or tool of the work",
ux design books,u77,yes,"rule confirmed: names a method, artifact, role, metric or tool of the work",
best books about ux,u77,yes,"rule confirmed: names a method, artifact, role, metric or tool of the work",
best books about ux design,u77,yes,"rule confirmed: names a method, artifact, role, metric or tool of the work",
best books for ux,u77,yes,"rule confirmed: names a method, artifact, role, metric or tool of the work",
best books for ux design,u77,yes,"rule confirmed: names a method, artifact, role, metric or tool of the work",
best books on ux,u77,yes,"rule confirmed: names a method, artifact, role, metric or tool of the work",
best books on ux design,u77,yes,"rule confirmed: names a method, artifact, role, metric or tool of the work",
best books ux design,u77,yes,"rule confirmed: names a method, artifact, role, metric or tool of the work",
best ux books,u77,yes,"rule confirmed: names a method, artifact, role, metric or tool of the work",
best ux design books,u77,yes,"rule confirmed: names a method, artifact, role, metric or tool of the work",
good ux books,u77,yes,"rule confirmed: names a method, artifact, role, metric or tool of the work",
good ux design books,u77,yes,"rule confirmed: names a method, artifact, role, metric or tool of the work",
ux best books,u77,yes,"rule confirmed: names a method, artifact, role, metric or tool of the work",
template for user story,u78,yes,"rule confirmed: names a method, artifact, role, metric or tool of the work",
template user story,u78,yes,"rule confirmed: names a method, artifact, role, metric or tool of the work",
user story template,u78,yes,"rule confirmed: names a method, artifact, role, metric or tool of the work",
user story template example,u78,yes,"rule confirmed: names a method, artifact, role, metric or tool of the work",
acceptance criteria user story template,u78,yes,"rule confirmed: names a method, artifact, role, metric or tool of the work",
agile development user story template,u78,yes,"rule confirmed: names a method, artifact, role, metric or tool of the work",
agile user story template,u78,yes,"rule confirmed: names a method, artifact, role, metric or tool of the work",
agile user story template example,u78,yes,"rule confirmed: names a method, artifact, role, metric or tool of the work",
sample user story template,u78,yes,"rule confirmed: names a method, artifact, role, metric or tool of the work",
user story agile template,u78,yes,"rule confirmed: names a method, artifact, role, metric or tool of the work",
user story template acceptance criteria,u78,yes,"rule confirmed: names a method, artifact, role, metric or tool of the work",
user story template agile,u78,yes,"rule confirmed: names a method, artifact, role, metric or tool of the work",
user story template for agile development,u78,yes,"rule confirmed: names a method, artifact, role, metric or tool of the work",
user story template in agile,u78,yes,"rule confirmed: names a method, artifact, role, metric or tool of the work",
scrum user story template,u78,yes,"rule confirmed: names a method, artifact, role, metric or tool of the work",
user story scrum template,u78,yes,"rule confirmed: names a method, artifact, role, metric or tool of the work",
user story template scrum,u78,yes,"rule confirmed: names a method, artifact, role, metric or tool of the work",
user story template word,u78,yes,"rule confirmed: names a method, artifact, role, metric or tool of the work",
user story word template,u78,yes,"rule confirmed: names a method, artifact, role, metric or tool of the work",
user story card template,u78,yes,"rule confirmed: names a method, artifact, role, metric or tool of the work",
technical user story template,u78,yes,"rule confirmed: names a method, artifact, role, metric or tool of the work",
agile user story card template,u78,yes,"rule confirmed: names a method, artifact, role, metric or tool of the work",
safe user story template,u78,yes,"rule confirmed: names a method, artifact, role, metric or tool of the work",
user story example template,u78,yes,"rule confirmed: names a method, artifact, role, metric or tool of the work",
user story template doc,u78,yes,"rule confirmed: names a method, artifact, role, metric or tool of the work",
user story template document,u78,yes,"rule confirmed: names a method, artifact, role, metric or tool of the work",
agile development user story template,u79,yes,"rule confirmed: names a method, artifact, role, metric or tool of the work",
agile user story template,u79,yes,"rule confirmed: names a method, artifact, role, metric or tool of the work",
agile user story template example,u79,yes,"rule confirmed: names a method, artifact, role, metric or tool of the work",
user story agile template,u79,yes,"rule confirmed: names a method, artifact, role, metric or tool of the work",
user story template agile,u79,yes,"rule confirmed: names a method, artifact, role, metric or tool of the work",
user story template for agile development,u79,yes,"rule confirmed: names a method, artifact, role, metric or tool of the work",
user story template in agile,u79,yes,"rule confirmed: names a method, artifact, role, metric or tool of the work",
scrum user story template,u79,yes,"rule confirmed: names a method, artifact, role, metric or tool of the work",
user story scrum template,u79,yes,"rule confirmed: names a method, artifact, role, metric or tool of the work",
user story template scrum,u79,yes,"rule confirmed: names a method, artifact, role, metric or tool of the work",
agile user story card template,u79,yes,"rule confirmed: names a method, artifact, role, metric or tool of the work",
safe user story template,u79,yes,"rule confirmed: names a method, artifact, role, metric or tool of the work",
product roadmap template,u80,yes,"rule confirmed: names a method, artifact, role, metric or tool of the work",
roadmap product template,u80,yes,"rule confirmed: names a method, artifact, role, metric or tool of the work",
sample product roadmap template,u80,yes,"rule confirmed: names a method, artifact, role, metric or tool of the work",
template for product roadmap,u80,yes,"rule confirmed: names a method, artifact, role, metric or tool of the work",
template product roadmap,u80,yes,"rule confirmed: names a method, artifact, role, metric or tool of the work",
powerpoint product roadmap template,u80,yes,"rule confirmed: names a method, artifact, role, metric or tool of the work",
powerpoint template product roadmap,u80,yes,"rule confirmed: names a method, artifact, role, metric or tool of the work",
product roadmap powerpoint template,u80,yes,"rule confirmed: names a method, artifact, role, metric or tool of the work",
product roadmap ppt template,u80,yes,"rule confirmed: names a method, artifact, role, metric or tool of the work",
product roadmap template powerpoint,u80,yes,"rule confirmed: names a method, artifact, role, metric or tool of the work",
product roadmap template ppt,u80,yes,"rule confirmed: names a method, artifact, role, metric or tool of the work",
free product roadmap template,u80,yes,"rule confirmed: names a method, artifact, role, metric or tool of the work",
product roadmap free template,u80,yes,"rule confirmed: names a method, artifact, role, metric or tool of the work",
product roadmap template free,u80,yes,"rule confirmed: names a method, artifact, role, metric or tool of the work",
calculate sample size calculator,u81,partial,rule confirmed: no field word and no other-world word,
calculating sample size calculator,u81,partial,rule confirmed: no field word and no other-world word,
calculator for sample size,u81,partial,rule confirmed: no field word and no other-world word,
calculator sample size,u81,partial,rule confirmed: no field word and no other-world word,
determine sample size calculator,u81,partial,rule confirmed: no field word and no other-world word,
determining sample size calculator,u81,partial,rule confirmed: no field word and no other-world word,
sample size calculation calculator,u81,partial,rule confirmed: no field word and no other-world word,
sample size calculator,u81,partial,rule confirmed: no field word and no other-world word,
sample size determination calculator,u81,partial,rule confirmed: no field word and no other-world word,
sample size online calculator,u81,partial,rule confirmed: no field word and no other-world word,
size sample calculator,u81,partial,rule confirmed: no field word and no other-world word,
sample size calculator formula,u81,partial,rule confirmed: no field word and no other-world word,
online calculator for sample size,u81,partial,rule confirmed: no field word and no other-world word,
online calculator sample size,u81,partial,rule confirmed: no field word and no other-world word,
online sample size calculator,u81,partial,rule confirmed: no field word and no other-world word,
power sample size calculator online,u81,partial,rule confirmed: no field word and no other-world word,
sample size calculator online,u81,partial,rule confirmed: no field word and no other-world word,
calculator sample size power,u81,partial,rule confirmed: no field word and no other-world word,
power analysis and sample size calculator,u81,partial,rule confirmed: no field word and no other-world word,
power analysis calculator sample size,u81,partial,rule confirmed: no field word and no other-world word,
power analysis for sample size calculator,u81,partial,rule confirmed: no field word and no other-world word,
power analysis sample size calculator,u81,partial,rule confirmed: no field word and no other-world word,
power and sample size calculator,u81,partial,rule confirmed: no field word and no other-world word,
power calculation sample size calculator,u81,partial,rule confirmed: no field word and no other-world word,
power calculator for sample size,u81,partial,rule confirmed: no field word and no other-world word,
power calculator sample size,u81,partial,rule confirmed: no field word and no other-world word,
power sample size calculator,u81,partial,rule confirmed: no field word and no other-world word,
sample size and power calculator,u81,partial,rule confirmed: no field word and no other-world word,
sample size calculator power,u81,partial,rule confirmed: no field word and no other-world word,
sample size calculator power analysis,u81,partial,rule confirmed: no field word and no other-world word,
power sample size calculator online,u82,partial,rule confirmed: no field word and no other-world word,
calculator sample size power,u82,partial,rule confirmed: no field word and no other-world word,
power analysis and sample size calculator,u82,partial,rule confirmed: no field word and no other-world word,
power analysis calculator sample size,u82,partial,rule confirmed: no field word and no other-world word,
power analysis for sample size calculator,u82,partial,rule confirmed: no field word and no other-world word,
power analysis sample size calculator,u82,partial,rule confirmed: no field word and no other-world word,
power and sample size calculator,u82,partial,rule confirmed: no field word and no other-world word,
power calculation sample size calculator,u82,partial,rule confirmed: no field word and no other-world word,
power calculator for sample size,u82,partial,rule confirmed: no field word and no other-world word,
power calculator sample size,u82,partial,rule confirmed: no field word and no other-world word,
power sample size calculator,u82,partial,rule confirmed: no field word and no other-world word,
sample size and power calculator,u82,partial,rule confirmed: no field word and no other-world word,
sample size calculator power,u82,partial,rule confirmed: no field word and no other-world word,
sample size calculator power analysis,u82,partial,rule confirmed: no field word and no other-world word,
sample size calculator with power,u82,partial,rule confirmed: no field word and no other-world word,
sample size power analysis calculator,u82,partial,rule confirmed: no field word and no other-world word,
sample size power calculator,u82,partial,rule confirmed: no field word and no other-world word,
sample size/power calculator,u82,partial,rule confirmed: no field word and no other-world word,
statistical power and sample size calculator,u82,partial,rule confirmed: no field word and no other-world word,
statistical power calculator sample size,u82,partial,rule confirmed: no field word and no other-world word,
statistical power sample size calculator,u82,partial,rule confirmed: no field word and no other-world word,
g power sample size calculator,u82,partial,rule confirmed: no field word and no other-world word,
g-power sample size calculator,u82,partial,rule confirmed: no field word and no other-world word,
sample size calculator g power,u82,partial,rule confirmed: no field word and no other-world word,
surveymonkey sample size calculator,u83,partial,rule confirmed: no field word and no other-world word,
raosoft sample size calculator,u83,partial,rule confirmed: no field word and no other-world word,
sample size calculator by raosoft,u83,partial,rule confirmed: no field word and no other-world word,
sample size calculator by raosoft inc,u83,partial,rule confirmed: no field word and no other-world word,
sample size calculator raosoft,u83,partial,rule confirmed: no field word and no other-world word,
qualtrics sample size calculator,u83,partial,rule confirmed: no field word and no other-world word,
sample size calculator for survey,u83,partial,rule confirmed: no field word and no other-world word,
sample size calculator for surveys,u83,partial,rule confirmed: no field word and no other-world word,
sample size calculator qualtrics,u83,partial,rule confirmed: no field word and no other-world word,
sample size calculator survey,u83,partial,rule confirmed: no field word and no other-world word,
sample size for survey calculator,u83,partial,rule confirmed: no field word and no other-world word,
survey calculator sample size,u83,partial,rule confirmed: no field word and no other-world word,
survey sample size calculator,u83,partial,rule confirmed: no field word and no other-world word,
determining sample size statistics calculator,u84,partial,rule confirmed: no field word and no other-world word,
sample size statistics calculator,u84,partial,rule confirmed: no field word and no other-world word,
statistical calculator for sample size,u84,partial,rule confirmed: no field word and no other-world word,
statistical calculator sample size,u84,partial,rule confirmed: no field word and no other-world word,
statistical sample size calculator,u84,partial,rule confirmed: no field word and no other-world word,
statistics calculator sample size,u84,partial,rule confirmed: no field word and no other-world word,
statistics sample size calculator,u84,partial,rule confirmed: no field word and no other-world word,
sample size for statistical significance calculator,u84,partial,rule confirmed: no field word and no other-world word,
sample size significance calculator,u84,partial,rule confirmed: no field word and no other-world word,
sample size statistical significance calculator,u84,partial,rule confirmed: no field word and no other-world word,
significant sample size calculator,u84,partial,rule confirmed: no field word and no other-world word,
statistical significance calculator sample size,u84,partial,rule confirmed: no field word and no other-world word,
statistically relevant sample size calculator,u84,partial,rule confirmed: no field word and no other-world word,
statistically significant sample size calculator,u84,partial,rule confirmed: no field word and no other-world word,
principles of design,u85,partial,"the art-class principles of design; useful to visual designers, mostly students",
elements of design,u85,partial,"the art-class principles of design; useful to visual designers, mostly students",
design principles,u85,yes,"rule confirmed: names a method, artifact, role, metric or tool of the work",
balance in principles of design,u85,partial,"the art-class principles of design; useful to visual designers, mostly students",
design elements,u85,yes,"rule confirmed: names a method, artifact, role, metric or tool of the work",
principles of design unity,u85,partial,"the art-class principles of design; useful to visual designers, mostly students",
what are the principles of design,u85,partial,"the art-class principles of design; useful to visual designers, mostly students",
contrast as a principle of design,u85,partial,"the art-class principles of design; useful to visual designers, mostly students",
contrast in design principles,u85,partial,"the art-class principles of design; useful to visual designers, mostly students",
contrast principles of design,u85,partial,"the art-class principles of design; useful to visual designers, mostly students",
design principles contrast,u85,partial,"the art-class principles of design; useful to visual designers, mostly students",
ai design assistant,u86,partial,rule confirmed: no field word and no other-world word,
ai powered design tools,u86,partial,rule confirmed: no field word and no other-world word,
ai-powered design tools,u86,partial,rule confirmed: no field word and no other-world word,
ai governance framework,u86,partial,rule confirmed: no field word and no other-world word,
ai for product management,u86,yes,"rule confirmed: names a method, artifact, role, metric or tool of the work",
ai for product managers,u86,yes,"rule confirmed: names a method, artifact, role, metric or tool of the work",
ai product manager,u86,yes,"rule confirmed: names a method, artifact, role, metric or tool of the work",
product manager ai,u86,yes,"rule confirmed: names a method, artifact, role, metric or tool of the work",
ai design tools,u86,partial,rule confirmed: no field word and no other-world word,
ai in graphic design,u86,partial,rule confirmed: no field word and no other-world word,
ai roadmap,u86,yes,"rule confirmed: names a method, artifact, role, metric or tool of the work",
what purpose do fairness measures serve in ai product development,u86,yes,"rule confirmed: names a method, artifact, role, metric or tool of the work",
agent ui,u86,yes,"rule confirmed: names a method, artifact, role, metric or tool of the work",
ai in design,u86,partial,rule confirmed: no field word and no other-world word,
ai tool for product managers,u86,yes,"rule confirmed: names a method, artifact, role, metric or tool of the work",
ai tools for graphic design,u86,partial,rule confirmed: no field word and no other-world word,
ai tools for graphics design,u86,partial,rule confirmed: no field word and no other-world word,
ai tools for product managers,u86,yes,"rule confirmed: names a method, artifact, role, metric or tool of the work",
ai web design tools,u86,yes,"rule confirmed: names a method, artifact, role, metric or tool of the work",
ai website design tools,u86,yes,"rule confirmed: names a method, artifact, role, metric or tool of the work",
best ai design tools,u86,partial,rule confirmed: no field word and no other-world word,
ai product development,u86,yes,"rule confirmed: names a method, artifact, role, metric or tool of the work",
ai prototyping,u86,yes,"rule confirmed: names a method, artifact, role, metric or tool of the work",
ai prototyping tool,u86,yes,"rule confirmed: names a method, artifact, role, metric or tool of the work",
ai prototyping tools,u86,yes,"rule confirmed: names a method, artifact, role, metric or tool of the work",
ai and ux design,u86,yes,"rule confirmed: names a method, artifact, role, metric or tool of the work",
ai graphic design tools,u86,partial,rule confirmed: no field word and no other-world word,
ai tools for web design,u86,yes,"rule confirmed: names a method, artifact, role, metric or tool of the work",
ai tools for website design,u86,yes,"rule confirmed: names a method, artifact, role, metric or tool of the work",
ai ux design,u86,yes,"rule confirmed: names a method, artifact, role, metric or tool of the work",
ai design assistant,u87,partial,rule confirmed: no field word and no other-world word,
ai powered design tools,u87,partial,rule confirmed: no field word and no other-world word,
ai-powered design tools,u87,partial,rule confirmed: no field word and no other-world word,
ai design tools,u87,partial,rule confirmed: no field word and no other-world word,
ai in graphic design,u87,partial,rule confirmed: no field word and no other-world word,
ai tools for graphic design,u87,partial,rule confirmed: no field word and no other-world word,
ai tools for graphics design,u87,partial,rule confirmed: no field word and no other-world word,
ai web design tools,u87,yes,"rule confirmed: names a method, artifact, role, metric or tool of the work",
ai website design tools,u87,yes,"rule confirmed: names a method, artifact, role, metric or tool of the work",
best ai design tools,u87,partial,rule confirmed: no field word and no other-world word,
ai prototyping,u87,yes,"rule confirmed: names a method, artifact, role, metric or tool of the work",
ai prototyping tool,u87,yes,"rule confirmed: names a method, artifact, role, metric or tool of the work",
ai prototyping tools,u87,yes,"rule confirmed: names a method, artifact, role, metric or tool of the work",
ai graphic design tools,u87,partial,rule confirmed: no field word and no other-world word,
ai tools for web design,u87,yes,"rule confirmed: names a method, artifact, role, metric or tool of the work",
ai tools for website design,u87,yes,"rule confirmed: names a method, artifact, role, metric or tool of the work",
best ai tools for graphic design,u87,partial,rule confirmed: no field word and no other-world word,
design ai tools,u87,partial,rule confirmed: no field word and no other-world word,
free ai design tools,u87,partial,rule confirmed: no field word and no other-world word,
ai tools for design,u87,partial,rule confirmed: no field word and no other-world word,
best ai tools for web design,u87,yes,"rule confirmed: names a method, artifact, role, metric or tool of the work",
best ai tools for website design,u87,yes,"rule confirmed: names a method, artifact, role, metric or tool of the work",
graphic design ai tools,u87,partial,rule confirmed: no field word and no other-world word,
graphics design ai tools,u87,partial,rule confirmed: no field word and no other-world word,
ai tool for ux design,u87,yes,"rule confirmed: names a method, artifact, role, metric or tool of the work",
ai tools for ux design,u87,yes,"rule confirmed: names a method, artifact, role, metric or tool of the work",
best ai tools for design,u87,partial,rule confirmed: no field word and no other-world word,
ai governance framework,u88,partial,rule confirmed: no field word and no other-world word,
ai for product management,u88,yes,"rule confirmed: names a method, artifact, role, metric or tool of the work",
ai for product managers,u88,yes,"rule confirmed: names a method, artifact, role, metric or tool of the work",
ai product manager,u88,yes,"rule confirmed: names a method, artifact, role, metric or tool of the work",
product manager ai,u88,yes,"rule confirmed: names a method, artifact, role, metric or tool of the work",
ai roadmap,u88,yes,"rule confirmed: names a method, artifact, role, metric or tool of the work",
what purpose do fairness measures serve in ai product development,u88,yes,"rule confirmed: names a method, artifact, role, metric or tool of the work",
agent ui,u88,yes,"rule confirmed: names a method, artifact, role, metric or tool of the work",
ai in design,u88,partial,rule confirmed: no field word and no other-world word,
ai tool for product managers,u88,yes,"rule confirmed: names a method, artifact, role, metric or tool of the work",
ai tools for product managers,u88,yes,"rule confirmed: names a method, artifact, role, metric or tool of the work",
ai product development,u88,yes,"rule confirmed: names a method, artifact, role, metric or tool of the work",
ai and ux design,u88,yes,"rule confirmed: names a method, artifact, role, metric or tool of the work",
ai ux design,u88,yes,"rule confirmed: names a method, artifact, role, metric or tool of the work",
agent chat ui,u88,yes,"rule confirmed: names a method, artifact, role, metric or tool of the work",
ai product requirements document,u88,yes,"rule confirmed: names a method, artifact, role, metric or tool of the work",
ai agents for product managers,u88,yes,"rule confirmed: names a method, artifact, role, metric or tool of the work",
best ai tool for product managers,u88,yes,"rule confirmed: names a method, artifact, role, metric or tool of the work",
best ai tools for product managers,u88,yes,"rule confirmed: names a method, artifact, role, metric or tool of the work",
roadmap ai,u88,yes,"rule confirmed: names a method, artifact, role, metric or tool of the work",
ai for ux design,u88,yes,"rule confirmed: names a method, artifact, role, metric or tool of the work",
product requirements document ai,u88,yes,"rule confirmed: names a method, artifact, role, metric or tool of the work",
ux design ai,u88,yes,"rule confirmed: names a method, artifact, role, metric or tool of the work",
what is an ai product manager,u88,yes,"rule confirmed: names a method, artifact, role, metric or tool of the work",
market research analyst,u89,partial,a job title,career
online market research platform,u89,yes,"rule confirmed: names a method, artifact, role, metric or tool of the work",
online market research platforms,u89,yes,"rule confirmed: names a method, artifact, role, metric or tool of the work",
market research for starting a business,u89,no,generic small-business startup advice,
market research and marketing,u89,yes,"rule confirmed: names a method, artifact, role, metric or tool of the work",
market research and marketing research,u89,yes,"rule confirmed: names a method, artifact, role, metric or tool of the work",
market research for marketing,u89,yes,"rule confirmed: names a method, artifact, role, metric or tool of the work",
market research in marketing,u89,yes,"rule confirmed: names a method, artifact, role, metric or tool of the work",
market research marketing,u89,yes,"rule confirmed: names a method, artifact, role, metric or tool of the work",
market research marketing research,u89,yes,"rule confirmed: names a method, artifact, role, metric or tool of the work",
marketing and market research,u89,yes,"rule confirmed: names a method, artifact, role, metric or tool of the work",
marketing market research,u89,yes,"rule confirmed: names a method, artifact, role, metric or tool of the work",
marketing research,u89,yes,"marketing research, a business practice",
marketing research and market research,u89,yes,"rule confirmed: names a method, artifact, role, metric or tool of the work",
marketing research market research,u89,yes,"rule confirmed: names a method, artifact, role, metric or tool of the work",
market research for small business,u89,no,rule confirmed: generic small business,
perfect competitive market graph,u89,no,an economics class diagram,
customer insights,u89,yes,"rule confirmed: names a method, artifact, role, metric or tool of the work",
competitive benchmarking,u89,partial,rule confirmed: no field word and no other-world word,
competitive edge research,u89,partial,rule confirmed: no field word and no other-world word,
customer experience,u90,yes,"rule confirmed: names a method, artifact, role, metric or tool of the work",
customer satisfaction index meaning,u90,yes,"rule confirmed: names a method, artifact, role, metric or tool of the work",
customer centric,u90,yes,"rule confirmed: names a method, artifact, role, metric or tool of the work",
voice of the customer,u90,yes,"rule confirmed: names a method, artifact, role, metric or tool of the work",
customer centric meaning,u90,yes,"rule confirmed: names a method, artifact, role, metric or tool of the work",
customer experience software,u90,yes,"rule confirmed: names a method, artifact, role, metric or tool of the work",
customer advocacy,u90,yes,"rule confirmed: names a method, artifact, role, metric or tool of the work",
customer experience platforms,u90,yes,"rule confirmed: names a method, artifact, role, metric or tool of the work",
customer experience questions,u90,yes,"rule confirmed: names a method, artifact, role, metric or tool of the work",
customer focus,u90,yes,"rule confirmed: names a method, artifact, role, metric or tool of the work",
voice of customer,u90,yes,"rule confirmed: names a method, artifact, role, metric or tool of the work",
customer obsession,u90,yes,"rule confirmed: names a method, artifact, role, metric or tool of the work",
content strategy,u91,partial,"mostly marketing content strategy, some UX content strategy",
ux writing,u91,yes,"rule confirmed: names a method, artifact, role, metric or tool of the work",
what is ux writing,u91,yes,"rule confirmed: names a method, artifact, role, metric or tool of the work",
ux writing portfolio,u91,yes,"rule confirmed: names a method, artifact, role, metric or tool of the work",
ux writing portfolios,u91,yes,"rule confirmed: names a method, artifact, role, metric or tool of the work",
good ux writing,u91,yes,"rule confirmed: names a method, artifact, role, metric or tool of the work",
ux writing sample,u91,yes,"rule confirmed: names a method, artifact, role, metric or tool of the work",
ux writing samples,u91,yes,"rule confirmed: names a method, artifact, role, metric or tool of the work",
ux writing example,u91,yes,"rule confirmed: names a method, artifact, role, metric or tool of the work",
ux writing examples,u91,yes,"rule confirmed: names a method, artifact, role, metric or tool of the work",
ux writing hub,u91,yes,"rule confirmed: names a method, artifact, role, metric or tool of the work",
