keyword,seeds,domains,volume,cpc,competition,difficulty,intent,monthly_12,slope_12m,seasonal,flag
agile agile,agile,product,135000,6.66,0.13,44,informational,27100;40500;22200;110000;18100;550000;673000;14800;9900;14800;12100;8100,0.39,yes,
agile agile software,agile,product,135000,6.66,0.13,44,commercial,27100;40500;22200;110000;18100;550000;673000;14800;9900;14800;12100;8100,0.39,yes,
agile approach,agile,product,135000,6.66,0.13,47,informational,27100;40500;22200;110000;18100;550000;673000;14800;9900;14800;12100;8100,0.39,yes,
agile approaches,agile,product,135000,6.66,0.13,44,informational,27100;40500;22200;110000;18100;550000;673000;14800;9900;14800;12100;8100,0.39,yes,
agile computing,agile,product,135000,6.66,0.13,44,informational,27100;40500;22200;110000;18100;550000;673000;14800;9900;14800;12100;8100,0.39,yes,
agile implementation,agile,product,135000,6.66,0.13,27,informational,27100;40500;22200;110000;18100;550000;673000;14800;9900;14800;12100;8100,0.39,yes,
agile implementations,agile,product,135000,6.66,0.13,44,informational,27100;40500;22200;110000;18100;550000;673000;14800;9900;14800;12100;8100,0.39,yes,
agile methodologies,agile,product,135000,6.66,0.13,31,informational,27100;40500;22200;110000;18100;550000;673000;14800;9900;14800;12100;8100,0.39,yes,
agile methodology,agile,product,135000,6.66,0.13,44,informational,27100;40500;22200;110000;18100;550000;673000;14800;9900;14800;12100;8100,0.39,yes,
agile process methodology,agile,product,135000,6.66,0.13,44,informational,27100;40500;22200;110000;18100;550000;673000;14800;9900;14800;12100;8100,0.39,yes,
agile project development,agile,product,135000,6.66,0.13,44,informational,27100;40500;22200;110000;18100;550000;673000;14800;9900;14800;12100;8100,0.39,yes,
agile software development methodology,agile,product,135000,6.66,0.13,44,informational,27100;40500;22200;110000;18100;550000;673000;14800;9900;14800;12100;8100,0.39,yes,
agile system development,agile,product,135000,6.66,0.13,44,informational,27100;40500;22200;110000;18100;550000;673000;14800;9900;14800;12100;8100,0.39,yes,
agile systems development,agile,product,135000,6.66,0.13,27,informational,27100;40500;22200;110000;18100;550000;673000;14800;9900;14800;12100;8100,0.39,yes,
agile technique,agile,product,135000,6.66,0.13,44,informational,27100;40500;22200;110000;18100;550000;673000;14800;9900;14800;12100;8100,0.39,yes,
agile techniques,agile,product,135000,6.66,0.13,56,informational,27100;40500;22200;110000;18100;550000;673000;14800;9900;14800;12100;8100,0.39,yes,
define agile methods,agile,product,135000,6.66,0.13,44,informational,27100;40500;22200;110000;18100;550000;673000;14800;9900;14800;12100;8100,0.39,yes,
method agile,agile,product,135000,6.66,0.13,44,informational,27100;40500;22200;110000;18100;550000;673000;14800;9900;14800;12100;8100,0.39,yes,
methodologies agile,agile,product,135000,6.66,0.13,44,informational,27100;40500;22200;110000;18100;550000;673000;14800;9900;14800;12100;8100,0.39,yes,
software agile development,agile,product,135000,6.66,0.13,44,informational,27100;40500;22200;110000;18100;550000;673000;14800;9900;14800;12100;8100,0.39,yes,
student accessibility services,accessibility,design,135000,4.22,0.22,49,navigational,135000;135000;135000;110000;135000;165000;135000;110000;165000;135000;110000;135000,0.94,no,
accessibility,accessibility,design,110000,12.78,0.06,100,informational,110000;110000;90500;90500;110000;110000;165000;110000;90500;74000;74000;90500,0.77,yes,
accessibility accessibility,accessibility,design,110000,12.78,0.06,35,informational,110000;110000;90500;90500;110000;110000;165000;110000;90500;74000;74000;90500,0.77,yes,
electronic accessibility,accessibility,design,74000,19.55,0,27,informational,74000;74000;74000;90500;74000;74000;74000;74000;74000;74000;74000;74000,1.00,no,
prioritization,prioritization,product,74000,,0,13,informational,74000;74000;60500;60500;74000;74000;74000;74000;60500;60500;49500;60500,0.82,no,
accessibility microsoft,accessibility,design,60500,23.88,0.06,30,navigational,60500;74000;74000;49500;60500;60500;60500;60500;49500;49500;49500;60500,0.76,no,brand
agile,agile,product,49500,13.39,0.03,58,informational,60500;60500;49500;49500;49500;49500;49500;49500;40500;40500;40500;40500,0.71,no,
outlook accessibility,accessibility,design,49500,0.82,0,90,navigational,49500;49500;40500;40500;49500;49500;49500;49500;49500;49500;49500;60500,1.14,no,
software development agile,agile,product,49500,13.39,0.03,58,informational,60500;60500;49500;49500;49500;49500;49500;49500;40500;40500;40500;40500,0.71,no,
user interviews,user interviews,design,49500,6.96,0.18,27,informational,33100;40500;49500;40500;40500;40500;49500;49500;60500;60500;60500;60500,1.47,no,
accessibility def,accessibility,design,33100,11.83,0.01,23,informational,40500;40500;33100;27100;33100;33100;33100;33100;27100;27100;22200;27100,0.67,no,
accessibility definition,accessibility,design,33100,11.83,0.01,26,informational,40500;40500;33100;27100;33100;33100;33100;33100;27100;27100;22200;27100,0.67,no,
beach accessibility,accessibility,design,33100,0.53,0.03,8,informational,22200;22200;18100;18100;22200;22200;40500;40500;40500;49500;49500;40500,2.23,yes,
define accessibility,accessibility,design,33100,11.83,0.01,27,informational,40500;40500;33100;27100;33100;33100;33100;33100;27100;27100;22200;27100,0.67,no,
okr,okr,business,33100,3.79,0.09,49,informational,40500;40500;33100;33100;49500;40500;40500;33100;27100;27100;27100;27100,0.71,no,
accessibility heuristic,accessibility,design,27100,19.7,0,14,informational,27100;33100;33100;33100;22200;27100;27100;27100;33100;14800;9900;12100,0.39,yes,
accessibility heuristics,accessibility,design,27100,19.7,0,14,informational,27100;33100;33100;33100;22200;27100;27100;27100;33100;14800;9900;12100,0.39,yes,
another word for prioritization,prioritization,product,27100,0.08,0,0,informational,33100;33100;33100;27100;27100;33100;33100;33100;22200;12100;9900;12100,0.34,yes,
associate product management,product management,product,27100,0.91,0.48,59,navigational,33100;33100;27100;27100;27100;33100;33100;33100;27100;27100;27100;33100,0.94,no,
system design life cycle,design system,design,27100,31.58,0.11,43,informational,33100;33100;27100;22200;27100;33100;33100;33100;27100;27100;22200;27100,0.82,no,
cadence design system,design system,design,22200,0.93,0.04,43,informational,27100;22200;27100;14800;22200;27100;22200;22200;27100;27100;22200;18100,0.88,no,
cadence system design,design system,design,22200,0.93,0.04,43,informational,27100;22200;27100;14800;22200;27100;22200;22200;27100;27100;22200;18100,0.88,no,
instructional system design,design system,design,22200,6.7,0.02,66,informational,27100;22200;18100;18100;22200;22200;22200;22200;18100;14800;14800;22200,0.77,no,
public accessibility,accessibility,design,22200,2.21,0,58,informational,18100;18100;14800;18100;18100;18100;22200;22200;22200;27100;33100;27100,1.71,yes,
accessibility wisconsin,accessibility,design,18100,6.23,0,7,informational,22200;27100;22200;18100;22200;18100;18100;18100;18100;22200;18100;18100,0.82,no,
agile defined,agile,product,18100,7.75,0,39,informational,22200;27100;18100;22200;18100;18100;18100;14800;14800;12100;12100;12100,0.54,yes,
agile definition,agile,product,18100,7.75,0,39,informational,22200;27100;18100;22200;18100;18100;18100;14800;14800;12100;12100;12100,0.54,yes,
agile definitions,agile,product,18100,7.75,0,39,informational,22200;27100;18100;22200;18100;18100;18100;14800;14800;12100;12100;12100,0.54,yes,
definition for agile,agile,product,18100,7.75,0,39,informational,22200;27100;18100;22200;18100;18100;18100;14800;14800;12100;12100;12100,0.54,yes,
design & thinking,design thinking,offmap,18100,5.6,0.15,58,informational,110000;18100;9900;8100;9900;9900;9900;9900;8100;6600;6600;8100,0.15,yes,
design and design thinking,design thinking,offmap,18100,5.6,0.15,57,informational,110000;18100;9900;8100;9900;9900;9900;9900;8100;6600;6600;8100,0.15,yes,
design design thinking,design thinking,offmap,18100,5.6,0.15,58,informational,110000;18100;9900;8100;9900;9900;9900;9900;8100;6600;6600;8100,0.15,yes,
design for thinking,design thinking,offmap,18100,5.6,0.15,58,informational,110000;18100;9900;8100;9900;9900;9900;9900;8100;6600;6600;8100,0.15,yes,
design of thinking,design thinking,offmap,18100,5.6,0.15,58,informational,110000;18100;9900;8100;9900;9900;9900;9900;8100;6600;6600;8100,0.15,yes,
design thinking,design thinking,offmap,18100,5.6,0.15,58,informational,110000;18100;9900;8100;9900;9900;9900;9900;8100;6600;6600;8100,0.15,yes,
design thinking and,design thinking,offmap,18100,5.6,0.15,58,informational,110000;18100;9900;8100;9900;9900;9900;9900;8100;6600;6600;8100,0.15,yes,
design thinking design,design thinking,offmap,18100,5.6,0.15,58,informational,110000;18100;9900;8100;9900;9900;9900;9900;8100;6600;6600;8100,0.15,yes,
product requirements document,product requirements,product,18100,5.55,0.02,36,informational,18100;18100;14800;14800;18100;18100;22200;22200;18100;18100;18100;14800,1.00,no,
synonym accessibility,accessibility,design,18100,,0,0,informational,22200;22200;22200;14800;18100;22200;22200;22200;14800;9900;8100;9900,0.42,yes,
synonym for accessibility,accessibility,design,18100,,0,0,informational,22200;22200;22200;14800;18100;22200;22200;22200;14800;9900;8100;9900,0.42,yes,
synonyms for accessibility,accessibility,design,18100,,0,0,informational,22200;22200;22200;14800;18100;22200;22200;22200;14800;9900;8100;9900,0.42,yes,
thinking about design,design thinking,offmap,18100,5.6,0.15,58,informational,110000;18100;9900;8100;9900;9900;9900;9900;8100;6600;6600;8100,0.15,yes,
google map journey planner,journey map,design,14800,4.48,0.06,43,navigational,27100;22200;22200;18100;12100;12100;12100;9900;12100;22200;14800;12100,0.69,yes,brand
journey planner google map,journey map,design,14800,4.48,0.06,43,navigational,27100;22200;22200;18100;12100;12100;12100;9900;12100;22200;14800;12100,0.69,yes,brand
map journey planner google maps,journey map,design,14800,4.48,0.06,43,navigational,27100;22200;22200;18100;12100;12100;12100;9900;12100;22200;14800;12100,0.69,yes,brand
nintendo switch accessibility,accessibility,design,14800,0.31,0.98,7,informational,18100;6600;40500;60500;9900;6600;8100;6600;9900;5400;5400;5400,0.25,yes,
tesla accessibility,accessibility,design,14800,1.46,1,17,navigational,14800;12100;14800;18100;9900;9900;12100;14800;18100;18100;14800;18100,1.22,no,
a & b testing,a/b testing,business,12100,25.79,0.2,55,informational,14800;14800;12100;9900;12100;12100;12100;12100;9900;9900;8100;8100,0.63,no,
a / b testing,a/b testing,business,12100,25.71,0.17,48,informational,90500;12100;6600;5400;6600;6600;6600;6600;5400;5400;4400;4400,0.13,yes,
a b split testing,a/b testing,business,12100,25.71,0.17,48,informational,90500;12100;6600;5400;6600;6600;6600;6600;5400;5400;4400;4400,0.13,yes,
a b testing,a/b testing,business,12100,25.71,0.17,60,informational,90500;12100;6600;5400;6600;6600;6600;6600;5400;5400;4400;4400,0.13,yes,
a to b testing,a/b testing,business,12100,25.79,0.2,55,informational,14800;14800;12100;9900;12100;12100;12100;12100;9900;9900;8100;8100,0.63,no,
a-b testing,a/b testing,business,12100,25.71,0.17,48,informational,90500;12100;6600;5400;6600;6600;6600;6600;5400;5400;4400;4400,0.13,yes,
a/b split testing,a/b testing,business,12100,25.71,0.17,48,informational,90500;12100;6600;5400;6600;6600;6600;6600;5400;5400;4400;4400,0.13,yes,
a/b testing,a/b testing,business,12100,25.71,0.17,48,informational,90500;12100;6600;5400;6600;6600;6600;6600;5400;5400;4400;4400,0.13,yes,
accessibility transport,accessibility,design,12100,5.53,0.06,32,informational,14800;14800;12100;12100;12100;12100;14800;14800;12100;12100;14800;14800,1.00,no,
accessibility transportation,accessibility,design,12100,5.53,0.06,32,informational,14800;14800;12100;12100;12100;12100;14800;14800;12100;12100;14800;14800,1.00,no,
agile meaning,agile,product,12100,,0,46,informational,14800;14800;12100;12100;12100;12100;14800;12100;12100;12100;12100;14800,0.94,no,
journey of lewis and clark map,journey map,design,12100,0.4,0.56,3,informational,9900;9900;12100;12100;18100;18100;18100;12100;9900;6600;5400;6600,0.58,yes,
lewis and clark journey map,journey map,design,12100,0.4,0.56,3,informational,9900;9900;12100;12100;18100;18100;18100;12100;9900;6600;5400;6600,0.58,yes,
map of lewis and clark journey,journey map,design,12100,0.4,0.56,4,informational,9900;9900;12100;12100;18100;18100;18100;12100;9900;6600;5400;6600,0.58,yes,
meaning agile,agile,product,12100,,0,46,informational,14800;14800;12100;12100;12100;12100;14800;12100;12100;12100;12100;14800,0.94,no,
meaning for agile,agile,product,12100,,0,45,informational,14800;14800;12100;12100;12100;12100;14800;12100;12100;12100;12100;14800,0.94,no,
meaning of okr,okr,business,12100,0.64,0.07,57,informational,12100;12100;9900;12100;18100;14800;14800;12100;9900;9900;9900;8100,0.82,yes,
okr meaning,okr,business,12100,0.64,0.07,57,informational,12100;12100;9900;12100;18100;14800;14800;12100;9900;9900;9900;8100,0.82,yes,
okr means,okr,business,12100,0.64,0.07,57,informational,12100;12100;9900;12100;18100;14800;14800;12100;9900;9900;9900;8100,0.82,yes,
accessibility healthcare,accessibility,design,9900,6.85,0.3,65,informational,9900;12100;9900;9900;12100;9900;9900;9900;9900;9900;9900;12100,1.00,no,
accessibility indiana,accessibility,design,9900,,0,29,navigational,9900;12100;9900;8100;9900;8100;9900;9900;9900;9900;9900;9900,0.93,no,
agile and project management,agile,product,9900,9.24,0.1,26,informational,12100;9900;9900;6600;9900;12100;9900;6600;6600;6600;6600;22200,1.11,yes,
agile development and project management,agile,product,9900,9.24,0.1,47,informational,12100;9900;9900;6600;9900;12100;9900;6600;6600;6600;6600;22200,1.11,yes,
agile development management,agile,product,9900,9.24,0.1,47,informational,12100;9900;9900;6600;9900;12100;9900;6600;6600;6600;6600;22200,1.11,yes,
agile development project management,agile,product,9900,9.24,0.1,47,informational,12100;9900;9900;6600;9900;12100;9900;6600;6600;6600;6600;22200,1.11,yes,
agile for management,agile,product,9900,9.24,0.1,47,informational,12100;9900;9900;6600;9900;12100;9900;6600;6600;6600;6600;22200,1.11,yes,
agile for managers,agile,product,9900,9.24,0.1,47,informational,12100;9900;9900;6600;9900;12100;9900;6600;6600;6600;6600;22200,1.11,yes,
agile for project management,agile,product,9900,9.24,0.1,45,informational,12100;9900;9900;6600;9900;12100;9900;6600;6600;6600;6600;22200,1.11,yes,
agile for project managers,agile,product,9900,9.24,0.1,47,informational,12100;9900;9900;6600;9900;12100;9900;6600;6600;6600;6600;22200,1.11,yes,
agile in management,agile,product,9900,9.24,0.1,46,informational,12100;9900;9900;6600;9900;12100;9900;6600;6600;6600;6600;22200,1.11,yes,
agile in project management,agile,product,9900,9.24,0.1,47,informational,12100;9900;9900;6600;9900;12100;9900;6600;6600;6600;6600;22200,1.11,yes,
agile it project management,agile,product,9900,9.24,0.1,47,informational,12100;9900;9900;6600;9900;12100;9900;6600;6600;6600;6600;22200,1.11,yes,
agile management project,agile,product,9900,9.24,0.1,47,informational,12100;9900;9900;6600;9900;12100;9900;6600;6600;6600;6600;22200,1.11,yes,
agile method project management,agile,product,9900,9.24,0.1,47,informational,12100;9900;9900;6600;9900;12100;9900;6600;6600;6600;6600;22200,1.11,yes,
agile methodologies in project management,agile,product,9900,9.24,0.1,47,informational,12100;9900;9900;6600;9900;12100;9900;6600;6600;6600;6600;22200,1.11,yes,
agile methodologies project management,agile,product,9900,9.24,0.1,47,informational,12100;9900;9900;6600;9900;12100;9900;6600;6600;6600;6600;22200,1.11,yes,
agile methodology for project management,agile,product,9900,9.24,0.1,47,informational,12100;9900;9900;6600;9900;12100;9900;6600;6600;6600;6600;22200,1.11,yes,
agile methodology in project management,agile,product,9900,9.24,0.1,47,informational,12100;9900;9900;6600;9900;12100;9900;6600;6600;6600;6600;22200,1.11,yes,
agile methodology management,agile,product,9900,9.24,0.1,47,informational,12100;9900;9900;6600;9900;12100;9900;6600;6600;6600;6600;22200,1.11,yes,
agile methodology of project management,agile,product,9900,9.24,0.1,47,informational,12100;9900;9900;6600;9900;12100;9900;6600;6600;6600;6600;22200,1.11,yes,
agile methodology project management,agile,product,9900,9.24,0.1,44,informational,12100;9900;9900;6600;9900;12100;9900;6600;6600;6600;6600;22200,1.11,yes,
agile methods project management,agile,product,9900,9.24,0.1,47,informational,12100;9900;9900;6600;9900;12100;9900;6600;6600;6600;6600;22200,1.11,yes,
agile project management,agile,product,9900,9.24,0.1,47,informational,12100;9900;9900;6600;9900;12100;9900;6600;6600;6600;6600;22200,1.11,yes,
agile project manager,agile,product,9900,9.24,0.1,22,informational,12100;9900;9900;6600;9900;12100;9900;6600;6600;6600;6600;22200,1.11,yes,
agile project managers,agile,product,9900,9.24,0.1,47,informational,12100;9900;9900;6600;9900;12100;9900;6600;6600;6600;6600;22200,1.11,yes,
agile project methodology,agile,product,9900,9.24,0.1,44,informational,12100;9900;9900;6600;9900;12100;9900;6600;6600;6600;6600;22200,1.11,yes,
agile software development project management,agile,product,9900,9.24,0.1,47,informational,12100;9900;9900;6600;9900;12100;9900;6600;6600;6600;6600;22200,1.11,yes,
agile software project management,agile,product,9900,9.24,0.1,47,informational,12100;9900;9900;6600;9900;12100;9900;6600;6600;6600;6600;22200,1.11,yes,
job product management,product management,product,9900,2.59,0.1,0,informational,12100;12100;9900;8100;12100;9900;12100;9900;9900;9900;9900;8100,0.82,no,jobs
jobs in product management,product management,product,9900,2.59,0.1,0,informational,12100;12100;9900;8100;12100;9900;12100;9900;9900;9900;9900;8100,0.82,no,jobs
jobs product management,product management,product,9900,2.59,0.1,0,informational,12100;12100;9900;8100;12100;9900;12100;9900;9900;9900;9900;8100,0.82,no,jobs
manage agile project,agile,product,9900,9.24,0.1,47,informational,12100;9900;9900;6600;9900;12100;9900;6600;6600;6600;6600;22200,1.11,yes,
manage agile projects,agile,product,9900,9.24,0.1,47,informational,12100;9900;9900;6600;9900;12100;9900;6600;6600;6600;6600;22200,1.11,yes,
manage with agile,agile,product,9900,9.24,0.1,47,informational,12100;9900;9900;6600;9900;12100;9900;6600;6600;6600;6600;22200,1.11,yes,
managing agile projects,agile,product,9900,9.24,0.1,47,informational,12100;9900;9900;6600;9900;12100;9900;6600;6600;6600;6600;22200,1.11,yes,
metro accessibility,accessibility,design,9900,4.13,0,40,informational,12100;9900;9900;9900;9900;9900;12100;12100;12100;9900;12100;12100,1.07,no,
product management vacancy,product management,product,9900,2.59,0.1,0,navigational,12100;12100;9900;8100;12100;9900;12100;9900;9900;9900;9900;8100,0.82,no,
project agile management,agile,product,9900,9.24,0.1,47,informational,12100;9900;9900;6600;9900;12100;9900;6600;6600;6600;6600;22200,1.11,yes,
project management agile development,agile,product,9900,9.24,0.1,46,informational,12100;9900;9900;6600;9900;12100;9900;6600;6600;6600;6600;22200,1.11,yes,
project management agile methodology,agile,product,9900,9.24,0.1,47,informational,12100;9900;9900;6600;9900;12100;9900;6600;6600;6600;6600;22200,1.11,yes,
project management agile software,agile,product,9900,9.24,0.1,26,commercial,12100;9900;9900;6600;9900;12100;9900;6600;6600;6600;6600;22200,1.11,yes,
project management and agile,agile,product,9900,9.24,0.1,36,informational,12100;9900;9900;6600;9900;12100;9900;6600;6600;6600;6600;22200,1.11,yes,
project management and agile methodology,agile,product,9900,9.24,0.1,47,informational,12100;9900;9900;6600;9900;12100;9900;6600;6600;6600;6600;22200,1.11,yes,
project management for agile,agile,product,9900,9.24,0.1,47,informational,12100;9900;9900;6600;9900;12100;9900;6600;6600;6600;6600;22200,1.11,yes,
project management in agile,agile,product,9900,9.24,0.1,47,informational,12100;9900;9900;6600;9900;12100;9900;6600;6600;6600;6600;22200,1.11,yes,
project management in agile methodology,agile,product,9900,9.24,0.1,47,informational,12100;9900;9900;6600;9900;12100;9900;6600;6600;6600;6600;22200,1.11,yes,
project management with agile,agile,product,9900,9.24,0.1,47,informational,12100;9900;9900;6600;9900;12100;9900;6600;6600;6600;6600;22200,1.11,yes,
project manager agile development,agile,product,9900,9.24,0.1,47,informational,12100;9900;9900;6600;9900;12100;9900;6600;6600;6600;6600;22200,1.11,yes,
project methodology agile,agile,product,9900,9.24,0.1,47,informational,12100;9900;9900;6600;9900;12100;9900;6600;6600;6600;6600;22200,1.11,yes,
united accessibility,accessibility,design,9900,5.11,0.21,5,navigational,9900;9900;8100;8100;9900;9900;12100;12100;12100;12100;12100;12100,1.30,no,
accessibility 508,accessibility,design,8100,9.34,0.23,62,informational,8100;8100;6600;6600;8100;8100;9900;9900;6600;6600;8100;8100,1.00,no,
accessibility 508 compliance,accessibility,design,8100,9.34,0.23,62,informational,8100;8100;6600;6600;8100;8100;9900;9900;6600;6600;8100;8100,1.00,no,
accessibility control,accessibility,design,8100,18.27,0.35,45,informational,9900;8100;6600;8100;8100;8100;8100;6600;6600;5400;5400;6600,0.71,no,
accessibility controller,accessibility,design,8100,18.27,0.35,45,informational,9900;8100;6600;8100;8100;8100;8100;6600;6600;5400;5400;6600,0.71,no,
accessibility controllers,accessibility,design,8100,18.27,0.35,45,informational,9900;8100;6600;8100;8100;8100;8100;6600;6600;5400;5400;6600,0.71,no,
accessibility controls,accessibility,design,8100,18.27,0.35,45,informational,9900;8100;6600;8100;8100;8100;8100;6600;6600;5400;5400;6600,0.71,no,
accessibility meaning,accessibility,design,8100,12.3,0,27,informational,8100;9900;6600;6600;9900;12100;9900;9900;8100;6600;6600;8100,0.87,no,
accessibility remote,accessibility,design,8100,15.27,0.24,41,informational,8100;8100;6600;8100;8100;8100;8100;8100;6600;8100;8100;8100,1.07,no,
agile safe,agile,product,8100,0.8,0.19,23,informational,12100;9900;8100;8100;9900;9900;9900;8100;8100;6600;6600;6600,0.66,no,
agile safe framework,agile,product,8100,0.8,0.19,35,informational,12100;9900;8100;8100;9900;9900;9900;8100;8100;6600;6600;6600,0.66,no,
agile safety,agile,product,8100,0.8,0.19,45,informational,12100;9900;8100;8100;9900;9900;9900;8100;8100;6600;6600;6600,0.66,no,
agile scaled framework,agile,product,8100,0.8,0.19,45,informational,12100;9900;8100;8100;9900;9900;9900;8100;8100;6600;6600;6600,0.66,no,
agile scaling framework,agile,product,8100,0.8,0.19,45,informational,12100;9900;8100;8100;9900;9900;9900;8100;8100;6600;6600;6600,0.66,no,
agile scaling frameworks,agile,product,8100,0.8,0.19,45,informational,12100;9900;8100;8100;9900;9900;9900;8100;8100;6600;6600;6600,0.66,no,
design for system,design system,design,8100,5.48,0.07,26,informational,8100;8100;8100;6600;8100;8100;8100;8100;8100;8100;8100;8100,1.00,no,
design the system,design system,design,8100,5.48,0.07,26,informational,8100;8100;8100;6600;8100;8100;8100;8100;8100;8100;8100;8100,1.00,no,
how to accessibility,accessibility,design,8100,,0,34,informational,3600;4400;4400;4400;5400;5400;6600;8100;8100;9900;12100;18100,3.23,yes,
journey of odysseus map,journey map,design,8100,0.03,0.02,5,informational,2900;3600;3600;3600;3600;3600;3600;3600;5400;2400;40500;18100,6.04,yes,
map of odysseus journey,journey map,design,8100,0.03,0.02,5,informational,2900;3600;3600;3600;3600;3600;3600;3600;5400;2400;40500;18100,6.04,yes,
map of the odyssey journey,journey map,design,8100,0.03,0.02,1,informational,2900;3600;3600;3600;3600;3600;3600;3600;5400;2400;40500;18100,6.04,yes,
map of ulysses journey,journey map,design,8100,0.03,0.02,3,informational,2900;3600;3600;3600;3600;3600;3600;3600;5400;2400;40500;18100,6.04,yes,
odysseus journey map,journey map,design,8100,0.03,0.02,4,informational,2900;3600;3600;3600;3600;3600;3600;3600;5400;2400;40500;18100,6.04,yes,
odysseus map journey,journey map,design,8100,0.03,0.02,6,informational,2900;3600;3600;3600;3600;3600;3600;3600;5400;2400;40500;18100,6.04,yes,
odysseus's journey map,journey map,design,8100,0.03,0.02,2,informational,2900;3600;3600;3600;3600;3600;3600;3600;5400;2400;40500;18100,6.04,yes,
odyssey journey map,journey map,design,8100,0.03,0.02,3,informational,2900;3600;3600;3600;3600;3600;3600;3600;5400;2400;40500;18100,6.04,yes,
odyssey map journey,journey map,design,8100,0.03,0.02,2,informational,2900;3600;3600;3600;3600;3600;3600;3600;5400;2400;40500;18100,6.04,yes,
product life cycle management software,product management,product,8100,26.93,0.13,33,commercial,14800;12100;8100;5400;8100;8100;9900;8100;5400;5400;6600;6600,0.53,yes,
product lifecycle management software,product management,product,8100,26.93,0.13,43,commercial,14800;12100;8100;5400;8100;8100;9900;8100;5400;5400;6600;6600,0.53,yes,
product management pay,product management,product,8100,0.03,0.01,24,informational,9900;8100;8100;6600;8100;8100;8100;8100;6600;6600;5400;6600,0.71,no,
product management salaries,product management,product,8100,0.03,0.01,16,informational,9900;8100;8100;6600;8100;8100;8100;8100;6600;6600;5400;6600,0.71,no,jobs
product management salary,product management,product,8100,0.03,0.01,24,informational,9900;8100;8100;6600;8100;8100;8100;8100;6600;6600;5400;6600,0.71,no,jobs
remote accessibility,accessibility,design,8100,15.27,0.24,41,informational,8100;8100;6600;8100;8100;8100;8100;8100;6600;8100;8100;8100,1.07,no,
safe agile framework,agile,product,8100,0.8,0.19,33,informational,12100;9900;8100;8100;9900;9900;9900;8100;8100;6600;6600;6600,0.66,no,
safe agile method,agile,product,8100,0.8,0.19,35,informational,12100;9900;8100;8100;9900;9900;9900;8100;8100;6600;6600;6600,0.66,no,
safe agile methodologies,agile,product,8100,0.8,0.19,45,informational,12100;9900;8100;8100;9900;9900;9900;8100;8100;6600;6600;6600,0.66,no,
safe agile methodology,agile,product,8100,0.8,0.19,33,informational,12100;9900;8100;8100;9900;9900;9900;8100;8100;6600;6600;6600,0.66,no,
safe framework agile,agile,product,8100,0.8,0.19,45,informational,12100;9900;8100;8100;9900;9900;9900;8100;8100;6600;6600;6600,0.66,no,
safe framework in agile,agile,product,8100,0.8,0.19,45,informational,12100;9900;8100;8100;9900;9900;9900;8100;8100;6600;6600;6600,0.66,no,
safe scaled agile framework,agile,product,8100,0.8,0.19,22,informational,12100;9900;8100;8100;9900;9900;9900;8100;8100;6600;6600;6600,0.66,no,
scalable agile framework,agile,product,8100,0.8,0.19,45,commercial,12100;9900;8100;8100;9900;9900;9900;8100;8100;6600;6600;6600,0.66,no,
scaled agile,agile,product,8100,0.8,0.19,22,informational,12100;9900;8100;8100;9900;9900;9900;8100;8100;6600;6600;6600,0.66,no,
scaled agile framework,agile,product,8100,0.8,0.19,45,commercial,12100;9900;8100;8100;9900;9900;9900;8100;8100;6600;6600;6600,0.66,no,
scaled agile framework safe,agile,product,8100,0.8,0.19,45,informational,12100;9900;8100;8100;9900;9900;9900;8100;8100;6600;6600;6600,0.66,no,
scaled agile frameworks,agile,product,8100,0.8,0.19,45,commercial,12100;9900;8100;8100;9900;9900;9900;8100;8100;6600;6600;6600,0.66,no,
scaled agile safe,agile,product,8100,0.8,0.19,54,commercial,12100;9900;8100;8100;9900;9900;9900;8100;8100;6600;6600;6600,0.66,no,
scaling agile,agile,product,8100,0.8,0.19,45,informational,12100;9900;8100;8100;9900;9900;9900;8100;8100;6600;6600;6600,0.66,no,
scaling agile safe,agile,product,8100,0.8,0.19,45,commercial,12100;9900;8100;8100;9900;9900;9900;8100;8100;6600;6600;6600,0.66,no,
structured agile framework,agile,product,8100,0.8,0.19,45,informational,12100;9900;8100;8100;9900;9900;9900;8100;8100;6600;6600;6600,0.66,no,
student accessibility,accessibility,design,8100,9.04,0,58,informational,8100;6600;8100;8100;8100;8100;12100;6600;8100;6600;2400;5400,0.63,yes,
system and design,design system,design,8100,5.48,0.07,26,informational,8100;8100;8100;6600;8100;8100;8100;8100;8100;8100;8100;8100,1.00,no,
system design,design system,design,8100,5.48,0.07,26,informational,8100;8100;8100;6600;8100;8100;8100;8100;8100;8100;8100;8100,1.00,no,
ulysses journey map,journey map,design,8100,0.03,0.02,47,informational,2900;3600;3600;3600;3600;3600;3600;3600;5400;2400;40500;18100,6.04,yes,
accessibility standard,accessibility,design,6600,7.64,0.26,100,informational,74000;4400;480;480;590;720;1000;720;590;590;590;590,0.02,yes,
accessibility standards,accessibility,design,6600,7.64,0.26,100,informational,74000;4400;480;480;590;720;1000;720;590;590;590;590,0.02,yes,
accessibility widget accessibe,accessibility,design,6600,21.76,0.4,27,navigational,74000;390;390;140;140;70;170;140;170;170;50;40,0.00,yes,
agile development manifesto,agile,product,6600,2.78,0.03,31,informational,9900;8100;6600;5400;6600;6600;6600;6600;6600;5400;4400;5400,0.62,yes,
agile manifesto,agile,product,6600,2.78,0.03,31,informational,9900;8100;6600;5400;6600;6600;6600;6600;6600;5400;4400;5400,0.62,yes,
agile methodology manifesto,agile,product,6600,2.78,0.03,31,informational,9900;8100;6600;5400;6600;6600;6600;6600;6600;5400;4400;5400,0.62,yes,
agile project management manifesto,agile,product,6600,2.78,0.03,31,informational,9900;8100;6600;5400;6600;6600;6600;6600;6600;5400;4400;5400,0.62,yes,
agile software development manifesto,agile,product,6600,2.78,0.03,31,informational,9900;8100;6600;5400;6600;6600;6600;6600;6600;5400;4400;5400,0.62,yes,
agile software manifesto,agile,product,6600,2.78,0.03,25,informational,9900;8100;6600;5400;6600;6600;6600;6600;6600;5400;4400;5400,0.62,yes,
at&t accessibility,accessibility,design,6600,10.36,0.16,12,navigational,8100;8100;6600;6600;8100;5400;6600;5400;5400;4400;4400;5400,0.62,no,
consumer journey map,journey map,design,6600,18.5,0.29,41,navigational,14800;9900;6600;4400;5400;6600;9900;6600;4400;4400;4400;4400,0.42,yes,
customer experience journey map,journey map,design,6600,18.5,0.29,46,navigational,14800;9900;6600;4400;5400;6600;9900;6600;4400;4400;4400;4400,0.42,yes,
customer journey map,journey map,design,6600,18.5,0.29,41,navigational,14800;9900;6600;4400;5400;6600;9900;6600;4400;4400;4400;4400,0.42,yes,
customers journey map,journey map,design,6600,18.5,0.29,41,navigational,14800;9900;6600;4400;5400;6600;9900;6600;4400;4400;4400;4400,0.42,yes,
how do you spell accessibility,accessibility,design,6600,,0,19,informational,6600;6600;5400;5400;6600;6600;6600;6600;6600;4400;4400;5400,0.76,no,
how to spell accessibility,accessibility,design,6600,,0,21,informational,6600;6600;5400;5400;6600;6600;6600;6600;6600;4400;4400;5400,0.76,no,
ipad accessibility,accessibility,design,6600,0.78,1,29,informational,5400;5400;12100;22200;6600;4400;4400;4400;4400;4400;3600;4400,0.54,yes,
journey map customer,journey map,design,6600,18.5,0.29,41,navigational,14800;9900;6600;4400;5400;6600;9900;6600;4400;4400;4400;4400,0.42,yes,
journey map customer experience,journey map,design,6600,18.5,0.29,41,navigational,14800;9900;6600;4400;5400;6600;9900;6600;4400;4400;4400;4400,0.42,yes,
management of product,product management,product,6600,8.3,0.14,11,informational,9900;8100;6600;5400;8100;6600;6600;6600;5400;5400;6600;8100,0.82,no,
management product,product management,product,6600,8.3,0.14,24,commercial,9900;8100;6600;5400;8100;6600;6600;6600;5400;5400;6600;8100,0.82,no,
manager of product management,product management,product,6600,8.3,0.14,9,informational,9900;8100;6600;5400;8100;6600;6600;6600;5400;5400;6600;8100,0.82,no,
manifesto agile,agile,product,6600,2.78,0.03,31,informational,9900;8100;6600;5400;6600;6600;6600;6600;6600;5400;4400;5400,0.62,yes,
manifesto agile software development,agile,product,6600,2.78,0.03,31,informational,9900;8100;6600;5400;6600;6600;6600;6600;6600;5400;4400;5400,0.62,yes,
manifesto for agile,agile,product,6600,2.78,0.03,31,informational,9900;8100;6600;5400;6600;6600;6600;6600;6600;5400;4400;5400,0.62,yes,
manifesto for agile development,agile,product,6600,2.78,0.03,31,informational,9900;8100;6600;5400;6600;6600;6600;6600;6600;5400;4400;5400,0.62,yes,
manifesto for agile software,agile,product,6600,2.78,0.03,31,informational,9900;8100;6600;5400;6600;6600;6600;6600;6600;5400;4400;5400,0.62,yes,
manifesto for agile software development,agile,product,6600,2.78,0.03,25,informational,9900;8100;6600;5400;6600;6600;6600;6600;6600;5400;4400;5400,0.62,yes,
manifesto of agile,agile,product,6600,2.78,0.03,31,informational,9900;8100;6600;5400;6600;6600;6600;6600;6600;5400;4400;5400,0.62,yes,
manifesto of agile software development,agile,product,6600,2.78,0.03,31,informational,9900;8100;6600;5400;6600;6600;6600;6600;6600;5400;4400;5400,0.62,yes,
map customer journey,journey map,design,6600,18.5,0.29,41,navigational,14800;9900;6600;4400;5400;6600;9900;6600;4400;4400;4400;4400,0.42,yes,
map of customer journey,journey map,design,6600,18.5,0.29,41,navigational,14800;9900;6600;4400;5400;6600;9900;6600;4400;4400;4400;4400,0.42,yes,
map the customer journey,journey map,design,6600,18.5,0.29,41,informational,14800;9900;6600;4400;5400;6600;9900;6600;4400;4400;4400;4400,0.42,yes,
plant design management system,design system,design,6600,3.03,0.04,11,commercial,9900;8100;8100;8100;6600;6600;6600;6600;5400;5400;4400;5400,0.58,yes,
price pricing strategy,pricing strategy,business,6600,4.91,0.02,41,informational,6600;6600;6600;6600;5400;5400;6600;6600;5400;6600;8100;12100,1.35,yes,
pricing and pricing strategy,pricing strategy,business,6600,4.91,0.02,41,informational,6600;6600;6600;6600;5400;5400;6600;6600;5400;6600;8100;12100,1.35,yes,
pricing and strategy,pricing strategy,business,6600,4.91,0.02,39,commercial,6600;6600;6600;6600;5400;5400;6600;6600;5400;6600;8100;12100,1.35,yes,
pricing policy strategy,pricing strategy,business,6600,4.91,0.02,41,informational,6600;6600;6600;6600;5400;5400;6600;6600;5400;6600;8100;12100,1.35,yes,
pricing strategy,pricing strategy,business,6600,4.91,0.02,39,informational,6600;6600;6600;6600;5400;5400;6600;6600;5400;6600;8100;12100,1.35,yes,
prioritization synonym,prioritization,product,6600,,0,0,informational,6600;9900;8100;8100;8100;9900;9900;9900;6600;3600;2900;3600,0.41,yes,
prioritization synonyms,prioritization,product,6600,,0,0,informational,6600;9900;8100;8100;8100;9900;9900;9900;6600;3600;2900;3600,0.41,yes,
product and management,product management,product,6600,8.3,0.14,28,informational,9900;8100;6600;5400;8100;6600;6600;6600;5400;5400;6600;8100,0.82,no,
product management,product management,product,6600,8.3,0.14,31,informational,9900;8100;6600;5400;8100;6600;6600;6600;5400;5400;6600;8100,0.82,no,
product management manager,product management,product,6600,8.3,0.14,31,informational,9900;8100;6600;5400;8100;6600;6600;6600;5400;5400;6600;8100,0.82,no,
product management product,product management,product,6600,8.3,0.14,31,commercial,9900;8100;6600;5400;8100;6600;6600;6600;5400;5400;6600;8100,0.82,no,
strategic pricing strategy,pricing strategy,business,6600,4.91,0.02,39,informational,6600;6600;6600;6600;5400;5400;6600;6600;5400;6600;8100;12100,1.35,yes,
strategy for pricing,pricing strategy,business,6600,4.91,0.02,41,informational,6600;6600;6600;6600;5400;5400;6600;6600;5400;6600;8100;12100,1.35,yes,
strategy of pricing,pricing strategy,business,6600,4.91,0.02,41,informational,6600;6600;6600;6600;5400;5400;6600;6600;5400;6600;8100;12100,1.35,yes,
strategy pricing,pricing strategy,business,6600,4.91,0.02,41,commercial,6600;6600;6600;6600;5400;5400;6600;6600;5400;6600;8100;12100,1.35,yes,
what is student accessibility services,accessibility,design,6600,11.99,0.02,25,informational,6600;6600;5400;5400;6600;6600;6600;6600;6600;5400;5400;6600,0.94,no,
accessibility ada,accessibility,design,5400,12.05,0.07,41,informational,5400;5400;4400;3600;5400;4400;5400;6600;5400;5400;5400;5400,1.07,no,
accessibility guidelines wcag,accessibility,design,5400,10.94,0.36,83,navigational,8100;8100;5400;5400;6600;6600;6600;6600;4400;4400;4400;4400,0.61,no,
accessibility guidelines web,accessibility,design,5400,10.94,0.36,99,informational,8100;8100;5400;5400;6600;6600;6600;6600;4400;4400;4400;4400,0.61,no,
accessibility guidelines websites,accessibility,design,5400,10.94,0.36,71,informational,8100;8100;5400;5400;6600;6600;6600;6600;4400;4400;4400;4400,0.61,no,
accessibility wcag,accessibility,design,5400,10.94,0.36,99,navigational,8100;8100;5400;5400;6600;6600;6600;6600;4400;4400;4400;4400,0.61,no,
accessibility web guidelines,accessibility,design,5400,10.94,0.36,58,informational,8100;8100;5400;5400;6600;6600;6600;6600;4400;4400;4400;4400,0.61,no,
ada accessibility,accessibility,design,5400,12.05,0.07,41,informational,5400;5400;4400;3600;5400;4400;5400;6600;5400;5400;5400;5400,1.07,no,
ada and accessibility,accessibility,design,5400,12.05,0.07,41,informational,5400;5400;4400;3600;5400;4400;5400;6600;5400;5400;5400;5400,1.07,no,
agile cold storage,agile,product,5400,8.3,0.05,0,commercial,4400;4400;4400;5400;5400;5400;6600;6600;5400;5400;5400;6600,1.32,no,
agile occupational medicine,agile,product,5400,3.16,0.06,3,informational,4400;4400;3600;4400;5400;4400;5400;5400;5400;6600;6600;6600,1.60,no,
agile quadrant media,agile,product,5400,13.6,0.02,0,commercial,0;0;0;0;0;0;10;3600;14800;22200;18100;5400,,yes,
define prioritization,prioritization,product,5400,1.77,0,7,informational,8100;6600;5400;4400;6600;5400;6600;5400;3600;2900;2400;4400,0.48,yes,
definition of prioritization,prioritization,product,5400,1.77,0,16,informational,8100;6600;5400;4400;6600;5400;6600;5400;3600;2900;2400;4400,0.48,yes,
internet accessibility,accessibility,design,5400,14.3,0.13,70,informational,3600;3600;2900;2900;4400;3600;4400;3600;4400;6600;18100;8100,3.25,yes,
open accessibility,accessibility,design,5400,3.8,0.02,97,informational,6600;6600;5400;4400;5400;5400;5400;4400;4400;4400;5400;6600,0.88,no,
prioritization definition,prioritization,product,5400,1.77,0,16,informational,8100;6600;5400;4400;6600;5400;6600;5400;3600;2900;2400;4400,0.48,yes,
safe agile framework training,agile,product,5400,10.36,0.26,32,informational,5400;4400;3600;3600;5400;5400;5400;4400;4400;4400;6600;4400,1.15,no,course
safe scaled agile framework training,agile,product,5400,10.36,0.26,32,commercial,5400;4400;3600;3600;5400;5400;5400;4400;4400;4400;6600;4400,1.15,no,course
safe scaled agile training,agile,product,5400,10.36,0.26,32,informational,5400;4400;3600;3600;5400;5400;5400;4400;4400;4400;6600;4400,1.15,no,course
scaled agile framework training,agile,product,5400,10.36,0.26,32,commercial,5400;4400;3600;3600;5400;5400;5400;4400;4400;4400;6600;4400,1.15,no,course
sky accessibility,accessibility,design,5400,4.76,0.04,16,navigational,1900;1900;2400;2900;6600;9900;9900;12100;6600;5400;5400;4400,2.45,yes,
voluntary product accessibility template,accessibility,design,5400,24.02,0.5,23,informational,5400;5400;4400;4400;6600;6600;6600;6600;5400;4400;4400;4400,0.87,no,
wcag accessibility,accessibility,design,5400,10.94,0.36,62,navigational,8100;8100;5400;5400;6600;6600;6600;6600;4400;4400;4400;4400,0.61,no,
wcag accessibility guidelines,accessibility,design,5400,10.94,0.36,86,navigational,8100;8100;5400;5400;6600;6600;6600;6600;4400;4400;4400;4400,0.61,no,
wcag web content accessibility guidelines,accessibility,design,5400,10.94,0.36,86,informational,8100;8100;5400;5400;6600;6600;6600;6600;4400;4400;4400;4400,0.61,no,
web accessibility guide,accessibility,design,5400,10.94,0.36,99,informational,8100;8100;5400;5400;6600;6600;6600;6600;4400;4400;4400;4400,0.61,no,
web accessibility guideline,accessibility,design,5400,10.94,0.36,99,informational,8100;8100;5400;5400;6600;6600;6600;6600;4400;4400;4400;4400,0.61,no,
web accessibility guidelines,accessibility,design,5400,10.94,0.36,60,informational,8100;8100;5400;5400;6600;6600;6600;6600;4400;4400;4400;4400,0.61,no,
web content accessibility,accessibility,design,5400,10.94,0.36,99,informational,8100;8100;5400;5400;6600;6600;6600;6600;4400;4400;4400;4400,0.61,no,
web content accessibility guide,accessibility,design,5400,10.94,0.36,99,informational,8100;8100;5400;5400;6600;6600;6600;6600;4400;4400;4400;4400,0.61,no,
web content accessibility guideline,accessibility,design,5400,10.94,0.36,71,informational,8100;8100;5400;5400;6600;6600;6600;6600;4400;4400;4400;4400,0.61,no,
web content accessibility guidelines,accessibility,design,5400,10.94,0.36,68,informational,8100;8100;5400;5400;6600;6600;6600;6600;4400;4400;4400;4400,0.61,no,
web content accessibility guidelines wcag,accessibility,design,5400,10.94,0.36,81,informational,8100;8100;5400;5400;6600;6600;6600;6600;4400;4400;4400;4400,0.61,no,
website accessibility guide,accessibility,design,5400,10.94,0.36,99,informational,8100;8100;5400;5400;6600;6600;6600;6600;4400;4400;4400;4400,0.61,no,
website accessibility guidelines,accessibility,design,5400,10.94,0.36,67,informational,8100;8100;5400;5400;6600;6600;6600;6600;4400;4400;4400;4400,0.61,no,
website content accessibility guidelines,accessibility,design,5400,10.94,0.36,67,informational,8100;8100;5400;5400;6600;6600;6600;6600;4400;4400;4400;4400,0.61,no,
what are product requirements,product requirements,product,5400,8.45,0.02,35,informational,3600;3600;2900;2900;5400;6600;8100;8100;6600;6600;6600;5400,1.84,yes,
what is a product requirements document,product requirements,product,5400,8.45,0.02,35,informational,3600;3600;2900;2900;5400;6600;8100;8100;6600;6600;6600;5400,1.84,yes,
what is product requirements,product requirements,product,5400,8.45,0.02,35,informational,3600;3600;2900;2900;5400;6600;8100;8100;6600;6600;6600;5400,1.84,yes,
accessibility check,accessibility,design,4400,10.21,0.58,76,informational,3600;3600;3600;3600;4400;4400;5400;5400;3600;3600;2900;2900,0.87,no,
accessibility checker,accessibility,design,4400,10.21,0.58,76,informational,3600;3600;3600;3600;4400;4400;5400;5400;3600;3600;2900;2900,0.87,no,
accessibility in settings,accessibility,design,4400,9.57,0,27,informational,4400;4400;3600;6600;6600;3600;4400;3600;3600;2900;2900;2900,0.70,yes,
accessibility in spanish,accessibility,design,4400,,0,0,informational,4400;5400;4400;3600;5400;5400;5400;4400;4400;2900;2900;3600,0.66,no,
accessibility medical,accessibility,design,4400,3.17,0.25,38,informational,5400;5400;4400;4400;5400;4400;4400;4400;4400;3600;3600;4400,0.76,no,
accessibility ramp rental,accessibility,design,4400,9.28,1,0,commercial,3600;3600;3600;8100;8100;2900;4400;3600;3600;2900;2900;2400,0.76,yes,
accessibility service,accessibility,design,4400,4.1,0.03,17,informational,5400;5400;3600;4400;4400;4400;4400;4400;3600;4400;4400;4400,0.92,no,
accessibility services,accessibility,design,4400,4.1,0.03,17,informational,5400;5400;3600;4400;4400;4400;4400;4400;3600;4400;4400;4400,0.92,no,
accessibility setting,accessibility,design,4400,9.57,0,27,informational,4400;4400;3600;6600;6600;3600;4400;3600;3600;2900;2900;2900,0.70,yes,
accessibility settings,accessibility,design,4400,9.57,0,27,informational,4400;4400;3600;6600;6600;3600;4400;3600;3600;2900;2900;2900,0.70,yes,
accessibility synonyms,accessibility,design,4400,,0,0,informational,5400;6600;6600;4400;4400;5400;5400;6600;4400;2400;2400;2400,0.39,yes,
agile and safe,agile,product,4400,1.17,0.19,28,informational,6600;5400;4400;4400;5400;4400;5400;4400;4400;3600;3600;3600,0.66,no,
agile development scrum,agile,product,4400,6.53,0.12,44,informational,6600;4400;3600;3600;4400;4400;4400;4400;4400;5400;6600;5400,1.19,no,
agile for scrum,agile,product,4400,6.53,0.12,38,informational,6600;4400;3600;3600;4400;4400;4400;4400;4400;5400;6600;5400,1.19,no,
agile i scrum,agile,product,4400,6.53,0.12,38,informational,6600;4400;3600;3600;4400;4400;4400;4400;4400;5400;6600;5400,1.19,no,
agile methodology scrum,agile,product,4400,6.53,0.12,52,informational,6600;4400;3600;3600;4400;4400;4400;4400;4400;5400;6600;5400,1.19,no,
agile methodology what is,agile,product,4400,4.39,0.07,48,informational,6600;5400;4400;3600;5400;4400;5400;4400;4400;4400;3600;4400,0.76,no,
agile scrum development,agile,product,4400,6.53,0.12,38,informational,6600;4400;3600;3600;4400;4400;4400;4400;4400;5400;6600;5400,1.19,no,
agile scrum of scrums,agile,product,4400,6.53,0.12,3,informational,6600;4400;3600;3600;4400;4400;4400;4400;4400;5400;6600;5400,1.19,no,
agile sw development with scrum,agile,product,4400,6.53,0.12,41,informational,6600;4400;3600;3600;4400;4400;4400;4400;4400;5400;6600;5400,1.19,no,
agile synonym,agile,product,4400,,0,0,informational,6600;6600;4400;4400;3600;3600;6600;3600;2900;1900;2900;2900,0.44,yes,
agile synonyms,agile,product,4400,,0,0,informational,6600;6600;4400;4400;3600;3600;6600;3600;2900;1900;2900;2900,0.44,yes,
agile thesaurus,agile,product,4400,,0,0,informational,6600;6600;4400;4400;3600;3600;6600;3600;2900;1900;2900;2900,0.44,yes,
agile using scrum,agile,product,4400,6.53,0.12,38,informational,6600;4400;3600;3600;4400;4400;4400;4400;4400;5400;6600;5400,1.19,no,
another word for accessibility,accessibility,design,4400,,0,0,informational,5400;6600;5400;4400;4400;5400;5400;5400;3600;2400;2400;2900,0.44,yes,
check for accessibility,accessibility,design,4400,10.21,0.58,76,informational,3600;3600;3600;3600;4400;4400;5400;5400;3600;3600;2900;2900,0.87,no,
colorado accessibility,accessibility,design,4400,0.88,0.06,4,informational,4400;4400;3600;3600;5400;4400;5400;4400;3600;3600;3600;4400,0.94,no,
design a septic system,design system,design,4400,8.06,0.08,11,informational,6600;5400;4400;4400;5400;4400;5400;4400;5400;2900;2900;2400,0.50,yes,
design process thinking,design thinking,offmap,4400,5.28,0.15,56,informational,8100;6600;4400;3600;4400;4400;4400;3600;2900;2400;1900;2400,0.35,yes,
design septic system,design system,design,4400,8.06,0.08,11,commercial,6600;5400;4400;4400;5400;4400;5400;4400;5400;2900;2900;2400,0.50,yes,
design thinking design process,design thinking,offmap,4400,5.28,0.15,56,informational,8100;6600;4400;3600;4400;4400;4400;3600;2900;2400;1900;2400,0.35,yes,
design thinking process,design thinking,offmap,4400,5.28,0.15,56,informational,8100;6600;4400;3600;4400;4400;4400;3600;2900;2400;1900;2400,0.35,yes,
design thinking processes,design thinking,offmap,4400,5.28,0.15,56,informational,8100;6600;4400;3600;4400;4400;4400;3600;2900;2400;1900;2400,0.35,yes,
handicap accessibility,accessibility,design,4400,4.89,0.07,20,informational,4400;4400;3600;2900;3600;3600;4400;4400;4400;5400;5400;6600,1.40,yes,
handicapped accessibility,accessibility,design,4400,4.89,0.07,20,informational,4400;4400;3600;2900;3600;3600;4400;4400;4400;5400;5400;6600,1.40,yes,
ibcces accessibility card,accessibility,design,4400,0.09,0.05,4,informational,4400;5400;2400;2900;3600;2400;5400;5400;5400;6600;6600;6600,1.62,yes,
interview system design,design system,design,4400,4.18,0.4,27,informational,4400;5400;4400;3600;4400;4400;4400;4400;3600;3600;3600;5400,0.89,no,
kpi vs okr,okr,business,4400,0.88,0.19,18,informational,6600;5400;4400;4400;6600;5400;5400;4400;3600;3600;3600;2900,0.62,yes,
kpis vs okr,okr,business,4400,0.88,0.19,19,informational,6600;5400;4400;4400;6600;5400;5400;4400;3600;3600;3600;2900,0.62,yes,
moscow prioritization,prioritization,product,4400,4.38,0.08,24,informational,5400;5400;4400;3600;4400;4400;6600;4400;3600;3600;2900;2900,0.62,yes,
okr vs kpi,okr,business,4400,0.88,0.19,19,informational,6600;5400;4400;4400;6600;5400;5400;4400;3600;3600;3600;2900,0.62,yes,
okr vs kpis,okr,business,4400,0.88,0.19,19,informational,6600;5400;4400;4400;6600;5400;5400;4400;3600;3600;3600;2900,0.62,yes,
one accessibility,accessibility,design,4400,19.42,0,63,navigational,5400;5400;2900;2400;4400;3600;3600;3600;3600;3600;3600;8100,1.12,yes,
process design thinking,design thinking,offmap,4400,5.28,0.15,56,informational,8100;6600;4400;3600;4400;4400;4400;3600;2900;2400;1900;2400,0.35,yes,
process of design thinking,design thinking,offmap,4400,5.28,0.15,52,informational,8100;6600;4400;3600;4400;4400;4400;3600;2900;2400;1900;2400,0.35,yes,
product management what is,product management,product,4400,5.28,0.07,21,informational,6600;5400;4400;3600;5400;4400;4400;3600;3600;3600;4400;4400,0.76,no,
safe agile development,agile,product,4400,1.17,0.19,20,informational,6600;5400;4400;4400;5400;4400;5400;4400;4400;3600;3600;3600,0.66,no,
safe and agile,agile,product,4400,1.17,0.19,20,informational,6600;5400;4400;4400;5400;4400;5400;4400;4400;3600;3600;3600,0.66,no,
safe scalable agile framework,agile,product,4400,1.17,0.19,20,informational,6600;5400;4400;4400;5400;4400;5400;4400;4400;3600;3600;3600,0.66,no,
safe scaling agile,agile,product,4400,1.17,0.19,20,commercial,6600;5400;4400;4400;5400;4400;5400;4400;4400;3600;3600;3600,0.66,no,
scrum & agile,agile,product,4400,6.53,0.12,38,informational,6600;4400;3600;3600;4400;4400;4400;4400;4400;5400;6600;5400,1.19,no,
scrum agile,agile,product,4400,6.53,0.12,43,informational,6600;4400;3600;3600;4400;4400;4400;4400;4400;5400;6600;5400,1.19,no,
scrum agile methodology,agile,product,4400,6.53,0.12,36,informational,6600;4400;3600;3600;4400;4400;4400;4400;4400;5400;6600;5400,1.19,no,
scrum agile software,agile,product,4400,6.53,0.12,52,commercial,6600;4400;3600;3600;4400;4400;4400;4400;4400;5400;6600;5400,1.19,no,
scrum for agile,agile,product,4400,6.53,0.12,38,informational,6600;4400;3600;3600;4400;4400;4400;4400;4400;5400;6600;5400,1.19,no,
scrum in agile development,agile,product,4400,6.53,0.12,38,informational,6600;4400;3600;3600;4400;4400;4400;4400;4400;5400;6600;5400,1.19,no,
scrum is an agile methodology,agile,product,4400,6.53,0.12,38,informational,6600;4400;3600;3600;4400;4400;4400;4400;4400;5400;6600;5400,1.19,no,
security accessibility,accessibility,design,4400,22.39,0.01,27,informational,3600;4400;3600;4400;4400;4400;4400;4400;4400;3600;4400;4400,1.07,no,
septic system design,design system,design,4400,8.06,0.08,2,commercial,6600;5400;4400;4400;5400;4400;5400;4400;5400;2900;2900;2400,0.50,yes,
setting accessibility,accessibility,design,4400,9.57,0,27,informational,4400;4400;3600;6600;6600;3600;4400;3600;3600;2900;2900;2900,0.70,yes,
settings accessibility,accessibility,design,4400,9.57,0,27,informational,4400;4400;3600;6600;6600;3600;4400;3600;3600;2900;2900;2900,0.70,yes,
synonym agile,agile,product,4400,,0,0,informational,6600;6600;4400;4400;3600;3600;6600;3600;2900;1900;2900;2900,0.44,yes,
synonym of agile,agile,product,4400,,0,0,informational,6600;6600;4400;4400;3600;3600;6600;3600;2900;1900;2900;2900,0.44,yes,
synonyms of agile,agile,product,4400,,0,0,informational,6600;6600;4400;4400;3600;3600;6600;3600;2900;1900;2900;2900,0.44,yes,
system design interview,design system,design,4400,4.18,0.4,27,informational,4400;5400;4400;3600;4400;4400;4400;4400;3600;3600;3600;5400,0.89,no,
system design interviews,design system,design,4400,4.18,0.4,27,informational,4400;5400;4400;3600;4400;4400;4400;4400;3600;3600;3600;5400,0.89,no,
thinking design process,design thinking,offmap,4400,5.28,0.15,56,informational,8100;6600;4400;3600;4400;4400;4400;3600;2900;2400;1900;2400,0.35,yes,
what are agile methodology,agile,product,4400,4.39,0.07,48,informational,6600;5400;4400;3600;5400;4400;5400;4400;4400;4400;3600;4400,0.76,no,
what does product management do,product management,product,4400,2.06,0.1,5,informational,5400;4400;3600;3600;4400;4400;4400;4400;3600;3600;4400;4400,0.93,no,
what is a agile methodology,agile,product,4400,4.39,0.07,49,informational,6600;5400;4400;3600;5400;4400;5400;4400;4400;4400;3600;4400,0.76,no,
what is a product management,product management,product,4400,5.28,0.07,20,informational,6600;5400;4400;3600;5400;4400;4400;3600;3600;3600;4400;4400,0.76,no,
what is agile,agile,product,4400,4.39,0.07,48,informational,6600;5400;4400;3600;5400;4400;5400;4400;4400;4400;3600;4400,0.76,no,
what is agile it,agile,product,4400,4.39,0.07,47,informational,6600;5400;4400;3600;5400;4400;5400;4400;4400;4400;3600;4400,0.76,no,
what is agile software,agile,product,4400,4.39,0.07,48,informational,6600;5400;4400;3600;5400;4400;5400;4400;4400;4400;3600;4400,0.76,no,
what is an agile method,agile,product,4400,4.39,0.07,48,informational,6600;5400;4400;3600;5400;4400;5400;4400;4400;4400;3600;4400,0.76,no,
what is an okr,okr,business,4400,0.67,0.16,57,informational,4400;4400;3600;3600;5400;5400;4400;4400;3600;3600;3600;2900,0.81,no,
what is product management,product management,product,4400,5.28,0.07,21,informational,6600;5400;4400;3600;5400;4400;4400;3600;3600;3600;4400;4400,0.76,no,
what is the agile,agile,product,4400,4.39,0.07,48,informational,6600;5400;4400;3600;5400;4400;5400;4400;4400;4400;3600;4400,0.76,no,
what is the agile methodology,agile,product,4400,4.39,0.07,47,informational,6600;5400;4400;3600;5400;4400;5400;4400;4400;4400;3600;4400,0.76,no,
what is the product management,product management,product,4400,5.28,0.07,21,informational,6600;5400;4400;3600;5400;4400;4400;3600;3600;3600;4400;4400,0.76,no,
wheelchair accessibility,accessibility,design,4400,4.77,0.13,19,informational,3600;3600;2900;2900;3600;3600;4400;4400;3600;4400;5400;6600,1.62,yes,
a design system,design system,design,3600,10.82,0.1,44,informational,3600;4400;3600;2900;3600;3600;4400;4400;3600;3600;3600;3600,0.93,no,
accessibility door,accessibility,design,3600,10.07,1,2,informational,3600;3600;3600;2900;3600;3600;3600;3600;2900;2900;3600;3600,0.94,no,
accessibility doors,accessibility,design,3600,10.07,1,2,commercial,3600;3600;3600;2900;3600;3600;3600;3600;2900;2900;3600;3600,0.94,no,
accessibility font size,accessibility,design,3600,8.09,0,9,informational,2400;2400;2900;2900;2900;2900;3600;4400;4400;4400;4400;5400,1.84,yes,
accessibility foundation,accessibility,design,3600,0.81,0.02,13,navigational,3600;3600;3600;4400;3600;2900;3600;3600;3600;3600;3600;2900,0.94,no,
accessibility lab,accessibility,design,3600,9.33,0.11,8,navigational,3600;3600;2900;3600;4400;3600;3600;4400;3600;4400;3600;4400,1.23,no,
accessibility ramp slope,accessibility,design,3600,1.61,1,14,informational,4400;4400;3600;2900;2900;2400;3600;3600;3600;3600;2900;2900,0.76,no,
advance design system,design system,design,3600,17.75,0.25,11,informational,3600;3600;2900;2900;3600;3600;3600;2900;4400;4400;2900;2900,1.01,no,
ai for product management,product management,product,3600,11.17,0.54,9,commercial,4400;4400;3600;2900;3600;3600;4400;3600;2900;2400;2400;2400,0.58,no,
and design system,design system,design,3600,10.82,0.1,44,informational,3600;4400;3600;2900;3600;3600;4400;4400;3600;3600;3600;3600,0.93,no,
certified scrum product owner,product owner,product,3600,3.94,0.34,24,informational,5400;4400;3600;3600;4400;3600;4400;3600;3600;3600;2900;2900,0.70,no,jobs
defining user stories,user stories,product,3600,1.79,0.02,28,informational,6600;5400;3600;2900;4400;4400;4400;4400;3600;2900;2900;2900,0.56,yes,
design system,design system,design,3600,10.82,0.1,44,informational,3600;4400;3600;2900;3600;3600;4400;4400;3600;3600;3600;3600,0.93,no,
design system design,design system,design,3600,10.82,0.1,44,informational,3600;4400;3600;2900;3600;3600;4400;4400;3600;3600;3600;3600,0.93,no,
design-system,design system,design,3600,10.82,0.1,44,informational,3600;4400;3600;2900;3600;3600;4400;4400;3600;3600;3600;3600,0.93,no,
font size accessibility,accessibility,design,3600,8.09,0,13,informational,2400;2400;2900;2900;2900;2900;3600;4400;4400;4400;4400;5400,1.84,yes,
font size for accessibility,accessibility,design,3600,8.09,0,15,informational,2400;2400;2900;2900;2900;2900;3600;4400;4400;4400;4400;5400,1.84,yes,
information about architecture,information architecture,design,3600,1.52,0.02,21,informational,4400;4400;3600;2900;3600;3600;4400;3600;2900;2900;2400;2900,0.66,no,
information architecture,information architecture,design,3600,1.52,0.02,18,informational,4400;4400;3600;2900;3600;3600;4400;3600;2900;2900;2400;2900,0.66,no,
information architecture ia,information architecture,design,3600,1.52,0.02,18,informational,4400;4400;3600;2900;3600;3600;4400;3600;2900;2900;2400;2900,0.66,no,
information of architecture,information architecture,design,3600,1.52,0.02,18,informational,4400;4400;3600;2900;3600;3600;4400;3600;2900;2900;2400;2900,0.66,no,
information on architecture,information architecture,design,3600,1.52,0.02,31,informational,4400;4400;3600;2900;3600;3600;4400;3600;2900;2900;2400;2900,0.66,no,
okr what is,okr,business,3600,0.4,0.15,49,informational,3600;3600;2900;2900;4400;4400;4400;3600;2900;2900;2900;2400,0.81,no,
product management jobs,product management,product,3600,1.44,0.13,0,informational,3600;3600;2900;2900;4400;3600;3600;4400;3600;3600;3600;2900,1.00,no,jobs
product management jobs remote,product management,product,3600,3.06,0.18,0,informational,3600;3600;2900;2900;3600;3600;3600;3600;2900;2900;2900;2900,0.86,no,jobs
product management remote jobs,product management,product,3600,3.06,0.18,0,informational,3600;3600;2900;2900;3600;3600;3600;3600;2900;2900;2900;2900,0.86,no,jobs
product roadmap,product roadmap,product,3600,46.56,0.2,11,informational,5400;4400;2900;2900;3600;3600;3600;2900;2400;2400;2400;2400,0.57,yes,
rate of retention,retention rate,business,3600,6.35,0.01,16,informational,4400;4400;3600;2900;3600;3600;3600;3600;2900;2400;2400;2900,0.62,no,
remote product management jobs,product management,product,3600,3.06,0.18,0,informational,3600;3600;2900;2900;3600;3600;3600;3600;2900;2900;2900;2900,0.86,no,jobs
retention rate,retention rate,business,3600,6.35,0.01,24,informational,4400;4400;3600;2900;3600;3600;3600;3600;2900;2400;2400;2900,0.62,no,
roadmap for product,product roadmap,product,3600,46.56,0.2,11,informational,5400;4400;2900;2900;3600;3600;3600;2900;2400;2400;2400;2400,0.57,yes,
roadmap product,product roadmap,product,3600,46.56,0.2,11,informational,5400;4400;2900;2900;3600;3600;3600;2900;2400;2400;2400;2400,0.57,yes,
texas accessibility standards,accessibility,design,3600,6.98,0.07,3,informational,4400;4400;3600;3600;3600;3600;3600;3600;2900;2900;2900;2900,0.70,no,
user interviews platform,user interviews,design,3600,16.2,0.01,3,navigational,50;70;50;30;3600;70;3600;14800;1900;6600;8100;1900,97.65,yes,
user stories,user stories,product,3600,1.79,0.02,28,informational,6600;5400;3600;2900;4400;4400;4400;4400;3600;2900;2900;2900,0.56,yes,
user stories as a user,user stories,product,3600,1.79,0.02,22,informational,6600;5400;3600;2900;4400;4400;4400;4400;3600;2900;2900;2900,0.56,yes,
what are okr,okr,business,3600,0.65,0.21,28,informational,4400;3600;2900;3600;4400;3600;3600;3600;2900;2900;2400;2400,0.71,no,
what does prioritization mean,prioritization,product,3600,,0,16,informational,4400;4400;3600;3600;5400;4400;4400;3600;2900;2400;1900;3600,0.64,yes,
what is okr,okr,business,3600,0.4,0.15,49,informational,3600;3600;2900;2900;4400;4400;4400;3600;2900;2900;2900;2400,0.81,no,
what is system design life cycle,design system,design,3600,33.82,0.05,23,informational,4400;3600;2900;2900;3600;3600;4400;4400;3600;3600;3600;3600,0.99,no,
a b o testing,a/b testing,business,2900,2.41,0.01,0,informational,2900;2900;3600;3600;2900;2900;2900;2400;2400;1900;2400;1900,0.66,no,
accessibility card,accessibility,design,2900,1.2,0.05,38,informational,2900;2900;2400;2400;2900;1900;2900;2900;2900;2900;2900;2400,1.00,no,
accessibility check for website,accessibility,design,2900,16.74,0.56,76,informational,3600;2900;2400;2400;3600;3600;5400;4400;2900;2400;2400;2400,0.81,yes,
accessibility check website,accessibility,design,2900,16.74,0.56,76,informational,3600;2900;2400;2400;3600;3600;5400;4400;2900;2400;2400;2400,0.81,yes,
accessibility checker online,accessibility,design,2900,16.74,0.56,76,informational,3600;2900;2400;2400;3600;3600;5400;4400;2900;2400;2400;2400,0.81,yes,
accessibility checker website,accessibility,design,2900,16.74,0.56,76,informational,3600;2900;2400;2400;3600;3600;5400;4400;2900;2400;2400;2400,0.81,yes,
accessibility for website,accessibility,design,2900,17.53,0.35,94,informational,3600;2900;2400;2400;2900;2900;3600;3600;2900;2400;2400;1900,0.75,no,
accessibility of a website,accessibility,design,2900,17.53,0.35,94,informational,3600;2900;2400;2400;2900;2900;3600;3600;2900;2400;2400;1900,0.75,no,
accessibility of healthcare,accessibility,design,2900,6.97,0.08,50,informational,3600;3600;2900;2900;2900;2400;2900;3600;2900;2900;2400;2400,0.76,no,
accessibility of websites,accessibility,design,2900,17.53,0.35,94,informational,3600;2900;2400;2400;2900;2900;3600;3600;2900;2400;2400;1900,0.75,no,
accessibility on a website,accessibility,design,2900,17.53,0.35,94,informational,3600;2900;2400;2400;2900;2900;3600;3600;2900;2400;2400;1900,0.75,no,
accessibility on web,accessibility,design,2900,17.53,0.35,94,informational,3600;2900;2400;2400;2900;2900;3600;3600;2900;2400;2400;1900,0.75,no,
accessibility test website,accessibility,design,2900,16.74,0.56,76,informational,3600;2900;2400;2400;3600;3600;5400;4400;2900;2400;2400;2400,0.81,yes,
accessibility web,accessibility,design,2900,17.53,0.35,94,informational,3600;2900;2400;2400;2900;2900;3600;3600;2900;2400;2400;1900,0.75,no,
accessibility web checker,accessibility,design,2900,16.74,0.56,76,informational,3600;2900;2400;2400;3600;3600;5400;4400;2900;2400;2400;2400,0.81,yes,
accessibility web site,accessibility,design,2900,17.53,0.35,94,navigational,3600;2900;2400;2400;2900;2900;3600;3600;2900;2400;2400;1900,0.75,no,
accessibility website check,accessibility,design,2900,16.74,0.56,76,informational,3600;2900;2400;2400;3600;3600;5400;4400;2900;2400;2400;2400,0.81,yes,
accessibility website checker,accessibility,design,2900,16.74,0.56,76,informational,3600;2900;2400;2400;3600;3600;5400;4400;2900;2400;2400;2400,0.81,yes,
certificate in product management,product management,product,2900,12.33,0.74,10,informational,5400;3600;2900;2900;3600;2900;2900;2900;2400;2400;2400;2400,0.61,yes,course
certificate product management,product management,product,2900,12.33,0.74,10,informational,5400;3600;2900;2900;3600;2900;2900;2900;2400;2400;2400;2400,0.61,yes,course
certification for product management,product management,product,2900,12.33,0.74,10,informational,5400;3600;2900;2900;3600;2900;2900;2900;2400;2400;2400;2400,0.61,yes,jobs
certification in product management,product management,product,2900,12.33,0.74,10,informational,5400;3600;2900;2900;3600;2900;2900;2900;2400;2400;2400;2400,0.61,yes,jobs
certification product management,product management,product,2900,12.33,0.74,10,informational,5400;3600;2900;2900;3600;2900;2900;2900;2400;2400;2400;2400,0.61,yes,jobs
certifications for product management,product management,product,2900,12.33,0.74,10,informational,5400;3600;2900;2900;3600;2900;2900;2900;2400;2400;2400;2400,0.61,yes,
certified product management,product management,product,2900,12.33,0.74,10,informational,5400;3600;2900;2900;3600;2900;2900;2900;2400;2400;2400;2400,0.61,yes,jobs
check accessibility website,accessibility,design,2900,16.74,0.56,76,informational,3600;2900;2400;2400;3600;3600;5400;4400;2900;2400;2400;2400,0.81,yes,
check site accessibility,accessibility,design,2900,16.74,0.56,76,informational,3600;2900;2400;2400;3600;3600;5400;4400;2900;2400;2400;2400,0.81,yes,
check site for accessibility,accessibility,design,2900,16.74,0.56,76,transactional,3600;2900;2400;2400;3600;3600;5400;4400;2900;2400;2400;2400,0.81,yes,
check website for accessibility,accessibility,design,2900,16.74,0.56,76,informational,3600;2900;2400;2400;3600;3600;5400;4400;2900;2400;2400;2400,0.81,yes,
data accessibility,accessibility,design,2900,13.26,0.01,13,informational,2900;2900;2400;2400;2400;2400;2900;2900;2900;2900;2900;2900,1.06,no,
database accessibility,accessibility,design,2900,13.26,0.01,13,informational,2900;2900;2400;2400;2400;2400;2900;2900;2900;2900;2900;2900,1.06,no,
define user persona,user persona,design,2900,0.23,0,23,informational,2900;3600;2900;2900;2900;2900;2900;2900;2400;1900;1900;2400,0.66,no,
easier accessibility,accessibility,design,2900,3.61,0.03,41,informational,2400;2400;2400;2400;2400;2400;2400;2900;2400;2900;3600;4400,1.51,no,
format for user stories,user stories,product,2900,3.73,0.06,21,informational,4400;2900;2900;2900;3600;3600;3600;3600;2900;1900;1900;1900,0.56,yes,
hello interview system design,design system,design,2900,7.92,0.02,7,navigational,2400;2400;2400;2400;2900;2900;3600;2900;2900;2900;2900;3600,1.31,no,
high contrast accessibility,accessibility,design,2900,,0,28,informational,1300;1900;2400;2400;3600;4400;4400;4400;4400;2400;1300;2900,1.18,yes,
jira product discovery,product discovery,product,2900,3.64,0.07,12,navigational,3600;3600;2900;2900;3600;2900;2900;2900;2900;2900;2900;2900,0.86,no,brand
job product owner,product owner,product,2900,1.81,0.12,0,navigational,3600;2900;2900;2900;3600;2900;3600;2900;2900;2900;2900;2900,0.93,no,jobs
jobs product owner,product owner,product,2900,1.81,0.12,0,navigational,3600;2900;2900;2900;3600;2900;3600;2900;2900;2900;2900;2900,0.93,no,jobs
marketing and product management,product management,product,2900,12.35,0.05,9,informational,3600;3600;2900;2400;2900;2900;2900;2900;2900;2400;2400;2900,0.76,no,
marketing in product management,product management,product,2900,12.35,0.05,0,informational,3600;3600;2900;2400;2900;2900;2900;2900;2900;2400;2400;2900,0.76,no,
marketing product management,product management,product,2900,12.35,0.05,0,informational,3600;3600;2900;2400;2900;2900;2900;2900;2900;2400;2400;2900,0.76,no,
marketing to product management,product management,product,2900,12.35,0.05,0,commercial,3600;3600;2900;2400;2900;2900;2900;2900;2900;2400;2400;2900,0.76,no,
online accessibility test,accessibility,design,2900,16.74,0.56,76,informational,3600;2900;2400;2400;3600;3600;5400;4400;2900;2400;2400;2400,0.81,yes,
online accessibility testing,accessibility,design,2900,16.74,0.56,76,informational,3600;2900;2400;2400;3600;3600;5400;4400;2900;2400;2400;2400,0.81,yes,
patient accessibility,accessibility,design,2900,13.29,0.01,9,informational,2900;2400;1900;1900;2400;2400;2900;2900;2400;2900;2900;8100,1.93,yes,
prd product requirements document template,product requirements,product,2900,6.33,0.06,6,informational,3600;2400;1600;1600;1900;1900;2900;2400;2900;2400;1900;9900,1.87,yes,
product data management solidworks,product management,product,2900,10.01,0.26,0,navigational,2900;2900;2400;1900;2900;2900;2900;2900;2900;2900;2900;2900,1.06,no,
product in marketing management,product management,product,2900,12.35,0.05,0,informational,3600;3600;2900;2400;2900;2900;2900;2900;2900;2400;2400;2900,0.76,no,
product lifecycle management siemens,product management,product,2900,8.06,0.08,5,navigational,3600;2900;1900;2400;2900;2900;2900;2900;2900;3600;2400;2400,1.00,no,
product management and product marketing,product management,product,2900,12.35,0.05,0,informational,3600;3600;2900;2400;2900;2900;2900;2900;2900;2400;2400;2900,0.76,no,
product management cert,product management,product,2900,12.33,0.74,10,informational,5400;3600;2900;2900;3600;2900;2900;2900;2400;2400;2400;2400,0.61,yes,
product management certification,product management,product,2900,12.33,0.74,10,informational,5400;3600;2900;2900;3600;2900;2900;2900;2400;2400;2400;2400,0.61,yes,jobs
product management in marketing,product management,product,2900,12.35,0.05,0,informational,3600;3600;2900;2400;2900;2900;2900;2900;2900;2400;2400;2900,0.76,no,
product management interview questions,product management,product,2900,0.9,0.13,14,informational,5400;3600;2900;2400;2900;2900;3600;2900;2900;2400;2400;2400,0.61,yes,jobs
product management marketing,product management,product,2900,12.35,0.05,0,informational,3600;3600;2900;2400;2900;2900;2900;2900;2900;2400;2400;2900,0.76,no,
product management remote,product management,product,2900,1.54,0.02,0,informational,3600;2900;2400;2400;3600;2900;2900;2900;2900;2900;2400;2900,0.92,no,
product marketing and product management,product management,product,2900,12.35,0.05,0,informational,3600;3600;2900;2400;2900;2900;2900;2900;2900;2400;2400;2900,0.76,no,
product marketing management,product management,product,2900,12.35,0.05,0,informational,3600;3600;2900;2400;2900;2900;2900;2900;2900;2400;2400;2900,0.76,no,
product marketing product management,product management,product,2900,12.35,0.05,0,informational,3600;3600;2900;2400;2900;2900;2900;2900;2900;2400;2400;2900,0.76,no,
product marketing to product management,product management,product,2900,12.35,0.05,0,informational,3600;3600;2900;2400;2900;2900;2900;2900;2900;2400;2400;2900,0.76,no,
product owner,product owner,product,2900,8.96,0.05,9,navigational,4400;3600;2900;2400;3600;3600;2900;2900;2900;2900;2400;2900,0.75,no,
product owner job,product owner,product,2900,1.81,0.12,0,informational,3600;2900;2900;2900;3600;2900;3600;2900;2900;2900;2900;2900,0.93,no,jobs
product owner jobs,product owner,product,2900,1.81,0.12,0,informational,3600;2900;2900;2900;3600;2900;3600;2900;2900;2900;2900;2900,0.93,no,jobs
product owner position,product owner,product,2900,1.81,0.12,0,navigational,3600;2900;2900;2900;3600;2900;3600;2900;2900;2900;2900;2900,0.93,no,
product owner positions,product owner,product,2900,1.81,0.12,0,informational,3600;2900;2900;2900;3600;2900;3600;2900;2900;2900;2900;2900,0.93,no,
product owner vacancies,product owner,product,2900,1.81,0.12,0,navigational,3600;2900;2900;2900;3600;2900;3600;2900;2900;2900;2900;2900,0.93,no,
product owner vacancy,product owner,product,2900,1.81,0.12,0,navigational,3600;2900;2900;2900;3600;2900;3600;2900;2900;2900;2900;2900,0.93,no,
product requirements document sample,product requirements,product,2900,6.33,0.06,16,informational,3600;2400;1600;1600;1900;1900;2900;2400;2900;2400;1900;9900,1.87,yes,
product requirements document template,product requirements,product,2900,6.33,0.06,11,informational,3600;2400;1600;1600;1900;1900;2900;2400;2900;2400;1900;9900,1.87,yes,
product requirements document template word,product requirements,product,2900,6.33,0.06,6,informational,3600;2400;1600;1600;1900;1900;2900;2400;2900;2400;1900;9900,1.87,yes,
product requirements document templates,product requirements,product,2900,6.33,0.06,6,informational,3600;2400;1600;1600;1900;1900;2900;2400;2900;2400;1900;9900,1.87,yes,
product requirements template,product requirements,product,2900,6.33,0.06,11,informational,3600;2400;1600;1600;1900;1900;2900;2400;2900;2400;1900;9900,1.87,yes,
remote product management,product management,product,2900,1.54,0.02,0,informational,3600;2900;2400;2400;3600;2900;2900;2900;2900;2900;2400;2900,0.92,no,
sample product requirements document,product requirements,product,2900,6.33,0.06,6,informational,3600;2400;1600;1600;1900;1900;2900;2400;2900;2400;1900;9900,1.87,yes,
siemens product lifecycle management,product management,product,2900,8.06,0.08,46,navigational,3600;2900;1900;2400;2900;2900;2900;2900;2900;3600;2400;2400,1.00,no,
siemens product lifecycle management software,product management,product,2900,8.06,0.08,46,navigational,3600;2900;1900;2400;2900;2900;2900;2900;2900;3600;2400;2400,1.00,no,
siemens product lifecycle management software inc,product management,product,2900,8.06,0.08,15,navigational,3600;2900;1900;2400;2900;2900;2900;2900;2900;3600;2400;2400,1.00,no,
site accessibility checker,accessibility,design,2900,16.74,0.56,76,navigational,3600;2900;2400;2400;3600;3600;5400;4400;2900;2400;2400;2400,0.81,yes,
site accessibility test,accessibility,design,2900,16.74,0.56,76,informational,3600;2900;2400;2400;3600;3600;5400;4400;2900;2400;2400;2400,0.81,yes,
solidworks product data management,product management,product,2900,10.01,0.26,0,navigational,2900;2900;2400;1900;2900;2900;2900;2900;2900;2900;2900;2900,1.06,no,
talkback accessibility service has dimmed the screen,accessibility,design,2900,,0,0,navigational,3600;4400;3600;2900;2900;3600;2900;2900;2900;2400;1900;2400,0.58,yes,
template for user stories,user stories,product,2900,3.73,0.06,21,informational,4400;2900;2900;2900;3600;3600;3600;3600;2900;1900;1900;1900,0.56,yes,
templates for user stories,user stories,product,2900,3.73,0.06,21,informational,4400;2900;2900;2900;3600;3600;3600;3600;2900;1900;1900;1900,0.56,yes,
test a website for accessibility,accessibility,design,2900,16.74,0.56,76,informational,3600;2900;2400;2400;3600;3600;5400;4400;2900;2400;2400;2400,0.81,yes,
test accessibility of website,accessibility,design,2900,16.74,0.56,76,informational,3600;2900;2400;2400;3600;3600;5400;4400;2900;2400;2400;2400,0.81,yes,
test accessibility website,accessibility,design,2900,16.74,0.56,76,informational,3600;2900;2400;2400;3600;3600;5400;4400;2900;2400;2400;2400,0.81,yes,
test site accessibility,accessibility,design,2900,16.74,0.56,76,informational,3600;2900;2400;2400;3600;3600;5400;4400;2900;2400;2400;2400,0.81,yes,
test site for accessibility,accessibility,design,2900,16.74,0.56,76,informational,3600;2900;2400;2400;3600;3600;5400;4400;2900;2400;2400;2400,0.81,yes,
test web accessibility,accessibility,design,2900,16.74,0.56,94,informational,3600;2900;2400;2400;3600;3600;5400;4400;2900;2400;2400;2400,0.81,yes,
test website for accessibility,accessibility,design,2900,16.74,0.56,55,informational,3600;2900;2400;2400;3600;3600;5400;4400;2900;2400;2400;2400,0.81,yes,
testing a website for accessibility,accessibility,design,2900,16.74,0.56,76,informational,3600;2900;2400;2400;3600;3600;5400;4400;2900;2400;2400;2400,0.81,yes,
testing web accessibility,accessibility,design,2900,16.74,0.56,76,informational,3600;2900;2400;2400;3600;3600;5400;4400;2900;2400;2400;2400,0.81,yes,
total accessibility,accessibility,design,2900,4.73,0.03,17,informational,3600;3600;3600;2900;2900;2400;2400;2400;1900;1900;2400;2400,0.62,no,
user persona definition,user persona,design,2900,0.23,0,23,informational,2900;3600;2900;2900;2900;2900;2900;2900;2400;1900;1900;2400,0.66,no,
user stories format,user stories,product,2900,3.73,0.06,21,informational,4400;2900;2900;2900;3600;3600;3600;3600;2900;1900;1900;1900,0.56,yes,
user stories template,user stories,product,2900,3.73,0.06,21,informational,4400;2900;2900;2900;3600;3600;3600;3600;2900;1900;1900;1900,0.56,yes,
user stories templates,user stories,product,2900,3.73,0.06,21,informational,4400;2900;2900;2900;3600;3600;3600;3600;2900;1900;1900;1900,0.56,yes,
ux research,ux research,design,2900,13.11,0.16,23,informational,2900;2900;2400;2400;3600;2900;2900;2900;2900;3600;2400;2900,1.09,no,
voice accessibility,accessibility,design,2900,0.71,0.01,30,informational,2900;2900;2900;3600;3600;2900;2900;2900;2900;2400;1900;2400,0.77,no,
web accessibility,accessibility,design,2900,17.53,0.35,94,informational,3600;2900;2400;2400;2900;2900;3600;3600;2900;2400;2400;1900,0.75,no,
website accessibility check,accessibility,design,2900,16.74,0.56,76,informational,3600;2900;2400;2400;3600;3600;5400;4400;2900;2400;2400;2400,0.81,yes,
website accessibility checker,accessibility,design,2900,16.74,0.56,76,informational,3600;2900;2400;2400;3600;3600;5400;4400;2900;2400;2400;2400,0.81,yes,
website accessibility test,accessibility,design,2900,16.74,0.56,76,informational,3600;2900;2400;2400;3600;3600;5400;4400;2900;2400;2400;2400,0.81,yes,
website accessibility tester,accessibility,design,2900,16.74,0.56,76,informational,3600;2900;2400;2400;3600;3600;5400;4400;2900;2400;2400;2400,0.81,yes,
website check accessibility,accessibility,design,2900,16.74,0.56,76,informational,3600;2900;2400;2400;3600;3600;5400;4400;2900;2400;2400;2400,0.81,yes,
website test accessibility,accessibility,design,2900,16.74,0.56,94,informational,3600;2900;2400;2400;3600;3600;5400;4400;2900;2400;2400;2400,0.81,yes,
design thinking what is,design thinking,offmap,2400,5.22,0.17,56,informational,3600;2900;2400;1900;2400;2900;2900;2400;1900;1600;1300;1900,0.54,yes,
internship for product management,product management,product,2400,4.01,0.06,0,informational,3600;3600;2900;1900;2400;2400;1900;1600;1300;1000;1300;1600,0.39,yes,
jobs to be done,jobs to be done,offmap,2400,3.07,0.1,44,informational,2900;2900;2400;1900;2900;2900;2900;2900;2400;2400;1900;1900,0.76,no,jobs
map of paul's journey,journey map,design,2400,0.25,0.59,0,informational,2400;2900;2900;1900;2400;2400;2400;2900;2400;1900;1900;2400,0.76,no,
map of paul's missionary journey,journey map,design,2400,0.25,0.59,0,informational,2400;2900;2900;1900;2400;2400;2400;2900;2400;1900;1900;2400,0.76,no,
map paul's missionary journey,journey map,design,2400,0.25,0.59,0,informational,2400;2900;2900;1900;2400;2400;2400;2900;2400;1900;1900;2400,0.76,no,
map user journey,journey map,design,2400,13.58,0.2,26,navigational,3600;3600;2900;1900;2400;3600;3600;2900;1900;1900;1900;1900,0.56,no,
matrix for prioritization,prioritization,product,2400,3.41,0.14,21,informational,2900;2900;2400;1900;2400;2900;2400;2400;1900;1900;1900;1600,0.66,no,
matrix prioritization,prioritization,product,2400,3.41,0.14,21,informational,2900;2900;2400;1900;2400;2900;2400;2400;1900;1900;1900;1600,0.66,no,
prioritization in spanish,prioritization,product,2400,,0,0,informational,2400;2400;2400;1900;2400;2400;2400;2400;2400;1900;1600;1900,0.75,no,
prioritization matrix,prioritization,product,2400,3.41,0.14,21,informational,2900;2900;2400;1900;2400;2900;2400;2400;1900;1900;1900;1600,0.66,no,
prioritization meaning,prioritization,product,2400,,0,8,informational,2900;3600;2900;2900;3600;3600;2900;2400;1900;1600;1600;1600,0.51,yes,
product & service management,product management,product,2400,14.49,0.01,0,informational,9900;3600;1600;1900;3600;3600;1900;1600;720;170;110;2900,0.21,yes,
product and service management,product management,product,2400,14.49,0.01,0,informational,9900;3600;1600;1900;3600;3600;1900;1600;720;170;110;2900,0.21,yes,
product and services management,product management,product,2400,14.49,0.01,0,informational,9900;3600;1600;1900;3600;3600;1900;1600;720;170;110;2900,0.21,yes,
product life cycle management system,product management,product,2400,25.1,0.34,16,informational,2900;2400;1900;1600;1900;2400;2900;2400;1900;2400;2400;1900,0.93,no,
product life cycle management systems,product management,product,2400,25.1,0.34,36,informational,2900;2400;1900;1600;1900;2400;2900;2400;1900;2400;2400;1900,0.93,no,
product lifecycle management system,product management,product,2400,25.1,0.34,36,informational,2900;2400;1900;1600;1900;2400;2900;2400;1900;2400;2400;1900,0.93,no,
product lifecycle management systems,product management,product,2400,25.1,0.34,36,commercial,2900;2400;1900;1600;1900;2400;2900;2400;1900;2400;2400;1900,0.93,no,
product management as a service,product management,product,2400,14.49,0.01,0,commercial,9900;3600;1600;1900;3600;3600;1900;1600;720;170;110;2900,0.21,yes,
product management for services,product management,product,2400,14.49,0.01,0,informational,9900;3600;1600;1900;3600;3600;1900;1600;720;170;110;2900,0.21,yes,
product management intern,product management,product,2400,4.01,0.06,0,informational,3600;3600;2900;1900;2400;2400;1900;1600;1300;1000;1300;1600,0.39,yes,
product management internship,product management,product,2400,4.01,0.06,0,informational,3600;3600;2900;1900;2400;2400;1900;1600;1300;1000;1300;1600,0.39,yes,
product management internships,product management,product,2400,4.01,0.06,0,informational,3600;3600;2900;1900;2400;2400;1900;1600;1300;1000;1300;1600,0.39,yes,
product management service,product management,product,2400,14.49,0.01,6,commercial,9900;3600;1600;1900;3600;3600;1900;1600;720;170;110;2900,0.21,yes,
product management services,product management,product,2400,14.49,0.01,0,commercial,9900;3600;1600;1900;3600;3600;1900;1600;720;170;110;2900,0.21,yes,
product service management,product management,product,2400,14.49,0.01,0,informational,9900;3600;1600;1900;3600;3600;1900;1600;720;170;110;2900,0.21,yes,
product services management,product management,product,2400,14.49,0.01,0,informational,9900;3600;1600;1900;3600;3600;1900;1600;720;170;110;2900,0.21,yes,
product/service management,product management,product,2400,14.49,0.01,0,informational,9900;3600;1600;1900;3600;3600;1900;1600;720;170;110;2900,0.21,yes,
service product management,product management,product,2400,14.49,0.01,7,informational,9900;3600;1600;1900;3600;3600;1900;1600;720;170;110;2900,0.21,yes,
services product management,product management,product,2400,14.49,0.01,12,informational,9900;3600;1600;1900;3600;3600;1900;1600;720;170;110;2900,0.21,yes,
stakeholder in management,stakeholder management,product,2400,3.79,0.05,17,navigational,2900;2400;1600;2900;4400;3600;2900;2400;1900;1900;1600;1600,0.74,yes,
stakeholder management,stakeholder management,product,2400,3.79,0.05,17,navigational,2900;2400;1600;2900;4400;3600;2900;2400;1900;1900;1600;1600,0.74,yes,
system design life cycle stages,design system,design,2400,31.96,0.18,34,informational,2900;2400;1900;1900;2400;2400;2900;2400;2400;1900;1900;1900,0.79,no,
system design primer,design system,design,2400,4.89,0.02,3,informational,1900;1900;1900;1600;1900;1900;2400;2400;2900;2900;2400;2400,1.35,no,
system design-primer,design system,design,2400,4.89,0.02,1,informational,1900;1900;1900;1600;1900;1900;2400;2400;2900;2900;2400;2400,1.35,no,
testing usability,usability testing,design,2400,20.89,0.14,35,informational,2900;2900;2400;1900;1900;2400;2900;2400;1900;2400;1900;1900,0.76,no,
usability testing,usability testing,design,2400,20.89,0.14,35,informational,2900;2900;2400;1900;1900;2400;2900;2400;1900;2400;1900;1900,0.76,no,
use journey map,journey map,design,2400,13.58,0.2,26,informational,3600;3600;2900;1900;2400;3600;3600;2900;1900;1900;1900;1900,0.56,no,
user journey map,journey map,design,2400,13.58,0.2,26,navigational,3600;3600;2900;1900;2400;3600;3600;2900;1900;1900;1900;1900,0.56,no,
verizon pricing strategy customer churn,pricing strategy,business,2400,,,0,commercial,0;0;0;0;0;33100;30;20;10;10;10;0,,yes,
what is a design thinking,design thinking,offmap,2400,5.22,0.17,56,informational,3600;2900;2400;1900;2400;2900;2900;2400;1900;1600;1300;1900,0.54,yes,
what is design thinking,design thinking,offmap,2400,5.22,0.17,56,informational,3600;2900;2400;1900;2400;2900;2900;2400;1900;1600;1300;1900,0.54,yes,
what is the design thinking,design thinking,offmap,2400,5.22,0.17,56,informational,3600;2900;2400;1900;2400;2900;2900;2400;1900;1600;1300;1900,0.54,yes,
a b testing what is,a/b testing,business,1900,5.29,0.06,58,informational,1900;1900;1600;1600;1900;1900;2400;2400;1900;1600;1600;1600,0.89,no,
grokking the system design interview,design system,design,1900,5.17,0.44,13,informational,3600;2900;2400;1900;2400;2400;2400;1600;1900;1900;1300;1600,0.54,yes,
journey planner map,journey map,design,1900,4.78,0.22,73,informational,1900;1900;1600;1600;1600;1600;1900;1900;1900;1600;1900;1600,0.94,no,
life cycle product management,product management,product,1900,16.57,0.29,36,informational,3600;2400;1600;1600;1900;1900;2400;1900;1300;1600;1600;1300,0.59,yes,
lifecycle management product,product management,product,1900,16.57,0.29,36,informational,3600;2400;1600;1600;1900;1900;2400;1900;1300;1600;1600;1300,0.59,yes,
lifecycle product management,product management,product,1900,16.57,0.29,36,informational,3600;2400;1600;1600;1900;1900;2400;1900;1300;1600;1600;1300,0.59,yes,
map journey planner,journey map,design,1900,4.78,0.22,60,navigational,1900;1900;1600;1600;1600;1600;1900;1900;1900;1600;1900;1600,0.94,no,
map of jesus journey,journey map,design,1900,0.18,0.39,0,informational,2400;2400;1900;2400;2400;2400;2900;2900;1600;1300;1300;1600,0.63,yes,
object oriented system analysis and design,design system,design,1900,,0,2,informational,2400;2400;1900;1900;2400;1900;2400;1900;1900;1900;1600;1900,0.81,no,
object-oriented system analysis and design,design system,design,1900,,0,2,informational,2400;2400;1900;1900;2400;1900;2400;1900;1900;1900;1600;1900,0.81,no,
persona user,user persona,design,1900,17.18,0.02,31,navigational,2900;2900;1900;1300;1900;2400;2400;1900;1300;1000;1300;1300,0.47,yes,
persona user experience,user persona,design,1900,17.18,0.02,23,navigational,2900;2900;1900;1300;1900;2400;2400;1900;1300;1000;1300;1300,0.47,yes,
pim product information management software,product management,product,1900,28.89,0.03,31,informational,2900;1900;2400;1900;1900;2400;2900;2400;1600;880;880;880,0.37,yes,
plm product lifecycle management,product management,product,1900,16.57,0.29,36,informational,3600;2400;1600;1600;1900;1900;2400;1900;1300;1600;1600;1300,0.59,yes,
prioritization of tasks,prioritization,product,1900,7.84,0.03,12,informational,2900;1900;1300;2400;3600;2900;1900;1900;1600;1000;1300;1300,0.59,yes,
prioritization task,prioritization,product,1900,7.84,0.03,4,informational,2900;1900;1300;2400;3600;2900;1900;1900;1600;1000;1300;1300,0.59,yes,
product data management software,product management,product,1900,13.44,0.03,0,commercial,3600;1900;1300;1600;2400;1900;1900;1300;1300;1300;1000;1600,0.57,yes,
product data management softwares,product management,product,1900,13.44,0.03,0,commercial,3600;1900;1300;1600;2400;1900;1900;1300;1300;1300;1000;1600,0.57,yes,
product information management software,product management,product,1900,28.89,0.03,26,commercial,2900;1900;2400;1900;1900;2400;2900;2400;1600;880;880;880,0.37,yes,
product life cycle in management,product management,product,1900,16.57,0.29,36,informational,3600;2400;1600;1600;1900;1900;2400;1900;1300;1600;1600;1300,0.59,yes,
product lifecycle management,product management,product,1900,16.57,0.29,36,informational,3600;2400;1600;1600;1900;1900;2400;1900;1300;1600;1600;1300,0.59,yes,
product management certificate,product management,product,1900,11.77,0.65,0,informational,2900;2400;1900;1600;2400;1900;1900;1600;1600;1300;1600;1300,0.58,yes,course
product management certifications,product management,product,1900,11.77,0.65,0,informational,2900;2400;1900;1600;2400;1900;1900;1600;1600;1300;1600;1300,0.58,yes,
product management life cycle,product management,product,1900,16.57,0.29,11,informational,3600;2400;1600;1600;1900;1900;2400;1900;1300;1600;1600;1300,0.59,yes,
product management lifecycle,product management,product,1900,16.57,0.29,36,informational,3600;2400;1600;1600;1900;1900;2400;1900;1300;1600;1600;1300,0.59,yes,
product management versus project management,product management,product,1900,9.63,0.06,0,informational,2400;1900;1600;1600;1900;1900;2400;1900;1600;1600;1900;1900,0.92,no,
product management vs product owner,product management;product owner,product,1900,2.64,0.09,0,informational,2400;1900;1600;1600;1900;1900;1900;1900;1600;1600;1600;1600,0.81,no,
product management vs project management,product management,product,1900,9.63,0.06,0,informational,2400;1900;1600;1600;1900;1900;2400;1900;1600;1600;1900;1900,0.92,no,
product manager vs owner,product owner,product,1900,2.64,0.09,0,informational,2400;1900;1600;1600;1900;1900;1900;1900;1600;1600;1600;1600,0.81,no,
product owner vs product manager,product owner,product,1900,2.64,0.09,0,informational,2400;1900;1600;1600;1900;1900;1900;1900;1600;1600;1600;1600,0.81,no,
product-lifecycle-management,product management,product,1900,16.57,0.29,36,informational,3600;2400;1600;1600;1900;1900;2400;1900;1300;1600;1600;1300,0.59,yes,
project management vs product management,product management,product,1900,9.63,0.06,0,informational,2400;1900;1600;1600;1900;1900;2400;1900;1600;1600;1900;1900,0.92,no,
project vs product management,product management,product,1900,9.63,0.06,0,informational,2400;1900;1600;1600;1900;1900;2400;1900;1600;1600;1900;1900,0.92,no,
task prioritization,prioritization,product,1900,7.84,0.03,4,informational,2900;1900;1300;2400;3600;2900;1900;1900;1600;1000;1300;1300,0.59,yes,
tasks prioritization,prioritization,product,1900,7.84,0.03,4,informational,2900;1900;1300;2400;3600;2900;1900;1900;1600;1000;1300;1300,0.59,yes,
user experience persona,user persona,design,1900,17.18,0.02,28,navigational,2900;2900;1900;1300;1900;2400;2400;1900;1300;1000;1300;1300,0.47,yes,
user persona,user persona,design,1900,17.18,0.02,28,navigational,2900;2900;1900;1300;1900;2400;2400;1900;1300;1000;1300;1300,0.47,yes,
ux writing,ux writing,design,1900,6.52,0.06,18,informational,2900;2400;1900;2400;2900;1900;1900;1900;1900;1300;1300;1300,0.54,yes,
what does okr stand for,okr,business,1900,0.16,0.1,57,informational,2400;2400;1900;1900;3600;2400;2400;2400;1600;1600;1600;1300,0.67,yes,
what does okr stands for,okr,business,1900,0.16,0.1,57,informational,2400;2400;1900;1900;3600;2400;2400;2400;1600;1600;1600;1300,0.67,yes,
what is a and b testing,a/b testing,business,1900,5.29,0.06,58,informational,1900;1900;1600;1600;1900;1900;2400;2400;1900;1600;1600;1600,0.89,no,
what is a b split testing,a/b testing,business,1900,5.29,0.06,48,informational,1900;1900;1600;1600;1900;1900;2400;2400;1900;1600;1600;1600,0.89,no,
what is a b testing,a/b testing,business,1900,5.29,0.06,49,informational,1900;1900;1600;1600;1900;1900;2400;2400;1900;1600;1600;1600,0.89,no,
what is a&b testing,a/b testing,business,1900,5.29,0.06,58,informational,1900;1900;1600;1600;1900;1900;2400;2400;1900;1600;1600;1600,0.89,no,
what is a-b testing,a/b testing,business,1900,5.29,0.06,58,informational,1900;1900;1600;1600;1900;1900;2400;2400;1900;1600;1600;1600,0.89,no,
what is a/b split testing,a/b testing,business,1900,5.29,0.06,58,informational,1900;1900;1600;1600;1900;1900;2400;2400;1900;1600;1600;1600,0.89,no,
what is a/b testing,a/b testing,business,1900,5.29,0.06,58,informational,1900;1900;1600;1600;1900;1900;2400;2400;1900;1600;1600;1600,0.89,no,
what is a/b testing software,a/b testing,business,1900,5.29,0.06,32,informational,1900;1900;1600;1600;1900;1900;2400;2400;1900;1600;1600;1600,0.89,no,
what is product lifecycle management,product management,product,1900,16.82,0.03,36,informational,1900;1900;1600;1300;1900;1900;2400;1900;1900;1900;1900;1900,1.06,no,
what is product lifecycle management software,product management,product,1900,16.82,0.03,36,informational,1900;1900;1600;1300;1900;1900;2400;1900;1900;1900;1900;1900,1.06,no,
a b c testing,a/b testing,business,1600,0.51,0,18,informational,1900;1900;1600;1600;1600;1600;1600;1900;1600;1300;1300;1300,0.72,no,
a/b/c testing,a/b testing,business,1600,0.51,0,48,informational,1900;1900;1600;1600;1600;1600;1600;1900;1600;1300;1300;1300,0.72,no,
acceptance criteria for user stories examples,user stories,product,1600,4.55,0,26,informational,880;880;1600;1600;1900;2400;2400;2400;1900;1300;880;1300,1.04,yes,
agile development user stories examples,user stories,product,1600,4.84,0.01,13,informational,1600;880;1600;1900;1900;2400;2400;2400;2400;720;480;1000,0.54,yes,
agile development user stories template,user stories,product,1600,4.84,0.01,11,navigational,1600;880;1600;1900;1900;2400;2400;2400;2400;720;480;1000,0.54,yes,
agile methodology user stories example,user stories,product,1600,4.84,0.01,13,informational,1600;880;1600;1900;1900;2400;2400;2400;2400;720;480;1000,0.54,yes,
agile methodology user stories template,user stories,product,1600,4.84,0.01,13,informational,1600;880;1600;1900;1900;2400;2400;2400;2400;720;480;1000,0.54,yes,
agile user stories example,user stories,product,1600,4.84,0.01,13,informational,1600;880;1600;1900;1900;2400;2400;2400;2400;720;480;1000,0.54,yes,
agile user stories examples,user stories,product,1600,4.84,0.01,13,informational,1600;880;1600;1900;1900;2400;2400;2400;2400;720;480;1000,0.54,yes,
agile user stories format,user stories,product,1600,4.84,0.01,13,informational,1600;880;1600;1900;1900;2400;2400;2400;2400;720;480;1000,0.54,yes,
agile user stories template,user stories,product,1600,4.84,0.01,13,informational,1600;880;1600;1900;1900;2400;2400;2400;2400;720;480;1000,0.54,yes,
cadence design system stock,design system,design,1600,3.29,0.01,18,navigational,1600;1900;880;1000;1300;1600;880;1900;2400;1900;1600;1900,1.23,yes,
calculate retention rate,retention rate,business,1600,2.92,0.05,16,informational,1600;1600;1600;1600;1900;1900;1900;1900;1900;1000;1000;1300,0.69,no,
calculating retention rate,retention rate,business,1600,2.92,0.05,18,informational,1600;1600;1600;1600;1900;1900;1900;1900;1900;1000;1000;1300,0.69,no,
calculation of retention rate,retention rate,business,1600,2.92,0.05,18,informational,1600;1600;1600;1600;1900;1900;1900;1900;1900;1000;1000;1300,0.69,no,
course for product management,product management,product,1600,11.89,0.59,25,informational,2900;2400;1600;1600;1900;1300;1900;1600;1300;1000;1300;880,0.46,yes,course
course in product management,product management,product,1600,11.89,0.59,25,informational,2900;2400;1600;1600;1900;1300;1900;1600;1300;1000;1300;880,0.46,yes,course
course on product management,product management,product,1600,11.89,0.59,25,informational,2900;2400;1600;1600;1900;1300;1900;1600;1300;1000;1300;880,0.46,yes,course
course product management,product management,product,1600,11.89,0.59,25,informational,2900;2400;1600;1600;1900;1300;1900;1600;1300;1000;1300;880,0.46,yes,course
courses for product management,product management,product,1600,11.89,0.59,25,informational,2900;2400;1600;1600;1900;1300;1900;1600;1300;1000;1300;880,0.46,yes,course
courses on product management,product management,product,1600,11.89,0.59,25,informational,2900;2400;1600;1600;1900;1300;1900;1600;1300;1000;1300;880,0.46,yes,course
courses product management,product management,product,1600,11.89,0.59,25,informational,2900;2400;1600;1600;1900;1300;1900;1600;1300;1000;1300;880,0.46,yes,course
design support system,design system,design,1600,19.87,0.05,23,informational,1900;1900;1600;1600;1600;1600;1600;1600;1600;1300;1000;1000,0.61,no,
design system interview questions,design system,design,1600,3.26,0.28,6,informational,1900;1900;1600;1300;1600;1600;1600;1600;1300;1300;1000;1000,0.61,no,jobs
employee retention rate formula,retention rate,business,1600,2.92,0.05,11,informational,1600;1600;1600;1600;1900;1900;1900;1900;1900;1000;1000;1300,0.69,no,
example of user stories,user stories,product,1600,1.84,0.02,12,informational,2900;1900;1600;1300;1600;1900;1900;1900;1600;880;880;1300,0.48,yes,
example of user stories in agile,user stories,product,1600,4.84,0.01,13,informational,1600;880;1600;1900;1900;2400;2400;2400;2400;720;480;1000,0.54,yes,
example user stories,user stories,product,1600,1.84,0.02,12,informational,2900;1900;1600;1300;1600;1900;1900;1900;1600;880;880;1300,0.48,yes,
example user stories agile,user stories,product,1600,4.84,0.01,13,informational,1600;880;1600;1900;1900;2400;2400;2400;2400;720;480;1000,0.54,yes,
examples of agile user stories,user stories,product,1600,4.84,0.01,13,informational,1600;880;1600;1900;1900;2400;2400;2400;2400;720;480;1000,0.54,yes,
examples of user stories,user stories,product,1600,1.84,0.02,12,informational,2900;1900;1600;1300;1600;1900;1900;1900;1600;880;880;1300,0.48,yes,
examples of user stories agile,user stories,product,1600,4.84,0.01,13,informational,1600;880;1600;1900;1900;2400;2400;2400;2400;720;480;1000,0.54,yes,
examples of user stories for agile development,user stories,product,1600,4.84,0.01,13,informational,1600;880;1600;1900;1900;2400;2400;2400;2400;720;480;1000,0.54,yes,
examples of user stories in agile,user stories,product,1600,4.84,0.01,13,informational,1600;880;1600;1900;1900;2400;2400;2400;2400;720;480;1000,0.54,yes,
examples of user stories with acceptance criteria,user stories,product,1600,4.55,0,15,informational,880;880;1600;1600;1900;2400;2400;2400;1900;1300;880;1300,1.04,yes,
examples user stories,user stories,product,1600,1.84,0.02,12,informational,2900;1900;1600;1300;1600;1900;1900;1900;1600;880;880;1300,0.48,yes,
formula for employee retention rate,retention rate,business,1600,2.92,0.05,25,informational,1600;1600;1600;1600;1900;1900;1900;1900;1900;1000;1000;1300,0.69,no,
formula for retention rate,retention rate,business,1600,2.92,0.05,32,informational,1600;1600;1600;1600;1900;1900;1900;1900;1900;1000;1000;1300,0.69,no,
formula of retention rate,retention rate,business,1600,2.92,0.05,18,informational,1600;1600;1600;1600;1900;1900;1900;1900;1900;1000;1000;1300,0.69,no,
formula retention rate,retention rate,business,1600,2.92,0.05,18,informational,1600;1600;1600;1600;1900;1900;1900;1900;1900;1000;1000;1300,0.69,no,
information security architecture,information architecture,design,1600,13.68,0.13,12,informational,2400;1900;1600;1600;1900;1600;1900;1600;1300;1000;1300;1600,0.66,yes,
interview questions system design,design system,design,1600,3.26,0.28,6,informational,1900;1900;1600;1300;1600;1600;1600;1600;1300;1300;1000;1000,0.61,no,jobs
interview system design questions,design system,design,1600,3.26,0.28,6,informational,1900;1900;1600;1300;1600;1600;1600;1600;1300;1300;1000;1000,0.61,no,
jobs to be done framework,jobs to be done,offmap,1600,3.41,0.09,37,informational,2400;2400;1600;1600;1600;1600;1900;1600;1300;1300;1300;1300,0.61,no,jobs
jobs ux research,ux research,design,1600,3.08,0.07,3,navigational,1900;1600;1300;1300;1900;1600;1900;1600;1600;1300;1300;1300,0.81,no,jobs
jobs-to-be-done framework,jobs to be done,offmap,1600,3.41,0.09,37,informational,2400;2400;1600;1600;1600;1600;1900;1600;1300;1300;1300;1300,0.61,no,jobs
paul's missionary journey map,journey map,design,1600,0.14,0.37,7,informational,1900;1900;1900;1300;1900;1600;1900;1900;1900;1300;1300;1600,0.74,no,
product life cycle management meaning,product management,product,1600,12.49,0.02,36,informational,1600;1900;1300;1300;1600;1600;1900;1900;1600;1600;1600;1600,1.00,no,
product lifecycle management meaning,product management,product,1600,12.49,0.02,16,informational,1600;1900;1300;1300;1600;1600;1900;1900;1600;1600;1600;1600,1.00,no,
product management associate jobs,product management,product,1600,3.41,0.1,0,navigational,1900;2400;1900;1600;1900;1900;1600;1300;1000;1000;1300;1000,0.53,yes,jobs
product management class,product management,product,1600,11.89,0.59,25,informational,2900;2400;1600;1600;1900;1300;1900;1600;1300;1000;1300;880,0.46,yes,
product management classes,product management,product,1600,11.89,0.59,25,informational,2900;2400;1600;1600;1900;1300;1900;1600;1300;1000;1300;880,0.46,yes,
product management course,product management,product,1600,11.89,0.59,25,informational,2900;2400;1600;1600;1900;1300;1900;1600;1300;1000;1300;880,0.46,yes,course
product management courses,product management,product,1600,11.89,0.59,25,informational,2900;2400;1600;1600;1900;1300;1900;1600;1300;1000;1300;880,0.46,yes,course
product management duties,product management,product,1600,4.41,0.07,3,informational,2400;1900;1600;1300;1600;1600;1600;1300;1300;1000;1000;1000,0.51,yes,
product management job description,product management,product,1600,4.41,0.07,3,informational,2400;1900;1600;1300;1600;1600;1600;1300;1300;1000;1000;1000,0.51,yes,jobs
product management job descriptions,product management,product,1600,4.41,0.07,3,informational,2400;1900;1600;1300;1600;1600;1600;1300;1300;1000;1000;1000,0.51,yes,jobs
product management job profile,product management,product,1600,4.41,0.07,3,informational,2400;1900;1600;1300;1600;1600;1600;1300;1300;1000;1000;1000,0.51,yes,jobs
product management job requirements,product management;product requirements,product,1600,4.41,0.07,3,commercial,2400;1900;1600;1300;1600;1600;1600;1300;1300;1000;1000;1000,0.51,yes,jobs
product management jobs near me,product management,product,1600,0.87,0.18,0,informational,1600;1600;1300;1000;1600;1600;1900;1600;1600;1600;1600;1900,1.13,no,jobs
product requirements documents,product requirements,product,1600,9.61,0.08,36,informational,1300;1000;1000;1000;1600;1900;1900;1900;1600;1600;1600;1600,1.45,no,
retention rate calculation,retention rate,business,1600,2.92,0.05,16,informational,1600;1600;1600;1600;1900;1900;1900;1900;1900;1000;1000;1300,0.69,no,
retention rate computation,retention rate,business,1600,2.92,0.05,18,informational,1600;1600;1600;1600;1900;1900;1900;1900;1900;1000;1000;1300,0.69,no,
retention rate equation,retention rate,business,1600,2.92,0.05,18,informational,1600;1600;1600;1600;1900;1900;1900;1900;1900;1000;1000;1300,0.69,no,
retention rate formula,retention rate,business,1600,2.92,0.05,18,informational,1600;1600;1600;1600;1900;1900;1900;1900;1900;1000;1000;1300,0.69,no,
sample acceptance criteria for user stories,user stories,product,1600,4.55,0,14,commercial,880;880;1600;1600;1900;2400;2400;2400;1900;1300;880;1300,1.04,yes,
sample of user stories,user stories,product,1600,1.84,0.02,12,informational,2900;1900;1600;1300;1600;1900;1900;1900;1600;880;880;1300,0.48,yes,
sample user stories,user stories,product,1600,1.84,0.02,12,informational,2900;1900;1600;1300;1600;1900;1900;1900;1600;880;880;1300,0.48,yes,
sample user stories with acceptance criteria,user stories,product,1600,4.55,0,11,informational,880;880;1600;1600;1900;2400;2400;2400;1900;1300;880;1300,1.04,yes,
samples of user stories,user stories,product,1600,1.84,0.02,12,informational,2900;1900;1600;1300;1600;1900;1900;1900;1600;880;880;1300,0.48,yes,
senior product management,product management,product,1600,5.38,0.01,0,informational,2400;2400;2400;1000;1600;1600;1300;1600;1300;1300;1600;1600,0.62,yes,
system design interview question,design system,design,1600,3.26,0.28,6,informational,1900;1900;1600;1300;1600;1600;1600;1600;1300;1300;1000;1000,0.61,no,jobs
system design interview questions,design system,design,1600,3.26,0.28,6,informational,1900;1900;1600;1300;1600;1600;1600;1600;1300;1300;1000;1000,0.61,no,jobs
titanic journey map,journey map,design,1600,,0,4,informational,1000;1000;1600;2400;2400;1600;1900;2400;1900;1300;1600;1000,1.08,yes,
usability testing platform,usability testing,design,1600,47.19,0.1,39,informational,1900;2900;2400;1900;2400;1600;880;480;590;720;720;1000,0.34,yes,
usability testing platforms,usability testing,design,1600,47.19,0.1,28,commercial,1900;2900;2400;1900;2400;1600;880;480;590;720;720;1000,0.34,yes,
user interviews focus group,user interviews,design,1600,6.05,0.01,11,navigational,720;480;590;720;720;590;1300;1000;4400;3600;3600;2400,5.36,yes,
user interviews focus groups,user interviews,design,1600,6.05,0.01,11,navigational,720;480;590;720;720;590;1300;1000;4400;3600;3600;2400,5.36,yes,
user persona template,user persona,design,1600,9.83,0.1,22,navigational,2900;2900;1600;880;1600;1900;2400;1900;1000;880;880;880,0.36,yes,
user persona templates,user persona,design,1600,9.83,0.1,32,informational,2900;2900;1600;880;1600;1900;2400;1900;1000;880;880;880,0.36,yes,
user stories acceptance criteria examples,user stories,product,1600,4.55,0,10,informational,880;880;1600;1600;1900;2400;2400;2400;1900;1300;880;1300,1.04,yes,
user stories agile examples,user stories,product,1600,4.84,0.01,13,navigational,1600;880;1600;1900;1900;2400;2400;2400;2400;720;480;1000,0.54,yes,
user stories agile template,user stories,product,1600,4.84,0.01,13,informational,1600;880;1600;1900;1900;2400;2400;2400;2400;720;480;1000,0.54,yes,
user stories as a user example,user stories,product,1600,1.84,0.02,9,informational,2900;1900;1600;1300;1600;1900;1900;1900;1600;880;880;1300,0.48,yes,
user stories example,user stories,product,1600,1.84,0.02,12,informational,2900;1900;1600;1300;1600;1900;1900;1900;1600;880;880;1300,0.48,yes,
user stories examples,user stories,product,1600,1.84,0.02,12,informational,2900;1900;1600;1300;1600;1900;1900;1900;1600;880;880;1300,0.48,yes,
user stories examples agile,user stories,product,1600,4.84,0.01,19,navigational,1600;880;1600;1900;1900;2400;2400;2400;2400;720;480;1000,0.54,yes,
user stories examples with acceptance criteria,user stories,product,1600,4.55,0,20,informational,880;880;1600;1600;1900;2400;2400;2400;1900;1300;880;1300,1.04,yes,
user stories in agile examples,user stories,product,1600,4.84,0.01,13,informational,1600;880;1600;1900;1900;2400;2400;2400;2400;720;480;1000,0.54,yes,
user stories in agile template,user stories,product,1600,4.84,0.01,13,informational,1600;880;1600;1900;1900;2400;2400;2400;2400;720;480;1000,0.54,yes,
user stories sample,user stories,product,1600,1.84,0.02,12,informational,2900;1900;1600;1300;1600;1900;1900;1900;1600;880;880;1300,0.48,yes,
user stories samples,user stories,product,1600,1.84,0.02,12,informational,2900;1900;1600;1300;1600;1900;1900;1900;1600;880;880;1300,0.48,yes,
user stories template agile,user stories,product,1600,4.84,0.01,13,informational,1600;880;1600;1900;1900;2400;2400;2400;2400;720;480;1000,0.54,yes,
user stories template in agile,user stories,product,1600,4.84,0.01,13,informational,1600;880;1600;1900;1900;2400;2400;2400;2400;720;480;1000,0.54,yes,
ux research job,ux research,design,1600,3.08,0.07,3,navigational,1900;1600;1300;1300;1900;1600;1900;1600;1600;1300;1300;1300,0.81,no,jobs
ux research jobs,ux research,design,1600,3.08,0.07,3,navigational,1900;1600;1300;1300;1900;1600;1900;1600;1600;1300;1300;1300,0.81,no,jobs
ux research positions,ux research,design,1600,3.08,0.07,3,navigational,1900;1600;1300;1300;1900;1600;1900;1600;1600;1300;1300;1300,0.81,no,
what is a retention rate,retention rate,business,1600,0.14,0,24,informational,1900;1900;1600;1300;1600;1900;1900;1900;1300;1000;880;1300,0.59,yes,
what is retention rate,retention rate,business,1600,0.14,0,30,informational,1900;1900;1600;1300;1600;1900;1900;1900;1300;1000;880;1300,0.59,yes,
what is the retention rate,retention rate,business,1600,0.14,0,30,informational,1900;1900;1600;1300;1600;1900;1900;1900;1300;1000;880;1300,0.59,yes,
abraham's journey map,journey map,design,1300,0.23,0.13,0,informational,1600;1600;1000;720;1900;1600;1300;880;720;720;720;1000,0.58,yes,
cad design system,design system,design,1300,7.27,0.15,37,commercial,1900;1600;1300;1000;1600;1600;1600;1300;1300;1000;1000;1300,0.69,no,
carbon design system,design system,design,1300,,0,30,informational,1300;1300;1000;880;1000;1300;1300;1300;1000;1300;1000;1000,0.92,no,
certification for product owner,product owner,product,1300,6.14,0.41,15,informational,2400;1300;1000;1000;1600;1300;1300;1300;1000;880;880;1600,0.71,yes,jobs
certification product owner,product owner,product,1300,6.14,0.41,15,navigational,2400;1300;1000;1000;1600;1300;1300;1300;1000;880;880;1600,0.71,yes,jobs
certified product owner,product owner,product,1300,6.14,0.41,29,navigational,2400;1300;1000;1000;1600;1300;1300;1300;1000;880;880;1600,0.71,yes,jobs
certified product owner certificate,product owner,product,1300,6.14,0.41,15,navigational,2400;1300;1000;1000;1600;1300;1300;1300;1000;880;880;1600,0.71,yes,jobs
certified product owner certification,product owner,product,1300,6.14,0.41,15,navigational,2400;1300;1000;1000;1600;1300;1300;1300;1000;880;880;1600,0.71,yes,jobs
certified scrum product owner cspo certification,product owner,product,1300,7.94,0.04,9,commercial,1300;1000;880;1600;720;1300;1300;2400;1600;2400;1300;720,1.39,yes,jobs
christopher columbus journey map,journey map,design,1300,,0,0,informational,2400;2900;1900;1300;1300;1600;1000;1000;1000;320;260;1000,0.22,yes,
columbus journey map,journey map,design,1300,0.02,0.01,0,informational,1900;2900;1600;1600;1000;1000;880;720;720;390;320;1000,0.27,yes,
computer aided design system,design system,design,1300,7.27,0.15,29,commercial,1900;1600;1300;1000;1600;1600;1600;1300;1300;1000;1000;1300,0.69,no,
define user stories,user stories,product,1300,,0,23,informational,1000;720;1000;1600;1600;1600;1600;1600;1600;590;390;880,0.68,yes,
design machine learning system,design system,design,1300,3.88,0.44,29,informational,1600;1600;1300;1600;1600;1600;1600;1300;1300;1300;1000;1000,0.73,no,
example of okr,okr,business,1300,1.18,0.12,1,informational,2400;1600;1000;1000;1600;1000;1600;1000;880;590;720;590,0.38,yes,
examples of okr,okr,business,1300,1.18,0.12,5,informational,2400;1600;1000;1000;1600;1000;1600;1000;880;590;720;590,0.38,yes,
examples of user stories in scrum,user stories,product,1300,4.82,0,15,informational,1900;590;1300;1600;1600;1900;1600;1900;1900;390;170;720,0.34,yes,
figma design system,design system,design,1300,3.73,0.03,40,navigational,1300;1600;1000;880;1300;1600;1600;1900;1600;1300;1300;880,0.89,yes,brand
google product management,product management,product,1300,8.75,0.07,6,navigational,1900;1600;1300;1300;1600;1300;1600;1300;1300;1300;1300;1300,0.81,no,brand
how do i calculate retention rate,retention rate,business,1300,4.07,0.12,16,informational,1300;1300;1000;1000;1300;1300;1600;1300;1000;880;1000;880,0.77,no,
how do you calculate employee retention rate,retention rate,business,1300,4.07,0.12,16,informational,1300;1300;1000;1000;1300;1300;1600;1300;1000;880;1000;880,0.77,no,
how do you calculate the retention rate,retention rate,business,1300,4.07,0.12,16,informational,1300;1300;1000;1000;1300;1300;1600;1300;1000;880;1000;880,0.77,no,
how to calculate a retention rate,retention rate,business,1300,4.07,0.12,16,informational,1300;1300;1000;1000;1300;1300;1600;1300;1000;880;1000;880,0.77,no,
how to calculate employee retention rate,retention rate,business,1300,4.07,0.12,16,informational,1300;1300;1000;1000;1300;1300;1600;1300;1000;880;1000;880,0.77,no,
how to calculate retention rate,retention rate,business,1300,4.07,0.12,16,informational,1300;1300;1000;1000;1300;1300;1600;1300;1000;880;1000;880,0.77,no,
how to calculate staff retention rate,retention rate,business,1300,4.07,0.12,16,informational,1300;1300;1000;1000;1300;1300;1600;1300;1000;880;1000;880,0.77,no,
how to calculate the retention rate,retention rate,business,1300,4.07,0.12,16,informational,1300;1300;1000;1000;1300;1300;1600;1300;1000;880;1000;880,0.77,no,
how to compute retention rate,retention rate,business,1300,4.07,0.12,16,informational,1300;1300;1000;1000;1300;1300;1600;1300;1000;880;1000;880,0.77,no,
how to determine retention rate,retention rate,business,1300,4.07,0.12,16,informational,1300;1300;1000;1000;1300;1300;1600;1300;1000;880;1000;880,0.77,no,
how to figure retention rate,retention rate,business,1300,4.07,0.12,16,informational,1300;1300;1000;1000;1300;1300;1600;1300;1000;880;1000;880,0.77,no,
how to find retention rate,retention rate,business,1300,4.07,0.12,16,informational,1300;1300;1000;1000;1300;1300;1600;1300;1000;880;1000;880,0.77,no,
machine learning system design,design system,design,1300,3.88,0.44,15,informational,1600;1600;1300;1600;1600;1600;1600;1300;1300;1300;1000;1000,0.73,no,
map abraham's journey,journey map,design,1300,0.23,0.13,0,informational,1600;1600;1000;720;1900;1600;1300;880;720;720;720;1000,0.58,yes,
map of abraham journey,journey map,design,1300,0.23,0.13,0,informational,1600;1600;1000;720;1900;1600;1300;880;720;720;720;1000,0.58,yes,
map of abraham's journey,journey map,design,1300,0.23,0.13,0,informational,1600;1600;1000;720;1900;1600;1300;880;720;720;720;1000,0.58,yes,
map of paul's first journey,journey map,design,1300,0.57,0.07,0,navigational,1300;1600;1600;1000;1600;1600;1600;1600;1600;1000;1300;1300,0.80,no,
map of paul's first missionary journey,journey map,design,1300,0.57,0.07,0,navigational,1300;1600;1600;1000;1600;1600;1600;1600;1600;1000;1300;1300,0.80,no,
map of paul's second missionary journey,journey map,design,1300,0.11,0.06,0,informational,1300;1600;1900;880;1600;1600;1300;1300;1300;880;1000;1300,0.66,yes,
map paul's first missionary journey,journey map,design,1300,0.57,0.07,0,transactional,1300;1600;1600;1000;1600;1600;1600;1600;1600;1000;1300;1300,0.80,no,
map paul's second missionary journey,journey map,design,1300,0.11,0.06,0,informational,1300;1600;1900;880;1600;1600;1300;1300;1300;880;1000;1300,0.66,yes,
okr example,okr,business,1300,1.18,0.12,5,informational,2400;1600;1000;1000;1600;1000;1600;1000;880;590;720;590,0.38,yes,
okr examples,okr,business,1300,1.18,0.12,5,informational,2400;1600;1000;1000;1600;1000;1600;1000;880;590;720;590,0.38,yes,
okr objectives key results examples,okr,business,1300,1.18,0.12,5,informational,2400;1600;1000;1000;1600;1000;1600;1000;880;590;720;590,0.38,yes,
okr samples,okr,business,1300,1.18,0.12,5,informational,2400;1600;1000;1000;1600;1000;1600;1000;880;590;720;590,0.38,yes,
paul's first journey map,journey map,design,1300,0.57,0.07,0,informational,1300;1600;1600;1000;1600;1600;1600;1600;1600;1000;1300;1300,0.80,no,
paul's first missionary journey map,journey map,design,1300,0.57,0.07,0,navigational,1300;1600;1600;1000;1600;1600;1600;1600;1600;1000;1300;1300,0.80,no,
paul's second journey map,journey map,design,1300,0.11,0.06,0,informational,1300;1600;1900;880;1600;1600;1300;1300;1300;880;1000;1300,0.66,yes,
paul's second missionary journey map,journey map,design,1300,0.11,0.06,0,informational,1300;1600;1900;880;1600;1600;1300;1300;1300;880;1000;1300,0.66,yes,
plm product lifecycle management software,product management,product,1300,1.96,0.03,43,informational,880;1000;880;720;1300;1300;1900;1300;1600;1600;1600;1000,1.52,yes,
prioritization pronunciation,prioritization,product,1300,,0,0,informational,1000;1300;1000;1000;1600;1300;1600;1600;1600;1000;1000;1000,0.91,no,
product and strategy,product strategy,product,1300,9.04,0.18,31,informational,1900;1900;1600;1000;1300;1300;1600;1600;1000;1000;1000;1000,0.56,no,
product lifecycle management for software,product management,product,1300,1.96,0.03,43,informational,880;1000;880;720;1300;1300;1900;1300;1600;1600;1600;1000,1.52,yes,
product lifecycle management plm software,product management,product,1300,1.96,0.03,43,informational,880;1000;880;720;1300;1300;1900;1300;1600;1600;1600;1000,1.52,yes,
product management at google,product management,product,1300,8.75,0.07,6,navigational,1900;1600;1300;1300;1600;1300;1600;1300;1300;1300;1300;1300,0.81,no,brand
product management google,product management,product,1300,8.75,0.07,6,navigational,1900;1600;1300;1300;1600;1300;1600;1300;1300;1300;1300;1300,0.81,no,brand
product management responsibilities,product management,product,1300,5.4,0.12,10,informational,1600;1300;1000;1000;1300;1300;1300;1000;1000;1000;1300;1300,0.92,no,
product owner certification,product owner,product,1300,6.14,0.41,15,informational,2400;1300;1000;1000;1600;1300;1300;1300;1000;880;880;1600,0.71,yes,jobs
product owner certified,product owner,product,1300,6.14,0.41,15,informational,2400;1300;1000;1000;1600;1300;1300;1300;1000;880;880;1600,0.71,yes,jobs
product owner cv example,product owner,product,1300,0.99,0.34,0,informational,320;720;8100;720;4400;90;110;90;50;70;50;70,0.02,yes,
product owner cv examples,product owner,product,1300,0.99,0.34,0,informational,320;720;8100;720;4400;90;110;90;50;70;50;70,0.02,yes,
product owner resume example,product owner,product,1300,0.99,0.34,0,informational,320;720;8100;720;4400;90;110;90;50;70;50;70,0.02,yes,jobs
product owner resume examples,product owner,product,1300,0.99,0.34,0,informational,320;720;8100;720;4400;90;110;90;50;70;50;70,0.02,yes,jobs
product owner sample resume,product owner,product,1300,0.99,0.34,0,navigational,320;720;8100;720;4400;90;110;90;50;70;50;70,0.02,yes,jobs
product strategy,product strategy,product,1300,9.04,0.18,31,informational,1900;1900;1600;1000;1300;1300;1600;1600;1000;1000;1000;1000,0.56,no,
retention rate meaning,retention rate,business,1300,0.01,0.01,31,informational,1600;1600;1300;1000;1300;1600;1600;1300;1000;880;880;1000,0.61,no,
sample product owner resume,product owner,product,1300,0.99,0.34,0,navigational,320;720;8100;720;4400;90;110;90;50;70;50;70,0.02,yes,jobs
scrum example user stories,user stories,product,1300,4.82,0,13,informational,1900;590;1300;1600;1600;1900;1600;1900;1900;390;170;720,0.34,yes,
scrum user stories examples,user stories,product,1300,4.82,0,18,informational,1900;590;1300;1600;1600;1900;1600;1900;1900;390;170;720,0.34,yes,
scrum user stories template,user stories,product,1300,4.82,0,16,informational,1900;590;1300;1600;1600;1900;1600;1900;1900;390;170;720,0.34,yes,
strategy for product,product strategy,product,1300,9.04,0.18,31,informational,1900;1900;1600;1000;1300;1300;1600;1600;1000;1000;1000;1000,0.56,no,
testing for influenza a and b,a/b testing,business,1300,1.1,0.59,19,informational,390;320;720;4400;1900;2400;2900;880;480;170;140;140,0.31,yes,
user interviews com,user interviews,design,1300,12.22,0.43,26,navigational,720;1000;2400;880;1300;1000;2400;2900;1300;720;590;590,0.46,yes,
user stories defined,user stories,product,1300,,0,22,informational,1000;720;1000;1600;1600;1600;1600;1600;1600;590;390;880,0.68,yes,
user stories definition,user stories,product,1300,,0,25,informational,1000;720;1000;1600;1600;1600;1600;1600;1600;590;390;880,0.68,yes,
user stories examples scrum,user stories,product,1300,4.82,0,18,navigational,1900;590;1300;1600;1600;1900;1600;1900;1900;390;170;720,0.34,yes,
user stories scrum example,user stories,product,1300,4.82,0,16,informational,1900;590;1300;1600;1600;1900;1600;1900;1900;390;170;720,0.34,yes,
user stories scrum examples,user stories,product,1300,4.82,0,15,navigational,1900;590;1300;1600;1600;1900;1600;1900;1900;390;170;720,0.34,yes,
user stories scrum template,user stories,product,1300,4.82,0,17,navigational,1900;590;1300;1600;1600;1900;1600;1900;1900;390;170;720,0.34,yes,
what are user stories,user stories,product,1300,0.88,0.01,25,informational,1900;1600;1300;1300;1600;1600;1600;1600;1300;1000;1000;1300,0.69,no,
what is a design system,design system,design,1300,3.65,0.03,24,informational,1300;1300;1000;880;1300;1300;1300;1300;1300;1000;1000;1300,0.92,no,
what is a stakeholder management,stakeholder management,product,1300,,0.02,10,informational,1000;880;590;1300;2900;2400;1600;1000;880;1000;1000;880,1.17,yes,
what is a system design,design system,design,1300,3.65,0.03,19,informational,1300;1300;1000;880;1300;1300;1300;1300;1300;1000;1000;1300,0.92,no,
what is a user stories,user stories,product,1300,0.88,0.01,25,informational,1900;1600;1300;1300;1600;1600;1600;1600;1300;1000;1000;1300,0.69,no,
what is stakeholder management,stakeholder management,product,1300,,0.02,5,informational,1000;880;590;1300;2900;2400;1600;1000;880;1000;1000;880,1.17,yes,
what is system design,design system,design,1300,3.65,0.03,19,informational,1300;1300;1000;880;1300;1300;1300;1300;1300;1000;1000;1300,0.92,no,
what is user stories,user stories,product,1300,0.88,0.01,25,informational,1900;1600;1300;1300;1600;1600;1600;1600;1300;1000;1000;1300,0.69,no,
alex xu system design,design system,design,1000,1,0.11,4,navigational,1300;1300;1300;1000;1300;1300;1300;1000;1000;880;880;1300,0.78,no,
arena product lifecycle management,product management,product,1000,14.68,0.29,3,navigational,1000;1000;720;720;1000;1000;1000;1000;1000;880;1000;880,1.01,no,
backlog product,product backlog,product,1000,5.71,0.06,28,informational,1900;1600;1000;880;1000;1300;1300;1000;720;720;590;590,0.42,yes,
client journey map template,journey map,design,1000,13.09,0.35,19,navigational,1900;1600;1000;720;720;880;1600;1000;1000;880;590;390,0.41,yes,
customer experience journey map template,journey map,design,1000,13.09,0.35,22,navigational,1900;1600;1000;720;720;880;1600;1000;1000;880;590;390,0.41,yes,
customer journey map template,journey map,design,1000,13.09,0.35,19,navigational,1900;1600;1000;720;720;880;1600;1000;1000;880;590;390,0.41,yes,
customer journey map template#,journey map,design,1000,13.09,0.35,19,navigational,1900;1600;1000;720;720;880;1600;1000;1000;880;590;390,0.41,yes,
customer journey map templates,journey map,design,1000,13.09,0.35,19,navigational,1900;1600;1000;720;720;880;1600;1000;1000;880;590;390,0.41,yes,
definition of okr,okr,business,1000,0.52,0.08,50,informational,1600;1300;1000;1000;1600;1300;1300;1000;880;880;880;720,0.64,yes,
design a sprinkler system,design system,design,1000,4.28,0.49,3,informational,1600;1300;590;390;480;590;1600;1900;1600;880;880;720,0.71,yes,
design an irrigation system,design system,design,1000,8.11,0.45,9,informational,1900;1600;1600;1000;720;590;1000;1000;1000;880;880;720,0.49,yes,
design hvac system,design system,design,1000,5.13,0.14,0,commercial,1300;1600;880;720;880;1600;1600;720;1600;390;480;480,0.36,yes,
design irrigation system,design system,design,1000,8.11,0.45,9,informational,1900;1600;1600;1000;720;590;1000;1000;1000;880;880;720,0.49,yes,
design of hvac system,design system,design,1000,5.13,0.14,0,informational,1300;1600;880;720;880;1600;1600;720;1600;390;480;480,0.36,yes,
design of irrigation system,design system,design,1000,8.11,0.45,9,informational,1900;1600;1600;1000;720;590;1000;1000;1000;880;880;720,0.49,yes,
design of sprinkler irrigation system,design system,design,1000,4.28,0.49,3,informational,1600;1300;590;390;480;590;1600;1900;1600;880;880;720,0.71,yes,
design of sprinkler system,design system,design,1000,4.28,0.49,0,informational,1600;1300;590;390;480;590;1600;1900;1600;880;880;720,0.71,yes,
design sprinkler irrigation system,design system,design,1000,4.28,0.49,3,commercial,1600;1300;590;390;480;590;1600;1900;1600;880;880;720,0.71,yes,
design sprinkler system,design system,design,1000,4.28,0.49,2,commercial,1600;1300;590;390;480;590;1600;1900;1600;880;880;720,0.71,yes,
example of a product roadmap,product roadmap,product,1000,14.83,0.29,8,informational,1600;1300;880;720;1000;1000;1300;1000;880;880;720;720,0.61,yes,
example of product roadmap,product roadmap,product,1000,14.83,0.29,8,informational,1600;1300;880;720;1000;1000;1300;1000;880;880;720;720,0.61,yes,
example product roadmap,product roadmap,product,1000,14.83,0.29,8,informational,1600;1300;880;720;1000;1000;1300;1000;880;880;720;720,0.61,yes,
examples of product roadmap,product roadmap,product,1000,14.83,0.29,8,informational,1600;1300;880;720;1000;1000;1300;1000;880;880;720;720,0.61,yes,
frodo baggins journey map,journey map,design,1000,0.03,0.02,14,informational,880;880;880;1000;1600;1000;880;880;880;720;880;880,0.94,yes,
frodo journey map,journey map,design,1000,0.03,0.02,10,informational,880;880;880;1000;1600;1000;880;880;880;720;880;880,0.94,yes,
frodo's journey map,journey map,design,1000,0.03,0.02,9,informational,880;880;880;1000;1600;1000;880;880;880;720;880;880,0.94,yes,
hvac design system,design system,design,1000,5.13,0.14,0,commercial,1300;1600;880;720;880;1600;1600;720;1600;390;480;480,0.36,yes,
hvac system design,design system,design,1000,5.13,0.14,0,commercial,1300;1600;880;720;880;1600;1600;720;1600;390;480;480,0.36,yes,
instructional system design jobs,design system,design,1000,1.69,0.04,13,navigational,1300;880;720;880;1000;880;1000;1000;1300;1000;1300;1600,1.34,yes,jobs
irrigation design system,design system,design,1000,8.11,0.45,9,informational,1900;1600;1600;1000;720;590;1000;1000;1000;880;880;720,0.49,yes,
irrigation sprinkler system design,design system,design,1000,4.28,0.49,0,informational,1600;1300;590;390;480;590;1600;1900;1600;880;880;720,0.71,yes,
irrigation system design,design system,design,1000,8.11,0.45,0,informational,1900;1600;1600;1000;720;590;1000;1000;1000;880;880;720,0.49,yes,
is user interviews legit,user interviews,design,1000,1.64,0.01,5,informational,880;880;1000;880;880;720;1000;1000;1000;1600;1300;1300,1.52,yes,
is user interviews legitimate,user interviews,design,1000,1.64,0.01,4,informational,880;880;1000;880;880;720;1000;1000;1000;1600;1300;1300,1.52,yes,
jobs to be done intercom,jobs to be done,offmap,1000,,0,10,informational,140;260;1000;1600;1600;1600;1600;1600;1900;320;10;90,0.30,yes,jobs
jobs-to be done intercom,jobs to be done,offmap,1000,,0,10,informational,140;260;1000;1600;1600;1600;1600;1600;1900;320;10;90,0.30,yes,jobs
journey of frodo map,journey map,design,1000,0.03,0.02,9,informational,880;880;880;1000;1600;1000;880;880;880;720;880;880,0.94,yes,
journey time map,journey map,design,1000,1.85,0,56,informational,1000;1000;1000;880;1300;1000;1300;1300;1300;1000;1000;1000,1.00,no,
map my journey,journey map,design,1000,3.35,0.26,71,navigational,1000;1000;880;880;880;1000;1300;880;1000;1000;1000;880,1.00,no,
map of christopher columbus journey,journey map,design,1000,,0,0,informational,1600;2400;1600;1000;1000;1000;880;880;1000;210;140;720,0.19,yes,
map of frodo's journey,journey map,design,1000,0.03,0.02,13,informational,880;880;880;1000;1600;1000;880;880;880;720;880;880,0.94,yes,
map of frodo's journey in lord of the rings,journey map,design,1000,0.03,0.02,4,informational,880;880;880;1000;1600;1000;880;880;880;720;880;880,0.94,yes,
mapping user stories,user stories,product,1000,9.31,0.12,18,informational,1600;1300;1000;880;1000;1000;1300;880;720;720;590;720,0.52,yes,
objectives and key results okr,okr,business,1000,7.17,0.16,28,informational,1900;1300;1000;1000;1300;1000;1300;1000;720;590;720;590,0.45,yes,
okr def,okr,business,1000,0.52,0.08,49,informational,1600;1300;1000;1000;1600;1300;1300;1000;880;880;880;720,0.64,yes,
okr define,okr,business,1000,0.52,0.08,57,informational,1600;1300;1000;1000;1600;1300;1300;1000;880;880;880;720,0.64,yes,
okr defined,okr,business,1000,0.52,0.08,50,informational,1600;1300;1000;1000;1600;1300;1300;1000;880;880;880;720,0.64,yes,
okr definition,okr,business,1000,0.52,0.08,50,informational,1600;1300;1000;1000;1600;1300;1300;1000;880;880;880;720,0.64,yes,
okr definitions,okr,business,1000,0.52,0.08,50,informational,1600;1300;1000;1000;1600;1300;1300;1000;880;880;880;720,0.64,yes,
persona 5 user interface,user persona,design,1000,,0,0,informational,1000;880;880;1000;1000;880;1000;880;1000;1300;1000;1300,1.30,no,
product and product management,product management,product,1000,16.37,0.08,2,informational,1900;1000;1000;880;1300;1300;1300;1300;1000;880;880;1000,0.71,yes,
product backlog,product backlog,product,1000,5.71,0.06,35,informational,1900;1600;1000;880;1000;1300;1300;1000;720;720;590;590,0.42,yes,
product management cv,product management,product,1000,2.65,0.08,0,navigational,1900;1600;1300;880;1300;880;1300;880;880;720;720;720,0.45,yes,
product management resume,product management,product,1000,2.65,0.08,0,informational,1900;1600;1300;880;1300;880;1300;880;880;720;720;720,0.45,yes,jobs
product owner salaries,product owner,product,1000,,0,2,informational,1300;1300;1000;1000;1000;1000;1000;1000;880;880;880;880,0.73,no,jobs
product owner salary,product owner,product,1000,,0,0,informational,1300;1300;1000;1000;1000;1000;1000;1000;880;880;880;880,0.73,no,jobs
product roadmap example,product roadmap,product,1000,14.83,0.29,8,informational,1600;1300;880;720;1000;1000;1300;1000;880;880;720;720,0.61,yes,
product roadmap examples,product roadmap,product,1000,14.83,0.29,8,informational,1600;1300;880;720;1000;1000;1300;1000;880;880;720;720,0.61,yes,
product roadmap format,product roadmap,product,1000,18.45,0.15,13,informational,1900;1300;880;720;880;880;1300;880;590;720;590;1000,0.57,yes,
product roadmap sample,product roadmap,product,1000,18.45,0.15,13,informational,1900;1300;880;720;880;880;1300;880;590;720;590;1000,0.57,yes,
product roadmap samples,product roadmap,product,1000,18.45,0.15,13,informational,1900;1300;880;720;880;880;1300;880;590;720;590;1000,0.57,yes,
product roadmap template,product roadmap,product,1000,18.45,0.15,13,informational,1900;1300;880;720;880;880;1300;880;590;720;590;1000,0.57,yes,
product roadmap templates,product roadmap,product,1000,18.45,0.15,13,informational,1900;1300;880;720;880;880;1300;880;590;720;590;1000,0.57,yes,
resume for product management,product management,product,1000,2.65,0.08,0,informational,1900;1600;1300;880;1300;880;1300;880;880;720;720;720,0.45,yes,jobs
resume product management,product management,product,1000,2.65,0.08,0,informational,1900;1600;1300;880;1300;880;1300;880;880;720;720;720,0.45,yes,jobs
roadmap product template,product roadmap,product,1000,18.45,0.15,13,informational,1900;1300;880;720;880;880;1300;880;590;720;590;1000,0.57,yes,
salary for product owner,product owner,product,1000,,0,0,informational,1300;1300;1000;1000;1000;1000;1000;1000;880;880;880;880,0.73,no,jobs
salary product owner,product owner,product,1000,,0,0,informational,1300;1300;1000;1000;1000;1000;1000;1000;880;880;880;880,0.73,no,jobs
sample product roadmap,product roadmap,product,1000,18.45,0.15,10,informational,1900;1300;880;720;880;880;1300;880;590;720;590;1000,0.57,yes,
sample product roadmap template,product roadmap,product,1000,18.45,0.15,13,informational,1900;1300;880;720;880;880;1300;880;590;720;590;1000,0.57,yes,
sprinkler design system,design system,design,1000,4.28,0.49,3,transactional,1600;1300;590;390;480;590;1600;1900;1600;880;880;720,0.71,yes,
sprinkler irrigation system design,design system,design,1000,4.28,0.49,10,informational,1600;1300;590;390;480;590;1600;1900;1600;880;880;720,0.71,yes,
sprinkler system design,design system,design,1000,4.28,0.49,3,commercial,1600;1300;590;390;480;590;1600;1900;1600;880;880;720,0.71,yes,
sts system design essentials,design system,design,1000,0.47,0.99,0,informational,1300;1000;1300;1000;880;880;880;720;1000;1000;1300;1300,1.00,no,
system design book,design system,design,1000,0.95,0.61,1,informational,880;1000;1000;1000;1300;1000;1000;1000;1000;1000;1000;1300,1.15,no,
system design booking,design system,design,1000,0.95,0.61,0,commercial,880;1000;1000;1000;1300;1000;1000;1000;1000;1000;1000;1300,1.15,no,
system design books,design system,design,1000,0.95,0.61,1,informational,880;1000;1000;1000;1300;1000;1000;1000;1000;1000;1000;1300,1.15,no,
template for product roadmap,product roadmap,product,1000,18.45,0.15,13,informational,1900;1300;880;720;880;880;1300;880;590;720;590;1000,0.57,yes,
template product roadmap,product roadmap,product,1000,18.45,0.15,13,informational,1900;1300;880;720;880;880;1300;880;590;720;590;1000,0.57,yes,
user interviews paid research studies,user interviews,design,1000,1.3,0,21,commercial,480;590;590;880;480;880;1600;1900;1600;1600;1600;1900,3.07,yes,
user stories template word,user stories,product,1000,,0,15,informational,260;260;880;1000;1300;1600;1600;1900;1600;590;170;880,1.17,yes,
user stories word template,user stories,product,1000,,0,15,navigational,260;260;880;1000;1300;1600;1600;1900;1600;590;170;880,1.17,yes,
what is prioritization,prioritization,product,1000,,0,6,informational,1900;1300;1000;880;1000;1300;1000;880;720;390;210;880,0.35,yes,
what is product and service management,product management,product,1000,,0,0,informational,2400;1900;1000;880;1600;1600;1300;880;260;40;10;880,0.18,yes,
what is product service management,product management,product,1000,,0,0,informational,2400;1900;1000;880;1600;1600;1300;880;260;40;10;880,0.18,yes,
what is product/service management,product management,product,1000,,0,0,informational,2400;1900;1000;880;1600;1600;1300;880;260;40;10;880,0.18,yes,
windchill product lifecycle management,product management,product,1000,9.15,0.29,3,navigational,1300;1300;1000;880;1000;1000;1300;1000;1000;1000;1000;1000,0.83,no,
agile product life cycle management,product management,product,880,23.29,0.29,4,informational,880;1000;720;590;720;880;1000;880;720;880;720;880,0.95,no,
atlassian design system,design system,design,880,14.09,0.02,21,navigational,1300;1000;880;720;880;1000;1000;1000;880;880;880;880,0.83,no,brand
best user stories examples,user stories,product,880,0.41,0,13,informational,720;260;880;1300;1600;1600;1300;1600;1300;320;140;590,0.56,yes,
customer experience journey map example,journey map,design,880,12.57,0.25,25,navigational,1600;1000;720;480;590;720;1600;880;590;590;480;480,0.47,yes,
customer experience journey map examples,journey map,design,880,12.57,0.25,25,navigational,1600;1000;720;480;590;720;1600;880;590;590;480;480,0.47,yes,
customer journey map example,journey map,design,880,12.57,0.25,18,navigational,1600;1000;720;480;590;720;1600;880;590;590;480;480,0.47,yes,
customer journey map examples,journey map,design,880,12.57,0.25,19,navigational,1600;1000;720;480;590;720;1600;880;590;590;480;480,0.47,yes,
customer journey map sample,journey map,design,880,12.57,0.25,19,navigational,1600;1000;720;480;590;720;1600;880;590;590;480;480,0.47,yes,
customer journey map samples,journey map,design,880,12.57,0.25,19,navigational,1600;1000;720;480;590;720;1600;880;590;590;480;480,0.47,yes,
design fire sprinkler system,design system,design,880,6.65,0.06,1,commercial,5400;590;320;260;390;320;1000;260;170;140;210;210,0.09,yes,
design of fire sprinkler system,design system,design,880,6.65,0.06,0,commercial,5400;590;320;260;390;320;1000;260;170;140;210;210,0.09,yes,
design thinking framework,design thinking,offmap,880,7.98,0.15,59,informational,1000;880;880;720;880;880;1000;880;720;720;720;590,0.74,no,
design thinking frameworks,design thinking,offmap,880,7.98,0.15,59,informational,1000;880;880;720;880;880;1000;880;720;720;720;590,0.74,no,
director product management,product management,product,880,4.77,0.03,0,navigational,1300;1000;880;720;1000;880;1000;880;720;720;880;880,0.78,no,
dollar tree pricing strategy changes,pricing strategy,business,880,,0,1,commercial,0;0;0;0;9900;10;10;10;10;10;10;90,,yes,
entry level jobs product management,product management,product,880,2.82,0.15,0,navigational,1000;1000;720;720;1000;1000;1000;720;720;720;720;720,0.79,no,jobs
entry level product management jobs,product management,product,880,2.82,0.15,0,navigational,1000;1000;720;720;1000;1000;1000;720;720;720;720;720,0.79,no,jobs
example journey map,journey map,design,880,10.88,0.31,16,informational,1600;1300;1000;590;720;1000;1000;880;720;590;590;480,0.43,yes,
example of a journey map,journey map,design,880,10.88,0.31,16,informational,1600;1300;1000;590;720;1000;1000;880;720;590;590;480,0.43,yes,
example of customer journey map,journey map,design,880,12.57,0.25,19,navigational,1600;1000;720;480;590;720;1600;880;590;590;480;480,0.47,yes,
example of journey map,journey map,design,880,10.88,0.31,16,informational,1600;1300;1000;590;720;1000;1000;880;720;590;590;480,0.43,yes,
example of product requirements,product requirements,product,880,5.83,0.22,6,informational,880;880;880;720;880;1000;1000;1000;880;880;880;720,0.94,no,
example product requirements document,product requirements,product,880,5.83,0.22,6,informational,880;880;880;720;880;1000;1000;1000;880;880;880;720,0.94,no,
examples of customer journey map,journey map,design,880,12.57,0.25,19,informational,1600;1000;720;480;590;720;1600;880;590;590;480;480,0.47,yes,
examples of good user stories,user stories,product,880,0.41,0,13,informational,720;260;880;1300;1600;1600;1300;1600;1300;320;140;590,0.56,yes,
fire sprinkler system design,design system,design,880,6.65,0.06,0,commercial,5400;590;320;260;390;320;1000;260;170;140;210;210,0.09,yes,
framework design thinking,design thinking,offmap,880,7.98,0.15,59,informational,1000;880;880;720;880;880;1000;880;720;720;720;590,0.74,no,
framework for design thinking,design thinking,offmap,880,7.98,0.15,59,informational,1000;880;880;720;880;880;1000;880;720;720;720;590,0.74,no,
good user stories examples,user stories,product,880,0.41,0,12,informational,720;260;880;1300;1600;1600;1300;1600;1300;320;140;590,0.56,yes,
graphic design grid system,design system,design,880,0.65,0.47,4,commercial,1000;1000;880;720;720;880;880;880;720;590;590;720,0.66,no,
grid system graphic design,design system,design,880,0.65,0.47,25,commercial,1000;1000;880;720;720;880;880;880;720;590;590;720,0.66,no,
grid system in graphic design,design system,design,880,0.65,0.47,4,informational,1000;1000;880;720;720;880;880;880;720;590;590;720,0.66,no,
grokking system design,design system,design,880,5.42,0.34,16,commercial,1000;1000;1000;880;880;880;880;880;880;720;880;720,0.77,no,
how to write acceptance criteria for user stories,user stories,product,880,,0,12,informational,320;390;720;720;880;1300;1300;1600;1000;880;590;880,1.64,yes,
how to write user stories example,user stories,product,880,,0,14,informational,170;320;1000;1300;1300;1300;1300;1600;1300;260;70;480,0.54,yes,
how to write user stories examples,user stories,product,880,,0,11,informational,170;320;1000;1300;1300;1300;1300;1600;1300;260;70;480,0.54,yes,
jane street strategy and product,product strategy,product,880,,0,0,navigational,1000;1000;880;590;720;880;590;590;590;480;1000;1300,0.97,yes,
journey map example,journey map,design,880,10.88,0.31,16,informational,1600;1300;1000;590;720;1000;1000;880;720;590;590;480,0.43,yes,
journey map examples,journey map,design,880,10.88,0.31,16,informational,1600;1300;1000;590;720;1000;1000;880;720;590;590;480,0.43,yes,
keysight advanced design system,design system,design,880,29.74,0.02,6,navigational,1000;1000;720;590;880;880;880;880;720;880;720;880,0.91,no,
map customer journey example,journey map,design,880,12.57,0.25,19,informational,1600;1000;720;480;590;720;1600;880;590;590;480;480,0.47,yes,
marketing and pricing strategy,pricing strategy,business,880,7.1,0.2,32,informational,1300;1000;1300;1000;720;720;1000;1300;880;390;260;260,0.25,yes,
marketing pricing strategy,pricing strategy,business,880,7.1,0.2,20,commercial,1300;1000;1300;1000;720;720;1000;1300;880;390;260;260,0.25,yes,
marketing pricing strategy examples,pricing strategy,business,880,7.1,0.2,14,informational,1300;1000;1300;1000;720;720;1000;1300;880;390;260;260,0.25,yes,
marketing strategy pricing,pricing strategy,business,880,7.1,0.2,20,commercial,1300;1000;1300;1000;720;720;1000;1300;880;390;260;260,0.25,yes,
okr framework,okr,business,880,8.59,0.16,31,informational,1000;1000;880;880;1000;880;1000;880;720;720;880;720,0.81,no,
okr frameworks,okr,business,880,8.59,0.16,31,informational,1000;1000;880;880;1000;880;1000;880;720;720;880;720,0.81,no,
okr template,okr,business,880,6.07,0.31,14,informational,2900;880;720;720;1000;590;1300;590;590;590;390;260,0.28,yes,
okr templates,okr,business,880,6.07,0.31,14,informational,2900;880;720;720;1000;590;1300;590;590;590;390;260,0.28,yes,
pdm product data management software,product management,product,880,29.67,0.27,7,commercial,1300;880;880;720;1000;1000;880;720;720;590;590;590,0.58,yes,
pricing and marketing strategy,pricing strategy,business,880,7.1,0.2,20,informational,1300;1000;1300;1000;720;720;1000;1300;880;390;260;260,0.25,yes,
pricing in marketing strategy,pricing strategy,business,880,7.1,0.2,20,informational,1300;1000;1300;1000;720;720;1000;1300;880;390;260;260,0.25,yes,
pricing marketing strategy,pricing strategy,business,880,7.1,0.2,20,informational,1300;1000;1300;1000;720;720;1000;1300;880;390;260;260,0.25,yes,
pricing strategy examples marketing,pricing strategy,business,880,7.1,0.2,20,informational,1300;1000;1300;1000;720;720;1000;1300;880;390;260;260,0.25,yes,
pricing strategy for marketing,pricing strategy,business,880,7.1,0.2,20,commercial,1300;1000;1300;1000;720;720;1000;1300;880;390;260;260,0.25,yes,
pricing strategy in marketing,pricing strategy,business,880,7.1,0.2,20,informational,1300;1000;1300;1000;720;720;1000;1300;880;390;260;260,0.25,yes,
pricing strategy marketing,pricing strategy,business,880,7.1,0.2,20,informational,1300;1000;1300;1000;720;720;1000;1300;880;390;260;260,0.25,yes,
product analytics platform,product analytics,business,880,36.44,0.05,25,commercial,880;880;590;320;590;1300;1000;1600;1300;1600;1000;390,1.27,yes,
product analytics platforms,product analytics,business,880,36.44,0.05,29,commercial,880;880;590;320;590;1300;1000;1600;1300;1600;1000;390,1.27,yes,
product management director,product management,product,880,4.77,0.03,0,informational,1300;1000;880;720;1000;880;1000;880;720;720;880;880,0.78,no,
product management entry level jobs,product management,product,880,2.82,0.15,0,navigational,1000;1000;720;720;1000;1000;1000;720;720;720;720;720,0.79,no,jobs
product management tool,product management,product,880,29.21,0.52,8,informational,1600;1900;720;390;720;720;1000;1000;590;1000;720;320,0.48,yes,
product management tools,product management,product,880,29.21,0.52,8,informational,1600;1900;720;390;720;720;1000;1000;590;1000;720;320,0.48,yes,
product manager versus product owner,product owner,product,880,0.21,0.1,0,informational,1000;880;720;720;880;880;880;880;720;720;720;720,0.83,no,
product manager vs product owner,product owner,product,880,0.21,0.1,0,informational,1000;880;720;720;880;880;880;880;720;720;720;720,0.83,no,
product owner vs manager,product owner,product,880,0.21,0.1,0,informational,1000;880;720;720;880;880;880;880;720;720;720;720,0.83,no,
product requirements document example,product requirements,product,880,5.83,0.22,13,informational,880;880;880;720;880;1000;1000;1000;880;880;880;720,0.94,no,
product requirements document examples,product requirements,product,880,5.83,0.22,6,informational,880;880;880;720;880;1000;1000;1000;880;880;880;720,0.94,no,
product requirements example,product requirements,product,880,5.83,0.22,15,informational,880;880;880;720;880;1000;1000;1000;880;880;880;720,0.94,no,
product requirements examples,product requirements,product,880,5.83,0.22,22,informational,880;880;880;720;880;1000;1000;1000;880;880;880;720,0.94,no,
rice prioritization,prioritization,product,880,0.56,0.1,31,informational,1000;1000;880;720;880;880;880;720;720;590;720;590,0.66,no,
sample customer journey map,journey map,design,880,12.57,0.25,19,navigational,1600;1000;720;480;590;720;1600;880;590;590;480;480,0.47,yes,
strategy of pricing in marketing,pricing strategy,business,880,7.1,0.2,20,informational,1300;1000;1300;1000;720;720;1000;1300;880;390;260;260,0.25,yes,
system design grokking,design system,design,880,5.42,0.34,16,informational,1000;1000;1000;880;880;880;880;880;880;720;880;720,0.77,no,
technical product management jobs,product management,product,880,2.23,0.09,0,navigational,720;880;590;480;880;880;880;1600;1600;880;720;590,1.00,yes,jobs
tool for product management,product management,product,880,29.21,0.52,8,informational,1600;1900;720;390;720;720;1000;1000;590;1000;720;320,0.48,yes,
tools for product management,product management,product,880,29.21,0.52,8,informational,1600;1900;720;390;720;720;1000;1000;590;1000;720;320,0.48,yes,
tools product management,product management,product,880,29.21,0.52,8,informational,1600;1900;720;390;720;720;1000;1000;590;1000;720;320,0.48,yes,
user interviews review,user interviews,design,880,4.27,0.05,16,informational,590;720;880;590;720;590;880;1000;1000;1000;1000;1000,1.37,no,
user interviews reviews,user interviews,design,880,4.27,0.05,16,informational,590;720;880;590;720;590;880;1000;1000;1000;1000;1000,1.37,no,
ux writing job,ux writing,design,880,0.87,0.05,0,commercial,720;720;880;880;1000;720;880;880;880;720;720;720,0.93,no,jobs
ux writing jobs,ux writing,design,880,0.87,0.05,0,informational,720;720;880;880;1000;720;880;880;880;720;720;720,0.93,no,jobs
what is an okr in business,okr,business,880,0.23,0.21,51,informational,480;720;720;880;1300;1000;1000;880;720;720;720;590,1.06,yes,
what is instructional system design,design system,design,880,,0,8,informational,880;880;880;880;1000;1000;1000;1000;1000;880;880;1000,1.05,no,
what is ux research,ux research,design,880,6.93,0.01,17,informational,880;880;720;720;880;880;880;880;880;720;720;1600,1.23,yes,
a b testing definition,a/b testing,business,720,1.28,0.05,55,informational,880;720;720;590;720;720;880;720;720;720;590;590,0.82,no,
a b testing meaning,a/b testing,business,720,1.28,0.05,47,informational,880;720;720;590;720;720;880;720;720;720;590;590,0.82,no,
a-b testing meaning,a/b testing,business,720,1.28,0.05,55,informational,880;720;720;590;720;720;880;720;720;720;590;590,0.82,no,
a/b testing definition,a/b testing,business,720,1.28,0.05,58,informational,880;720;720;590;720;720;880;720;720;720;590;590,0.82,no,
a/b testing meaning,a/b testing,business,720,1.28,0.05,48,informational,880;720;720;590;720;720;880;720;720;720;590;590,0.82,no,
a/b testing means,a/b testing,business,720,1.28,0.05,47,informational,880;720;720;590;720;720;880;720;720;720;590;590,0.82,no,
acronym okr,okr,business,720,0.06,0.07,58,informational,880;720;590;590;880;720;720;720;480;590;480;480,0.71,no,
agile and user stories,user stories,product,720,1.57,0.04,27,navigational,1300;880;720;590;720;720;1000;880;720;590;590;590,0.61,yes,
agile development user stories,user stories,product,720,1.57,0.04,26,navigational,1300;880;720;590;720;720;1000;880;720;590;590;590,0.61,yes,
agile methodology user stories,user stories,product,720,1.57,0.04,27,navigational,1300;880;720;590;720;720;1000;880;720;590;590;590,0.61,yes,
agile project management user stories,user stories,product,720,1.57,0.04,27,informational,1300;880;720;590;720;720;1000;880;720;590;590;590,0.61,yes,
agile scrum user stories,user stories,product,720,1.57,0.04,27,navigational,1300;880;720;590;720;720;1000;880;720;590;590;590,0.61,yes,
agile software development user stories,user stories,product,720,1.57,0.04,27,informational,1300;880;720;590;720;720;1000;880;720;590;590;590,0.61,yes,
agile user stories,user stories,product,720,1.57,0.04,27,informational,1300;880;720;590;720;720;1000;880;720;590;590;590,0.61,yes,
agile who writes user stories,user stories,product,720,1.57,0.04,27,navigational,1300;880;720;590;720;720;1000;880;720;590;590;590,0.61,yes,
agile writing user stories,user stories,product,720,1.57,0.04,29,informational,1300;880;720;590;720;720;1000;880;720;590;590;590,0.61,yes,
analytics product,product analytics,business,720,31.24,0.37,28,commercial,1600;590;590;480;590;720;1000;590;590;590;720;720,0.73,yes,
asana okr guide,okr,business,720,,0,11,informational,0;10;0;0;0;0;0;0;390;1900;3600;1900,740.00,yes,brand
best computer system for graphic design,design system,design,720,1.85,1,5,commercial,880;880;880;720;590;590;720;720;720;590;590;720,0.72,no,
carbon design system ibm,design system,design,720,7.19,0,30,informational,590;880;480;480;590;720;720;720;720;880;880;880,1.35,no,
client retention rate,retention rate,business,720,,0.02,24,informational,1000;1000;880;720;720;720;880;720;590;590;480;260,0.46,yes,
consumer retention rate,retention rate,business,720,,0.02,60,informational,1000;1000;880;720;720;720;880;720;590;590;480;260,0.46,yes,
cost plus pricing strategy,pricing strategy,business,720,,0.03,18,informational,320;260;6600;320;140;210;260;320;170;90;590;70,0.10,yes,
cost-plus pricing strategy,pricing strategy,business,720,,0.03,18,informational,320;260;6600;320;140;210;260;320;170;90;590;70,0.10,yes,
creating user stories,user stories,product,720,2.32,0.04,12,informational,720;390;720;720;880;880;880;880;720;260;260;480,0.55,yes,
customer journey map software,journey map,design,720,26.39,0.11,33,commercial,3600;590;320;260;320;720;720;320;480;390;170;140,0.16,yes,
customer retention rate,retention rate,business,720,,0.02,24,informational,1000;1000;880;720;720;720;880;720;590;590;480;260,0.46,yes,
customers retention rate,retention rate,business,720,,0.02,24,informational,1000;1000;880;720;720;720;880;720;590;590;480;260,0.46,yes,
define a b testing,a/b testing,business,720,1.28,0.05,55,informational,880;720;720;590;720;720;880;720;720;720;590;590,0.82,no,
define design thinking,design thinking,offmap,720,5.64,0.06,56,informational,1300;880;590;590;880;880;720;720;480;320;320;590,0.44,yes,
definition design thinking,design thinking,offmap,720,5.64,0.06,58,informational,1300;880;590;590;880;880;720;720;480;320;320;590,0.44,yes,
definition of a/b testing,a/b testing,business,720,1.28,0.05,50,informational,880;720;720;590;720;720;880;720;720;720;590;590,0.82,no,
definition of design thinking,design thinking,offmap,720,5.64,0.06,58,informational,1300;880;590;590;880;880;720;720;480;320;320;590,0.44,yes,
design essentials sts express smoothing system,design system,design,720,0.51,0.4,0,commercial,480;480;480;480;480;590;590;590;720;1000;1600;1000,2.50,yes,
design thinking def,design thinking,offmap,720,5.64,0.06,58,informational,1300;880;590;590;880;880;720;720;480;320;320;590,0.44,yes,
design thinking define,design thinking,offmap,720,5.64,0.06,58,informational,1300;880;590;590;880;880;720;720;480;320;320;590,0.44,yes,
design thinking defined,design thinking,offmap,720,5.64,0.06,58,informational,1300;880;590;590;880;880;720;720;480;320;320;590,0.44,yes,
design thinking definition,design thinking,offmap,720,5.64,0.06,58,informational,1300;880;590;590;880;880;720;720;480;320;320;590,0.44,yes,
design thinking definitions,design thinking,offmap,720,5.64,0.06,58,informational,1300;880;590;590;880;880;720;720;480;320;320;590,0.44,yes,
design thinking meaning,design thinking,offmap,720,5.64,0.06,57,informational,1300;880;590;590;880;880;720;720;480;320;320;590,0.44,yes,
example of a pricing strategy,pricing strategy,business,720,6.26,0.09,34,informational,1000;880;880;880;590;590;720;1000;720;210;210;170,0.21,yes,
example of pricing strategy,pricing strategy,business,720,6.26,0.09,34,informational,1000;880;880;880;590;590;720;1000;720;210;210;170,0.21,yes,
examples of pricing strategy,pricing strategy,business,720,6.26,0.09,34,informational,1000;880;880;880;590;590;720;1000;720;210;210;170,0.21,yes,
google map journey,journey map,design,720,,0,66,navigational,880;720;720;590;480;480;590;720;720;720;880;880,1.07,no,brand
how to create a user persona,user persona,design,720,7,0.05,33,informational,720;720;880;590;590;590;1000;720;880;590;720;720,0.87,no,
how to write a product requirements document,product requirements,product,720,4.71,0.06,22,informational,880;480;590;720;720;880;880;1000;880;390;260;480,0.58,yes,
how to write product requirements,product requirements,product,720,4.71,0.06,22,informational,880;480;590;720;720;880;880;1000;880;390;260;480,0.58,yes,
ibm carbon design system,design system,design,720,7.19,0,31,navigational,590;880;480;480;590;720;720;720;720;880;880;880,1.35,no,
ibm's carbon design system,design system,design,720,7.19,0,31,informational,590;880;480;480;590;720;720;720;720;880;880;880,1.35,no,
ibn battuta journey map,journey map,design,720,,0,5,informational,1600;1900;880;390;480;480;480;590;590;210;140;390,0.17,yes,
machine learning system design interview,design system,design,720,2.3,0.24,0,informational,880;880;1000;720;720;880;720;590;480;480;390;480,0.49,yes,
map journey google maps,journey map,design,720,,0,49,navigational,880;720;720;590;480;480;590;720;720;720;880;880,1.07,no,brand
map of paul's third missionary journey,journey map,design,720,,0.01,0,informational,720;720;720;590;720;720;720;720;720;480;480;720,0.78,no,
map paul's third missionary journey,journey map,design,720,,0.01,0,informational,720;720;720;590;720;720;720;720;720;480;480;720,0.78,no,
meaning of design thinking,design thinking,offmap,720,5.64,0.06,56,informational,1300;880;590;590;880;880;720;720;480;320;320;590,0.44,yes,
ml system design,design system,design,720,4.73,0.28,15,commercial,880;880;880;720;880;880;880;720;720;720;590;590,0.72,no,
nurse prioritization,prioritization,product,720,,0,0,informational,880;880;720;390;720;880;880;880;480;590;480;480,0.62,yes,
nursing prioritization,prioritization,product,720,,0,0,informational,880;880;720;390;720;880;880;880;480;590;480;480,0.62,yes,
okr acronym,okr,business,720,0.06,0.07,58,informational,880;720;590;590;880;720;720;720;480;590;480;480,0.71,no,
okr meaning business,okr,business,720,0.05,0.08,58,informational,590;880;880;720;880;880;720;590;480;720;720;720,0.92,no,
paul's journey map,journey map,design,720,0.08,0.41,3,informational,720;720;720;720;720;880;880;880;880;590;590;720,0.88,no,
paul's third journey map,journey map,design,720,,0.01,0,informational,720;720;720;590;720;720;720;720;720;480;480;720,0.78,no,
paul's third missionary journey map,journey map,design,720,,0.01,0,informational,720;720;720;590;720;720;720;720;720;480;480;720,0.78,no,
prd product requirements document,product requirements,product,720,8.93,0.11,36,informational,1000;880;590;590;720;880;1000;880;720;720;720;590,0.82,no,
pricing strategy cost plus,pricing strategy,business,720,,0.03,18,commercial,320;260;6600;320;140;210;260;320;170;90;590;70,0.10,yes,
pricing strategy example,pricing strategy,business,720,6.26,0.09,34,informational,1000;880;880;880;590;590;720;1000;720;210;210;170,0.21,yes,
pricing strategy examples,pricing strategy,business,720,6.26,0.09,34,informational,1000;880;880;880;590;590;720;1000;720;210;210;170,0.21,yes,
pricing strategy sample,pricing strategy,business,720,6.26,0.09,34,informational,1000;880;880;880;590;590;720;1000;720;210;210;170,0.21,yes,
prioritization for nurses,prioritization,product,720,,0,0,informational,880;880;720;390;720;880;880;880;480;590;480;480,0.62,yes,
prioritization in nursing,prioritization,product,720,,0,0,informational,880;880;720;390;720;880;880;880;480;590;480;480,0.62,yes,
prioritization in nursing care,prioritization,product,720,,0,0,informational,880;880;720;390;720;880;880;880;480;590;480;480,0.62,yes,
prioritization nursing,prioritization,product,720,,0,0,informational,880;880;720;390;720;880;880;880;480;590;480;480,0.62,yes,
prioritization of nursing care,prioritization,product,720,,0,0,informational,880;880;720;390;720;880;880;880;480;590;480;480,0.62,yes,
product analytics,product analytics,business,720,31.24,0.37,28,informational,1600;590;590;480;590;720;1000;590;590;590;720;720,0.73,yes,
product manager job requirements,product requirements,product,720,3.66,0.11,9,informational,1000;720;590;590;720;720;720;720;590;480;480;590,0.67,yes,jobs
product owner remote job,product owner,product,720,2.68,0.22,0,informational,880;720;590;590;720;880;880;880;720;590;590;590,0.81,no,jobs
product owner remote jobs,product owner,product,720,2.68,0.22,0,informational,880;720;590;590;720;880;880;880;720;590;590;590,0.81,no,jobs
product owner what is,product owner,product,720,0.52,0.07,10,informational,880;720;590;590;720;720;720;720;590;590;590;720,0.87,no,
product promotion strategy,product strategy,product,720,,0.04,21,informational,1000;880;880;720;590;880;720;720;720;320;320;390,0.37,yes,
product requirements,product requirements,product,720,8.93,0.11,36,informational,1000;880;590;590;720;880;1000;880;720;720;720;590,0.82,no,
product requirements doc,product requirements,product,720,8.93,0.11,36,informational,1000;880;590;590;720;880;1000;880;720;720;720;590,0.82,no,
product requirements document prd,product requirements,product,720,8.93,0.11,36,informational,1000;880;590;590;720;880;1000;880;720;720;720;590,0.82,no,
product requirements documentation,product requirements,product,720,8.93,0.11,36,informational,1000;880;590;590;720;880;1000;880;720;720;720;590,0.82,no,
questions for usability testing,usability testing,design,720,,0,7,informational,590;480;880;880;1000;1000;880;1000;1000;590;260;590,0.74,yes,
remote product owner job,product owner,product,720,2.68,0.22,0,informational,880;720;590;590;720;880;880;880;720;590;590;590,0.81,no,jobs
remote product owner jobs,product owner,product,720,2.68,0.22,0,informational,880;720;590;590;720;880;880;880;720;590;590;590,0.81,no,jobs
sample pricing strategy,pricing strategy,business,720,6.26,0.09,34,commercial,1000;880;880;880;590;590;720;1000;720;210;210;170,0.21,yes,
scrum user stories,user stories,product,720,1.57,0.04,21,navigational,1300;880;720;590;720;720;1000;880;720;590;590;590,0.61,yes,
software customer journey map,journey map,design,720,26.39,0.11,37,navigational,3600;590;320;260;320;720;720;320;480;390;170;140,0.16,yes,
system design interview an insider's guide,design system,design,720,0.73,0.26,12,commercial,720;590;720;590;720;720;880;720;720;590;720;720,1.00,no,
system design interview: an insider's guide,design system,design,720,0.73,0.26,12,commercial,720;590;720;590;720;720;880;720;720;590;720;720,1.00,no,
system design primer github,design system,design,720,,0,11,navigational,880;590;590;480;720;720;720;720;720;590;590;720,0.92,no,
system design-primer github,design system,design,720,,0,9,navigational,880;590;590;480;720;720;720;720;720;590;590;720,0.92,no,
system-design-primer github,design system,design,720,,0,13,navigational,880;590;590;480;720;720;720;720;720;590;590;720,0.92,no,
usability testing questions,usability testing,design,720,,0,7,informational,590;480;880;880;1000;1000;880;1000;1000;590;260;590,0.74,yes,
user stories agile,user stories,product,720,1.57,0.04,27,informational,1300;880;720;590;720;720;1000;880;720;590;590;590,0.61,yes,
user stories agile development,user stories,product,720,1.57,0.04,27,navigational,1300;880;720;590;720;720;1000;880;720;590;590;590,0.61,yes,
user stories agile methodology,user stories,product,720,1.57,0.04,27,navigational,1300;880;720;590;720;720;1000;880;720;590;590;590,0.61,yes,
user stories are in agile,user stories,product,720,1.57,0.04,27,navigational,1300;880;720;590;720;720;1000;880;720;590;590;590,0.61,yes,
user stories for agile,user stories,product,720,1.57,0.04,27,informational,1300;880;720;590;720;720;1000;880;720;590;590;590,0.61,yes,
user stories for agile development,user stories,product,720,1.57,0.04,27,informational,1300;880;720;590;720;720;1000;880;720;590;590;590,0.61,yes,
user stories in agile,user stories,product,720,1.57,0.04,27,informational,1300;880;720;590;720;720;1000;880;720;590;590;590,0.61,yes,
user stories in agile development,user stories,product,720,1.57,0.04,27,informational,1300;880;720;590;720;720;1000;880;720;590;590;590,0.61,yes,
user stories in agile methodology,user stories,product,720,1.57,0.04,27,informational,1300;880;720;590;720;720;1000;880;720;590;590;590,0.61,yes,
user stories points,user stories,product,720,,0.03,26,informational,1000;720;590;590;880;880;880;880;720;720;480;590,0.77,yes,
user stories writing,user stories,product,720,2.32,0.04,11,informational,720;390;720;720;880;880;880;880;720;260;260;480,0.55,yes,
what are pricing strategy,pricing strategy,business,720,,0.02,32,informational,880;1000;1000;880;590;880;880;1300;880;260;260;390,0.32,yes,
what are the pricing strategy,pricing strategy,business,720,,0.02,16,informational,880;1000;1000;880;590;880;880;1300;880;260;260;390,0.32,yes,
what does okr stand for in business,okr,business,720,0.16,0.17,22,informational,590;590;590;720;880;880;720;880;720;880;1000;1000,1.63,no,
what is a pricing strategy,pricing strategy,business,720,,0.02,32,informational,880;1000;1000;880;590;880;880;1300;880;260;260;390,0.32,yes,
what is a product owner,product owner,product,720,0.52,0.07,10,informational,880;720;590;590;720;720;720;720;590;590;590;720,0.87,no,
what is okr in business,okr,business,720,0.25,0.14,51,informational,720;590;480;590;880;880;1000;880;590;590;590;590,0.99,yes,
what is pricing strategy,pricing strategy,business,720,,0.02,32,informational,880;1000;1000;880;590;880;880;1300;880;260;260;390,0.32,yes,
what is product owner,product owner,product,720,0.52,0.07,10,informational,880;720;590;590;720;720;720;720;590;590;590;720,0.87,no,
what is the pricing strategy,pricing strategy,business,720,,0.02,39,informational,880;1000;1000;880;590;880;880;1300;880;260;260;390,0.32,yes,
what pricing strategy,pricing strategy,business,720,,0.02,32,informational,880;1000;1000;880;590;880;880;1300;880;260;260;390,0.32,yes,
write user stories,user stories,product,720,2.32,0.04,12,informational,720;390;720;720;880;880;880;880;720;260;260;480,0.55,yes,
writing agile user stories,user stories,product,720,1.57,0.04,25,informational,1300;880;720;590;720;720;1000;880;720;590;590;590,0.61,yes,
writing user stories,user stories,product,720,2.32,0.04,12,informational,720;390;720;720;880;880;880;880;720;260;260;480,0.55,yes,
analysis and design system,design system,design,590,2.08,0.28,0,informational,720;720;590;590;1000;590;590;480;480;390;390;720,0.74,yes,
analysis system design,design system,design,590,2.08,0.28,0,commercial,720;720;590;590;1000;590;590;480;480;390;390;720,0.74,yes,
bytebytego system design,design system,design,590,5.83,0.09,16,informational,590;590;590;590;720;590;590;590;590;720;590;590,1.07,no,
define okr,okr,business,590,0.21,0.08,57,informational,880;720;480;480;720;720;720;590;480;480;480;390,0.65,yes,
define stakeholder management,stakeholder management,product,590,0.02,0.01,10,informational,480;390;260;590;1000;880;590;480;390;480;390;390,1.12,yes,
defining okr,okr,business,590,0.21,0.08,57,informational,880;720;480;480;720;720;720;590;480;480;480;390,0.65,yes,
definition of stakeholder management,stakeholder management,product,590,0.02,0.01,17,informational,480;390;260;590;1000;880;590;480;390;480;390;390,1.12,yes,
definition okr,okr,business,590,0.21,0.08,57,informational,880;720;480;480;720;720;720;590;480;480;480;390,0.65,yes,
definition stakeholder management,stakeholder management,product,590,0.02,0.01,18,informational,480;390;260;590;1000;880;590;480;390;480;390;390,1.12,yes,
design system engineer,design system,design,590,4.06,0.05,11,informational,590;590;480;480;590;590;720;590;480;590;480;480,0.93,no,
design system engineering,design system,design,590,4.06,0.05,11,informational,590;590;480;480;590;590;720;590;480;590;480;480,0.93,no,
design system example,design system,design,590,8.15,0.03,16,informational,590;590;590;480;590;720;880;720;590;480;590;720,1.01,no,
design system examples,design system,design,590,8.15,0.03,16,informational,590;590;590;480;590;720;880;720;590;480;590;720,1.01,no,
design system inc,design system,design,590,0.71,0.02,11,navigational,480;590;390;480;720;590;590;590;590;480;590;590,1.14,no,
design thinking by ideo,design thinking,offmap,590,8.8,0.29,63,navigational,1000;880;720;480;720;720;590;590;480;590;480;480,0.60,yes,
design thinking ideo,design thinking,offmap,590,8.8,0.29,63,informational,1000;880;720;480;720;720;590;590;480;590;480;480,0.60,yes,
design thinking stages,design thinking,offmap,590,5.37,0.17,55,informational,880;880;590;590;590;590;590;590;480;390;320;390,0.47,yes,
design thinking step by step,design thinking,offmap,590,5.37,0.17,55,informational,880;880;590;590;590;590;590;590;480;390;320;390,0.47,yes,
design thinking steps,design thinking,offmap,590,5.37,0.17,55,informational,880;880;590;590;590;590;590;590;480;390;320;390,0.47,yes,
duties of a product owner,product owner,product,590,0.88,0.14,14,informational,880;880;590;590;720;720;720;720;590;480;480;390,0.57,yes,
engineering system design,design system,design,590,4.06,0.05,11,informational,590;590;480;480;590;590;720;590;480;590;480;480,0.93,no,
example of system design,design system,design,590,8.15,0.03,16,informational,590;590;590;480;590;720;880;720;590;480;590;720,1.01,no,
example system design,design system,design,590,8.15,0.03,16,informational,590;590;590;480;590;720;880;720;590;480;590;720,1.01,no,
examples of system design,design system,design,590,8.15,0.03,16,informational,590;590;590;480;590;720;880;720;590;480;590;720,1.01,no,
gherkin format user stories,user stories,product,590,,0,0,navigational,260;320;720;880;720;880;880;1000;880;320;170;320,0.62,yes,
how to create user stories,user stories,product,590,3.47,0.07,13,informational,720;590;590;480;590;720;880;590;480;390;390;320,0.58,yes,
how to write a user stories,user stories,product,590,3.47,0.07,10,informational,720;590;590;480;590;720;880;590;480;390;390;320,0.58,yes,
how to write the user stories,user stories,product,590,3.47,0.07,10,informational,720;590;590;480;590;720;880;590;480;390;390;320,0.58,yes,
how to write user stories,user stories,product,590,3.47,0.07,10,informational,720;590;590;480;590;720;880;590;480;390;390;320,0.58,yes,
human design system,design system,design,590,1.44,0.02,45,informational,1600;1000;480;390;480;320;320;210;390;590;590;1000,0.71,yes,
ideo and design thinking,design thinking,offmap,590,8.8,0.29,63,informational,1000;880;720;480;720;720;590;590;480;590;480;480,0.60,yes,
ideo design thinking,design thinking,offmap,590,8.8,0.29,63,informational,1000;880;720;480;720;720;590;590;480;590;480;480,0.60,yes,
journey map template,journey map,design,590,10.21,0.34,19,informational,1000;880;590;390;590;720;720;590;390;320;260;210,0.32,yes,
journey of moses map,journey map,design,590,0.06,0.83,0,informational,590;590;480;320;590;590;880;880;480;320;320;390,0.62,yes,
kpi and okr,okr,business,590,5.48,0.24,18,informational,880;720;590;590;720;720;720;590;590;480;480;480,0.66,no,
map of moses journey,journey map,design,590,0.06,0.83,0,informational,590;590;480;320;590;590;880;880;480;320;320;390,0.62,yes,
map of paul's 2nd journey,journey map,design,590,0.01,0.02,0,informational,480;480;720;480;590;590;590;590;480;390;390;590,0.82,no,
map of paul's 2nd missionary journey,journey map,design,590,0.01,0.02,0,informational,480;480;720;480;590;590;590;590;480;390;390;590,0.82,no,
marketing product strategy,product strategy,product,590,8.39,0.27,0,informational,3600;480;260;260;390;390;590;390;390;210;210;110,0.12,yes,
marketing strategy for a product,product strategy,product,590,8.39,0.27,0,informational,3600;480;260;260;390;390;590;390;390;210;210;110,0.12,yes,
marketing strategy for product,product strategy,product,590,8.39,0.27,0,informational,3600;480;260;260;390;390;590;390;390;210;210;110,0.12,yes,
marketing strategy of a product,product strategy,product,590,8.39,0.27,0,informational,3600;480;260;260;390;390;590;390;390;210;210;110,0.12,yes,
marketing strategy of product,product strategy,product,590,8.39,0.27,0,commercial,3600;480;260;260;390;390;590;390;390;210;210;110,0.12,yes,
marketing strategy product,product strategy,product,590,8.39,0.27,0,informational,3600;480;260;260;390;390;590;390;390;210;210;110,0.12,yes,
meaning of stakeholder management,stakeholder management,product,590,0.02,0.01,18,informational,480;390;260;590;1000;880;590;480;390;480;390;390,1.12,yes,
moses journey map,journey map,design,590,0.06,0.83,0,informational,590;590;480;320;590;590;880;880;480;320;320;390,0.62,yes,
okr and kpi,okr,business,590,5.48,0.24,24,informational,880;720;590;590;720;720;720;590;590;480;480;480,0.66,no,
okr and kpis,okr,business,590,5.48,0.24,18,informational,880;720;590;590;720;720;720;590;590;480;480;480,0.66,no,
okr kpi,okr,business,590,5.48,0.24,18,informational,880;720;590;590;720;720;720;590;590;480;480;480,0.66,no,
okr software,okr,business,590,57.9,0.23,26,commercial,1000;1300;480;390;480;480;880;480;480;320;390;320,0.37,yes,
okr stand for,okr,business,590,0.05,0.1,57,informational,590;590;480;590;880;720;590;590;480;480;480;390,0.81,yes,
okr stands for,okr,business,590,0.05,0.1,58,informational,590;590;480;590;880;720;590;590;480;480;480;390,0.81,yes,
paul 2nd missionary journey map,journey map,design,590,0.01,0.02,0,informational,480;480;720;480;590;590;590;590;480;390;390;590,0.82,no,
paul's 2nd journey map,journey map,design,590,0.01,0.02,0,informational,480;480;720;480;590;590;590;590;480;390;390;590,0.82,no,
paul's 2nd missionary journey map,journey map,design,590,0.01,0.02,0,informational,480;480;720;480;590;590;590;590;480;390;390;590,0.82,no,
prioritisation or prioritization,prioritization,product,590,,0,5,informational,720;590;590;480;590;480;590;590;590;590;390;480,0.77,no,
prioritization in a sentence,prioritization,product,590,,0,0,informational,880;880;720;590;880;880;720;480;170;70;90;260,0.17,yes,
prioritization quote,prioritization,product,590,0.58,0.02,0,informational,880;720;590;480;720;480;480;480;480;480;390;480,0.62,yes,
prioritization quotes,prioritization,product,590,0.58,0.02,0,informational,880;720;590;480;720;480;480;480;480;480;390;480,0.62,yes,
product in marketing strategy,product strategy,product,590,8.39,0.27,0,informational,3600;480;260;260;390;390;590;390;390;210;210;110,0.12,yes,
product marketing strategy,product strategy,product,590,8.39,0.27,0,informational,3600;480;260;260;390;390;590;390;390;210;210;110,0.12,yes,
product owner duties,product owner,product,590,0.88,0.14,9,informational,880;880;590;590;720;720;720;720;590;480;480;390,0.57,yes,
product owner jobs remote,product owner,product,590,1.51,0.15,0,informational,720;590;590;480;720;590;720;590;590;480;590;590,0.87,no,jobs
product owner responsibilities,product owner,product,590,0.88,0.14,9,informational,880;880;590;590;720;720;720;720;590;480;480;390,0.57,yes,
product strategy marketing,product strategy,product,590,8.39,0.27,0,informational,3600;480;260;260;390;390;590;390;390;210;210;110,0.12,yes,
project stakeholder management definition,stakeholder management,product,590,0.02,0.01,32,informational,480;390;260;590;1000;880;590;480;390;480;390;390,1.12,yes,
quotes about prioritization,prioritization,product,590,0.58,0.02,0,informational,880;720;590;480;720;480;480;480;480;480;390;480,0.62,yes,
quotes on prioritization,prioritization,product,590,0.58,0.02,0,informational,880;720;590;480;720;480;480;480;480;480;390;480,0.62,yes,
research method ux,ux research,design,590,4.1,0.02,16,informational,1000;590;480;480;590;590;880;390;390;320;320;1900,1.23,yes,
research methods ux,ux research,design,590,4.1,0.02,16,informational,1000;590;480;480;590;590;880;390;390;320;320;1900,1.23,yes,
responsibilities of a product owner,product owner,product,590,0.88,0.14,9,informational,880;880;590;590;720;720;720;720;590;480;480;390,0.57,yes,
responsibilities of product owner,product owner,product,590,0.88,0.14,9,informational,880;880;590;590;720;720;720;720;590;480;480;390,0.57,yes,
responsibilities product owner,product owner,product,590,0.88,0.14,9,informational,880;880;590;590;720;720;720;720;590;480;480;390,0.57,yes,
responsibility of a product owner,product owner,product,590,0.88,0.14,9,informational,880;880;590;590;720;720;720;720;590;480;480;390,0.57,yes,
responsibility of product owner,product owner,product,590,0.88,0.14,22,informational,880;880;590;590;720;720;720;720;590;480;480;390,0.57,yes,
role of a product owner,product owner,product,590,0.88,0.14,9,informational,880;880;590;590;720;720;720;720;590;480;480;390,0.57,yes,
role of product owner,product owner,product,590,0.88,0.14,21,informational,880;880;590;590;720;720;720;720;590;480;480;390,0.57,yes,
role of the product owner,product owner,product,590,0.88,0.14,22,informational,880;880;590;590;720;720;720;720;590;480;480;390,0.57,yes,
role product owner,product owner,product,590,0.88,0.14,9,navigational,880;880;590;590;720;720;720;720;590;480;480;390,0.57,yes,
roles of a product owner,product owner,product,590,0.88,0.14,9,informational,880;880;590;590;720;720;720;720;590;480;480;390,0.57,yes,
roles product owner,product owner,product,590,0.88,0.14,9,navigational,880;880;590;590;720;720;720;720;590;480;480;390,0.57,yes,
software for okr,okr,business,590,57.9,0.23,26,informational,1000;1300;480;390;480;480;880;480;480;320;390;320,0.37,yes,
stakeholder management definition,stakeholder management,product,590,0.02,0.01,17,informational,480;390;260;590;1000;880;590;480;390;480;390;390,1.12,yes,
stakeholder management meaning,stakeholder management,product,590,0.02,0.01,16,informational,480;390;260;590;1000;880;590;480;390;480;390;390,1.12,yes,
stakeholder management means,stakeholder management,product,590,0.02,0.01,20,informational,480;390;260;590;1000;880;590;480;390;480;390;390,1.12,yes,
step of design thinking,design thinking,offmap,590,5.37,0.17,55,informational,880;880;590;590;590;590;590;590;480;390;320;390,0.47,yes,
steps for design thinking,design thinking,offmap,590,5.37,0.17,55,informational,880;880;590;590;590;590;590;590;480;390;320;390,0.47,yes,
steps in design thinking,design thinking,offmap,590,5.37,0.17,55,informational,880;880;590;590;590;590;590;590;480;390;320;390,0.47,yes,
steps of design thinking,design thinking,offmap,590,5.37,0.17,55,informational,880;880;590;590;590;590;590;590;480;390;320;390,0.47,yes,
strategy marketing product,product strategy,product,590,8.39,0.27,25,commercial,3600;480;260;260;390;390;590;390;390;210;210;110,0.12,yes,
system analysis and design,design system,design,590,2.08,0.28,0,informational,720;720;590;590;1000;590;590;480;480;390;390;720,0.74,yes,
system analysis and system design,design system,design,590,2.08,0.28,1,informational,720;720;590;590;1000;590;590;480;480;390;390;720,0.74,yes,
system analysis design,design system,design,590,2.08,0.28,0,informational,720;720;590;590;1000;590;590;480;480;390;390;720,0.74,yes,
system design and analysis,design system,design,590,2.08,0.28,0,commercial,720;720;590;590;1000;590;590;480;480;390;390;720,0.74,yes,
system design and engineering,design system,design,590,4.06,0.05,11,informational,590;590;480;480;590;590;720;590;480;590;480;480,0.93,no,
system design course,design system,design,590,5.9,0.55,4,informational,720;590;720;590;720;590;720;590;590;590;590;590,0.87,no,course
system design courses,design system,design,590,5.9,0.55,4,informational,720;590;720;590;720;590;720;590;590;590;590;590,0.87,no,course
system design engineer,design system,design,590,4.06,0.05,11,informational,590;590;480;480;590;590;720;590;480;590;480;480,0.93,no,
system design engineering,design system,design,590,4.06,0.05,11,informational,590;590;480;480;590;590;720;590;480;590;480;480,0.93,no,
system design interview prep,design system,design,590,4.74,0.51,15,informational,590;590;590;590;590;590;720;590;720;590;590;720,1.07,no,
system design question,design system,design,590,3.87,0.24,2,informational,720;720;590;480;720;590;590;590;590;480;480;590,0.76,no,
system design questions,design system,design,590,3.87,0.24,2,informational,720;720;590;480;720;590;590;590;590;480;480;590,0.76,no,
system engineering design,design system,design,590,4.06,0.05,11,informational,590;590;480;480;590;590;720;590;480;590;480;480,0.93,no,
system human design,design system,design,590,1.44,0.02,45,navigational,1600;1000;480;390;480;320;320;210;390;590;590;1000,0.71,yes,
usability testing scenario template,usability testing,design,590,,0,1,informational,90;140;590;880;880;1000;1000;1300;880;140;40;140,0.39,yes,
user interviews reddit,user interviews,design,590,,0,0,navigational,480;480;590;590;590;480;590;590;720;590;590;480,1.07,no,
user research for ux design,ux research,design,590,2.35,0,6,informational,90;110;70;50;140;590;140;140;170;210;1300;3600,18.93,yes,
user stories card,user stories,product,590,,0,13,informational,260;260;590;720;720;720;880;880;1000;390;210;480,0.97,yes,
user stories cards,user stories,product,590,,0,19,informational,260;260;590;720;720;720;880;880;1000;390;210;480,0.97,yes,
ux design research methods,ux research,design,590,4.1,0.02,16,informational,1000;590;480;480;590;590;880;390;390;320;320;1900,1.23,yes,
ux research intern,ux research,design,590,1.7,0.04,0,navigational,720;720;590;480;590;590;720;720;480;390;390;390,0.58,no,
ux research internships,ux research,design,590,1.7,0.04,0,navigational,720;720;590;480;590;590;720;720;480;390;390;390,0.58,no,
ux research method,ux research,design,590,4.1,0.02,16,informational,1000;590;480;480;590;590;880;390;390;320;320;1900,1.23,yes,
ux research methodologies,ux research,design,590,4.1,0.02,15,informational,1000;590;480;480;590;590;880;390;390;320;320;1900,1.23,yes,
ux research methodology,ux research,design,590,4.1,0.02,16,informational,1000;590;480;480;590;590;880;390;390;320;320;1900,1.23,yes,
ux research methods,ux research,design,590,4.1,0.02,16,informational,1000;590;480;480;590;590;880;390;390;320;320;1900,1.23,yes,
ux research methods and techniques,ux research,design,590,4.1,0.02,16,informational,1000;590;480;480;590;590;880;390;390;320;320;1900,1.23,yes,
ux research techniques,ux research,design,590,4.1,0.02,16,informational,1000;590;480;480;590;590;880;390;390;320;320;1900,1.23,yes,
what a product owner does,product owner,product,590,6.01,0.09,8,informational,590;720;480;480;590;590;590;590;480;590;590;590,0.99,no,
what does a product owner do,product owner,product,590,6.01,0.09,8,informational,590;720;480;480;590;590;590;590;480;590;590;590,0.99,no,
what does okr mean,okr,business,590,0.18,0.08,51,informational,720;590;590;590;880;720;720;590;590;480;480;480,0.76,no,
what does product owner do,product owner,product,590,6.01,0.09,8,informational,590;720;480;480;590;590;590;590;480;590;590;590,0.99,no,
what does the product owner do,product owner,product,590,6.01,0.09,8,informational,590;720;480;480;590;590;590;590;480;590;590;590,0.99,no,
what is a customer journey map,journey map,design,590,9.81,0.14,42,informational,720;480;320;480;480;590;1000;590;480;590;880;590,1.36,yes,
what is an information architecture,information architecture,design,590,5.7,0.01,11,informational,480;590;480;390;720;590;590;480;480;480;480;590,1.00,no,
what is customer journey map,journey map,design,590,9.81,0.14,42,informational,720;480;320;480;480;590;1000;590;480;590;880;590,1.36,yes,
what is information architecture,information architecture,design,590,5.7,0.01,27,informational,480;590;480;390;720;590;590;480;480;480;480;590,1.00,no,
what is the customer journey map,journey map,design,590,9.81,0.14,42,informational,720;480;320;480;480;590;1000;590;480;590;880;590,1.36,yes,
a b testing calculator,a/b testing,business,480,27.22,0.09,55,informational,590;590;480;390;390;480;720;480;480;320;260;320,0.54,yes,
a/b testing calculator,a/b testing,business,480,27.22,0.09,28,informational,590;590;480;390;390;480;720;480;480;320;260;320,0.54,yes,
ads advanced design system,design system,design,480,36.81,0.15,7,navigational,720;590;480;390;480;390;480;390;320;320;320;320,0.54,yes,
advanced design system ads,design system,design,480,36.81,0.15,4,informational,720;590;480;390;480;390;480;390;320;320;320;320,0.54,yes,
apple design system,design system,design,480,,0,54,informational,480;480;390;320;480;480;590;590;480;480;480;480,1.07,no,
apple's design system,design system,design,480,,0,16,informational,480;480;390;320;480;480;590;590;480;480;480;480,1.07,no,
certified scrum product owner course,product owner,product,480,7.33,0.31,20,commercial,1000;480;320;590;390;260;480;480;590;320;260;210,0.44,yes,jobs
certified scrum product owner courses,product owner,product,480,7.33,0.31,20,commercial,1000;480;320;590;390;260;480;480;590;320;260;210,0.44,yes,jobs
certified scrum product owner training,product owner,product,480,7.33,0.31,12,commercial,1000;480;320;590;390;260;480;480;590;320;260;210,0.44,yes,jobs
competition pricing strategy,pricing strategy,business,480,28.06,0.05,30,commercial,1000;390;480;480;260;320;480;880;590;260;260;170,0.37,yes,
competitive pricing strategy,pricing strategy,business,480,28.06,0.05,25,commercial,1000;390;480;480;260;320;480;880;590;260;260;170,0.37,yes,
competitor pricing strategy,pricing strategy,business,480,28.06,0.05,8,commercial,1000;390;480;480;260;320;480;880;590;260;260;170,0.37,yes,
competitors pricing strategy,pricing strategy,business,480,28.06,0.05,25,commercial,1000;390;480;480;260;320;480;880;590;260;260;170,0.37,yes,
customer journey map tool,journey map,design,480,23.55,0.15,37,navigational,880;320;210;170;210;480;880;480;590;720;390;210,0.94,yes,
customer journey map tools,journey map,design,480,23.55,0.15,37,navigational,880;320;210;170;210;480;880;480;590;720;390;210,0.94,yes,
define retention rate,retention rate,business,480,,0.01,17,informational,720;720;480;390;590;590;590;480;320;260;210;260,0.38,yes,
definition of retention rate,retention rate,business,480,,0.01,31,informational,720;720;480;390;590;590;590;480;320;260;210;260,0.38,yes,
definition retention rate,retention rate,business,480,,0.01,25,informational,720;720;480;390;590;590;590;480;320;260;210;260,0.38,yes,
design a solar system,design system,design,480,5.56,0.39,7,informational,590;480;390;590;480;390;480;480;480;320;210;260,0.54,yes,
design essential sts system,design system,design,480,0.47,1,0,informational,720;720;480;590;480;390;390;320;480;480;480;590,0.81,yes,
design essentials sts system,design system,design,480,0.47,1,0,navigational,720;720;480;590;480;390;390;320;480;480;480;590,0.81,yes,
design of embedded system,design system,design,480,18.44,0.1,13,informational,880;590;480;590;590;480;590;480;390;390;590;390,0.70,yes,
design of solar system,design system,design,480,5.56,0.39,7,informational,590;480;390;590;480;390;480;480;480;320;210;260,0.54,yes,
design solar system,design system,design,480,5.56,0.39,7,informational,590;480;390;590;480;390;480;480;480;320;210;260,0.54,yes,
design system diagram,design system,design,480,18.36,0.11,0,informational,480;590;390;390;390;590;590;480;390;480;480;390,0.92,no,
design system google,design system,design,480,,0,39,navigational,390;480;390;390;480;390;480;480;480;390;390;390,0.93,no,brand
design thinking at stanford,design thinking,offmap,480,6.59,0.32,26,navigational,720;590;390;320;480;480;390;480;390;320;390;320,0.61,yes,
design thinking stanford,design thinking,offmap,480,6.59,0.32,26,navigational,720;590;390;320;480;480;390;480;390;320;390;320,0.61,yes,
design thinking stanford university,design thinking,offmap,480,6.59,0.32,26,navigational,720;590;390;320;480;480;390;480;390;320;390;320,0.61,yes,
discovery product,product discovery,product,480,10.79,0.34,8,navigational,880;720;480;480;480;480;720;590;390;390;390;260,0.50,yes,
dollar general pricing strategy,pricing strategy,business,480,,0,0,informational,10;20;10;10;10;10;10;10;10;5400;20;20,136.00,yes,
embedded system and design,design system,design,480,18.44,0.1,13,informational,880;590;480;590;590;480;590;480;390;390;590;390,0.70,yes,
embedded system design,design system,design,480,18.44,0.1,13,informational,880;590;480;590;590;480;590;480;390;390;590;390,0.70,yes,
employee retention rate,retention rate,business,480,2.15,0.08,31,informational,1000;590;480;260;480;390;720;480;390;260;320;320,0.43,yes,
employees retention rate,retention rate,business,480,2.15,0.08,31,informational,1000;590;480;260;480;390;720;480;390;260;320;320,0.43,yes,
employment retention rate,retention rate,business,480,2.15,0.08,38,informational,1000;590;480;260;480;390;720;480;390;260;320;320,0.43,yes,
google design system,design system,design,480,,0,39,navigational,390;480;390;390;480;390;480;480;480;390;390;390,0.93,no,brand
google ux writing,ux writing,design,480,2.26,0.01,13,navigational,390;320;480;590;590;590;590;720;590;260;210;320,0.66,yes,brand
how to design an operating system,design system,design,480,26.77,0.01,10,informational,590;480;480;480;590;480;480;480;480;390;390;390,0.75,no,
how to pronounce prioritization,prioritization,product,480,,0,0,informational,590;720;590;590;720;720;480;390;320;210;170;210,0.31,yes,
ibm design system,design system,design,480,,0,30,navigational,480;590;390;320;480;480;480;480;480;480;390;480,0.92,no,
ikea closet design system,design system,design,480,2.28,1,15,navigational,590;480;480;480;590;390;480;390;320;320;320;390,0.66,no,
ikea closet system design,design system,design,480,2.28,1,15,navigational,590;480;480;480;590;390;480;390;320;320;320;390,0.66,no,
job retention rate,retention rate,business,480,2.15,0.08,31,informational,1000;590;480;260;480;390;720;480;390;260;320;320,0.43,yes,jobs
lightning design system,design system,design,480,25.26,0.02,14,informational,720;590;480;390;480;590;480;480;390;390;320;260,0.54,yes,
lightning design system salesforce,design system,design,480,13.56,0.07,24,navigational,590;720;480;480;480;480;480;480;320;390;390;480,0.70,yes,brand
lightning system design,design system,design,480,25.26,0.02,15,informational,720;590;480;390;480;590;480;480;390;390;320;260,0.54,yes,
map customer journey tool,journey map,design,480,23.55,0.15,37,navigational,880;320;210;170;210;480;880;480;590;720;390;210,0.94,yes,
map exodus journey,journey map,design,480,0.06,0.63,0,informational,590;590;480;320;590;590;720;590;320;260;260;320,0.51,yes,
map of exodus journey,journey map,design,480,0.06,0.63,0,informational,590;590;480;320;590;590;720;590;320;260;260;320,0.51,yes,
map of the exodus journey,journey map,design,480,0.06,0.63,0,informational,590;590;480;320;590;590;720;590;320;260;260;320,0.51,yes,
marco polo journey map,journey map,design,480,11.09,0.01,1,informational,1000;1000;590;590;480;480;390;320;390;170;90;260,0.20,yes,
meaning of retention rate,retention rate,business,480,,0.01,24,informational,720;720;480;390;590;590;590;480;320;260;210;260,0.38,yes,
metrics for saas,saas metrics,business,480,20.63,0.19,19,informational,880;590;480;390;590;590;720;480;590;480;320;320,0.57,yes,
metrics saas,saas metrics,business,480,20.63,0.19,19,informational,880;590;480;390;590;590;720;480;590;480;320;320,0.57,yes,
okr goal,okr,business,480,6.69,0.14,49,informational,590;480;390;480;880;720;720;480;480;320;260;260,0.58,yes,
okr goals,okr,business,480,6.69,0.14,49,informational,590;480;390;480;880;720;720;480;480;320;260;260,0.58,yes,
patient journey map,journey map,design,480,19.08,0.18,3,navigational,720;480;390;260;390;390;720;590;480;480;480;390,0.85,yes,
penetration pricing strategy,pricing strategy,business,480,6.99,0.03,10,commercial,590;720;720;720;320;480;480;720;480;170;170;140,0.24,yes,
pricing competitive strategy,pricing strategy,business,480,28.06,0.05,21,informational,1000;390;480;480;260;320;480;880;590;260;260;170,0.37,yes,
pricing strategy competitive,pricing strategy,business,480,28.06,0.05,21,informational,1000;390;480;480;260;320;480;880;590;260;260;170,0.37,yes,
pricing strategy penetration,pricing strategy,business,480,6.99,0.03,7,commercial,590;720;720;720;320;480;480;720;480;170;170;140,0.24,yes,
prioritization framework,prioritization,product,480,2.27,0.12,5,informational,590;480;390;320;480;590;480;480;320;390;320;390,0.75,no,
prioritization moscow method template,prioritization,product,480,,0,0,navigational,90;110;590;880;590;880;720;1000;880;110;20;210,0.43,yes,
product discovery,product discovery,product,480,10.79,0.34,8,informational,880;720;480;480;480;480;720;590;390;390;390;260,0.50,yes,
product owner in scrum,product owner,product,480,2.73,0.28,43,navigational,720;590;390;390;480;480;480;390;390;320;320;320,0.56,yes,
product owner scrum,product owner,product,480,2.73,0.28,43,navigational,720;590;390;390;480;480;480;390;390;320;320;320,0.56,yes,
retention rate def,retention rate,business,480,,0.01,17,informational,720;720;480;390;590;590;590;480;320;260;210;260,0.38,yes,
retention rate definition,retention rate,business,480,,0.01,25,informational,720;720;480;390;590;590;590;480;320;260;210;260,0.38,yes,
retention rate employee,retention rate,business,480,2.15,0.08,31,informational,1000;590;480;260;480;390;720;480;390;260;320;320,0.43,yes,
retention rate employees,retention rate,business,480,2.15,0.08,31,informational,1000;590;480;260;480;390;720;480;390;260;320;320,0.43,yes,
retention rate employment,retention rate,business,480,2.15,0.08,31,informational,1000;590;480;260;480;390;720;480;390;260;320;320,0.43,yes,
retention rate for employees,retention rate,business,480,2.15,0.08,31,informational,1000;590;480;260;480;390;720;480;390;260;320;320,0.43,yes,
retention rate of employees,retention rate,business,480,2.15,0.08,31,informational,1000;590;480;260;480;390;720;480;390;260;320;320,0.43,yes,
saas metrics,saas metrics,business,480,20.63,0.19,19,informational,880;590;480;390;590;590;720;480;590;480;320;320,0.57,yes,
saas performance metrics,saas metrics,business,480,20.63,0.19,19,informational,880;590;480;390;590;590;720;480;590;480;320;320,0.57,yes,
salesforce lightning design system,design system,design,480,13.56,0.07,24,navigational,590;720;480;480;480;480;480;480;320;390;390;480,0.70,yes,brand
scrum product owner,product owner,product,480,2.73,0.28,43,navigational,720;590;390;390;480;480;480;390;390;320;320;320,0.56,yes,
solar panel system design,design system,design,480,5.56,0.39,0,informational,590;480;390;590;480;390;480;480;480;320;210;260,0.54,yes,
solar panels system design,design system,design,480,5.56,0.39,7,informational,590;480;390;590;480;390;480;480;480;320;210;260,0.54,yes,
solar power system design,design system,design,480,5.56,0.39,7,informational,590;480;390;590;480;390;480;480;480;320;210;260,0.54,yes,
solar system design,design system,design,480,5.56,0.39,7,informational,590;480;390;590;480;390;480;480;480;320;210;260,0.54,yes,
staff retention rate,retention rate,business,480,2.15,0.08,31,informational,1000;590;480;260;480;390;720;480;390;260;320;320,0.43,yes,
stanford design thinking,design thinking,offmap,480,6.59,0.32,26,navigational,720;590;390;320;480;480;390;480;390;320;390;320,0.61,yes,
stanford university design thinking,design thinking,offmap,480,6.59,0.32,29,navigational,720;590;390;320;480;480;390;480;390;320;390;320,0.61,yes,
system design diagram,design system,design,480,18.36,0.11,0,informational,480;590;390;390;390;590;590;480;390;480;480;390,0.92,no,
system design diagrams,design system,design,480,18.36,0.11,0,informational,480;590;390;390;390;590;590;480;390;480;480;390,0.92,no,
system design embedded,design system,design,480,18.44,0.1,13,informational,880;590;480;590;590;480;590;480;390;390;590;390,0.70,yes,
testing positive for flu a and b,a/b testing,business,480,,0,25,informational,390;390;390;590;720;1000;1000;590;320;170;110;210,0.42,yes,
tools for ux research,ux research,design,480,27.93,0.38,7,informational,1000;880;590;480;390;390;480;320;210;170;110;110,0.16,yes,
usability testing service,usability testing,design,480,180.47,0.08,2,informational,480;320;1300;590;480;210;590;320;210;110;210;320,0.30,yes,
usability testing services,usability testing,design,480,180.47,0.08,2,informational,480;320;1300;590;480;210;590;320;210;110;210;320,0.30,yes,
user experience persona examples,user persona,design,480,,0.03,23,informational,880;880;480;260;390;590;590;390;260;210;210;170,0.26,yes,
user interviews legit,user interviews,design,480,4.04,0.04,16,informational,320;260;480;390;390;320;590;590;590;590;590;590,1.67,yes,
user interviews participant,user interviews,design,480,8.87,0.3,24,transactional,320;320;390;390;390;480;720;590;590;720;480;390,1.54,yes,
user interviews participants,user interviews,design,480,8.87,0.3,24,informational,320;320;390;390;390;480;720;590;590;720;480;390,1.54,yes,
user persona example,user persona,design,480,,0.03,23,navigational,880;880;480;260;390;590;590;390;260;210;210;170,0.26,yes,
user persona examples,user persona,design,480,,0.03,23,informational,880;880;480;260;390;590;590;390;260;210;210;170,0.26,yes,
user persona ux,user persona,design,480,,0.02,26,navigational,720;1000;590;390;480;720;590;480;320;260;320;260,0.36,yes,
user stories for payment system,user stories,product,480,,0,10,commercial,140;140;480;720;720;880;880;880;720;170;70;320,0.74,yes,
ux research tool,ux research,design,480,27.93,0.38,7,informational,1000;880;590;480;390;390;480;320;210;170;110;110,0.16,yes,
ux research tools,ux research,design,480,27.93,0.38,7,informational,1000;880;590;480;390;390;480;320;210;170;110;110,0.16,yes,
ux writing google,ux writing,design,480,2.26,0.01,13,navigational,390;320;480;590;590;590;590;720;590;260;210;320,0.66,yes,brand
what are agile user stories,user stories,product,480,,0.02,16,informational,480;390;390;390;480;480;590;590;480;480;320;320,0.89,no,
what are user stories agile,user stories,product,480,,0.02,16,informational,480;390;390;390;480;480;590;590;480;480;320;320,0.89,no,
what are user stories in agile,user stories,product,480,,0.02,26,informational,480;390;390;390;480;480;590;590;480;480;320;320,0.89,no,
what are user stories in agile methodology,user stories,product,480,,0.02,20,informational,480;390;390;390;480;480;590;590;480;480;320;320,0.89,no,
what is a journey map,journey map,design,480,12.89,0.28,14,informational,720;720;590;390;480;590;590;590;390;390;390;390,0.58,no,
what is a product backlog,product backlog,product,480,,0.02,35,informational,720;480;390;320;390;480;480;480;390;390;320;320,0.65,yes,
what is a user persona,user persona,design,480,,0.01,18,informational,720;590;480;320;390;480;480;480;390;390;390;390,0.65,yes,
what is a user stories in agile,user stories,product,480,,0.02,20,informational,480;390;390;390;480;480;590;590;480;480;320;320,0.89,no,
what is journey map,journey map,design,480,12.89,0.28,14,informational,720;720;590;390;480;590;590;590;390;390;390;390,0.58,no,
what is product backlog,product backlog,product,480,,0.02,17,informational,720;480;390;320;390;480;480;480;390;390;320;320,0.65,yes,
what is the product backlog,product backlog,product,480,,0.02,35,informational,720;480;390;320;390;480;480;480;390;390;320;320,0.65,yes,
what is user persona,user persona,design,480,,0.01,18,informational,720;590;480;320;390;480;480;480;390;390;390;390,0.65,yes,
what is user stories in agile,user stories,product,480,,0.02,20,informational,480;390;390;390;480;480;590;590;480;480;320;320,0.89,no,
what is user stories in agile methodology,user stories,product,480,,0.02,11,informational,480;390;390;390;480;480;590;590;480;480;320;320,0.89,no,
what is ux writing,ux writing,design,480,3.17,0.03,18,informational,590;480;480;480;590;480;390;480;480;390;390;320,0.71,no,
a-b-a testing,a/b testing,business,390,19.66,0.24,41,informational,390;390;320;320;390;390;390;390;390;320;320;320,0.87,no,
acceptance criteria for user stories,user stories,product,390,,0.02,25,informational,480;390;320;320;320;480;480;480;320;260;210;210,0.57,yes,
acceptance criteria in user stories,user stories,product,390,,0.02,10,informational,480;390;320;320;320;480;480;480;320;260;210;210,0.57,yes,
agile development product owner,product owner,product,390,8.96,0.12,14,navigational,480;480;390;320;480;390;480;390;390;320;320;320,0.71,no,
agile methodology product owner,product owner,product,390,8.96,0.12,14,informational,480;480;390;320;480;390;480;390;390;320;320;320,0.71,no,
agile product owner,product owner,product,390,8.96,0.12,14,informational,480;480;390;320;480;390;480;390;390;320;320;320,0.71,no,
agile project management product owner,product owner,product,390,8.96,0.12,14,informational,480;480;390;320;480;390;480;390;390;320;320;320,0.71,no,
amplitude product analytics,product analytics,business,390,14.33,0.2,13,navigational,390;210;210;320;320;480;590;480;390;320;390;210,1.14,yes,brand
book about design thinking,design thinking,offmap,390,1.3,0.94,0,informational,480;480;320;390;480;390;390;390;480;260;320;320,0.70,no,
book design thinking,design thinking,offmap,390,1.3,0.94,0,informational,480;480;320;390;480;390;390;390;480;260;320;320,0.70,no,
book on design thinking,design thinking,offmap,390,1.3,0.94,0,informational,480;480;320;390;480;390;390;390;480;260;320;320,0.70,no,
books about design thinking,design thinking,offmap,390,1.3,0.94,0,informational,480;480;320;390;480;390;390;390;480;260;320;320,0.70,no,
books design thinking,design thinking,offmap,390,1.3,0.94,0,informational,480;480;320;390;480;390;390;390;480;260;320;320,0.70,no,
books on design thinking,design thinking,offmap,390,1.3,0.94,0,informational,480;480;320;390;480;390;390;390;480;260;320;320,0.70,no,
certified scrum product owner cspo,product owner,product,390,5.09,0.43,11,commercial,390;390;390;320;390;390;480;320;320;480;480;260,1.04,no,jobs
closet system design,design system,design,390,12.16,1,22,commercial,390;390;390;320;480;320;390;320;320;320;320;320,0.82,no,
create a user persona,user persona,design,390,11.89,0.18,30,navigational,590;480;390;260;320;320;720;320;260;210;210;260,0.47,yes,
create user persona,user persona,design,390,11.89,0.18,30,navigational,590;480;390;260;320;320;720;320;260;210;210;260,0.47,yes,
create user stories,user stories,product,390,,0.03,17,informational,880;260;260;390;390;390;480;480;390;170;170;90,0.31,yes,
creating a user persona,user persona,design,390,11.89,0.18,30,informational,590;480;390;260;320;320;720;320;260;210;210;260,0.47,yes,
creating user persona,user persona,design,390,11.89,0.18,30,navigational,590;480;390;260;320;320;720;320;260;210;210;260,0.47,yes,
define pricing strategy,pricing strategy,business,390,,0.02,20,informational,390;590;480;480;390;390;390;720;390;70;70;110,0.17,yes,
definition of a pricing strategy,pricing strategy,business,390,,0.02,20,informational,390;590;480;480;390;390;390;720;390;70;70;110,0.17,yes,
definition of pricing strategy,pricing strategy,business,390,,0.02,20,informational,390;590;480;480;390;390;390;720;390;70;70;110,0.17,yes,
definition pricing strategy,pricing strategy,business,390,,0.02,20,informational,390;590;480;480;390;390;390;720;390;70;70;110,0.17,yes,
delegation prioritization and assignment,prioritization,product,390,0.78,1,0,informational,590;390;260;210;480;390;390;590;390;320;320;320,0.77,yes,
design thinking book,design thinking,offmap,390,1.3,0.94,0,informational,480;480;320;390;480;390;390;390;480;260;320;320,0.70,no,
design thinking books,design thinking,offmap,390,1.3,0.94,0,informational,480;480;320;390;480;390;390;390;480;260;320;320,0.70,no,
design thinking workshop,design thinking,offmap,390,22.77,0.39,8,informational,720;390;480;320;390;320;480;390;320;210;260;170,0.40,yes,
design thinking workshops,design thinking,offmap,390,22.77,0.39,8,informational,720;390;480;320;390;320;480;390;320;210;260;170,0.40,yes,
"design thinking"" workshop",design thinking,offmap,390,22.77,0.39,8,informational,720;390;480;320;390;320;480;390;320;210;260;170,0.40,yes,
develop product strategy,product strategy,product,390,16.52,0.13,0,informational,1300;390;170;210;260;320;720;390;390;210;210;170,0.32,yes,
develop user stories,user stories,product,390,,0.03,23,informational,880;260;260;390;390;390;480;480;390;170;170;90,0.31,yes,
developing product strategy,product strategy,product,390,16.52,0.13,0,informational,1300;390;170;210;260;320;720;390;390;210;210;170,0.32,yes,
developing user stories,user stories,product,390,,0.03,23,informational,880;260;260;390;390;390;480;480;390;170;170;90,0.31,yes,
development user stories,user stories,product,390,,0.03,23,informational,880;260;260;390;390;390;480;480;390;170;170;90,0.31,yes,
difference between use case and user stories,user stories,product,390,,0.02,0,informational,590;480;320;320;390;480;390;390;260;260;260;320,0.60,yes,
difference between use cases and user stories,user stories,product,390,,0.02,4,informational,590;480;320;320;390;480;390;390;260;260;260;320,0.60,yes,
given when then user stories,user stories,product,390,,0,11,informational,170;140;320;390;480;480;480;720;590;260;170;390,1.30,yes,
given when/then user stories,user stories,product,390,,0,6,informational,170;140;320;390;480;480;480;720;590;260;170;390,1.30,yes,
given-when then user stories,user stories,product,390,,0,0,informational,170;140;320;390;480;480;480;720;590;260;170;390,1.30,yes,
given-when-then user stories,user stories,product,390,,0,6,informational,170;140;320;390;480;480;480;720;590;260;170;390,1.30,yes,
given/when then user stories,user stories,product,390,,0,0,informational,170;140;320;390;480;480;480;720;590;260;170;390,1.30,yes,
given/when-then user stories,user stories,product,390,,0,6,informational,170;140;320;390;480;480;480;720;590;260;170;390,1.30,yes,
given/when/then user stories,user stories,product,390,,0,11,informational,170;140;320;390;480;480;480;720;590;260;170;390,1.30,yes,
google ux research,ux research,design,390,8.74,0.04,32,navigational,260;320;260;260;260;390;390;480;480;480;480;480,1.71,no,brand
invest criteria for user stories,user stories,product,390,,0,5,informational,480;590;390;320;480;480;480;390;390;390;320;260,0.66,yes,
invest in user stories,user stories,product,390,,0,18,informational,480;590;390;320;480;480;480;390;390;390;320;260,0.66,yes,
invest model user stories,user stories,product,390,,0,13,informational,480;590;390;320;480;480;480;390;390;390;320;260,0.66,yes,
invest user stories,user stories,product,390,,0,6,informational,480;590;390;320;480;480;480;390;390;390;320;260,0.66,yes,
jira for user stories,user stories,product,390,27.55,0.06,9,navigational,480;320;260;170;320;480;390;390;590;720;260;260,1.17,yes,brand
jira product discovery price,product discovery,product,390,2.13,0.03,10,informational,590;480;320;390;320;390;390;390;320;390;480;480,0.97,no,brand
jira product discovery pricing,product discovery,product,390,2.13,0.03,10,informational,590;480;320;390;320;390;390;390;320;390;480;480,0.97,no,brand
jira user stories,user stories,product,390,27.55,0.06,9,informational,480;320;260;170;320;480;390;390;590;720;260;260,1.17,yes,brand
jobs to be done statement examples,jobs to be done,offmap,390,,0,5,informational,90;140;390;590;480;480;720;880;720;260;50;90,0.65,yes,jobs
jonah journey map,journey map,design,390,,0,0,informational,320;480;320;210;480;390;390;390;390;390;390;390,1.04,yes,
jonah's journey map,journey map,design,390,,0,0,informational,320;480;320;210;480;390;390;390;390;390;390;390,1.04,yes,
journey map user experience,journey map,design,390,21.7,0.21,18,informational,590;390;390;390;320;390;480;480;320;260;260;260,0.57,yes,
journey map ux,journey map,design,390,21.7,0.21,17,navigational,590;390;390;390;320;390;480;480;320;260;260;260,0.57,yes,
journey north map,journey map,design,390,,0,38,informational,260;110;30;10;20;170;880;2400;590;90;90;110,0.72,yes,
lacharity prioritization delegation and assignment,prioritization,product,390,0.78,1,0,informational,590;390;260;210;480;390;390;590;390;320;320;320,0.77,yes,
map of jonah journey,journey map,design,390,,0,0,informational,320;480;320;210;480;390;390;390;390;390;390;390,1.04,yes,
map of jonah's journey,journey map,design,390,,0,0,informational,320;480;320;210;480;390;390;390;390;390;390;390,1.04,yes,
meaning of pricing strategy,pricing strategy,business,390,,0.02,39,informational,390;590;480;480;390;390;390;720;390;70;70;110,0.17,yes,
new product development strategy,product strategy,product,390,16.52,0.13,0,informational,1300;390;170;210;260;320;720;390;390;210;210;170,0.32,yes,
okr book,okr,business,390,1.23,0.27,16,informational,720;390;320;390;590;480;320;320;320;260;260;260,0.55,yes,
okr books,okr,business,390,1.23,0.27,6,informational,720;390;320;390;590;480;320;320;320;260;260;260,0.55,yes,
okr in business,okr,business,390,6.4,0.2,49,informational,480;480;390;480;590;480;480;390;260;320;320;260,0.67,yes,
pricing strategy definition,pricing strategy,business,390,,0.02,20,informational,390;590;480;480;390;390;390;720;390;70;70;110,0.17,yes,
pricing strategy meaning,pricing strategy,business,390,,0.02,32,informational,390;590;480;480;390;390;390;720;390;70;70;110,0.17,yes,
pricing strategy value based,pricing strategy,business,390,,0.05,22,informational,880;590;480;480;260;390;480;590;320;170;140;210,0.27,yes,
pricing strategy value-based,pricing strategy,business,390,,0.05,24,informational,880;590;480;480;260;390;480;590;320;170;140;210,0.27,yes,
prioritization and delegation,prioritization,product,390,0.78,1,0,informational,590;390;260;210;480;390;390;590;390;320;320;320,0.77,yes,
prioritization delegation,prioritization,product,390,0.78,1,0,informational,590;390;260;210;480;390;390;590;390;320;320;320,0.77,yes,
prioritization delegation and assignment,prioritization,product,390,0.78,1,0,informational,590;390;260;210;480;390;390;590;390;320;320;320,0.77,yes,
prioritization or prioritisation,prioritization,product,390,,0,5,informational,480;480;590;590;390;390;390;320;320;260;260;320,0.54,yes,
product analytics tool,product analytics,business,390,50.09,0.22,17,commercial,720;480;260;260;390;390;590;390;320;170;210;320,0.48,yes,
product analytics tools,product analytics,business,390,50.09,0.22,17,commercial,720;480;260;260;390;390;590;390;320;170;210;320,0.48,yes,
product development and strategy,product strategy,product,390,16.52,0.13,0,informational,1300;390;170;210;260;320;720;390;390;210;210;170,0.32,yes,
product development strategy,product strategy,product,390,16.52,0.13,0,informational,1300;390;170;210;260;320;720;390;390;210;210;170,0.32,yes,
product owner agile,product owner,product,390,8.96,0.12,14,navigational,480;480;390;320;480;390;480;390;390;320;320;320,0.71,no,
product owner in agile,product owner,product,390,8.96,0.12,14,navigational,480;480;390;320;480;390;480;390;390;320;320;320,0.71,no,
product owner in agile methodology,product owner,product,390,8.96,0.12,1,navigational,480;480;390;320;480;390;480;390;390;320;320;320,0.71,no,
product owner resume template,product owner,product,390,,0.25,0,navigational,140;320;1900;260;1600;10;30;20;10;10;10;10,0.01,yes,jobs
product owner vs scrum master,product owner,product,390,0.02,0.02,0,informational,480;480;390;260;390;390;480;390;320;320;320;260,0.67,no,
research ux,ux research,design,390,14.61,0.18,47,informational,480;590;480;390;390;260;480;260;320;260;320;210,0.51,yes,
research ux design,ux research,design,390,14.61,0.18,47,informational,480;590;480;390;390;260;480;260;320;260;320;210,0.51,yes,
scrum master vs product owner,product owner,product,390,0.02,0.02,0,commercial,480;480;390;260;390;390;480;390;320;320;320;260,0.67,no,
scrum master vs scrum product owner,product owner,product,390,0.02,0.02,0,commercial,480;480;390;260;390;390;480;390;320;320;320;260,0.67,no,
scrum product owner vs scrum master,product owner,product,390,0.02,0.02,0,commercial,480;480;390;260;390;390;480;390;320;320;320;260,0.67,no,
strategy for new product development,product strategy,product,390,16.52,0.13,0,informational,1300;390;170;210;260;320;720;390;390;210;210;170,0.32,yes,
strategy for product development,product strategy,product,390,16.52,0.13,0,informational,1300;390;170;210;260;320;720;390;390;210;210;170,0.32,yes,
strategy of new product development,product strategy,product,390,16.52,0.13,0,informational,1300;390;170;210;260;320;720;390;390;210;210;170,0.32,yes,
strategy product development,product strategy,product,390,16.52,0.13,0,informational,1300;390;170;210;260;320;720;390;390;210;210;170,0.32,yes,
the odyssey journey map,journey map,design,390,,0,1,informational,110;140;140;170;110;140;110;170;260;70;1900;880,7.31,yes,
thinking design,design thinking,offmap,390,5.36,0.08,58,informational,880;880;480;320;320;170;390;390;320;210;170;170,0.25,yes,
thinking design book,design thinking,offmap,390,1.3,0.94,0,informational,480;480;320;390;480;390;390;390;480;260;320;320,0.70,no,
tools for usability testing,usability testing,design,390,26.97,0.22,12,informational,880;880;720;390;590;210;480;210;210;260;260;140,0.27,yes,
usability testing tool,usability testing,design,390,26.97,0.22,12,informational,880;880;720;390;590;210;480;210;210;260;260;140,0.27,yes,
usability testing tools,usability testing,design,390,26.97,0.22,12,informational,880;880;720;390;590;210;480;210;210;260;260;140,0.27,yes,
user experience journey map,journey map,design,390,21.7,0.21,17,navigational,590;390;390;390;320;390;480;480;320;260;260;260,0.57,yes,
user interviews login,user interviews,design,390,6.08,0.01,7,navigational,210;210;260;320;320;260;390;390;390;590;480;590,2.44,yes,
user journey map template,journey map,design,390,13.52,0.26,20,navigational,720;480;480;320;320;480;590;390;390;390;320;170,0.52,yes,
user journey map templates,journey map,design,390,13.52,0.26,20,navigational,720;480;480;320;320;480;590;390;390;390;320;170,0.52,yes,
user persona creation,user persona,design,390,11.89,0.18,30,navigational,590;480;390;260;320;320;720;320;260;210;210;260,0.47,yes,
user stories acceptance criteria,user stories,product,390,,0.02,10,informational,480;390;320;320;320;480;480;480;320;260;210;210,0.57,yes,
user stories and acceptance criteria,user stories,product,390,,0.02,9,informational,480;390;320;320;320;480;480;480;320;260;210;210,0.57,yes,
user stories creation,user stories,product,390,,0.03,32,informational,880;260;260;390;390;390;480;480;390;170;170;90,0.31,yes,
user stories development,user stories,product,390,,0.03,23,informational,880;260;260;390;390;390;480;480;390;170;170;90,0.31,yes,
user stories given when then,user stories,product,390,,0,5,informational,170;140;320;390;480;480;480;720;590;260;170;390,1.30,yes,
user stories in jira,user stories,product,390,27.55,0.06,9,navigational,480;320;260;170;320;480;390;390;590;720;260;260,1.17,yes,brand
user stories invest,user stories,product,390,,0,12,informational,480;590;390;320;480;480;480;390;390;390;320;260,0.66,yes,
user stories jira,user stories,product,390,27.55,0.06,9,informational,480;320;260;170;320;480;390;390;590;720;260;260,1.17,yes,brand
user stories structure,user stories,product,390,,0.01,32,informational,320;210;480;590;480;390;590;590;480;170;110;320,0.59,yes,
user stories vs use case,user stories,product,390,,0.02,4,informational,590;480;320;320;390;480;390;390;260;260;260;320,0.60,yes,
user stories vs use cases,user stories,product,390,,0.02,3,informational,590;480;320;320;390;480;390;390;260;260;260;320,0.60,yes,
user stories with acceptance criteria,user stories,product,390,,0.02,10,informational,480;390;320;320;320;480;480;480;320;260;210;210,0.57,yes,
ux design and research,ux research,design,390,14.61,0.18,47,informational,480;590;480;390;390;260;480;260;320;260;320;210,0.51,yes,
ux journey map,journey map,design,390,21.7,0.21,11,navigational,590;390;390;390;320;390;480;480;320;260;260;260,0.57,yes,
ux research google,ux research,design,390,8.74,0.04,24,navigational,260;320;260;260;260;390;390;480;480;480;480;480,1.71,no,brand
ux research internship,ux research,design,390,3,0.06,0,navigational,590;480;480;320;480;390;390;320;260;170;210;210,0.38,yes,
value based pricing strategy,pricing strategy,business,390,,0.05,18,informational,880;590;480;480;260;390;480;590;320;170;140;210,0.27,yes,
value pricing strategy,pricing strategy,business,390,,0.05,18,commercial,880;590;480;480;260;390;480;590;320;170;140;210,0.27,yes,
value-based pricing strategy,pricing strategy,business,390,,0.05,18,informational,880;590;480;480;260;390;480;590;320;170;140;210,0.27,yes,
what are okr in business,okr,business,390,0.2,0.23,51,informational,140;320;390;480;590;480;260;320;390;480;390;390,1.48,yes,
what is a product strategy,product strategy,product,390,4.61,0.14,8,informational,480;480;390;320;320;480;480;480;320;260;260;260,0.58,no,
what is a stakeholder in project management,stakeholder management,product,390,,0.01,33,informational,1300;480;260;210;480;390;320;320;320;260;260;320,0.41,yes,
what is product strategy,product strategy,product,390,4.61,0.14,8,informational,480;480;390;320;320;480;480;480;320;260;260;260,0.58,no,
what is stakeholder in project management,stakeholder management,product,390,,0.01,34,informational,1300;480;260;210;480;390;320;320;320;260;260;320,0.41,yes,
what is the product strategy,product strategy,product,390,4.61,0.14,8,informational,480;480;390;320;320;480;480;480;320;260;260;260,0.58,no,
what is the usability testing,usability testing,design,390,,0.02,20,informational,480;480;390;260;320;390;720;480;320;320;480;390,0.88,yes,
what is usability testing,usability testing,design,390,,0.02,19,informational,480;480;390;260;320;390;720;480;320;320;480;390,0.88,yes,
what usability testing,usability testing,design,390,,0.02,34,informational,480;480;390;260;320;390;720;480;320;320;480;390,0.88,yes,
workshop design thinking,design thinking,offmap,390,22.77,0.39,8,informational,720;390;480;320;390;320;480;390;320;210;260;170,0.40,yes,
workshop on design thinking,design thinking,offmap,390,22.77,0.39,8,informational,720;390;480;320;390;320;480;390;320;210;260;170,0.40,yes,
agile prioritization techniques,prioritization,product,320,,0.02,0,informational,170;90;320;480;480;480;480;590;590;140;50;140,0.57,yes,
amazon product label requirements,product requirements,product,320,,0.01,13,informational,260;260;320;320;320;210;260;320;390;320;390;390,1.31,no,
amazon product labeling requirements,product requirements,product,320,,0.01,13,informational,260;260;320;320;320;210;260;320;390;320;390;390,1.31,no,
bts map of the soul 7 the journey,journey map,design,320,0.11,0.39,0,informational,260;260;260;210;390;260;480;480;390;320;140;110,0.73,yes,
bts map of the soul : 7 the journey,journey map,design,320,0.11,0.39,0,informational,260;260;260;210;390;260;480;480;390;320;140;110,0.73,yes,
certification product owner scrum,product owner,product,320,4.11,0.5,17,navigational,880;320;260;260;320;320;260;390;260;210;210;260,0.47,yes,jobs
certified product owner scrum,product owner,product,320,4.11,0.5,17,navigational,880;320;260;260;320;320;260;390;260;210;210;260,0.47,yes,jobs
certified product owner scrum training,product owner,product,320,4.11,0.5,17,commercial,880;320;260;260;320;320;260;390;260;210;210;260,0.47,yes,jobs
client retention rate formula,retention rate,business,320,56.63,0.11,25,informational,590;390;480;480;390;480;480;320;210;110;90;70,0.18,yes,
course ux research,ux research,design,320,8.71,0.37,10,navigational,260;260;210;210;390;590;590;480;320;210;320;170,0.96,yes,course
customer retention rate calculation formula,retention rate,business,320,56.63,0.11,20,informational,590;390;480;480;390;480;480;320;210;110;90;70,0.18,yes,
customer retention rate formula,retention rate,business,320,56.63,0.11,20,informational,590;390;480;480;390;480;480;320;210;110;90;70,0.18,yes,
define stakeholder in project management,stakeholder management,product,320,,0.02,43,informational,2400;320;170;140;260;210;170;140;110;110;90;110,0.11,yes,
definition of a stakeholder in project management,stakeholder management,product,320,,0.02,43,informational,2400;320;170;140;260;210;170;140;110;110;90;110,0.11,yes,
definition of stakeholder in project management,stakeholder management,product,320,,0.02,43,informational,2400;320;170;140;260;210;170;140;110;110;90;110,0.11,yes,
design thinking certificate,design thinking,offmap,320,12.12,0.66,32,informational,390;390;260;260;390;320;390;320;260;260;170;170,0.58,yes,course
design thinking certification,design thinking,offmap,320,12.12,0.66,32,informational,390;390;260;260;390;320;390;320;260;260;170;170,0.58,yes,jobs
difference between a product owner and product manager,product owner,product,320,4.86,0.16,0,informational,320;320;260;260;320;320;390;320;260;260;320;390,1.08,no,
difference between product manager and product owner,product owner,product,320,4.86,0.16,0,informational,320;320;260;260;320;320;390;320;260;260;320;390,1.08,no,
difference between product owner and product manager,product owner,product,320,4.86,0.16,0,informational,320;320;260;260;320;320;390;320;260;260;320;390,1.08,no,
eisenhower matrix for task prioritization,prioritization,product,320,0.01,0.04,48,informational,90;70;70;70;50;170;170;170;260;720;880;720,10.09,yes,
example of usability testing,usability testing,design,320,,0,9,informational,480;320;480;390;390;390;480;480;320;110;90;110,0.24,yes,
examples of usability testing,usability testing,design,320,,0,4,informational,480;320;480;390;390;390;480;480;320;110;90;110,0.24,yes,
forward thinking design,design thinking,offmap,320,5.4,0.02,20,informational,320;260;320;260;260;390;320;390;320;320;320;320,1.07,no,
information architecture in ux,information architecture,design,320,,0.02,14,informational,590;390;320;260;320;390;390;320;260;210;260;210,0.52,yes,
information architecture in ux design,information architecture,design,320,,0.02,11,informational,590;390;320;260;320;390;390;320;260;210;260;210,0.52,yes,
information architecture ux,information architecture,design,320,,0.02,13,navigational,590;390;320;260;320;390;390;320;260;210;260;210,0.52,yes,
information architecture ux design,information architecture,design,320,,0.02,25,navigational,590;390;320;260;320;390;390;320;260;210;260;210,0.52,yes,
israel journey map,journey map,design,320,0.11,0.75,3,informational,260;390;320;210;260;390;590;390;320;210;170;90,0.48,yes,
israelite journey map,journey map,design,320,0.11,0.75,2,informational,260;390;320;210;260;390;590;390;320;210;170;90,0.48,yes,
israelites journey map,journey map,design,320,0.11,0.75,2,informational,260;390;320;210;260;390;590;390;320;210;170;90,0.48,yes,
jane street strategy and product internship,product strategy,product,320,,0,3,navigational,590;480;390;260;260;210;170;140;140;140;720;390,0.86,yes,
launch product strategy,product strategy,product,320,6.43,0.19,10,informational,880;590;320;320;210;210;390;320;260;170;110;90,0.21,yes,
launch strategy of a product,product strategy,product,320,6.43,0.19,10,informational,880;590;320;320;210;210;390;320;260;170;110;90,0.21,yes,
launching product strategy,product strategy,product,320,6.43,0.19,17,informational,880;590;320;320;210;210;390;320;260;170;110;90,0.21,yes,
map of columbus journey,journey map,design,320,,0,4,informational,720;720;390;320;480;320;260;210;210;90;70;320,0.26,yes,
map of israel's journey,journey map,design,320,0.11,0.75,9,informational,260;390;320;210;260;390;590;390;320;210;170;90,0.48,yes,
map of israelites journey,journey map,design,320,0.11,0.75,0,informational,260;390;320;210;260;390;590;390;320;210;170;90,0.48,yes,
map of paul's 3rd missionary journey,journey map,design,320,0.23,0.05,0,informational,320;320;320;260;320;390;480;390;390;210;260;320,0.82,yes,
map of the israelites journey,journey map,design,320,0.11,0.75,0,informational,260;390;320;210;260;390;590;390;320;210;170;90,0.48,yes,
market skimming pricing strategy,pricing strategy,business,320,,0.02,4,informational,260;590;590;590;210;320;390;590;390;140;90;70,0.21,yes,
method of prioritization,prioritization,product,320,,0.03,32,informational,480;390;260;390;320;390;320;480;390;260;210;170,0.57,yes,
methods of prioritization,prioritization,product,320,,0.03,10,informational,480;390;260;390;320;390;320;480;390;260;210;170,0.57,yes,
moscow prioritization method,prioritization,product,320,6.38,0.13,30,informational,480;390;320;260;320;260;320;320;260;260;170;170,0.50,yes,
nclex prioritization questions,prioritization,product,320,3.49,0.38,0,informational,320;320;210;210;390;320;260;320;390;590;390;260,1.46,yes,
nclex questions prioritization,prioritization,product,320,3.49,0.38,0,informational,320;320;210;210;390;320;260;320;390;590;390;260,1.46,yes,
okr examples product management,okr,business,320,,0,0,informational,140;170;260;320;320;480;590;720;480;210;140;320,1.18,yes,
okr llc,okr,business,320,,0.02,0,navigational,260;260;260;320;390;260;320;320;320;320;320;320,1.23,no,
okr objective example,okr,business,320,0.98,0.03,10,informational,590;210;210;320;320;390;480;390;320;170;140;210,0.51,yes,
okr objective examples,okr,business,320,0.98,0.03,10,informational,590;210;210;320;320;390;480;390;320;170;140;210,0.51,yes,
okr objectives examples,okr,business,320,0.98,0.03,5,informational,590;210;210;320;320;390;480;390;320;170;140;210,0.51,yes,
okr tracker,okr,business,320,48.16,0.47,19,navigational,880;480;390;260;320;260;480;320;260;210;260;170,0.37,yes,
okr tracking,okr,business,320,48.16,0.47,13,navigational,880;480;390;260;320;260;480;320;260;210;260;170,0.37,yes,
paul 3rd missionary journey map,journey map,design,320,0.23,0.05,0,informational,320;320;320;260;320;390;480;390;390;210;260;320,0.82,yes,
paul's 3rd journey map,journey map,design,320,0.23,0.05,0,informational,320;320;320;260;320;390;480;390;390;210;260;320,0.82,yes,
paul's 3rd missionary journey map,journey map,design,320,0.23,0.05,0,informational,320;320;320;260;320;390;480;390;390;210;260;320,0.82,yes,
pricing strategy skimming,pricing strategy,business,320,,0.02,0,informational,260;590;590;590;210;320;390;590;390;140;90;70,0.21,yes,
pricing strategy types,pricing strategy,business,320,8.53,0.05,39,informational,480;320;320;320;260;320;320;590;320;170;210;140,0.46,yes,
prioritization and time management,prioritization,product,320,,0.04,7,informational,880;320;210;210;480;260;260;210;170;140;140;170,0.32,yes,
prioritization in time management,prioritization,product,320,,0.04,23,informational,880;320;210;210;480;260;260;210;170;140;140;170,0.32,yes,
prioritization method,prioritization,product,320,,0.03,10,informational,480;390;260;390;320;390;320;480;390;260;210;170,0.57,yes,
prioritization methodologies,prioritization,product,320,,0.03,15,informational,480;390;260;390;320;390;320;480;390;260;210;170,0.57,yes,
prioritization methods,prioritization,product,320,,0.03,15,informational,480;390;260;390;320;390;320;480;390;260;210;170,0.57,yes,
prioritization nclex questions,prioritization,product,320,3.49,0.38,0,informational,320;320;210;210;390;320;260;320;390;590;390;260,1.46,yes,
prioritization of projects,prioritization,product,320,30.27,0.08,2,informational,2400;320;110;90;170;170;210;170;170;140;110;90,0.12,yes,
prioritization questions nclex,prioritization,product,320,3.49,0.38,0,commercial,320;320;210;210;390;320;260;320;390;590;390;260,1.46,yes,
prioritization techniques,prioritization,product,320,,0.03,15,informational,480;390;260;390;320;390;320;480;390;260;210;170,0.57,yes,
prioritization techniques in agile,prioritization,product,320,,0.02,0,informational,170;90;320;480;480;480;480;590;590;140;50;140,0.57,yes,
prioritization time management,prioritization,product,320,,0.04,38,informational,880;320;210;210;480;260;260;210;170;140;140;170,0.32,yes,
product launch strategy,product strategy,product,320,6.43,0.19,10,informational,880;590;320;320;210;210;390;320;260;170;110;90,0.21,yes,
product owner jobs near me,product owner,product,320,1.21,0.16,0,navigational,390;320;260;320;390;390;480;320;320;320;320;320,0.99,no,jobs
product owner remote,product owner,product,320,0.83,0.07,0,navigational,480;260;260;260;320;390;720;320;390;260;210;210,0.68,yes,
product owner scrum certification,product owner,product,320,4.11,0.5,17,informational,880;320;260;260;320;320;260;390;260;210;210;260,0.47,yes,jobs
product owner technical,product owner,product,320,2.14,0.04,0,navigational,320;390;320;260;320;320;390;320;260;320;260;320,0.87,no,
product release strategy,product strategy,product,320,6.43,0.19,17,informational,880;590;320;320;210;210;390;320;260;170;110;90,0.21,yes,
product roadmap software,product roadmap,product,320,170.42,0.1,24,informational,1000;320;170;140;260;210;480;320;590;170;170;170,0.34,yes,
project management stakeholder,stakeholder management,product,320,,0.02,31,informational,880;390;210;210;390;320;260;260;140;140;110;140,0.26,yes,
project prioritization,prioritization,product,320,30.27,0.08,2,informational,2400;320;110;90;170;170;210;170;170;140;110;90,0.12,yes,
remote product owner,product owner,product,320,0.83,0.07,0,navigational,480;260;260;260;320;390;720;320;390;260;210;210,0.68,yes,
remote usability testing,usability testing,design,320,8.38,0.08,7,informational,480;590;390;320;590;590;320;170;110;90;90;110,0.20,yes,
remote usability testing software,usability testing,design,320,8.38,0.08,29,commercial,480;590;390;320;590;590;320;170;110;90;90;110,0.20,yes,
retention rate for colleges,retention rate,business,320,,0,8,informational,480;480;320;260;320;320;390;390;210;170;110;170,0.35,yes,
retention rate of colleges,retention rate,business,320,,0,9,informational,480;480;320;260;320;320;390;390;210;170;110;170,0.35,yes,
scrum certification for product owner,product owner,product,320,4.11,0.5,17,transactional,880;320;260;260;320;320;260;390;260;210;210;260,0.47,yes,jobs
scrum certification product owner,product owner,product,320,4.11,0.5,17,navigational,880;320;260;260;320;320;260;390;260;210;210;260,0.47,yes,jobs
scrum certified product owner,product owner,product,320,4.11,0.5,16,informational,880;320;260;260;320;320;260;390;260;210;210;260,0.47,yes,jobs
scrum certified product owner training,product owner,product,320,4.11,0.5,29,commercial,880;320;260;260;320;320;260;390;260;210;210;260,0.47,yes,jobs
scrum product owner certificate,product owner,product,320,4.11,0.5,17,transactional,880;320;260;260;320;320;260;390;260;210;210;260,0.47,yes,course
scrum product owner certification,product owner,product,320,4.11,0.5,17,informational,880;320;260;260;320;320;260;390;260;210;210;260,0.47,yes,jobs
scrum product owner certifications,product owner,product,320,4.11,0.5,17,navigational,880;320;260;260;320;320;260;390;260;210;210;260,0.47,yes,
scrum product owner certified,product owner,product,320,4.11,0.5,17,informational,880;320;260;260;320;320;260;390;260;210;210;260,0.47,yes,jobs
skim pricing strategy,pricing strategy,business,320,,0.02,2,informational,260;590;590;590;210;320;390;590;390;140;90;70,0.21,yes,
skimming pricing strategy,pricing strategy,business,320,,0.02,2,informational,260;590;590;590;210;320;390;590;390;140;90;70,0.21,yes,
software product roadmap,product roadmap,product,320,170.42,0.1,19,informational,1000;320;170;140;260;210;480;320;590;170;170;170,0.34,yes,
stakeholder definition in project management,stakeholder management,product,320,,0.02,34,informational,2400;320;170;140;260;210;170;140;110;110;90;110,0.11,yes,
stakeholder definition project management,stakeholder management,product,320,,0.02,43,informational,2400;320;170;140;260;210;170;140;110;110;90;110,0.11,yes,
stakeholder in project management,stakeholder management,product,320,,0.02,31,informational,880;390;210;210;390;320;260;260;140;140;110;140,0.26,yes,
stakeholder project management,stakeholder management,product,320,,0.02,31,informational,880;390;210;210;390;320;260;260;140;140;110;140,0.26,yes,
stakeholder project management definition,stakeholder management,product,320,,0.02,34,informational,2400;320;170;140;260;210;170;140;110;110;90;110,0.11,yes,
strategy and product :: jane street,product strategy,product,320,,0,0,commercial,480;390;320;260;320;260;260;210;210;260;390;390,0.87,yes,
strategy and product jane street,product strategy,product,320,,0,1,navigational,480;390;320;260;320;260;260;210;210;260;390;390,0.87,yes,
strategy for product launch,product strategy,product,320,6.43,0.19,10,informational,880;590;320;320;210;210;390;320;260;170;110;90,0.21,yes,
technical product owner,product owner,product,320,2.14,0.04,0,navigational,320;390;320;260;320;320;390;320;260;320;260;320,0.87,no,
testing a website for usability,usability testing,design,320,20.68,0.14,6,informational,590;590;320;210;170;170;480;260;260;140;170;140,0.30,yes,
testing website usability,usability testing,design,320,20.68,0.14,6,informational,590;590;320;210;170;170;480;260;260;140;170;140,0.30,yes,
time management and prioritization,prioritization,product,320,,0.04,18,informational,880;320;210;210;480;260;260;210;170;140;140;170,0.32,yes,
time management prioritization,prioritization,product,320,,0.04,16,informational,880;320;210;210;480;260;260;210;170;140;140;170,0.32,yes,
types of pricing strategy,pricing strategy,business,320,8.53,0.05,39,informational,480;320;320;320;260;320;320;590;320;170;210;140,0.46,yes,
usability testing a website,usability testing,design,320,20.68,0.14,6,informational,590;590;320;210;170;170;480;260;260;140;170;140,0.30,yes,
usability testing example,usability testing,design,320,,0,5,informational,480;320;480;390;390;390;480;480;320;110;90;110,0.24,yes,
usability testing examples,usability testing,design,320,,0,0,informational,480;320;480;390;390;390;480;480;320;110;90;110,0.24,yes,
usability testing for a website,usability testing,design,320,20.68,0.14,6,informational,590;590;320;210;170;170;480;260;260;140;170;140,0.30,yes,
usability testing for website,usability testing,design,320,20.68,0.14,6,informational,590;590;320;210;170;170;480;260;260;140;170;140,0.30,yes,
usability testing for websites,usability testing,design,320,20.68,0.14,6,informational,590;590;320;210;170;170;480;260;260;140;170;140,0.30,yes,
usability testing in software testing with example,usability testing,design,320,,0,11,informational,480;320;480;390;390;390;480;480;320;110;90;110,0.24,yes,
usability testing on the web,usability testing,design,320,20.68,0.14,6,informational,590;590;320;210;170;170;480;260;260;140;170;140,0.30,yes,
usability testing with example,usability testing,design,320,,0,2,informational,480;320;480;390;390;390;480;480;320;110;90;110,0.24,yes,
usability website testing,usability testing,design,320,20.68,0.14,6,informational,590;590;320;210;170;170;480;260;260;140;170;140,0.30,yes,
user journey map example,journey map,design,320,10.98,0.28,23,informational,390;390;320;260;320;480;480;320;320;260;260;260,0.71,no,
user journey map examples,journey map,design,320,10.98,0.28,23,informational,390;390;320;260;320;480;480;320;320;260;260;260,0.71,no,
user persona creator,user persona,design,320,6.86,0.23,19,navigational,320;320;260;260;260;320;480;320;260;260;210;210,0.76,yes,
user persona generator,user persona,design,320,6.86,0.23,19,informational,320;320;260;260;260;320;480;320;260;260;210;210,0.76,yes,
user stories examples for banking system,user stories,product,320,,0,12,informational,40;90;320;480;480;480;480;720;590;110;10;110,0.51,yes,
user stories sample document,user stories,product,320,,0,18,informational,110;90;260;390;390;480;480;590;590;170;70;260,1.09,yes,
ux design information architecture,information architecture,design,320,,0.02,27,navigational,590;390;320;260;320;390;390;320;260;210;260;210,0.52,yes,
ux research course,ux research,design,320,8.71,0.37,10,informational,260;260;210;210;390;590;590;480;320;210;320;170,0.96,yes,course
ux research courses,ux research,design,320,8.71,0.37,10,informational,260;260;210;210;390;590;590;480;320;210;320;170,0.96,yes,course
vasco da gama journey map,journey map,design,320,,0,4,navigational,390;590;720;480;320;260;210;170;210;40;20;110,0.10,yes,
web site usability testing,usability testing,design,320,20.68,0.14,17,informational,590;590;320;210;170;170;480;260;260;140;170;140,0.30,yes,
web usability testing,usability testing,design,320,20.68,0.14,23,informational,590;590;320;210;170;170;480;260;260;140;170;140,0.30,yes,
website usability testing,usability testing,design,320,20.68,0.14,6,informational,590;590;320;210;170;170;480;260;260;140;170;140,0.30,yes,
what does retention rate mean,retention rate,business,320,,0,25,informational,320;390;320;320;320;390;390;390;260;210;170;260,0.62,yes,
what is a certified scrum product owner,product owner,product,320,,0.04,15,informational,320;320;260;260;320;320;320;320;320;390;320;390,1.22,no,jobs
what is a product roadmap,product roadmap,product,320,4.6,0.09,13,informational,590;260;210;210;320;260;260;590;260;480;320;320,1.06,yes,
what is certified scrum product owner,product owner,product,320,,0.04,15,informational,320;320;260;260;320;320;320;320;320;390;320;390,1.22,no,jobs
what is in a product roadmap,product roadmap,product,320,4.6,0.09,13,informational,590;260;210;210;320;260;260;590;260;480;320;320,1.06,yes,
what is task prioritization,prioritization,product,320,,0.01,0,informational,70;70;70;720;1300;880;480;210;170;50;10;30,0.43,yes,
a / b testing tools,a/b testing,business,260,77.92,0.5,25,informational,320;260;210;140;210;140;590;260;210;210;170;140,0.66,yes,
a b split testing tools,a/b testing,business,260,77.92,0.5,25,informational,320;260;210;140;210;140;590;260;210;210;170;140,0.66,yes,
a b testing in mailchimp,a/b testing,business,260,3.63,0.01,38,informational,260;210;210;210;260;260;320;260;320;170;170;260,0.88,no,
a b testing mailchimp,a/b testing,business,260,3.63,0.01,38,informational,260;210;210;210;260;260;320;260;320;170;170;260,0.88,no,
a b testing on mailchimp,a/b testing,business,260,3.63,0.01,38,informational,260;210;210;210;260;260;320;260;320;170;170;260,0.88,no,
a b testing optimizely,a/b testing,business,260,38.13,0.43,7,informational,70;70;90;50;70;90;260;590;320;720;1000;50,7.70,yes,brand
a b testing software,a/b testing,business,260,74.16,0.43,30,informational,320;260;320;210;140;110;720;260;260;110;170;90,0.41,yes,
a b testing tools,a/b testing,business,260,77.92,0.5,25,informational,320;260;210;140;210;140;590;260;210;210;170;140,0.66,yes,
a b testing with optimizely,a/b testing,business,260,38.13,0.43,7,informational,70;70;90;50;70;90;260;590;320;720;1000;50,7.70,yes,brand
a/b split testing tools,a/b testing,business,260,77.92,0.5,23,informational,320;260;210;140;210;140;590;260;210;210;170;140,0.66,yes,
a/b testing in mailchimp,a/b testing,business,260,3.63,0.01,38,informational,260;210;210;210;260;260;320;260;320;170;170;260,0.88,no,
a/b testing mailchimp,a/b testing,business,260,3.63,0.01,38,informational,260;210;210;210;260;260;320;260;320;170;170;260,0.88,no,
a/b testing software,a/b testing,business,260,74.16,0.43,30,commercial,320;260;320;210;140;110;720;260;260;110;170;90,0.41,yes,
a/b testing tools,a/b testing,business,260,77.92,0.5,25,informational,320;260;210;140;210;140;590;260;210;210;170;140,0.66,yes,
apostle paul journey map,journey map,design,260,0.13,0.55,3,informational,260;260;260;210;320;260;170;210;210;210;170;210,0.76,no,
apostle paul's journey map,journey map,design,260,0.13,0.55,2,informational,260;260;260;210;320;260;170;210;210;210;170;210,0.76,no,
bilbo baggins journey map,journey map,design,260,0.24,0.08,0,informational,260;260;260;320;320;320;210;260;390;170;170;260,0.77,yes,
bilbo's journey map,journey map,design,260,0.24,0.08,0,informational,260;260;260;320;320;320;210;260;390;170;170;260,0.77,yes,
business okr,okr,business,260,90.16,0.21,51,informational,320;390;170;210;260;260;320;170;170;170;260;170,0.68,yes,
certified scrum product owner cspo training,product owner,product,260,17.98,0.01,19,commercial,390;140;140;110;110;320;390;140;210;480;390;320,1.78,yes,jobs
course design thinking,design thinking,offmap,260,11.49,0.42,20,informational,320;260;210;260;260;260;390;260;260;260;390;210,1.09,no,course
course in design thinking,design thinking,offmap,260,11.49,0.42,20,informational,320;260;210;260;260;260;390;260;260;260;390;210,1.09,no,course
course on design thinking,design thinking,offmap,260,11.49,0.42,20,informational,320;260;210;260;260;260;390;260;260;260;390;210,1.09,no,course
courses design thinking,design thinking,offmap,260,11.49,0.42,20,informational,320;260;210;260;260;260;390;260;260;260;390;210,1.09,no,course
courses in design thinking,design thinking,offmap,260,11.49,0.42,20,informational,320;260;210;260;260;260;390;260;260;260;390;210,1.09,no,course
courses on design thinking,design thinking,offmap,260,11.49,0.42,20,informational,320;260;210;260;260;260;390;260;260;260;390;210,1.09,no,course
datadog product analytics,product analytics,business,260,9.73,0.37,20,informational,320;320;210;210;320;320;320;260;260;260;210;260,0.86,no,
design thinking at ibm,design thinking,offmap,260,4.39,0.07,5,navigational,390;320;320;210;260;320;320;260;210;170;170;170,0.50,yes,
design thinking class,design thinking,offmap,260,11.49,0.42,17,informational,320;260;210;260;260;260;390;260;260;260;390;210,1.09,no,
design thinking classes,design thinking,offmap,260,11.49,0.42,20,informational,320;260;210;260;260;260;390;260;260;260;390;210,1.09,no,
design thinking course,design thinking,offmap,260,11.49,0.42,20,informational,320;260;210;260;260;260;390;260;260;260;390;210,1.09,no,course
design thinking courses,design thinking,offmap,260,11.49,0.42,20,informational,320;260;210;260;260;260;390;260;260;260;390;210,1.09,no,course
design thinking ibm,design thinking,offmap,260,4.39,0.07,5,navigational,390;320;320;210;260;320;320;260;210;170;170;170,0.50,yes,
design thinking process steps,design thinking,offmap,260,3.87,0.14,52,informational,390;390;210;320;260;260;320;260;170;90;70;70,0.23,yes,
develop product roadmap,product roadmap,product,260,53.23,0.36,9,informational,1000;320;170;170;260;170;260;260;210;210;90;70,0.25,yes,
developing a product roadmap,product roadmap,product,260,53.23,0.36,9,informational,1000;320;170;170;260;170;260;260;210;210;90;70,0.25,yes,
developing product roadmap,product roadmap,product,260,53.23,0.36,9,informational,1000;320;170;170;260;170;260;260;210;210;90;70,0.25,yes,
difference between kpi and okr,okr,business,260,0.2,0.3,21,informational,320;260;170;210;320;260;260;260;210;170;170;170,0.68,no,
difference between okr and kpi,okr,business,260,0.2,0.3,18,informational,320;260;170;210;320;260;260;260;210;170;170;170,0.68,no,
document user stories,user stories,product,260,,0.01,19,informational,210;90;210;210;260;320;480;480;320;110;40;170,0.63,yes,
dynamic pricing strategy,pricing strategy,business,260,,0.11,13,commercial,880;260;320;260;210;210;390;320;170;110;140;90,0.23,yes,
enterprise information security architecture,information architecture,design,260,33.63,0.17,3,informational,390;260;170;170;260;260;590;210;320;170;210;210,0.72,yes,
example of a product backlog,product backlog,product,260,,0.08,4,informational,590;390;260;110;260;320;260;260;210;210;110;70,0.31,yes,
example of a product strategy,product strategy,product,260,5.89,0.22,0,informational,480;390;170;170;260;260;320;320;260;210;110;110,0.41,yes,
example of product backlog,product backlog,product,260,,0.08,4,informational,590;390;260;110;260;320;260;260;210;210;110;70,0.31,yes,
example of product strategy,product strategy,product,260,5.89,0.22,1,informational,480;390;170;170;260;260;320;320;260;210;110;110,0.41,yes,
example product backlog,product backlog,product,260,,0.08,4,informational,590;390;260;110;260;320;260;260;210;210;110;70,0.31,yes,
example product strategy,product strategy,product,260,5.89,0.22,0,informational,480;390;170;170;260;260;320;320;260;210;110;110,0.41,yes,
examples of product backlog,product backlog,product,260,,0.08,4,informational,590;390;260;110;260;320;260;260;210;210;110;70,0.31,yes,
examples of product strategy,product strategy,product,260,5.89,0.22,0,informational,480;390;170;170;260;260;320;320;260;210;110;110,0.41,yes,
hobbit journey map,journey map,design,260,0.11,0.14,3,informational,260;320;320;260;320;260;260;210;260;140;170;260,0.63,yes,
how do you calculate customer retention rate,retention rate,business,260,13.62,0.03,18,informational,480;210;210;210;260;260;390;210;170;260;320;210,0.88,yes,
how to calculate client retention rate,retention rate,business,260,13.62,0.03,18,informational,480;210;210;210;260;260;390;210;170;260;320;210,0.88,yes,
how to calculate customer retention rate,retention rate,business,260,13.62,0.03,18,informational,480;210;210;210;260;260;390;210;170;260;320;210,0.88,yes,
how to calculate retention rate of employees,retention rate,business,260,2.71,0.17,16,informational,140;170;260;260;320;320;260;260;320;170;170;260,1.05,yes,
how to create a product roadmap,product roadmap,product,260,9.21,0.07,8,informational,480;170;140;170;170;260;320;390;210;320;480;320,1.42,yes,
how to make a product roadmap,product roadmap,product,260,9.21,0.07,8,informational,480;170;140;170;170;260;320;390;210;320;480;320,1.42,yes,
how to make product roadmap,product roadmap,product,260,9.21,0.07,8,informational,480;170;140;170;170;260;320;390;210;320;480;320,1.42,yes,
how to write great user stories,user stories,product,260,0.6,0.01,32,informational,260;170;260;260;390;320;320;320;320;110;110;170,0.57,yes,
ibm and design thinking,design thinking,offmap,260,4.39,0.07,5,navigational,390;320;320;210;260;320;320;260;210;170;170;170,0.50,yes,
ibm design thinking,design thinking,offmap,260,4.39,0.07,5,navigational,390;320;320;210;260;320;320;260;210;170;170;170,0.50,yes,
information architecture for a website,information architecture,design,260,9.33,0.09,6,informational,390;260;210;210;210;260;320;170;170;210;210;170,0.69,yes,
information architecture for website,information architecture,design,260,9.33,0.09,6,informational,390;260;210;210;210;260;320;170;170;210;210;170,0.69,yes,
information architecture for websites,information architecture,design,260,9.33,0.09,6,informational,390;260;210;210;210;260;320;170;170;210;210;170,0.69,yes,
information architecture job,information architecture,design,260,0.24,0.03,0,informational,260;260;260;260;260;260;260;260;260;210;210;210,0.81,no,jobs
information architecture jobs,information architecture,design,260,0.24,0.03,0,informational,260;260;260;260;260;260;260;260;260;210;210;210,0.81,no,jobs
information architecture of a website,information architecture,design,260,9.33,0.09,6,informational,390;260;210;210;210;260;320;170;170;210;210;170,0.69,yes,
information architecture of website,information architecture,design,260,9.33,0.09,6,informational,390;260;210;210;210;260;320;170;170;210;210;170,0.69,yes,
information architecture web,information architecture,design,260,9.33,0.09,6,informational,390;260;210;210;210;260;320;170;170;210;210;170,0.69,yes,
information architecture website,information architecture,design,260,9.33,0.09,11,navigational,390;260;210;210;210;260;320;170;170;210;210;170,0.69,yes,
information architecture websites,information architecture,design,260,9.33,0.09,6,informational,390;260;210;210;210;260;320;170;170;210;210;170,0.69,yes,
interview questions for product owner,product owner,product,260,0.43,0.05,0,informational,390;320;210;210;260;260;260;210;170;210;170;320,0.76,yes,jobs
interview questions product owner,product owner,product,260,0.43,0.05,0,informational,390;320;210;210;260;260;260;210;170;210;170;320,0.76,yes,jobs
job description of product owner,product owner,product,260,4.43,0.05,0,informational,390;260;210;210;260;260;260;260;210;170;170;210,0.64,yes,jobs
job description product owner,product owner,product,260,4.43,0.05,0,navigational,390;260;210;210;260;260;260;260;210;170;170;210,0.64,yes,jobs
jobs to be done template,jobs to be done,offmap,260,,0.06,0,informational,590;480;390;210;260;210;260;110;170;110;110;70,0.20,yes,jobs
jobs to be done templates,jobs to be done,offmap,260,,0.06,0,informational,590;480;390;210;260;210;260;110;170;110;110;70,0.20,yes,jobs
jobs-to be done templates,jobs to be done,offmap,260,,0.06,0,informational,590;480;390;210;260;210;260;110;170;110;110;70,0.20,yes,jobs
journey map web map,journey map,design,260,,0,0,navigational,260;210;260;320;320;210;210;210;210;210;170;210,0.81,no,
mailchimp a b testing,a/b testing,business,260,3.63,0.01,38,informational,260;210;210;210;260;260;320;260;320;170;170;260,0.88,no,
mailchimp a/b testing,a/b testing,business,260,3.63,0.01,38,informational,260;210;210;210;260;260;320;260;320;170;170;260,0.88,no,
managing product roadmap,product roadmap,product,260,7.04,0.35,36,informational,880;320;210;110;260;260;260;320;260;170;140;110,0.30,yes,
map of bilbo's journey,journey map,design,260,0.24,0.08,4,informational,260;260;260;320;320;320;210;260;390;170;170;260,0.77,yes,
map of the hobbit journey,journey map,design,260,0.11,0.14,3,informational,260;320;320;260;320;260;260;210;260;140;170;260,0.63,yes,
matrix prioritization template,prioritization,product,260,3.61,0.79,4,informational,880;210;170;140;210;210;210;210;210;170;90;110,0.29,yes,
moderated usability testing,usability testing,design,260,14.64,0.05,0,informational,140;90;110;110;590;880;210;170;170;110;260;320,2.03,yes,
net retention rate,retention rate,business,260,,0,7,informational,480;320;320;260;320;320;320;210;210;140;210;140,0.44,yes,
new product development roadmap,product roadmap,product,260,53.23,0.36,9,informational,1000;320;170;170;260;170;260;260;210;210;90;70,0.25,yes,
new product roadmap,product roadmap,product,260,53.23,0.36,9,informational,1000;320;170;170;260;170;260;260;210;210;90;70,0.25,yes,
okr business,okr,business,260,90.16,0.21,51,navigational,320;390;170;210;260;260;320;170;170;170;260;170,0.68,yes,
okr business meaning,okr,business,260,,0.07,57,informational,390;210;210;260;390;320;390;390;390;260;90;40,0.48,yes,
okr examples for software engineers,okr,business,260,,0,0,informational,260;210;260;320;320;320;320;390;260;110;70;170,0.48,yes,
okr for product management,okr,business,260,,0.11,11,navigational,390;210;170;140;210;260;390;390;390;140;90;90,0.42,yes,
okr full form,okr,business,260,,0.02,49,informational,320;260;260;210;320;320;320;320;260;260;210;210,0.81,no,
okr meaning in business,okr,business,260,0.2,0.08,57,informational,260;110;90;210;480;320;210;320;390;390;320;260,2.11,yes,
okr product management,okr,business,260,,0.11,11,commercial,390;210;170;140;210;260;390;390;390;140;90;90,0.42,yes,
okr tooling,okr,business,260,61.95,0.31,28,navigational,480;260;170;140;320;210;480;210;260;140;140;110,0.43,yes,
okr tools,okr,business,260,61.95,0.31,28,navigational,480;260;170;140;320;210;480;210;260;140;140;110,0.43,yes,
optimizely a b testing,a/b testing,business,260,38.13,0.43,7,informational,70;70;90;50;70;90;260;590;320;720;1000;50,7.70,yes,brand
optimizely a/b testing,a/b testing,business,260,38.13,0.43,7,informational,70;70;90;50;70;90;260;590;320;720;1000;50,7.70,yes,brand
premium pricing strategy,pricing strategy,business,260,,0.03,10,commercial,320;320;320;260;210;210;320;390;210;110;90;90,0.30,yes,
pricing strategy premium,pricing strategy,business,260,,0.03,11,informational,320;320;320;260;210;210;320;390;210;110;90;90,0.30,yes,
prioritization at work,prioritization,product,260,1.77,0.03,10,informational,1000;260;210;170;260;260;210;210;170;140;110;110,0.24,yes,
prioritization matrix template,prioritization,product,260,3.61,0.79,4,informational,880;210;170;140;210;210;210;210;210;170;90;110,0.29,yes,
prioritization of work,prioritization,product,260,1.77,0.03,13,informational,1000;260;210;170;260;260;210;210;170;140;110;110,0.24,yes,
product backlog example,product backlog,product,260,,0.08,4,informational,590;390;260;110;260;320;260;260;210;210;110;70,0.31,yes,
product backlog examples,product backlog,product,260,,0.08,4,informational,590;390;260;110;260;320;260;260;210;210;110;70,0.31,yes,
product backlog vs sprint backlog,product backlog,product,260,,0.02,2,informational,390;320;260;210;260;320;320;320;210;260;140;140,0.56,yes,
product development roadmap,product roadmap,product,260,53.23,0.36,9,informational,1000;320;170;170;260;170;260;260;210;210;90;70,0.25,yes,
product management roadmap,product roadmap,product,260,7.04,0.35,36,informational,880;320;210;110;260;260;260;320;260;170;140;110,0.30,yes,
product manager roadmap,product roadmap,product,260,7.04,0.35,7,informational,880;320;210;110;260;260;260;320;260;170;140;110,0.30,yes,
product owner interview questions,product owner,product,260,0.43,0.05,0,informational,390;320;210;210;260;260;260;210;170;210;170;320,0.76,yes,jobs
product owner job description,product owner,product,260,4.43,0.05,0,informational,390;260;210;210;260;260;260;260;210;170;170;210,0.64,yes,jobs
product owner job descriptions,product owner,product,260,4.43,0.05,0,informational,390;260;210;210;260;260;260;260;210;170;170;210,0.64,yes,jobs
product owner job responsibilities,product owner,product,260,4.43,0.05,0,informational,390;260;210;210;260;260;260;260;210;170;170;210,0.64,yes,jobs
product owner job roles,product owner,product,260,4.43,0.05,0,informational,390;260;210;210;260;260;260;260;210;170;170;210,0.64,yes,jobs
product owner job spec,product owner,product,260,4.43,0.05,0,navigational,390;260;210;210;260;260;260;260;210;170;170;210,0.64,yes,jobs
product owner position description,product owner,product,260,4.43,0.05,0,informational,390;260;210;210;260;260;260;260;210;170;170;210,0.64,yes,
product owner role,product owner,product,260,5.19,0.06,10,navigational,260;320;210;210;260;320;320;320;260;260;260;260,0.99,no,
product owner roles,product owner,product,260,5.19,0.06,10,informational,260;320;210;210;260;320;320;320;260;260;260;260,0.99,no,
product owner vs project manager,product owner,product,260,,0.03,2,informational,390;260;260;210;210;260;260;260;210;210;260;210,0.75,no,
product roadmap development,product roadmap,product,260,53.23,0.36,9,informational,1000;320;170;170;260;170;260;260;210;210;90;70,0.25,yes,
product roadmap management,product roadmap,product,260,7.04,0.35,36,informational,880;320;210;110;260;260;260;320;260;170;140;110,0.30,yes,
product strategy career,product strategy,product,260,3.69,0.04,0,navigational,320;260;210;260;260;260;320;260;320;210;210;210,0.80,no,jobs
product strategy careers,product strategy,product,260,3.69,0.04,0,navigational,320;260;210;260;260;260;320;260;320;210;210;210,0.80,no,
product strategy example,product strategy,product,260,5.89,0.22,1,informational,480;390;170;170;260;260;320;320;260;210;110;110,0.41,yes,
product strategy examples,product strategy,product,260,5.89,0.22,0,informational,480;390;170;170;260;260;320;320;260;210;110;110,0.41,yes,
product strategy jobs,product strategy,product,260,3.69,0.04,0,navigational,320;260;210;260;260;260;320;260;320;210;210;210,0.80,no,jobs
product vs sprint backlog,product backlog,product,260,,0.02,1,informational,390;320;260;210;260;320;320;320;210;260;140;140,0.56,yes,
project management stakeholder management,stakeholder management,product,260,,0.08,13,informational,1600;210;70;110;140;170;170;140;90;70;50;50,0.09,yes,
project manager vs product owner,product owner,product,260,,0.03,2,informational,390;260;260;210;210;260;260;260;210;210;260;210,0.75,no,
project stakeholder management,stakeholder management,product,260,,0.08,22,informational,1600;210;70;110;140;170;170;140;90;70;50;50,0.09,yes,
questions for product owner interview,product owner,product,260,0.43,0.05,0,informational,390;320;210;210;260;260;260;210;170;210;170;320,0.76,yes,
rice prioritization framework,prioritization,product,260,0.07,0.09,29,informational,260;260;260;210;260;260;260;260;210;260;480;320,1.36,yes,
risk prioritization number,prioritization,product,260,,0.01,5,informational,320;320;320;320;320;260;320;320;210;260;210;260,0.76,no,
roadmap for product development,product roadmap,product,260,53.23,0.36,9,informational,1000;320;170;170;260;170;260;260;210;210;90;70,0.25,yes,
roadmap product development,product roadmap,product,260,53.23,0.36,9,informational,1000;320;170;170;260;170;260;260;210;210;90;70,0.25,yes,
roles of product owner,product owner,product,260,5.19,0.06,10,informational,260;320;210;210;260;320;320;320;260;260;260;260,0.99,no,
safe product owner certification,product owner,product,260,8.13,0.6,8,informational,590;260;210;260;320;260;260;210;210;210;210;210,0.59,yes,jobs
sample of product strategy,product strategy,product,260,5.89,0.22,0,commercial,480;390;170;170;260;260;320;320;260;210;110;110,0.41,yes,
sample prioritization matrix,prioritization,product,260,3.61,0.79,4,informational,880;210;170;140;210;210;210;210;210;170;90;110,0.29,yes,
sample product strategy,product strategy,product,260,5.89,0.22,1,informational,480;390;170;170;260;260;320;320;260;210;110;110,0.41,yes,
scaled agile product owner certification,product owner,product,260,8.13,0.6,8,commercial,590;260;210;260;320;260;260;210;210;210;210;210,0.59,yes,jobs
site information architecture,information architecture,design,260,9.33,0.09,6,informational,390;260;210;210;210;260;320;170;170;210;210;170,0.69,yes,
software a b testing,a/b testing,business,260,74.16,0.43,30,informational,320;260;320;210;140;110;720;260;260;110;170;90,0.41,yes,
software for usability testing,usability testing,design,260,10.12,0.3,30,commercial,480;590;390;210;210;110;210;90;70;70;390;50,0.35,yes,
software testing usability,usability testing,design,260,10.12,0.3,30,informational,480;590;390;210;210;110;210;90;70;70;390;50,0.35,yes,
software usability testing,usability testing,design,260,10.12,0.3,30,informational,480;590;390;210;210;110;210;90;70;70;390;50,0.35,yes,
sprint backlog vs product backlog,product backlog,product,260,,0.02,6,informational,390;320;260;210;260;320;320;320;210;260;140;140,0.56,yes,
sprint vs product backlog,product backlog,product,260,,0.02,6,informational,390;320;260;210;260;320;320;320;210;260;140;140,0.56,yes,
stakeholder management in project management,stakeholder management,product,260,,0.08,11,informational,1600;210;70;110;140;170;170;140;90;70;50;50,0.09,yes,
stakeholder management project management,stakeholder management,product,260,,0.08,6,informational,1600;210;70;110;140;170;170;140;90;70;50;50,0.09,yes,
steps in design thinking process,design thinking,offmap,260,3.87,0.14,52,informational,390;390;210;320;260;260;320;260;170;90;70;70,0.23,yes,
steps in the design thinking process,design thinking,offmap,260,3.87,0.14,52,informational,390;390;210;320;260;260;320;260;170;90;70;70,0.23,yes,
technical user stories examples,user stories,product,260,,0,2,informational,70;70;260;320;320;390;390;480;390;110;50;170,0.82,yes,
the hobbit map journey,journey map,design,260,0.11,0.14,1,informational,260;320;320;260;320;260;260;210;260;140;170;260,0.63,yes,
the odyssey map journey,journey map,design,260,0.09,0.01,3,informational,70;70;90;110;70;50;140;140;210;50;1600;480,9.26,yes,
tool for a b testing,a/b testing,business,260,77.92,0.5,25,informational,320;260;210;140;210;140;590;260;210;210;170;140,0.66,yes,
tools for a b testing,a/b testing,business,260,77.92,0.5,25,informational,320;260;210;140;210;140;590;260;210;210;170;140,0.66,yes,
tools for a/b testing,a/b testing,business,260,77.92,0.5,25,informational,320;260;210;140;210;140;590;260;210;210;170;140,0.66,yes,
training in design thinking,design thinking,offmap,260,11.49,0.42,20,informational,320;260;210;260;260;260;390;260;260;260;390;210,1.09,no,course
usability in software testing,usability testing,design,260,10.12,0.3,30,informational,480;590;390;210;210;110;210;90;70;70;390;50,0.35,yes,
usability software testing,usability testing,design,260,10.12,0.3,30,informational,480;590;390;210;210;110;210;90;70;70;390;50,0.35,yes,
usability testing in software testing,usability testing,design,260,10.12,0.3,30,informational,480;590;390;210;210;110;210;90;70;70;390;50,0.35,yes,
usability testing scripts,usability testing,design,260,,0,0,informational,140;110;260;320;390;320;320;390;320;90;70;140,0.59,yes,
usability testing software,usability testing,design,260,10.12,0.3,37,commercial,480;590;390;210;210;110;210;90;70;70;390;50,0.35,yes,
usability testing software testing,usability testing,design,260,10.12,0.3,30,informational,480;590;390;210;210;110;210;90;70;70;390;50,0.35,yes,
user interviews careers,user interviews,design,260,2.41,0.06,19,navigational,480;390;320;210;320;260;260;260;320;210;170;90,0.39,yes,
user interviews survey,user interviews,design,260,5.06,0.41,20,commercial,170;140;170;260;260;210;320;390;390;260;320;320,1.88,yes,
user interviews surveys,user interviews,design,260,5.06,0.41,20,informational,170;140;170;260;260;210;320;390;390;260;320;320,1.88,yes,
user persona design,user persona,design,260,,0,31,navigational,320;260;210;170;260;260;210;260;210;320;260;210,1.00,no,
user persona maker,user persona,design,260,9.82,0.18,26,navigational,320;260;260;260;320;320;390;260;260;260;260;260,0.93,no,
user stories as a,user stories,product,260,,0,33,informational,170;140;210;320;320;320;390;320;390;170;70;140,0.73,yes,
ux research agencies,ux research,design,260,14.66,0.15,8,navigational,720;110;210;320;260;210;210;110;320;170;320;140,0.61,yes,
ux research companies,ux research,design,260,14.66,0.15,12,navigational,720;110;210;320;260;210;210;110;320;170;320;140,0.61,yes,
ux research company,ux research,design,260,14.66,0.15,8,commercial,720;110;210;320;260;210;210;110;320;170;320;140,0.61,yes,
ux research portfolio,ux research,design,260,3.24,0.18,0,navigational,320;320;260;210;320;320;320;260;170;170;170;170,0.57,no,
ux research portfolios,ux research,design,260,3.24,0.18,0,navigational,320;320;260;210;320;320;320;260;170;170;170;170,0.57,no,
ux writing course,ux writing,design,260,5.38,0.32,14,informational,210;210;260;320;260;210;320;210;170;320;320;90,1.07,yes,course
ux writing courses,ux writing,design,260,5.38,0.32,14,commercial,210;210;260;320;260;210;320;210;170;320;320;90,1.07,yes,course
valve steam machine pricing strategy,pricing strategy,business,260,,,11,commercial,0;0;2900;10;10;10;10;10;90;110;0;0,0.04,yes,
web information architecture,information architecture,design,260,9.33,0.09,15,informational,390;260;210;210;210;260;320;170;170;210;210;170,0.69,yes,
website information architecture,information architecture,design,260,9.33,0.09,6,informational,390;260;210;210;210;260;320;170;170;210;210;170,0.69,yes,
work prioritization,prioritization,product,260,1.77,0.03,10,informational,1000;260;210;170;260;260;210;210;170;140;110;110,0.24,yes,
5 phases of design thinking,design thinking,offmap,210,5.62,0.1,28,informational,480;320;210;170;210;260;210;210;110;90;90;110,0.29,yes,
5 stages of design thinking,design thinking,offmap,210,5.62,0.1,19,informational,480;320;210;170;210;260;210;210;110;90;90;110,0.29,yes,
5 steps in design thinking,design thinking,offmap,210,5.62,0.1,19,informational,480;320;210;170;210;260;210;210;110;90;90;110,0.29,yes,
a b n testing,a/b testing,business,210,,0.01,0,informational,170;210;210;210;210;170;210;260;170;210;260;260,1.24,no,
a b testing example,a/b testing,business,210,8.16,0.09,41,informational,210;170;170;110;90;170;590;210;210;140;170;140,0.82,yes,
a b testing examples,a/b testing,business,210,8.16,0.09,41,informational,210;170;170;110;90;170;590;210;210;140;170;140,0.82,yes,
a b testing vwo,a/b testing,business,210,10.77,0.59,0,informational,210;210;140;140;210;170;170;390;170;170;140;140,0.80,yes,
a-b testing example,a/b testing,business,210,8.16,0.09,41,informational,210;170;170;110;90;170;590;210;210;140;170;140,0.82,yes,
a-b-testing example,a/b testing,business,210,8.16,0.09,41,informational,210;170;170;110;90;170;590;210;210;140;170;140,0.82,yes,
a/b testing example,a/b testing,business,210,8.16,0.09,41,informational,210;170;170;110;90;170;590;210;210;140;170;140,0.82,yes,
a/b testing examples,a/b testing,business,210,8.16,0.09,34,informational,210;170;170;110;90;170;590;210;210;140;170;140,0.82,yes,
a/b testing vwo,a/b testing,business,210,10.77,0.59,0,informational,210;210;140;140;210;170;170;390;170;170;140;140,0.80,yes,
a/b/n testing,a/b testing,business,210,,0.01,12,informational,170;210;210;210;210;170;210;260;170;210;260;260,1.24,no,
agile product roadmap,product roadmap,product,210,29.98,0.12,3,informational,880;260;110;110;140;140;260;170;110;140;70;90,0.24,yes,
amazon pricing strategy,pricing strategy,business,210,,0.03,11,commercial,390;210;260;320;140;170;260;260;260;90;110;90,0.34,yes,
amazon's pricing strategy,pricing strategy,business,210,,0.03,10,informational,390;210;260;320;140;170;260;260;260;90;110;90,0.34,yes,
calculate client retention rate,retention rate,business,210,,0.03,19,informational,390;260;210;140;170;170;260;320;140;170;90;110,0.43,yes,
calculate customer retention rate,retention rate,business,210,,0.03,18,informational,390;260;210;140;170;170;260;320;140;170;90;110,0.43,yes,
calculating customer retention rate,retention rate,business,210,,0.03,19,informational,390;260;210;140;170;170;260;320;140;170;90;110,0.43,yes,
certified scrum product owner scrum alliance,product owner,product,210,2.8,0.55,40,navigational,320;210;210;210;320;210;260;210;170;170;170;140,0.65,yes,jobs
client retention rate calculation,retention rate,business,210,,0.03,25,informational,390;260;210;140;170;170;260;320;140;170;90;110,0.43,yes,
customer retention rate calculation,retention rate,business,210,,0.03,20,informational,390;260;210;140;170;170;260;320;140;170;90;110,0.43,yes,
customer retention rate calculator,retention rate,business,210,,0.03,25,informational,390;260;210;140;170;170;260;320;140;170;90;110,0.43,yes,
design thinking 5 stages,design thinking,offmap,210,5.62,0.1,19,informational,480;320;210;170;210;260;210;210;110;90;90;110,0.29,yes,
design thinking 5 steps,design thinking,offmap,210,5.62,0.1,28,informational,480;320;210;170;210;260;210;210;110;90;90;110,0.29,yes,
design thinking double diamond,design thinking,offmap,210,5.61,0.09,9,informational,260;320;210;170;210;210;260;210;170;140;140;140,0.53,yes,
design thinking methodology,design thinking,offmap,210,4.77,0.24,62,informational,390;320;320;210;170;260;260;210;210;170;170;140,0.47,yes,
design thinking model,design thinking,offmap,210,4.84,0.15,52,informational,260;260;210;210;260;210;260;210;170;110;110;140,0.49,yes,
design thinking models,design thinking,offmap,210,4.84,0.15,52,informational,260;260;210;210;260;210;260;210;170;110;110;140,0.49,yes,
design thinking principle,design thinking,offmap,210,3.94,0.16,56,informational,320;260;320;210;210;170;210;320;210;170;140;110,0.47,yes,
design thinking principles,design thinking,offmap,210,3.94,0.16,56,informational,320;260;320;210;210;170;210;320;210;170;140;110,0.47,yes,
design thinking quiz,design thinking,offmap,210,,0,0,informational,170;140;320;260;260;260;210;260;320;70;50;140,0.41,yes,
different pricing strategy,pricing strategy,business,210,,0.11,39,informational,320;320;390;260;210;210;260;390;210;90;90;70,0.24,yes,
double diamond design thinking,design thinking,offmap,210,5.61,0.09,9,informational,260;320;210;170;210;210;260;210;170;140;140;140,0.53,yes,
eisenhower matrix for prioritization,prioritization,product,210,,0.07,48,informational,110;170;70;110;170;320;170;320;210;210;260;260,2.09,yes,
eisenhower prioritization matrix,prioritization,product,210,0.1,1,48,informational,210;210;170;140;170;170;210;210;170;170;260;210,1.08,no,
employee retention rate calculator,retention rate,business,210,6.88,0.06,16,informational,210;260;170;170;210;170;210;260;140;110;260;140,0.80,yes,
example of a b testing,a/b testing,business,210,8.16,0.09,41,informational,210;170;170;110;90;170;590;210;210;140;170;140,0.82,yes,
example of a/b testing,a/b testing,business,210,8.16,0.09,41,informational,210;170;170;110;90;170;590;210;210;140;170;140,0.82,yes,
examples of a b testing,a/b testing,business,210,8.16,0.09,41,informational,210;170;170;110;90;170;590;210;210;140;170;140,0.82,yes,
examples of a/b testing,a/b testing,business,210,8.16,0.09,41,informational,210;170;170;110;90;170;590;210;210;140;170;140,0.82,yes,
five phases of design thinking,design thinking,offmap,210,5.62,0.1,19,informational,480;320;210;170;210;260;210;210;110;90;90;110,0.29,yes,
google okr,okr,business,210,,0.08,25,navigational,170;210;210;170;260;210;210;170;140;260;260;170,1.17,no,brand
how do you build a product roadmap,product roadmap,product,210,19.05,0.29,10,informational,1000;210;110;90;210;170;210;210;170;170;110;90,0.28,yes,
how to build a product roadmap,product roadmap,product,210,19.05,0.29,10,informational,1000;210;110;90;210;170;210;210;170;170;110;90,0.28,yes,
how to build product roadmap,product roadmap,product,210,19.05,0.29,10,informational,1000;210;110;90;210;170;210;210;170;170;110;90,0.28,yes,
how to develop a product roadmap,product roadmap,product,210,19.05,0.29,10,informational,1000;210;110;90;210;170;210;210;170;170;110;90,0.28,yes,
information architecture diagram,information architecture,design,210,,0.03,4,informational,320;390;210;210;210;320;210;210;170;170;140;110,0.46,yes,
information architecture diagrams,information architecture,design,210,,0.03,14,informational,320;390;210;210;210;320;210;210;170;170;140;110,0.46,yes,
information architecture summit,information architecture,design,210,38.12,0.08,21,informational,210;90;20;20;30;1600;210;90;50;70;50;70,0.59,yes,
jira product roadmap,product roadmap,product,210,28.21,0.08,26,informational,480;170;110;90;140;210;480;170;140;90;90;260,0.58,yes,brand
jobs to be done theory,jobs to be done,offmap,210,2.95,0.06,43,informational,320;260;210;170;210;260;210;210;170;170;170;110,0.57,yes,jobs
jobs to be done: theory,jobs to be done,offmap,210,2.95,0.06,43,informational,320;260;210;170;210;260;210;210;170;170;170;110,0.57,yes,jobs
marketing strategy product differentiation,product strategy,product,210,6.6,0.02,15,informational,480;260;210;170;140;260;320;210;140;90;110;70,0.28,yes,
mixpanel product analytics,product analytics,business,210,20.28,0.02,21,navigational,210;210;170;140;110;260;320;260;320;140;110;260,0.86,yes,brand
model design thinking,design thinking,offmap,210,4.84,0.15,52,informational,260;260;210;210;260;210;260;210;170;110;110;140,0.49,yes,
net retention rate formula,retention rate,business,210,,0,15,informational,140;110;210;260;260;260;260;260;210;110;90;140,0.74,yes,
nike pricing strategy,pricing strategy,business,210,,0,0,informational,320;320;260;210;210;210;260;210;170;40;40;110,0.21,yes,
nike's pricing strategy,pricing strategy,business,210,,0,0,commercial,320;320;260;210;210;210;260;210;170;40;40;110,0.21,yes,
okr dashboard,okr,business,210,26.59,0.36,0,navigational,320;210;170;170;170;170;320;210;170;140;110;90,0.49,yes,
okr dashboards,okr,business,210,26.59,0.36,0,navigational,320;210;170;170;170;170;320;210;170;140;110;90,0.49,yes,
okr form,okr,business,210,2.46,0.17,14,informational,480;170;140;170;260;210;260;170;260;140;140;110,0.49,yes,
okr format,okr,business,210,2.46,0.17,14,informational,480;170;140;170;260;210;260;170;260;140;140;110,0.49,yes,
okr plan,okr,business,210,1.22,0.19,7,informational,590;210;170;210;170;210;320;140;170;110;90;90,0.30,yes,
okr planner,okr,business,210,1.22,0.19,7,navigational,590;210;170;210;170;210;320;140;170;110;90;90,0.30,yes,
okr planning,okr,business,210,1.22,0.19,7,informational,590;210;170;210;170;210;320;140;170;110;90;90,0.30,yes,
online product discovery platform,product discovery,product,210,,,9,informational,1300;1000;10;0;0;0;10;10;10;10;0;0,0.00,yes,
plan stakeholder management,stakeholder management,product,210,,0.07,1,navigational,390;210;260;210;210;260;260;260;210;210;140;110,0.53,yes,
planning stakeholder management,stakeholder management,product,210,,0.07,1,commercial,390;210;260;210;210;260;260;260;210;210;140;110,0.53,yes,
pricing and retail strategy,pricing strategy,business,210,9.13,0.14,0,informational,720;140;210;210;140;210;320;210;210;170;140;140,0.42,yes,
pricing product strategy,product strategy;pricing strategy,product;business,210,12.3,0.12,20,informational,480;320;260;210;140;140;260;390;260;90;140;70,0.28,yes,
pricing strategy amazon,pricing strategy,business,210,,0.03,10,commercial,390;210;260;320;140;170;260;260;260;90;110;90,0.34,yes,
pricing strategy for a product,product strategy;pricing strategy,product;business,210,12.3,0.12,33,informational,480;320;260;210;140;140;260;390;260;90;140;70,0.28,yes,
pricing strategy for nike,pricing strategy,business,210,,0,0,informational,320;320;260;210;210;210;260;210;170;40;40;110,0.21,yes,
pricing strategy for products,pricing strategy,business,210,12.3,0.12,33,informational,480;320;260;210;140;140;260;390;260;90;140;70,0.28,yes,
pricing strategy for retail,pricing strategy,business,210,9.13,0.14,0,informational,720;140;210;210;140;210;320;210;210;170;140;140,0.42,yes,
pricing strategy in retail,pricing strategy,business,210,9.13,0.14,0,informational,720;140;210;210;140;210;320;210;210;170;140;140,0.42,yes,
pricing strategy nike,pricing strategy,business,210,,0,0,informational,320;320;260;210;210;210;260;210;170;40;40;110,0.21,yes,
pricing strategy of a product,product strategy;pricing strategy,product;business,210,12.3,0.12,22,informational,480;320;260;210;140;140;260;390;260;90;140;70,0.28,yes,
pricing strategy of amazon,pricing strategy,business,210,,0.03,13,informational,390;210;260;320;140;170;260;260;260;90;110;90,0.34,yes,
pricing strategy of nike,pricing strategy,business,210,,0,0,informational,320;320;260;210;210;210;260;210;170;40;40;110,0.21,yes,
pricing strategy of walmart,pricing strategy,business,210,,0.02,0,informational,210;210;210;170;140;170;210;260;210;170;170;210,0.87,no,
pricing strategy retail,pricing strategy,business,210,9.13,0.14,0,informational,720;140;210;210;140;210;320;210;210;170;140;140,0.42,yes,
pricing strategy walmart,pricing strategy,business,210,,0.02,0,informational,210;210;210;170;140;170;210;260;210;170;170;210,0.87,no,
prioritization frameworks,prioritization,product,210,8.88,0.25,10,informational,320;210;210;170;210;210;260;260;170;140;140;140,0.57,yes,
prioritization list,prioritization,product,210,,0,7,informational,480;210;210;170;320;210;210;170;170;140;170;210,0.58,yes,
prioritization thesaurus,prioritization,product,210,,0,0,informational,260;260;210;210;260;210;260;260;170;140;110;140,0.53,yes,
product and price strategy,product strategy,product,210,12.3,0.12,30,informational,480;320;260;210;140;140;260;390;260;90;140;70,0.28,yes,
product and pricing strategy,product strategy;pricing strategy,product;business,210,12.3,0.12,30,informational,480;320;260;210;140;140;260;390;260;90;140;70,0.28,yes,
product backlog format,product backlog,product,210,25.72,0.22,2,informational,1000;210;170;70;140;170;170;170;170;90;70;50,0.15,yes,
product backlog sample,product backlog,product,210,25.72,0.22,3,informational,1000;210;170;70;140;170;170;170;170;90;70;50,0.15,yes,
product backlog samples,product backlog,product,210,25.72,0.22,2,informational,1000;210;170;70;140;170;170;170;170;90;70;50,0.15,yes,
product backlog template,product backlog,product,210,25.72,0.22,0,navigational,1000;210;170;70;140;170;170;170;170;90;70;50,0.15,yes,
product backlog templates,product backlog,product,210,25.72,0.22,2,informational,1000;210;170;70;140;170;170;170;170;90;70;50,0.15,yes,
product designer job requirements,product requirements,product,210,1.29,0.03,0,informational,320;210;210;170;210;210;210;260;260;110;140;170,0.57,yes,jobs
product manager requirements,product requirements,product,210,3.82,0.18,13,informational,320;210;210;210;210;210;260;320;260;170;140;210,0.70,yes,
product owner cv,product owner,product,210,2.49,0.11,0,navigational,170;210;390;320;320;140;210;140;140;70;70;90,0.30,yes,
product owner in safe,product owner,product,210,8.37,0.33,0,navigational,720;210;210;170;210;210;170;170;170;140;170;140,0.39,yes,
product owner resume,product owner,product,210,2.49,0.11,0,navigational,170;210;390;320;320;140;210;140;140;70;70;90,0.30,yes,jobs
product owner safe,product owner,product,210,8.37,0.33,0,navigational,720;210;210;170;210;210;170;170;170;140;170;140,0.39,yes,
product price strategy,product strategy,product,210,12.3,0.12,10,informational,480;320;260;210;140;140;260;390;260;90;140;70,0.28,yes,
product pricing strategy,product strategy;pricing strategy,product;business,210,12.3,0.12,10,informational,480;320;260;210;140;140;260;390;260;90;140;70,0.28,yes,
product roadmap agile,product roadmap,product,210,29.98,0.12,4,informational,880;260;110;110;140;140;260;170;110;140;70;90,0.24,yes,
product roadmap in agile,product roadmap,product,210,29.98,0.12,5,informational,880;260;110;110;140;140;260;170;110;140;70;90,0.24,yes,
product roadmap jira,product roadmap,product,210,28.21,0.08,26,informational,480;170;110;90;140;210;480;170;140;90;90;260,0.58,yes,brand
product roadmap software jira,product roadmap,product,210,28.21,0.08,26,navigational,480;170;110;90;140;210;480;170;140;90;90;260,0.58,yes,brand
product roadmap tool,product roadmap,product,210,88.46,0.46,16,informational,480;320;110;110;210;210;320;320;170;170;110;110,0.43,yes,
product roadmap tools,product roadmap,product,210,88.46,0.46,16,informational,480;320;110;110;210;210;320;320;170;170;110;110,0.43,yes,
product strategy framework,product strategy,product,210,9.53,0.51,0,informational,260;260;210;210;210;210;390;210;140;140;140;110,0.53,yes,
product strategy frameworks,product strategy,product,210,9.53,0.51,0,informational,260;260;210;210;210;210;390;210;140;140;140;110,0.53,yes,
product strategy template,product strategy,product,210,15.83,0.37,0,informational,590;170;140;110;140;170;170;140;140;260;320;50,0.70,yes,
product strategy templates,product strategy,product,210,15.83,0.37,0,informational,590;170;140;110;140;170;170;140;140;260;320;50,0.70,yes,
products pricing strategy,pricing strategy,business,210,12.3,0.12,10,informational,480;320;260;210;140;140;260;390;260;90;140;70,0.28,yes,
professional scrum product owner pspo certification,product owner,product,210,2.68,0.05,19,commercial,110;170;90;110;90;140;170;140;480;590;390;20,2.70,yes,jobs
project prioritization matrix,prioritization,product,210,6.82,0.31,2,informational,720;260;210;140;210;170;210;140;210;170;170;110,0.38,yes,
project stakeholder management plan,stakeholder management,product,210,,0.07,8,informational,390;210;260;210;210;260;260;260;210;210;140;110,0.53,yes,
resume for product owner,product owner,product,210,2.49,0.11,0,navigational,170;210;390;320;320;140;210;140;140;70;70;90,0.30,yes,jobs
resume product owner,product owner,product,210,2.49,0.11,0,navigational,170;210;390;320;320;140;210;140;140;70;70;90,0.30,yes,jobs
retail pricing strategy,pricing strategy,business,210,9.13,0.14,2,informational,720;140;210;210;140;210;320;210;210;170;140;140,0.42,yes,
retail store pricing strategy,pricing strategy,business,210,9.13,0.14,0,informational,720;140;210;210;140;210;320;210;210;170;140;140,0.42,yes,
retailer pricing strategy,pricing strategy,business,210,9.13,0.14,0,informational,720;140;210;210;140;210;320;210;210;170;140;140,0.42,yes,
retailing pricing strategy,pricing strategy,business,210,9.13,0.14,0,informational,720;140;210;210;140;210;320;210;210;170;140;140,0.42,yes,
retention rate calculation employees,retention rate,business,210,6.88,0.06,16,informational,210;260;170;170;210;170;210;260;140;110;260;140,0.80,yes,
rice prioritization method,prioritization,product,210,,0.11,29,informational,390;260;210;260;210;210;210;210;170;140;140;90,0.43,yes,
ruthless prioritization,prioritization,product,210,0.47,0.02,11,informational,320;260;170;210;210;260;210;210;170;170;170;170,0.68,no,
safe product owner,product owner,product,210,8.37,0.33,0,navigational,720;210;210;170;210;210;170;170;170;140;170;140,0.39,yes,
sample product backlog,product backlog,product,210,25.72,0.22,8,informational,1000;210;170;70;140;170;170;170;170;90;70;50,0.15,yes,
scaled agile framework product owner,product owner,product,210,8.37,0.33,0,navigational,720;210;210;170;210;210;170;170;170;140;170;140,0.39,yes,
scaled agile product owner,product owner,product,210,8.37,0.33,0,navigational,720;210;210;170;210;210;170;170;170;140;170;140,0.39,yes,
scrum alliance certified scrum product owner,product owner,product,210,2.8,0.55,38,navigational,320;210;210;210;320;210;260;210;170;170;170;140,0.65,yes,jobs
stakeholder management plan,stakeholder management,product,210,,0.07,1,informational,390;210;260;210;210;260;260;260;210;210;140;110,0.53,yes,
task prioritization meaning,prioritization,product,210,,0,0,informational,20;30;30;260;880;720;390;210;140;20;20;20,0.75,yes,
template product backlog,product backlog,product,210,25.72,0.22,0,informational,1000;210;170;70;140;170;170;170;170;90;70;50,0.15,yes,
template product strategy,product strategy,product,210,15.83,0.37,0,informational,590;170;140;110;140;170;170;140;140;260;320;50,0.70,yes,
tier pricing strategy,pricing strategy,business,210,,0.06,19,informational,590;260;260;210;170;170;260;210;140;70;70;90,0.21,yes,
tiered pricing strategy,pricing strategy,business,210,,0.06,19,informational,590;260;260;210;170;170;260;210;140;70;70;90,0.21,yes,
usability testing scenarios,usability testing,design,210,,0,3,commercial,40;70;260;260;260;390;390;320;260;90;20;90,0.54,yes,
usability testing tasks,usability testing,design,210,,0,3,informational,50;50;170;260;260;260;260;390;320;170;40;140,1.30,yes,
usability testing template,usability testing,design,210,13.72,0.09,0,informational,480;480;390;170;140;70;170;170;90;70;70;20,0.12,yes,
usability testing templates,usability testing,design,210,13.72,0.09,0,informational,480;480;390;170;140;70;170;170;90;70;70;20,0.12,yes,
ux design metrics,ux metrics,design,210,10.51,0.27,0,informational,260;390;320;170;170;170;320;170;110;110;90;70,0.28,yes,
ux metrics,ux metrics,design,210,10.51,0.27,0,informational,260;390;320;170;170;170;320;170;110;110;90;70,0.28,yes,
ux research agency,ux research,design,210,10.98,0.19,14,navigational,590;390;480;390;210;70;110;70;40;50;70;50,0.12,yes,
ux research assistant,ux research,design,210,5.63,0.15,0,navigational,110;170;260;320;320;320;210;170;210;140;170;90,0.74,yes,
various pricing strategy,pricing strategy,business,210,,0.11,37,informational,320;320;390;260;210;210;260;390;210;90;90;70,0.24,yes,
vwo a b testing,a/b testing,business,210,10.77,0.59,0,informational,210;210;140;140;210;170;170;390;170;170;140;140,0.80,yes,
vwo a/b testing,a/b testing,business,210,10.77,0.59,3,informational,210;210;140;140;210;170;170;390;170;170;140;140,0.80,yes,
walmart pricing strategy,pricing strategy,business,210,,0.02,3,informational,210;210;210;170;140;170;210;260;210;170;170;210,0.87,no,
walmart's pricing strategy,pricing strategy,business,210,,0.02,0,commercial,210;210;210;170;140;170;210;260;210;170;170;210,0.87,no,
wendy's new pricing strategy,pricing strategy,business,210,,0,16,informational,10;10;10;10;2400;30;10;10;10;10;10;10,1.00,yes,
what is design thinking process,design thinking,offmap,210,5.98,0.11,57,informational,480;390;210;260;260;260;260;170;170;110;70;110,0.27,yes,
what is information technology architecture,information architecture,design,210,,0.01,0,informational,210;170;210;210;210;210;210;210;210;140;140;210,0.83,no,
what is jira product discovery,product discovery,product,210,0.65,0.06,14,informational,210;260;210;170;210;210;210;210;210;210;170;170,0.81,no,brand
what is okr in project management,okr,business,210,4.91,0.15,11,informational,320;260;210;210;210;140;110;170;210;210;210;210,0.80,yes,
what is the design thinking process,design thinking,offmap,210,5.98,0.11,57,informational,480;390;210;260;260;260;260;170;170;110;70;110,0.27,yes,
wsjf prioritization,prioritization,product,210,3.07,0.05,1,informational,210;110;110;140;210;210;260;260;260;260;170;210,1.49,yes,
a b testing for landing pages,a/b testing,business,170,31.28,0.47,27,informational,390;260;170;140;50;90;390;110;170;50;70;20,0.17,yes,
a b testing for marketing,a/b testing,business,170,21.13,0.28,45,informational,170;170;110;110;110;170;320;170;140;140;140;90,0.82,yes,
a b testing for seo,a/b testing,business,170,,0.08,29,informational,210;140;50;30;70;90;260;260;480;110;210;40,0.90,yes,
a b testing in marketing,a/b testing,business,170,21.13,0.28,45,informational,170;170;110;110;110;170;320;170;140;140;140;90,0.82,yes,
a b testing in seo,a/b testing,business,170,,0.08,29,informational,210;140;50;30;70;90;260;260;480;110;210;40,0.90,yes,
a b testing landing page,a/b testing,business,170,31.28,0.47,27,informational,390;260;170;140;50;90;390;110;170;50;70;20,0.17,yes,
a b testing landing pages,a/b testing,business,170,31.28,0.47,27,informational,390;260;170;140;50;90;390;110;170;50;70;20,0.17,yes,
a b testing marketing,a/b testing,business,170,21.13,0.28,45,informational,170;170;110;110;110;170;320;170;140;140;140;90,0.82,yes,
a b testing on shopify,a/b testing,business,170,14.67,0.37,16,navigational,210;170;90;170;170;140;260;210;210;170;210;140,1.11,yes,
a b testing seo,a/b testing,business,170,,0.08,17,informational,210;140;50;30;70;90;260;260;480;110;210;40,0.90,yes,
a b testing shopify,a/b testing,business,170,14.67,0.37,16,informational,210;170;90;170;170;140;260;210;210;170;210;140,1.11,yes,
a b x testing,a/b testing,business,170,,0,14,informational,210;210;170;170;140;140;140;140;110;140;110;140,0.66,no,
a-b testing in marketing,a/b testing,business,170,21.13,0.28,45,commercial,170;170;110;110;110;170;320;170;140;140;140;90,0.82,yes,
a-b testing marketing,a/b testing,business,170,21.13,0.28,45,commercial,170;170;110;110;110;170;320;170;140;140;140;90,0.82,yes,
a/b marketing testing,a/b testing,business,170,21.13,0.28,45,informational,170;170;110;110;110;170;320;170;140;140;140;90,0.82,yes,
a/b testing for landing pages,a/b testing,business,170,31.28,0.47,27,informational,390;260;170;140;50;90;390;110;170;50;70;20,0.17,yes,
a/b testing for seo,a/b testing,business,170,,0.08,29,informational,210;140;50;30;70;90;260;260;480;110;210;40,0.90,yes,
a/b testing in marketing,a/b testing,business,170,21.13,0.28,45,informational,170;170;110;110;110;170;320;170;140;140;140;90,0.82,yes,
a/b testing in seo,a/b testing,business,170,,0.08,33,informational,210;140;50;30;70;90;260;260;480;110;210;40,0.90,yes,
a/b testing landing pages,a/b testing,business,170,31.28,0.47,27,informational,390;260;170;140;50;90;390;110;170;50;70;20,0.17,yes,
a/b testing marketing,a/b testing,business,170,21.13,0.28,45,informational,170;170;110;110;110;170;320;170;140;140;140;90,0.82,yes,
a/b testing on shopify,a/b testing,business,170,14.67,0.37,16,informational,210;170;90;170;170;140;260;210;210;170;210;140,1.11,yes,
a/b testing seo,a/b testing,business,170,,0.08,29,informational,210;140;50;30;70;90;260;260;480;110;210;40,0.90,yes,
a/b testing shopify,a/b testing,business,170,14.67,0.37,16,informational,210;170;90;170;170;140;260;210;210;170;210;140,1.11,yes,
abc prioritization nursing,prioritization,product,170,,0,0,informational,260;210;140;170;210;260;170;170;170;140;110;140,0.64,yes,
ai product requirements document,product requirements,product,170,15.61,0.39,2,informational,320;390;320;320;140;140;170;140;110;90;70;50,0.20,yes,
architecture information,information architecture,design,170,8.22,0.02,50,informational,260;210;170;140;210;170;210;210;210;90;70;170,0.52,yes,
best okr software,okr,business,170,108.84,0.02,2,commercial,260;140;70;30;50;50;210;90;170;260;390;320,2.06,yes,
certified scrum product owner certification,product owner,product,170,4.39,0.5,13,commercial,210;170;170;110;210;210;260;170;170;170;110;110,0.71,yes,jobs
define product owner,product owner,product,170,,0.03,18,informational,170;170;170;110;170;170;170;170;140;140;140;140,0.82,no,
definition of a product owner,product owner,product,170,,0.03,12,informational,170;170;170;110;170;170;170;170;140;140;140;140,0.82,no,
definition of product owner,product owner,product,170,,0.03,12,informational,170;170;170;110;170;170;170;170;140;140;140;140,0.82,no,
definition product owner,product owner,product,170,,0.03,12,informational,170;170;170;110;170;170;170;170;140;140;140;140,0.82,no,
design thinking method,design thinking,offmap,170,6.73,0.18,63,informational,210;170;170;140;140;170;260;140;170;110;110;90,0.56,yes,
design thinking methodologies,design thinking,offmap,170,6.73,0.18,63,informational,210;170;170;140;140;170;260;140;170;110;110;90,0.56,yes,
design thinking methods,design thinking,offmap,170,6.73,0.18,35,informational,210;170;170;140;140;170;260;140;170;110;110;90,0.56,yes,
design thinking technique,design thinking,offmap,170,6.73,0.18,63,informational,210;170;170;140;140;170;260;140;170;110;110;90,0.56,yes,
design thinking techniques,design thinking,offmap,170,6.73,0.18,52,informational,210;170;170;140;140;170;260;140;170;110;110;90,0.56,yes,
design thinking tool,design thinking,offmap,170,5.39,0.09,40,informational,590;140;140;140;140;140;170;140;140;70;110;90,0.31,yes,
design thinking toolkits,design thinking,offmap,170,5.39,0.09,40,informational,590;140;140;140;140;140;170;140;140;70;110;90,0.31,yes,
design thinking tools,design thinking,offmap,170,5.39,0.09,40,informational,590;140;140;140;140;140;170;140;140;70;110;90,0.31,yes,
dr sharon prioritization,prioritization,product,170,,0.04,0,commercial,140;110;70;70;210;140;90;70;170;480;210;140,2.59,yes,
example information architecture,information architecture,design,170,,0.01,4,informational,210;210;170;140;140;170;210;140;170;110;90;110,0.53,yes,
example of information architecture,information architecture,design,170,,0.01,2,informational,210;210;170;140;140;170;210;140;170;110;90;110,0.53,yes,
examples of information architecture,information architecture,design,170,,0.01,4,informational,210;210;170;140;140;170;210;140;170;110;90;110,0.53,yes,
hotel pricing strategy,pricing strategy,business,170,7.08,0.05,0,commercial,170;50;70;40;70;70;390;140;480;110;170;210,1.69,yes,
hotel room pricing strategy,pricing strategy,business,170,7.08,0.05,4,commercial,170;50;70;40;70;70;390;140;480;110;170;210,1.69,yes,
how to write an okr,okr,business,170,0.82,0.05,17,informational,210;170;140;170;260;140;260;140;110;140;140;140,0.81,yes,
how to write okr,okr,business,170,0.82,0.05,17,informational,210;170;140;170;260;140;260;140;110;140;140;140,0.81,yes,
information architecture example,information architecture,design,170,,0.01,12,informational,210;210;170;140;140;170;210;140;170;110;90;110,0.53,yes,
information architecture examples,information architecture,design,170,,0.01,5,informational,210;210;170;140;140;170;210;140;170;110;90;110,0.53,yes,
information architecture sample,information architecture,design,170,,0.01,0,informational,210;210;170;140;140;170;210;140;170;110;90;110,0.53,yes,
information architecture samples,information architecture,design,170,,0.01,6,informational,210;210;170;140;140;170;210;140;170;110;90;110,0.53,yes,
jane street strategy and product interview,product strategy,product,170,,0.01,0,informational,170;170;210;210;140;170;140;90;70;90;140;210,0.80,yes,
jane street strategy and product salary,product strategy,product,170,,0,0,informational,170;170;170;140;140;140;140;140;210;140;210;170,1.02,no,jobs
jobs to be done example,jobs to be done,offmap,170,2,0.04,27,informational,210;260;170;170;170;170;260;170;170;170;90;110,0.58,yes,jobs
jobs to be done examples,jobs to be done,offmap,170,2,0.04,27,informational,210;260;170;170;170;170;260;170;170;170;90;110,0.58,yes,jobs
john doerr okr,okr,business,170,0.3,0.09,19,informational,480;170;140;210;210;140;170;170;140;110;110;110,0.42,yes,
landing page a/b testing,a/b testing,business,170,31.28,0.47,27,informational,390;260;170;140;50;90;390;110;170;50;70;20,0.17,yes,
launch new product strategy,product strategy,product,170,4.44,0.2,17,informational,590;260;170;140;70;70;260;170;170;90;70;40,0.20,yes,
launch strategy for a new product,product strategy,product,170,4.44,0.2,10,informational,590;260;170;140;70;70;260;170;170;90;70;40,0.20,yes,
launching a new product strategy,product strategy,product,170,4.44,0.2,17,informational,590;260;170;140;70;70;260;170;170;90;70;40,0.20,yes,
launching new product strategy,product strategy,product,170,4.44,0.2,17,informational,590;260;170;140;70;70;260;170;170;90;70;40,0.20,yes,
launching strategy for a new product,product strategy,product,170,4.44,0.2,10,commercial,590;260;170;140;70;70;260;170;170;90;70;40,0.20,yes,
marketing a new product strategy,product strategy,product,170,,0.11,3,informational,210;90;90;40;110;110;480;260;320;90;140;50,0.72,yes,
marketing new product strategy,product strategy,product,170,,0.11,0,informational,210;90;90;40;110;110;480;260;320;90;140;50,0.72,yes,
marketing okr examples,okr,business,170,,0.01,2,informational,170;90;140;140;170;170;260;260;260;70;40;70,0.45,yes,
marketing strategy for a new product,product strategy,product,170,,0.11,26,informational,210;90;90;40;110;110;480;260;320;90;140;50,0.72,yes,
marketing strategy for new product,product strategy,product,170,,0.11,26,informational,210;90;90;40;110;110;480;260;320;90;140;50,0.72,yes,
marketing strategy new product,product strategy,product,170,,0.11,26,informational,210;90;90;40;110;110;480;260;320;90;140;50,0.72,yes,
marketing strategy of a new product,product strategy,product,170,,0.11,33,informational,210;90;90;40;110;110;480;260;320;90;140;50,0.72,yes,
marketing strategy of new product,product strategy,product,170,,0.11,8,informational,210;90;90;40;110;110;480;260;320;90;140;50,0.72,yes,
mcdonald's pricing strategy,pricing strategy,business,170,,0,0,informational,170;140;1300;110;70;90;90;90;50;20;30;40,0.06,yes,
method design thinking,design thinking,offmap,170,6.73,0.18,63,informational,210;170;170;140;140;170;260;140;170;110;110;90,0.56,yes,
methods design thinking,design thinking,offmap,170,6.73,0.18,63,informational,210;170;170;140;140;170;260;140;170;110;110;90,0.56,yes,
methods of design thinking,design thinking,offmap,170,6.73,0.18,53,informational,210;170;170;140;140;170;260;140;170;110;110;90,0.56,yes,
methods of usability testing,usability testing,design,170,6.48,0.07,8,informational,260;320;210;90;110;140;260;140;140;110;90;70,0.34,yes,
moscow method prioritization,prioritization,product,170,,0.06,28,informational,210;170;170;210;210;210;210;260;210;140;20;20,0.33,yes,
net revenue retention rate,retention rate,business,170,,0,15,informational,70;50;90;110;170;170;210;320;260;210;260;90,2.67,yes,
new product launch strategy,product strategy,product,170,4.44,0.2,17,informational,590;260;170;140;70;70;260;170;170;90;70;40,0.20,yes,
new product launching strategy,product strategy,product,170,4.44,0.2,20,informational,590;260;170;140;70;70;260;170;170;90;70;40,0.20,yes,
new product marketing strategy,product strategy,product,170,,0.11,4,informational,210;90;90;40;110;110;480;260;320;90;140;50,0.72,yes,
new product strategy in marketing,product strategy,product,170,,0.11,0,informational,210;90;90;40;110;110;480;260;320;90;140;50,0.72,yes,
new product strategy marketing,product strategy,product,170,,0.11,4,informational,210;90;90;40;110;110;480;260;320;90;140;50,0.72,yes,
nursing prioritization abc,prioritization,product,170,,0,0,informational,260;210;140;170;210;260;170;170;170;140;110;140,0.64,yes,
okr examples marketing,okr,business,170,,0.01,2,informational,170;90;140;140;170;170;260;260;260;70;40;70,0.45,yes,
okr marketing examples,okr,business,170,,0.01,2,informational,170;90;140;140;170;170;260;260;260;70;40;70,0.45,yes,
okr metric,okr,business,170,0.05,0.14,4,informational,210;170;140;170;170;210;320;170;170;140;110;90,0.65,yes,
okr metrics,okr,business,170,0.05,0.14,13,informational,210;170;140;170;170;210;320;170;170;140;110;90,0.65,yes,
okr process,okr,business,170,,0.21,28,informational,210;210;210;210;170;140;320;140;170;90;110;90,0.46,yes,
partial product strategy,product strategy,product,170,,0.02,0,informational,480;480;320;170;170;140;110;90;70;40;30;110,0.14,yes,
pricing strategy for hotel,pricing strategy,business,170,7.08,0.05,0,commercial,170;50;70;40;70;70;390;140;480;110;170;210,1.69,yes,
pricing strategy for hotel industry,pricing strategy,business,170,7.08,0.05,0,informational,170;50;70;40;70;70;390;140;480;110;170;210,1.69,yes,
pricing strategy for hotels,pricing strategy,business,170,7.08,0.05,4,commercial,170;50;70;40;70;70;390;140;480;110;170;210,1.69,yes,
pricing strategy for mcdonald's,pricing strategy,business,170,,0,0,commercial,170;140;1300;110;70;90;90;90;50;20;30;40,0.06,yes,
pricing strategy hotel,pricing strategy,business,170,7.08,0.05,9,commercial,170;50;70;40;70;70;390;140;480;110;170;210,1.69,yes,
pricing strategy hotel industry,pricing strategy,business,170,7.08,0.05,4,informational,170;50;70;40;70;70;390;140;480;110;170;210,1.69,yes,
pricing strategy hotels,pricing strategy,business,170,7.08,0.05,5,commercial,170;50;70;40;70;70;390;140;480;110;170;210,1.69,yes,
pricing strategy in hotel industry,pricing strategy,business,170,7.08,0.05,0,informational,170;50;70;40;70;70;390;140;480;110;170;210,1.69,yes,
pricing strategy mcdonald's,pricing strategy,business,170,,0,0,commercial,170;140;1300;110;70;90;90;90;50;20;30;40,0.06,yes,
pricing strategy methods,pricing strategy,business,170,,0.08,32,informational,390;210;260;170;110;170;170;320;170;70;70;70,0.24,yes,
prioritization skill,prioritization,product,170,,0.01,0,informational,590;170;140;110;170;110;90;110;90;70;70;90,0.26,yes,
prioritization skills,prioritization,product,170,,0.01,10,informational,590;170;140;110;170;110;90;110;90;70;70;90,0.26,yes,
product and service strategy example,product strategy,product,170,,0,1,informational,90;90;140;170;170;390;320;260;140;90;50;140,0.87,yes,
product backlog refinement is,product backlog,product,170,,0.02,7,informational,260;170;210;170;170;170;210;170;140;170;90;210,0.73,yes,
product diversification strategy,product strategy,product,170,,0,18,informational,260;320;210;140;140;210;210;210;140;70;70;90,0.29,yes,
product led growth strategy,product strategy,product,170,56.26,0.14,25,informational,320;90;90;90;90;140;260;140;110;260;320;40,1.24,yes,
product okr,okr,business,170,,0.04,2,navigational,260;170;140;110;210;210;260;260;140;170;110;110,0.68,yes,
product okr examples,okr,business,170,,0.03,0,navigational,70;70;170;140;210;210;320;260;170;70;50;90,0.68,yes,
product owner meaning,product owner,product,170,,0.03,6,informational,170;170;170;110;170;170;170;170;140;140;140;140,0.82,no,
product owner scrum alliance,product owner,product,170,4.83,0.44,38,navigational,170;170;140;170;210;170;260;170;110;170;140;110,0.88,yes,
product owner training,product owner,product,170,12.34,0.7,14,informational,480;170;140;140;170;170;140;110;110;90;140;90,0.41,yes,course
product prioritization framework,prioritization,product,170,9.94,0.35,13,informational,480;210;140;110;170;170;210;210;110;110;140;140,0.47,yes,
product roadmap slide,product roadmap,product,170,1.67,0.21,0,informational,260;260;210;170;210;260;210;170;170;110;110;110,0.45,yes,
product roadmap slides,product roadmap,product,170,1.67,0.21,2,informational,260;260;210;170;210;260;210;170;170;110;110;110,0.45,yes,
product service strategy example,product strategy,product,170,,0,3,informational,90;90;140;170;170;390;320;260;140;90;50;140,0.87,yes,
product-led growth strategy,product strategy,product,170,56.26,0.14,25,informational,320;90;90;90;90;140;260;140;110;260;320;40,1.24,yes,
product/service strategy example,product strategy,product,170,,0,3,informational,90;90;140;170;170;390;320;260;140;90;50;140,0.87,yes,
prototype usability testing,usability testing,design,170,,0.01,4,informational,140;170;170;110;170;170;260;260;210;140;140;140,0.88,yes,
respondent user interviews,user interviews,design,170,13.03,0.15,19,commercial,110;50;90;90;90;70;170;40;50;30;1300;50,5.52,yes,
rice framework for prioritization,prioritization,product,170,0.19,0.18,29,informational,210;210;210;260;260;210;90;110;210;140;140;110,0.62,yes,
risk prioritization,prioritization,product,170,4.53,0.05,0,informational,140;110;260;260;140;210;210;260;320;110;50;90,0.49,yes,
salesforce product owner jobs,product owner,product,170,,0.03,2,navigational,110;110;110;590;170;140;170;140;110;210;110;140,1.39,yes,brand
scrum alliance certification product owner,product owner,product,170,4.83,0.44,38,navigational,170;170;140;170;210;170;260;170;110;170;140;110,0.88,yes,jobs
scrum alliance certified product owner,product owner,product,170,4.83,0.44,43,navigational,170;170;140;170;210;170;260;170;110;170;140;110,0.88,yes,jobs
scrum alliance product owner,product owner,product,170,4.83,0.44,22,navigational,170;170;140;170;210;170;260;170;110;170;140;110,0.88,yes,
scrum alliance product owner certification,product owner,product,170,4.83,0.44,33,navigational,170;170;140;170;210;170;260;170;110;170;140;110,0.88,yes,jobs
senior product owner salaries,product owner,product,170,,0,0,informational,210;210;140;140;210;170;170;210;140;170;140;210,0.93,no,jobs
senior product owner salary,product owner,product,170,,0,0,informational,210;210;140;140;210;170;170;210;140;170;140;210,0.93,no,jobs
seo a b testing,a/b testing,business,170,,0.08,29,informational,210;140;50;30;70;90;260;260;480;110;210;40,0.90,yes,
seo a/b testing,a/b testing,business,170,,0.08,29,commercial,210;140;50;30;70;90;260;260;480;110;210;40,0.90,yes,
shopify a b testing,a/b testing,business,170,14.67,0.37,16,informational,210;170;90;170;170;140;260;210;210;170;210;140,1.11,yes,
shopify a/b testing,a/b testing,business,170,14.67,0.37,16,informational,210;170;90;170;170;140;260;210;210;170;210;140,1.11,yes,
sr product owner salary,product owner,product,170,,0,0,informational,210;210;140;140;210;170;170;210;140;170;140;210,0.93,no,jobs
strategy for launching a new product,product strategy,product,170,4.44,0.2,17,informational,590;260;170;140;70;70;260;170;170;90;70;40,0.20,yes,
strategy for new product launch,product strategy,product,170,4.44,0.2,17,informational,590;260;170;140;70;70;260;170;170;90;70;40,0.20,yes,
task prioritization matrix,prioritization,product,170,2.93,0.99,23,informational,210;140;170;170;170;170;170;260;140;140;110;110,0.69,yes,
tools of design thinking,design thinking,offmap,170,5.39,0.09,40,informational,590;140;140;140;140;140;170;140;140;70;110;90,0.31,yes,
training product owner,product owner,product,170,12.34,0.7,9,informational,480;170;140;140;170;170;140;110;110;90;140;90,0.41,yes,course
usability testing method,usability testing,design,170,6.48,0.07,16,informational,260;320;210;90;110;140;260;140;140;110;90;70,0.34,yes,
usability testing methodologies,usability testing,design,170,6.48,0.07,13,informational,260;320;210;90;110;140;260;140;140;110;90;70,0.34,yes,
usability testing methodology,usability testing,design,170,6.48,0.07,16,informational,260;320;210;90;110;140;260;140;140;110;90;70,0.34,yes,
usability testing methods,usability testing,design,170,6.48,0.07,15,informational,260;320;210;90;110;140;260;140;140;110;90;70,0.34,yes,
usability testing prototype,usability testing,design,170,,0.01,7,informational,140;170;170;110;170;170;260;260;210;140;140;140,0.88,yes,
usability testing prototypes,usability testing,design,170,,0.01,0,informational,140;170;170;110;170;170;260;260;210;140;140;140,0.88,yes,
usability testing techniques,usability testing,design,170,6.48,0.07,12,informational,260;320;210;90;110;140;260;140;140;110;90;70,0.34,yes,
ux research certification,ux research,design,170,11.06,0.7,12,informational,210;210;140;140;170;170;210;140;140;110;140;110,0.64,no,jobs
ux research job remote,ux research,design,170,1.68,0.09,0,informational,260;140;140;210;210;170;210;210;170;140;140;140,0.78,no,jobs
ux research jobs remote,ux research,design,170,1.68,0.09,0,informational,260;140;140;210;210;170;210;210;170;140;140;140,0.78,no,jobs
ux writing portfolio,ux writing,design,170,4.15,0.04,0,informational,320;260;140;140;170;170;170;210;170;110;90;320,0.72,yes,
ux writing portfolios,ux writing,design,170,4.15,0.04,0,informational,320;260;140;140;170;170;170;210;170;110;90;320,0.72,yes,
what are jobs to be done,jobs to be done,offmap,170,2.77,0.04,35,informational,210;210;110;140;170;210;210;210;140;110;140;140,0.74,no,jobs
what does okr mean in business,okr,business,170,0.05,0.18,51,informational,170;140;90;140;260;210;210;170;140;140;140;140,1.05,yes,
what is jobs to be done,jobs to be done,offmap,170,2.77,0.04,35,informational,210;210;110;140;170;210;210;210;140;110;140;140,0.74,no,jobs
what is product analytics,product analytics,business,170,9.92,0.02,3,informational,90;70;40;50;90;110;170;110;90;320;590;320,6.15,yes,
youtube a b testing,a/b testing,business,170,2.91,0.02,19,informational,140;170;90;320;260;210;210;210;170;170;140;140,1.12,yes,
youtube a/b testing,a/b testing,business,170,2.91,0.02,19,informational,140;170;90;320;260;210;210;210;170;170;140;140,1.12,yes,
a b testing platform,a/b testing,business,140,88.63,0.57,16,informational,140;140;140;70;140;140;390;140;140;110;90;90,0.69,yes,
a b testing platforms,a/b testing,business,140,88.63,0.57,16,informational,140;140;140;70;140;140;390;140;140;110;90;90,0.69,yes,
a b testing sample size calculator,a/b testing,business,140,23.76,0.18,43,informational,210;170;110;110;110;140;170;140;110;90;90;70,0.51,yes,
a b testing youtube,a/b testing,business,140,38.76,0.02,22,informational,50;70;50;170;170;170;140;140;140;140;140;170,2.65,yes,
a/b testing platform,a/b testing,business,140,88.63,0.57,37,informational,140;140;140;70;140;140;390;140;140;110;90;90,0.69,yes,
a/b testing platforms,a/b testing,business,140,88.63,0.57,16,informational,140;140;140;70;140;140;390;140;140;110;90;90,0.69,yes,
a/b testing sample size calculator,a/b testing,business,140,23.76,0.18,31,informational,210;170;110;110;110;140;170;140;110;90;90;70,0.51,yes,
a/b testing youtube,a/b testing,business,140,38.76,0.02,22,informational,50;70;50;170;170;170;140;140;140;140;140;170,2.65,yes,
agile methodology product backlog,product backlog,product,140,18.63,0.1,16,informational,590;140;90;70;90;140;210;140;110;70;40;40,0.18,yes,
agile product backlog,product backlog,product,140,18.63,0.1,34,informational,590;140;90;70;90;140;210;140;110;70;40;40,0.18,yes,
airline industry pricing strategy,pricing strategy,business,140,0.03,0.05,5,informational,590;110;210;140;140;90;90;90;70;70;70;50,0.21,yes,
airline pricing strategy,pricing strategy,business,140,0.03,0.05,8,informational,590;110;210;140;140;90;90;90;70;70;70;50,0.21,yes,
airlines pricing strategy,pricing strategy,business,140,0.03,0.05,12,informational,590;110;210;140;140;90;90;90;70;70;70;50,0.21,yes,
architecture information technology,information architecture,design,140,,0.03,1,informational,260;140;110;110;140;140;170;110;170;90;110;90,0.57,yes,
atlassian jira product discovery,product discovery,product,140,0.31,0.01,10,navigational,40;40;40;50;50;70;90;50;90;320;480;590,11.58,yes,brand
bundle pricing strategy,pricing strategy,business,140,,0.04,2,commercial,170;210;210;260;70;110;110;210;110;50;30;40,0.20,yes,
bundled pricing strategy,pricing strategy,business,140,,0.04,19,commercial,170;210;210;260;70;110;110;210;110;50;30;40,0.20,yes,
business pricing strategy,pricing strategy,business,140,8.28,0.12,40,informational,140;140;170;140;110;90;170;210;140;90;70;90,0.56,yes,
calculate employee retention rate,retention rate,business,140,7.97,0.17,9,informational,170;170;110;140;170;170;140;110;140;110;110;70,0.64,yes,
calculate retention rate employee,retention rate,business,140,4.94,0.21,14,informational,110;140;90;110;140;140;140;140;140;110;140;110,1.06,no,
calculate staff retention rate,retention rate,business,140,7.97,0.17,9,informational,170;170;110;140;170;170;140;110;140;110;110;70,0.64,yes,
calculating employee retention rate,retention rate,business,140,7.97,0.17,0,informational,170;170;110;140;170;170;140;110;140;110;110;70,0.64,yes,
checklist for usability testing,usability testing,design,140,,0,7,informational,30;40;110;140;170;170;260;260;320;90;50;70,1.17,yes,
consultant pricing strategy,pricing strategy,business,140,5.98,0.23,0,commercial,320;110;110;90;140;170;210;140;110;70;110;70,0.46,yes,
consultants pricing strategy,pricing strategy,business,140,5.98,0.23,0,commercial,320;110;110;90;140;170;210;140;110;70;110;70,0.46,yes,
consulting pricing strategy,pricing strategy,business,140,5.98,0.23,0,commercial,320;110;110;90;140;170;210;140;110;70;110;70,0.46,yes,
corporate pricing strategy,pricing strategy,business,140,8.28,0.12,40,commercial,140;140;170;140;110;90;170;210;140;90;70;90,0.56,yes,
cosmetic product labeling requirements,product requirements,product,140,3.99,0.17,21,informational,590;140;90;90;140;90;110;70;90;90;110;50,0.30,yes,
darwin information typing architecture,information architecture,design,140,,0.02,7,informational,480;110;110;90;90;110;140;110;70;70;70;70,0.30,yes,
darwin information typing architecture dita,information architecture,design,140,,0.02,7,informational,480;110;110;90;90;110;140;110;70;70;70;70,0.30,yes,
darwin information-typing architecture,information architecture,design,140,,0.02,7,informational,480;110;110;90;90;110;140;110;70;70;70;70,0.30,yes,
define information architecture,information architecture,design,140,,0.01,12,informational,170;140;140;140;110;170;170;170;140;110;110;110,0.73,no,
define product roadmap,product roadmap,product,140,,0.06,16,informational,590;140;90;70;140;90;140;70;70;50;50;110,0.26,yes,
defining product roadmap,product roadmap,product,140,,0.06,15,informational,590;140;90;70;140;90;140;70;70;50;50;110,0.26,yes,
definition of information architecture,information architecture,design,140,,0.01,27,informational,170;140;140;140;110;170;170;170;140;110;110;110,0.73,no,
design systems thinking,design thinking,offmap,140,8.81,0.2,16,informational,210;170;140;110;170;140;170;210;110;90;110;110,0.60,yes,
design thinking and education,design thinking,offmap,140,14,0.17,9,informational,260;140;140;110;140;140;170;140;140;140;90;90,0.59,yes,
design thinking and human-centered design,design thinking,offmap,140,3.29,0.23,6,commercial,260;210;140;140;140;140;140;140;110;140;90;90,0.52,yes,
design thinking example,design thinking,offmap,140,,0.05,28,informational,390;260;110;90;170;170;110;90;70;70;70;70,0.28,yes,
design thinking for educator,design thinking,offmap,140,14,0.17,22,informational,260;140;140;110;140;140;170;140;140;140;90;90,0.59,yes,
design thinking for educators,design thinking,offmap,140,14,0.17,9,informational,260;140;140;110;140;140;170;140;140;140;90;90,0.59,yes,
design thinking for innovation,design thinking,offmap,140,10.36,0.25,40,informational,320;170;140;110;140;110;140;110;90;110;90;90,0.46,yes,
design thinking human centered,design thinking,offmap,140,3.29,0.23,21,informational,260;210;140;140;140;140;140;140;110;140;90;90,0.52,yes,
design thinking in education,design thinking,offmap,140,14,0.17,21,informational,260;140;140;110;140;140;170;140;140;140;90;90,0.59,yes,
design thinking in innovation,design thinking,offmap,140,10.36,0.25,41,informational,320;170;140;110;140;110;140;110;90;110;90;90,0.46,yes,
design thinking innovation,design thinking,offmap,140,10.36,0.25,38,informational,320;170;140;110;140;110;140;110;90;110;90;90,0.46,yes,
design thinking phases,design thinking,offmap,140,3.23,0.16,56,informational,170;210;140;170;170;170;170;140;140;70;90;70,0.44,yes,
design thinking prototyping,design thinking,offmap,140,5.88,0.11,0,informational,390;170;110;70;110;140;170;90;110;50;90;70,0.31,yes,
design thinking stage,design thinking,offmap,140,3.23,0.16,56,informational,170;210;140;170;170;170;170;140;140;70;90;70,0.44,yes,
dita darwin information typing architecture,information architecture,design,140,,0.02,7,informational,480;110;110;90;90;110;140;110;70;70;70;70,0.30,yes,
donor retention rate,retention rate,business,140,,0.11,12,informational,260;210;110;110;170;110;170;90;90;70;70;40,0.31,yes,
examples of design thinking,design thinking,offmap,140,,0.05,28,informational,390;260;110;90;170;170;110;90;70;70;70;70,0.28,yes,
good ux writing,ux writing,design,140,,0,13,informational,20;50;210;260;260;210;210;260;260;70;10;20,0.36,yes,
harvard retention rate,retention rate,business,140,,0,24,informational,140;170;140;110;110;140;170;210;140;70;70;70,0.47,yes,
human centered design thinking,design thinking,offmap,140,3.29,0.23,19,informational,260;210;140;140;140;140;140;140;110;140;90;90,0.52,yes,
human centred design thinking,design thinking,offmap,140,3.29,0.23,27,informational,260;210;140;140;140;140;140;140;110;140;90;90,0.52,yes,
human-centered design design thinking,design thinking,offmap,140,3.29,0.23,21,informational,260;210;140;140;140;140;140;140;110;140;90;90,0.52,yes,
human-centered design thinking,design thinking,offmap,140,3.29,0.23,21,informational,260;210;140;140;140;140;140;140;110;140;90;90,0.52,yes,
human-centred design thinking,design thinking,offmap,140,3.29,0.23,23,informational,260;210;140;140;140;140;140;140;110;140;90;90,0.52,yes,
information architecture definition,information architecture,design,140,,0.01,27,informational,170;140;140;140;110;170;170;170;140;110;110;110,0.73,no,
information architecture meaning,information architecture,design,140,,0.01,13,informational,170;140;140;140;110;170;170;170;140;110;110;110,0.73,no,
information technology architecture,information architecture,design,140,,0.03,3,informational,260;140;110;110;140;140;170;110;170;90;110;90,0.57,yes,
innovation design thinking,design thinking,offmap,140,10.36,0.25,40,informational,320;170;140;110;140;110;140;110;90;110;90;90,0.46,yes,
innovative design thinking,design thinking,offmap,140,10.36,0.25,40,informational,320;170;140;110;140;110;140;110;90;110;90;90,0.46,yes,
interaction design foundation design thinking,design thinking,offmap,140,,0.03,5,navigational,10;10;10;10;10;10;10;10;10;260;1000;170,47.67,yes,
is prioritization a word,prioritization,product,140,,0,10,informational,90;140;140;110;140;140;170;170;140;110;90;110,0.84,no,
jobs to be done book,jobs to be done,offmap,140,1.14,0.84,30,informational,170;170;170;140;170;140;170;170;110;110;110;140,0.71,no,jobs
jobs to be done books,jobs to be done,offmap,140,1.14,0.84,30,informational,170;170;170;140;170;140;170;170;110;110;110;140,0.71,no,jobs
jobs-to be done book,jobs to be done,offmap,140,1.14,0.84,30,informational,170;170;170;140;170;140;170;170;110;110;110;140,0.71,no,jobs
jobs-to be done books,jobs to be done,offmap,140,1.14,0.84,30,informational,170;170;170;140;170;140;170;170;110;110;110;140,0.71,no,jobs
kpi okr,okr,business,140,0.24,0.19,18,informational,210;140;110;110;170;140;170;110;110;110;110;90,0.67,yes,
levels of prioritization,prioritization,product,140,,0,0,informational,50;50;110;170;170;170;170;320;320;50;30;90,0.81,yes,
list the correct order of the design thinking process,design thinking,offmap,140,,0,52,informational,480;260;170;110;260;170;70;50;10;0;0;50,0.05,yes,
maze usability testing,usability testing,design,140,19.09,0.53,7,informational,110;110;90;70;90;110;260;320;140;70;70;70,0.68,yes,brand
okr for project manager,okr,business,140,0.03,0.15,1,informational,320;140;110;90;140;110;260;110;140;70;90;90,0.44,yes,
okr methodology,okr,business,140,2.01,0.19,58,informational,260;170;110;110;210;140;260;70;90;90;90;90,0.50,yes,
okr project management,okr,business,140,0.03,0.15,1,informational,320;140;110;90;140;110;260;110;140;70;90;90,0.44,yes,
okr system,okr,business,140,39.6,0.47,58,informational,260;140;140;110;110;90;260;140;140;90;140;90,0.59,yes,
okr systems,okr,business,140,39.6,0.47,29,navigational,260;140;140;110;110;90;260;140;140;90;140;90,0.59,yes,
okr tracker template,okr,business,140,11.93,0.24,1,navigational,320;110;90;90;170;140;260;110;110;70;70;10,0.29,yes,
okr tracking template,okr,business,140,11.93,0.24,10,navigational,320;110;90;90;170;140;260;110;110;70;70;10,0.29,yes,
phases of design thinking,design thinking,offmap,140,3.23,0.16,53,informational,170;210;140;170;170;170;170;140;140;70;90;70,0.44,yes,
powerpoint product roadmap template,product roadmap,product,140,6.22,0.15,0,informational,390;210;140;110;170;110;140;110;90;90;50;50,0.26,yes,
powerpoint template product roadmap,product roadmap,product,140,6.22,0.15,0,informational,390;210;140;110;170;110;140;110;90;90;50;50,0.26,yes,
pricing bundle strategy,pricing strategy,business,140,,0.04,19,commercial,170;210;210;260;70;110;110;210;110;50;30;40,0.20,yes,
pricing strategy airline industry,pricing strategy,business,140,0.03,0.05,6,informational,590;110;210;140;140;90;90;90;70;70;70;50,0.21,yes,
pricing strategy airlines,pricing strategy,business,140,0.03,0.05,8,commercial,590;110;210;140;140;90;90;90;70;70;70;50,0.21,yes,
pricing strategy bundling,pricing strategy,business,140,,0.04,19,commercial,170;210;210;260;70;110;110;210;110;50;30;40,0.20,yes,
pricing strategy business,pricing strategy,business,140,8.28,0.12,21,informational,140;140;170;140;110;90;170;210;140;90;70;90,0.56,yes,
pricing strategy consultant,pricing strategy,business,140,5.98,0.23,0,commercial,320;110;110;90;140;170;210;140;110;70;110;70,0.46,yes,
pricing strategy consultants,pricing strategy,business,140,5.98,0.23,0,commercial,320;110;110;90;140;170;210;140;110;70;110;70,0.46,yes,
pricing strategy consulting,pricing strategy,business,140,5.98,0.23,0,commercial,320;110;110;90;140;170;210;140;110;70;110;70,0.46,yes,
pricing strategy consulting services,pricing strategy,business,140,5.98,0.23,0,commercial,320;110;110;90;140;170;210;140;110;70;110;70,0.46,yes,
pricing strategy for airline industry,pricing strategy,business,140,0.03,0.05,12,informational,590;110;210;140;140;90;90;90;70;70;70;50,0.21,yes,
pricing strategy for airlines,pricing strategy,business,140,0.03,0.05,8,informational,590;110;210;140;140;90;90;90;70;70;70;50,0.21,yes,
pricing strategy for business,pricing strategy,business,140,8.28,0.12,40,informational,140;140;170;140;110;90;170;210;140;90;70;90,0.56,yes,
pricing strategy for consulting services,pricing strategy,business,140,5.98,0.23,0,commercial,320;110;110;90;140;170;210;140;110;70;110;70,0.46,yes,
pricing strategy in business,pricing strategy,business,140,8.28,0.12,39,informational,140;140;170;140;110;90;170;210;140;90;70;90,0.56,yes,
prioritization grid,prioritization,product,140,,0.06,27,informational,210;210;170;140;170;170;170;140;110;110;70;90,0.46,yes,
prioritization levels,prioritization,product,140,,0,0,informational,50;50;110;170;170;170;170;320;320;50;30;90,0.81,yes,
prioritization strategies,prioritization,product,140,1.14,0.04,10,informational,480;170;110;110;170;140;140;110;140;70;70;110,0.33,yes,
prioritization strategy,prioritization,product,140,1.14,0.04,1,informational,480;170;110;110;170;140;140;110;140;70;70;110,0.33,yes,
prioritization tool,prioritization,product,140,6.74,0.14,5,informational,480;140;110;70;170;110;140;110;70;90;110;170,0.51,yes,
prioritization tools,prioritization,product,140,6.74,0.14,5,informational,480;140;110;70;170;110;140;110;70;90;110;170,0.51,yes,
product analytics software,product analytics,business,140,41.46,0.24,28,commercial,260;110;90;210;110;90;210;110;140;90;90;50,0.50,yes,
product backlog agile,product backlog,product,140,18.63,0.1,15,informational,590;140;90;70;90;140;210;140;110;70;40;40,0.18,yes,
product backlog in agile,product backlog,product,140,18.63,0.1,12,informational,590;140;90;70;90;140;210;140;110;70;40;40,0.18,yes,
product backlog in agile methodology,product backlog,product,140,18.63,0.1,15,informational,590;140;90;70;90;140;210;140;110;70;40;40,0.18,yes,
product bundle pricing strategy,product strategy;pricing strategy,product;business,140,,0.04,19,commercial,170;210;210;260;70;110;110;210;110;50;30;40,0.20,yes,
product bundling pricing strategy,product strategy;pricing strategy,product;business,140,,0.04,19,commercial,170;210;210;260;70;110;110;210;110;50;30;40,0.20,yes,
product discovery service,product discovery,product,140,,0,5,navigational,1000;90;50;70;30;30;110;30;70;40;30;20,0.08,yes,
product discovery services,product discovery,product,140,,0,4,commercial,1000;90;50;70;30;30;110;30;70;40;30;20,0.08,yes,
product management building a product roadmap,product roadmap,product,140,,0.71,19,informational,390;260;140;170;10;40;70;170;90;70;70;10,0.19,yes,
product management: building a product roadmap,product roadmap,product,140,,0.71,19,informational,390;260;140;170;10;40;70;170;90;70;70;10,0.19,yes,
product metrics,product metrics,business,140,16.61,0.22,0,informational,170;170;170;110;140;140;320;110;110;110;90;70,0.53,yes,
product mix strategy,product strategy,product,140,,0.06,0,informational,90;260;210;170;110;140;320;170;110;30;10;20,0.11,yes,
product requirements document software,product requirements,product,140,28.75,0.1,36,transactional,140;140;110;90;140;170;170;170;170;140;140;140,1.08,no,
product roadmap definition,product roadmap,product,140,,0.06,16,informational,590;140;90;70;140;90;140;70;70;50;50;110,0.26,yes,
product roadmap meaning,product roadmap,product,140,,0.06,15,informational,590;140;90;70;140;90;140;70;70;50;50;110,0.26,yes,
product roadmap powerpoint template,product roadmap,product,140,6.22,0.15,0,informational,390;210;140;110;170;110;140;110;90;90;50;50,0.26,yes,
product roadmap ppt template,product roadmap,product,140,6.22,0.15,0,informational,390;210;140;110;170;110;140;110;90;90;50;50,0.26,yes,
product roadmap template powerpoint,product roadmap,product,140,6.22,0.15,0,informational,390;210;140;110;170;110;140;110;90;90;50;50,0.26,yes,
product roadmap template ppt,product roadmap,product,140,6.22,0.15,2,informational,390;210;140;110;170;110;140;110;90;90;50;50,0.26,yes,
product roadmap templates powerpoint,product roadmap,product,140,6.22,0.15,0,informational,390;210;140;110;170;110;140;110;90;90;50;50,0.26,yes,
prototypage design thinking,design thinking,offmap,140,5.88,0.11,9,informational,390;170;110;70;110;140;170;90;110;50;90;70,0.31,yes,
prototype in design thinking,design thinking,offmap,140,5.88,0.11,16,informational,390;170;110;70;110;140;170;90;110;50;90;70,0.31,yes,
prototypes in design thinking,design thinking,offmap,140,5.88,0.11,6,informational,390;170;110;70;110;140;170;90;110;50;90;70,0.31,yes,
prototyping design thinking,design thinking,offmap,140,5.88,0.11,0,informational,390;170;110;70;110;140;170;90;110;50;90;70,0.31,yes,
retention rate calculator,retention rate,business,140,7.97,0.17,9,informational,170;170;110;140;170;170;140;110;140;110;110;70,0.64,yes,
retention rate employee formula,retention rate,business,140,4.94,0.21,14,informational,110;140;90;110;140;140;140;140;140;110;140;110,1.06,no,
retention rate of teachers,retention rate,business,140,8.93,0.02,22,informational,170;170;140;140;110;140;170;170;140;110;110;90,0.65,no,
self prioritization,prioritization,product,140,,0,1,informational,170;170;140;140;260;170;110;140;140;70;90;110,0.56,yes,
self-prioritization,prioritization,product,140,,0,0,informational,170;170;140;140;260;170;110;140;140;70;90;110,0.56,yes,
shadow health prioritization and introduction to leadership,prioritization,product,140,,0,0,informational,390;90;40;10;480;90;50;30;390;90;40;40,0.33,yes,
staff retention rate formula,retention rate,business,140,4.94,0.21,14,informational,110;140;90;110;140;140;140;140;140;110;140;110,1.06,no,
stage design thinking,design thinking,offmap,140,3.23,0.16,27,informational,170;210;140;170;170;170;170;140;140;70;90;70,0.44,yes,
strategic prioritization,prioritization,product,140,1.14,0.04,0,informational,480;170;110;110;170;140;140;110;140;70;70;110,0.33,yes,
strategy prioritization,prioritization,product,140,1.14,0.04,3,informational,480;170;110;110;170;140;140;110;140;70;70;110,0.33,yes,
systems and design thinking,design thinking,offmap,140,8.81,0.2,14,informational,210;170;140;110;170;140;170;210;110;90;110;110,0.60,yes,
systems thinking design,design thinking,offmap,140,8.81,0.2,14,informational,210;170;140;110;170;140;170;210;110;90;110;110,0.60,yes,
systems thinking in design,design thinking,offmap,140,8.81,0.2,14,informational,210;170;140;110;170;140;170;210;110;90;110;110,0.60,yes,
teacher retention rate,retention rate,business,140,8.93,0.02,22,informational,170;170;140;140;110;140;170;170;140;110;110;90,0.65,no,
the design thinking process,design thinking,offmap,140,5.64,0.13,54,informational,320;210;140;170;170;170;170;140;90;40;40;90,0.25,yes,
the process of design thinking,design thinking,offmap,140,5.64,0.13,29,informational,320;210;140;170;170;170;170;140;90;40;40;90,0.25,yes,
the strategy and tactics of pricing,pricing strategy,business,140,2.55,1,0,informational,110;110;90;110;170;140;320;320;110;110;140;90,1.10,yes,
the strategy and tactics of pricing nagle,pricing strategy,business,140,2.55,1,0,informational,110;110;90;110;170;140;320;320;110;110;140;90,1.10,yes,
usability testing checklist,usability testing,design,140,,0,7,informational,30;40;110;140;170;170;260;260;320;90;50;70,1.17,yes,
usability testing metrics,usability testing,design,140,,0.04,6,informational,260;260;210;90;110;90;140;110;110;50;70;40,0.22,yes,
user interviews questions,user interviews,design,140,,0,23,informational,260;110;110;90;140;170;170;170;170;110;50;110,0.56,yes,
ux research boot camp,ux research,design,140,5.09,0.3,0,navigational,210;140;140;110;170;210;260;110;140;90;110;90,0.59,yes,
ux research bootcamp,ux research,design,140,5.09,0.3,0,navigational,210;140;140;110;170;210;260;110;140;90;110;90,0.59,yes,course
ux research bootcamps,ux research,design,140,5.09,0.3,0,navigational,210;140;140;110;170;210;260;110;140;90;110;90,0.59,yes,
ux research survey,ux research,design,140,,0.02,26,informational,590;210;110;90;110;110;170;110;50;40;40;30,0.12,yes,
ux research surveys,ux research,design,140,,0.02,26,informational,590;210;110;90;110;110;170;110;50;40;40;30,0.12,yes,
ux writing sample,ux writing,design,140,,0,0,informational,210;170;170;140;140;170;140;170;140;70;50;110,0.42,yes,
ux writing samples,ux writing,design,140,,0,0,informational,210;170;170;140;140;170;140;170;140;70;50;110,0.42,yes,
vulnerability prioritization,prioritization,product,140,53.06,0.36,0,informational,390;110;110;70;90;90;320;110;140;50;140;90,0.46,yes,
what is a b testing in youtube,a/b testing,business,140,,0,15,informational,10;10;20;260;260;170;170;170;170;140;140;140,10.50,yes,
what is a/b testing in youtube,a/b testing,business,140,,0,15,informational,10;10;20;260;260;170;170;170;170;140;140;140,10.50,yes,
what is information security architecture,information architecture,design,140,,0.02,14,informational,210;210;170;90;140;140;140;170;170;110;140;140,0.66,yes,
what is the retention rate of colleges,retention rate,business,140,,0,21,informational,140;170;140;110;110;170;170;170;90;70;50;90,0.47,yes,
what is user interviews,user interviews,design,140,12.83,0.01,19,informational,90;110;140;90;110;70;140;140;140;170;170;210,1.62,yes,
a b testing email,a/b testing,business,110,,0.13,38,informational,70;110;40;70;70;110;320;70;140;90;90;30,0.95,yes,
a b testing emails,a/b testing,business,110,,0.13,38,informational,70;110;40;70;70;110;320;70;140;90;90;30,0.95,yes,
a b testing hypotheses,a/b testing,business,110,,0.01,27,informational,50;50;90;110;110;140;170;140;170;70;70;70,1.11,yes,
a b testing on a website,a/b testing,business,110,40.59,0.36,58,informational,110;110;70;50;70;70;320;110;110;50;90;50,0.66,yes,
a b testing website,a/b testing,business,110,40.59,0.36,58,informational,110;110;70;50;70;70;320;110;110;50;90;50,0.66,yes,
a b website testing,a/b testing,business,110,40.59,0.36,58,informational,110;110;70;50;70;70;320;110;110;50;90;50,0.66,yes,
a/b email testing,a/b testing,business,110,,0.13,40,informational,70;110;40;70;70;110;320;70;140;90;90;30,0.95,yes,
a/b testing emails,a/b testing,business,110,,0.13,38,informational,70;110;40;70;70;110;320;70;140;90;90;30,0.95,yes,
a/b testing hypothesis,a/b testing,business,110,,0.01,56,informational,50;50;90;110;110;140;170;140;170;70;70;70,1.11,yes,
a/b testing website,a/b testing,business,110,40.59,0.36,58,informational,110;110;70;50;70;70;320;110;110;50;90;50,0.66,yes,
agile okr,okr,business,110,,0.11,6,informational,390;110;90;50;90;70;210;90;90;50;50;30,0.22,yes,
analytics for product managers,product analytics,business,110,28.38,0.1,8,informational,390;90;90;40;90;110;170;70;70;50;110;90,0.44,yes,
analytics product management,product analytics,business,110,28.38,0.1,8,commercial,390;90;90;40;90;110;170;70;70;50;110;90,0.44,yes,
analytics product manager,product analytics,business,110,28.38,0.1,8,commercial,390;90;90;40;90;110;170;70;70;50;110;90,0.44,yes,
apple company pricing strategy,pricing strategy,business,110,,0,0,informational,170;170;140;90;90;140;140;110;90;30;40;50,0.25,yes,
apple inc pricing strategy,pricing strategy,business,110,,0,0,informational,170;170;140;90;90;140;140;110;90;30;40;50,0.25,yes,
architecture plus information,information architecture,design,110,,0.01,15,navigational,260;170;140;90;110;90;110;110;90;90;90;70,0.44,yes,
build a product roadmap,product roadmap,product,110,16.37,0.31,15,informational,590;90;50;40;90;50;140;110;70;50;30;30,0.15,yes,
build product roadmap,product roadmap,product,110,16.37,0.31,15,informational,590;90;50;40;90;50;140;110;70;50;30;30,0.15,yes,
building a product roadmap,product roadmap,product,110,16.37,0.31,11,informational,590;90;50;40;90;50;140;110;70;50;30;30,0.15,yes,
building product roadmap,product roadmap,product,110,16.37,0.31,15,informational,590;90;50;40;90;50;140;110;70;50;30;30,0.15,yes,
churn rate vs retention rate,retention rate,business,110,,0.02,0,informational,210;110;70;70;90;110;170;90;90;140;170;140,1.15,yes,
create a product roadmap,product roadmap,product,110,3.43,0.44,30,informational,590;110;50;40;90;90;90;110;70;90;30;20,0.19,yes,
create product roadmap,product roadmap,product,110,3.43,0.44,30,informational,590;110;50;40;90;90;90;110;70;90;30;20,0.19,yes,
creating a product roadmap,product roadmap,product,110,3.43,0.44,30,informational,590;110;50;40;90;90;90;110;70;90;30;20,0.19,yes,
creating product roadmap,product roadmap,product,110,3.43,0.44,14,informational,590;110;50;40;90;90;90;110;70;90;30;20,0.19,yes,
customer retention rate crr,retention rate,business,110,,0,27,informational,140;30;20;20;40;10;20;20;30;70;480;590,6.00,yes,
data scientist product analytics meta,product analytics,business,110,,0,0,commercial,210;260;110;110;110;140;70;50;20;50;40;50,0.24,yes,
define product backlog,product backlog,product,110,,0,28,informational,320;140;110;70;90;140;110;90;90;70;40;70,0.32,yes,
define usability testing,usability testing,design,110,,0.02,28,informational,170;110;140;90;140;140;170;110;110;50;40;50,0.33,yes,
definition of product backlog,product backlog,product,110,,0,15,informational,320;140;110;70;90;140;110;90;90;70;40;70,0.32,yes,
definition of usability testing,usability testing,design,110,,0.02,34,informational,170;110;140;90;140;140;170;110;110;50;40;50,0.33,yes,
definition product backlog,product backlog,product,110,,0,28,informational,320;140;110;70;90;140;110;90;90;70;40;70,0.32,yes,
definition usability testing,usability testing,design,110,,0.02,21,informational,170;110;140;90;140;140;170;110;110;50;40;50,0.33,yes,
dr sharon nclex prioritization,prioritization,product,110,6.83,0.04,0,commercial,50;70;70;90;170;110;110;70;110;210;140;90,2.32,yes,
email a b testing,a/b testing,business,110,,0.13,38,informational,70;110;40;70;70;110;320;70;140;90;90;30,0.95,yes,
email a/b testing,a/b testing,business,110,,0.13,40,informational,70;110;40;70;70;110;320;70;140;90;90;30,0.95,yes,
employee retention rate calculation,retention rate,business,110,2.21,0.05,14,informational,70;70;110;140;110;140;140;140;110;70;50;70,0.76,yes,
feature prioritization,prioritization,product,110,,0.04,12,informational,260;110;70;70;110;110;170;140;140;70;50;40,0.36,yes,
features prioritization,prioritization,product,110,,0.04,13,informational,260;110;70;70;110;110;170;140;140;70;50;40,0.36,yes,
free product roadmap template,product roadmap,product,110,9.04,0.11,2,informational,260;90;50;20;70;70;210;170;110;140;90;50,0.70,yes,
free product roadmap templates,product roadmap,product,110,9.04,0.11,11,informational,260;90;50;20;70;70;210;170;110;140;90;50,0.70,yes,
freshman retention rate,retention rate,business,110,,0,19,informational,110;110;90;70;70;70;140;90;110;90;90;210,1.26,yes,
good okr examples,okr,business,110,,0.02,1,informational,70;70;90;140;140;110;140;170;140;50;40;90,0.78,yes,
gross retention rate,retention rate,business,110,,0,0,informational,170;140;110;70;170;140;110;90;90;70;70;70,0.50,yes,
high retention rate meaning,retention rate,business,110,,0,26,informational,170;170;110;140;110;140;90;140;70;90;90;110,0.64,yes,
how to conduct usability testing,usability testing,design,110,,0.05,34,informational,170;210;170;110;110;50;90;70;30;70;260;110,0.80,yes,
how to do usability testing,usability testing,design,110,,0.05,32,informational,170;210;170;110;110;50;90;70;30;70;260;110,0.80,yes,
information architecture salary,information architecture,design,110,,0,0,informational,170;170;140;110;140;110;110;110;110;90;70;110,0.56,yes,jobs
information security architecture diagram,information architecture,design,110,10.12,0.16,16,informational,110;110;90;140;70;110;110;140;90;90;70;90,0.81,no,
jane street strategy and product reddit,product strategy,product,110,,0,6,navigational,170;170;110;140;70;110;70;30;50;50;90;140,0.62,yes,
jira product backlog,product backlog,product,110,12.44,0.08,6,informational,210;40;40;40;50;210;70;210;140;140;260;40,1.52,yes,brand
jira product discovery free plan,product discovery,product,110,0.4,0,12,commercial,50;110;70;20;20;70;90;210;70;170;140;210,2.26,yes,brand
lattice okr,okr,business,110,39.14,0.34,1,informational,170;170;170;170;170;110;50;50;50;40;70;50,0.31,yes,
mark k prioritization lecture,prioritization,product,110,,0.01,0,commercial,90;70;50;210;210;90;110;110;140;210;70;20,1.43,yes,
measure what matters okr,okr,business,110,0.31,0.23,18,informational,320;110;70;90;140;90;90;70;70;70;70;40,0.36,yes,
measure what matters: okr,okr,business,110,0.31,0.23,21,informational,320;110;70;90;140;90;90;70;70;70;70;40,0.36,yes,
meta data scientist product analytics,product analytics,business,110,,0.01,10,commercial,170;320;210;110;110;140;110;70;30;70;50;50,0.24,yes,
mobile app usability testing,usability testing,design,110,18.96,0.19,5,informational,210;210;170;110;90;70;210;110;90;50;90;10,0.25,yes,
mobile application usability testing,usability testing,design,110,18.96,0.19,6,informational,210;210;170;110;90;70;210;110;90;50;90;10,0.25,yes,
okr abbreviation,okr,business,110,0.03,0.07,58,informational,210;140;90;90;110;110;110;90;70;70;50;70,0.43,yes,
okr agile,okr,business,110,,0.11,6,informational,390;110;90;50;90;70;210;90;90;50;50;30,0.22,yes,
okr app,okr,business,110,38.96,0.26,24,navigational,590;70;50;30;50;90;140;70;110;20;50;30,0.14,yes,
okr application,okr,business,110,38.96,0.26,24,navigational,590;70;50;30;50;90;140;70;110;20;50;30,0.14,yes,
okr apps,okr,business,110,38.96,0.26,24,navigational,590;70;50;30;50;90;140;70;110;20;50;30,0.14,yes,
okr at google,okr,business,110,,0.08,9,navigational,140;110;110;140;140;110;110;90;90;110;90;70,0.75,no,brand
okr canvas,okr,business,110,41.52,0.02,0,informational,20;30;70;110;110;170;170;170;210;70;40;90,1.67,yes,
okr examples sales,okr,business,110,,0,0,informational,40;50;90;110;90;140;140;210;140;90;40;70,1.11,yes,
okr excel template,okr,business,110,7.56,0.55,5,informational,590;110;90;90;140;90;110;90;70;50;70;20,0.18,yes,brand
okr google,okr,business,110,,0.08,25,navigational,140;110;110;140;140;110;110;90;90;110;90;70,0.75,no,brand
okr google sheet template,okr,business,110,34.06,0.26,2,informational,260;90;110;110;140;110;170;90;70;30;50;30,0.24,yes,brand
okr google sheets template,okr,business,110,34.06,0.26,14,navigational,260;90;110;110;140;110;170;90;70;30;50;30,0.24,yes,brand
okr management,okr,business,110,7.89,0.4,49,navigational,140;110;70;70;110;140;260;90;140;70;50;40,0.50,yes,
okr model,okr,business,110,0.06,0.16,33,informational,260;110;110;70;170;110;170;70;70;70;70;40,0.38,yes,
okr models,okr,business,110,0.06,0.16,33,navigational,260;110;110;70;170;110;170;70;70;70;70;40,0.38,yes,
okr objective and key results,okr,business,110,0.35,0.17,56,informational,110;140;110;140;170;170;170;170;70;50;50;30,0.36,yes,
okr objectives and key results,okr,business,110,0.35,0.17,34,informational,110;140;110;140;170;170;170;170;70;50;50;30,0.36,yes,
okr platform,okr,business,110,48.07,0.48,28,informational,390;110;50;50;90;70;260;70;70;70;90;40,0.36,yes,
okr platforms,okr,business,110,48.07,0.48,16,informational,390;110;50;50;90;70;260;70;70;70;90;40,0.36,yes,
okr template excel,okr,business,110,7.56,0.55,3,informational,590;110;90;90;140;90;110;90;70;50;70;20,0.18,yes,brand
okr template google sheet,okr,business,110,34.06,0.26,14,informational,260;90;110;110;140;110;170;90;70;30;50;30,0.24,yes,brand
okr template google sheets,okr,business,110,34.06,0.26,14,informational,260;90;110;110;140;110;170;90;70;30;50;30,0.24,yes,brand
okr template xls,okr,business,110,7.56,0.55,5,informational,590;110;90;90;140;90;110;90;70;50;70;20,0.18,yes,
okr templates excel,okr,business,110,7.56,0.55,5,informational,590;110;90;90;140;90;110;90;70;50;70;20,0.18,yes,brand
okr tool,okr,business,110,67.07,0.45,28,informational,320;140;70;70;90;110;210;140;110;70;50;30,0.28,yes,
okr tracking software,okr,business,110,57.33,0.45,19,transactional,320;110;110;70;110;90;320;70;140;50;50;40,0.26,yes,
okr vs smart goals,okr,business,110,0.89,0.06,0,informational,140;110;110;110;140;110;170;90;90;70;90;50,0.58,yes,
online usability testing,usability testing,design,110,7.87,0.25,43,informational,110;90;90;90;110;110;260;140;140;70;110;90,0.93,yes,
pricing strategy cost based,pricing strategy,business,110,,0.01,22,informational,320;170;170;140;70;50;140;170;110;20;30;20,0.11,yes,
pricing strategy in b2b,pricing strategy,business,110,,0.12,0,informational,590;110;90;70;70;90;110;90;70;30;40;30,0.13,yes,
pricing strategy of starbucks,pricing strategy,business,110,,0,0,informational,170;210;170;140;70;110;170;140;110;40;30;70,0.25,yes,
pricing strategy starbucks,pricing strategy,business,110,,0,0,informational,170;210;170;140;70;110;170;140;110;40;30;70,0.25,yes,
prioritization examples,prioritization,product,110,,0.01,16,informational,320;140;110;90;140;110;110;50;40;20;20;110,0.26,yes,
prioritization icon,prioritization,product,110,,0,0,informational,170;140;110;90;140;110;110;90;110;90;70;90,0.60,yes,
prioritization image,prioritization,product,110,,0,0,informational,170;140;140;90;210;110;110;90;70;50;50;90,0.42,yes,
prioritization images,prioritization,product,110,,0,0,informational,170;140;140;90;210;110;110;90;70;50;50;90,0.42,yes,
product backlog and user stories,product backlog,product,110,,0,15,informational,30;70;140;210;170;170;170;210;110;40;20;40,0.42,yes,
product backlog definition,product backlog,product,110,,0,28,informational,320;140;110;70;90;140;110;90;90;70;40;70,0.32,yes,
product backlog in jira,product backlog,product,110,12.44,0.08,3,informational,210;40;40;40;50;210;70;210;140;140;260;40,1.52,yes,brand
product backlog in scrum,product backlog,product,110,1.05,0.08,28,informational,390;140;110;50;110;110;110;90;70;50;50;30,0.20,yes,
product backlog item,product backlog,product,110,,0.02,24,informational,260;140;90;90;90;110;90;110;70;70;70;50,0.39,yes,
product backlog items,product backlog,product,110,,0.02,16,informational,260;140;90;90;90;110;90;110;70;70;70;50,0.39,yes,
product backlog jira,product backlog,product,110,12.44,0.08,7,informational,210;40;40;40;50;210;70;210;140;140;260;40,1.52,yes,brand
product backlog meaning,product backlog,product,110,,0,35,informational,320;140;110;70;90;140;110;90;90;70;40;70,0.32,yes,
product backlog means,product backlog,product,110,,0,35,informational,320;140;110;70;90;140;110;90;90;70;40;70,0.32,yes,
product backlog scrum,product backlog,product,110,1.05,0.08,28,informational,390;140;110;50;110;110;110;90;70;50;50;30,0.20,yes,
product backlog user stories,product backlog,product,110,,0,8,informational,30;70;140;210;170;170;170;210;110;40;20;40,0.42,yes,
product backlog user story,product backlog,product,110,,0,13,informational,30;70;140;210;170;170;170;210;110;40;20;40,0.42,yes,
product discovery process,product discovery,product,110,11.86,0.32,3,informational,390;110;50;110;90;70;170;70;50;70;50;50,0.31,yes,
product management analytics,product analytics,business,110,28.38,0.1,8,informational,390;90;90;40;90;110;170;70;70;50;110;90,0.44,yes,
product manager analytics,product analytics,business,110,28.38,0.1,8,navigational,390;90;90;40;90;110;170;70;70;50;110;90,0.44,yes,
product requirements document ai,product requirements,product,110,7.76,0.34,12,informational,140;140;110;90;140;140;170;110;90;90;90;70,0.64,yes,
product roadmap and strategy,product strategy;product roadmap,product,110,39.76,0.39,2,informational,390;140;90;40;110;70;140;90;110;70;30;20,0.19,yes,
product roadmap building,product roadmap,product,110,16.37,0.31,15,informational,590;90;50;40;90;50;140;110;70;50;30;30,0.15,yes,
product roadmap creation,product roadmap,product,110,3.43,0.44,30,informational,590;110;50;40;90;90;90;110;70;90;30;20,0.19,yes,
product roadmap free template,product roadmap,product,110,9.04,0.11,15,informational,260;90;50;20;70;70;210;170;110;140;90;50,0.70,yes,
product roadmap strategy,product strategy;product roadmap,product,110,39.76,0.39,2,informational,390;140;90;40;110;70;140;90;110;70;30;20,0.19,yes,
product roadmap template free,product roadmap,product,110,9.04,0.11,15,informational,260;90;50;20;70;70;210;170;110;140;90;50,0.70,yes,
product strategy and roadmap,product strategy;product roadmap,product,110,39.76,0.39,3,informational,390;140;90;40;110;70;140;90;110;70;30;20,0.19,yes,
product strategy and roadmapping,product strategy,product,110,39.76,0.39,0,commercial,390;140;90;40;110;70;140;90;110;70;30;20,0.19,yes,
product strategy consultant,product strategy,product,110,18.9,0.11,0,navigational,170;110;90;70;70;70;210;140;90;110;90;90,0.78,yes,
product strategy consultants,product strategy,product,110,18.9,0.11,0,navigational,170;110;90;70;70;70;210;140;90;110;90;90,0.78,yes,
product strategy consulting,product strategy,product,110,18.9,0.11,10,navigational,170;110;90;70;70;70;210;140;90;110;90;90,0.78,yes,
product strategy roadmap,product strategy;product roadmap,product,110,39.76,0.39,3,informational,390;140;90;40;110;70;140;90;110;70;30;20,0.19,yes,
project management stakeholder analysis,stakeholder management,product,110,,0.06,24,informational,140;110;90;70;140;110;110;110;110;140;70;70,0.82,no,
project management stakeholder map,stakeholder management,product,110,,0.06,26,informational,140;110;90;70;140;110;110;110;110;140;70;70,0.82,no,
project management stakeholder mapping,stakeholder management,product,110,,0.06,13,informational,140;110;90;70;140;110;110;110;110;140;70;70,0.82,no,
project management stakeholder matrix,stakeholder management,product,110,,0.06,16,informational,140;110;90;70;140;110;110;110;110;140;70;70,0.82,no,
remote ux research jobs,ux research,design,110,3.11,0.09,0,informational,110;90;90;110;170;140;170;140;110;70;140;110,1.10,yes,jobs
retention rate vs churn rate,retention rate,business,110,,0.02,1,informational,210;110;70;70;90;110;170;90;90;140;170;140,1.15,yes,
scrum product backlog,product backlog,product,110,1.05,0.08,28,informational,390;140;110;50;110;110;110;90;70;50;50;30,0.20,yes,
stakeholder analysis for project management,stakeholder management,product,110,,0.06,24,informational,140;110;90;70;140;110;110;110;110;140;70;70,0.82,no,
stakeholder analysis in project management,stakeholder management,product,110,,0.06,24,informational,140;110;90;70;140;110;110;110;110;140;70;70,0.82,no,
stakeholder analysis project management,stakeholder management,product,110,,0.06,25,informational,140;110;90;70;140;110;110;110;110;140;70;70,0.82,no,
strategic management a stakeholder approach,stakeholder management,product,110,0.03,0.17,16,commercial,110;140;110;90;90;140;170;170;90;70;50;70,0.53,yes,
strategic management stakeholder approach,stakeholder management,product,110,0.03,0.17,24,informational,110;140;110;90;90;140;170;170;90;70;50;70,0.53,yes,
strategic management: a stakeholder approach,stakeholder management,product,110,0.03,0.17,16,informational,110;140;110;90;90;140;170;170;90;70;50;70,0.53,yes,
strategic product roadmap,product roadmap,product,110,39.76,0.39,2,informational,390;140;90;40;110;70;140;90;110;70;30;20,0.19,yes,
ui ux research,ux research,design,110,19.43,0.23,35,informational,140;110;90;70;140;140;110;90;140;110;110;70,0.85,no,
ui/ux research,ux research,design,110,19.43,0.23,35,informational,140;110;90;70;140;140;110;90;140;110;110;70,0.85,no,
usability testing definition,usability testing,design,110,,0.02,19,informational,170;110;140;90;140;140;170;110;110;50;40;50,0.33,yes,
usability testing for mobile app,usability testing,design,110,18.96,0.19,5,informational,210;210;170;110;90;70;210;110;90;50;90;10,0.25,yes,
usability testing for mobile applications,usability testing,design,110,18.96,0.19,5,informational,210;210;170;110;90;70;210;110;90;50;90;10,0.25,yes,
usability testing for mobile apps,usability testing,design,110,18.96,0.19,5,informational,210;210;170;110;90;70;210;110;90;50;90;10,0.25,yes,
usability testing in mobile application,usability testing,design,110,18.96,0.19,5,informational,210;210;170;110;90;70;210;110;90;50;90;10,0.25,yes,
usability testing job,usability testing,design,110,3.03,0.2,37,informational,170;110;140;90;110;110;170;70;70;70;90;70,0.55,yes,jobs
usability testing jobs,usability testing,design,110,3.03,0.2,37,informational,170;110;140;90;110;110;170;70;70;70;90;70,0.55,yes,jobs
usability testing mobile app,usability testing,design,110,18.96,0.19,5,informational,210;210;170;110;90;70;210;110;90;50;90;10,0.25,yes,
usability testing mobile apps,usability testing,design,110,18.96,0.19,5,informational,210;210;170;110;90;70;210;110;90;50;90;10,0.25,yes,
usability testing of mobile applications,usability testing,design,110,18.96,0.19,5,informational,210;210;170;110;90;70;210;110;90;50;90;10,0.25,yes,
usability testing online,usability testing,design,110,7.87,0.25,37,informational,110;90;90;90;110;110;260;140;140;70;110;90,0.93,yes,
user experience interviews,user interviews,design,110,3.33,0.21,14,informational,90;90;50;50;70;70;260;260;170;140;110;70,1.39,yes,
user interviews app,user interviews,design,110,18.39,0.15,12,informational,50;70;110;90;140;110;140;140;90;110;110;110,1.43,yes,
user interviews jobs,user interviews,design,110,2.73,0.18,19,informational,90;90;90;90;110;140;170;110;140;110;140;90,1.26,no,jobs
user interviews market research,user interviews,design,110,13.45,0.03,26,informational,70;70;10;110;210;90;140;170;170;110;70;110,1.93,yes,
user interviews paid surveys,user interviews,design,110,3.06,0.15,27,commercial,30;40;50;40;90;50;70;110;90;480;170;50,5.83,yes,
user interviews sign up,user interviews,design,110,3.59,0.27,17,navigational,50;70;140;90;110;110;110;110;110;110;140;70,1.23,yes,
user stories and product backlog,product backlog,product,110,,0,11,informational,30;70;140;210;170;170;170;210;110;40;20;40,0.42,yes,
user stories product backlog,product backlog,product,110,,0,6,navigational,30;70;140;210;170;170;170;210;110;40;20;40,0.42,yes,
user story product backlog,product backlog,product,110,,0,12,navigational,30;70;140;210;170;170;170;210;110;40;20;40,0.42,yes,
ux research assistant jobs,ux research,design,110,0.47,0.09,0,commercial,110;110;140;110;170;110;140;140;110;110;70;70,0.69,yes,jobs
ux research plan,ux research,design,110,,0.04,1,informational,210;320;170;90;140;90;110;70;90;70;70;30,0.24,yes,
ux research planning,ux research,design,110,,0.04,1,informational,210;320;170;90;140;90;110;70;90;70;70;30,0.24,yes,
ux research plans,ux research,design,110,,0.04,1,informational,210;320;170;90;140;90;110;70;90;70;70;30,0.24,yes,
ux research platform,ux research,design,110,25.32,0.31,38,commercial,110;110;70;110;140;110;110;320;140;90;90;40,0.76,yes,
ux research platforms,ux research,design,110,25.32,0.31,25,commercial,110;110;70;110;140;110;110;320;140;90;90;40,0.76,yes,
ux research portfolio example,ux research,design,110,4.17,0.22,0,navigational,140;170;110;70;110;110;110;90;110;90;50;70,0.50,yes,
ux research portfolio examples,ux research,design,110,4.17,0.22,0,navigational,140;170;110;70;110;110;110;90;110;90;50;70,0.50,yes,
ux research portfolios examples,ux research,design,110,4.17,0.22,0,navigational,140;170;110;70;110;110;110;90;110;90;50;70,0.50,yes,
ux research reddit,ux research,design,110,,0,8,navigational,90;110;170;110;90;90;140;140;140;90;70;50,0.57,yes,
ux writing certification,ux writing,design,110,6.86,0.64,14,informational,140;90;110;110;140;110;110;110;140;110;50;70,0.68,yes,jobs
ux writing example,ux writing,design,110,,0.01,0,informational,140;110;110;90;140;170;110;110;140;70;70;70,0.58,yes,
ux writing examples,ux writing,design,110,,0.01,0,informational,140;110;110;90;140;170;110;110;140;70;70;70,0.58,yes,
ux writing hub,ux writing,design,110,,0.09,13,navigational,90;110;110;90;110;90;140;170;170;170;90;50,1.00,yes,
ux writing jobs remote,ux writing,design,110,0.06,0.05,0,informational,90;90;90;110;170;90;140;140;140;70;90;70,0.85,yes,jobs
ux/ui research,ux research,design,110,19.43,0.23,40,informational,140;110;90;70;140;140;110;90;140;110;110;70,0.85,no,
website a b testing,a/b testing,business,110,40.59,0.36,46,informational,110;110;70;50;70;70;320;110;110;50;90;50,0.66,yes,
website a/b testing,a/b testing,business,110,40.59,0.36,58,informational,110;110;70;50;70;70;320;110;110;50;90;50,0.66,yes,
what does stakeholder management mean,stakeholder management,product,110,,0.01,15,informational,50;50;70;70;170;170;140;110;90;110;140;140,2.29,yes,
what is a good retention rate,retention rate,business,110,,0.02,22,informational,140;140;140;90;140;110;170;140;90;110;110;110,0.79,no,
what is a/b testing in marketing,a/b testing,business,110,,0.17,45,informational,140;210;170;110;70;110;140;110;90;70;90;70,0.44,yes,
what is an okr goal,okr,business,110,,0.16,58,informational,140;70;90;90;170;140;170;110;110;70;70;70,0.70,yes,
what is moscow prioritization,prioritization,product,110,,0.14,38,informational,140;110;90;90;110;140;140;140;90;110;90;90,0.85,no,
who makes the final decision on ordering the product backlog,product backlog,product,110,,0,0,informational,140;110;110;140;110;110;140;110;90;90;70;70,0.64,no,
why is prioritization important,prioritization,product,110,,0,1,informational,260;140;140;170;110;140;140;90;90;40;20;40,0.19,yes,
why prioritization is important,prioritization,product,110,,0,0,informational,260;140;140;170;110;140;140;90;90;40;20;40,0.19,yes,
