keyword,topic
epic user web,user stories and acceptance criteria
story points,user stories and acceptance criteria
story maps,user stories and acceptance criteria
user stories,user stories and acceptance criteria
user story format,user stories and acceptance criteria
sample acceptance criteria for user stories,user stories and acceptance criteria
user stories examples,user stories and acceptance criteria
user stories in agile examples,user stories and acceptance criteria
user story examples acceptance criteria,user stories and acceptance criteria
scrum user story format,user stories and acceptance criteria
user story description,user stories and acceptance criteria
user story meaning,user stories and acceptance criteria
user story mapping,user stories and acceptance criteria
good user story examples,user stories and acceptance criteria
user story id,user stories and acceptance criteria
user stories in agile,user stories and acceptance criteria
user stories points,user stories and acceptance criteria
writing user stories,user stories and acceptance criteria
gherkin format user stories,user stories and acceptance criteria
gherkin format user story,user stories and acceptance criteria
user story title examples,user stories and acceptance criteria
acceptance criteria vs requirements,user stories and acceptance criteria
acceptance criteria for user stories,user stories and acceptance criteria
create a user story,user stories and acceptance criteria
given-when then user stories,user stories and acceptance criteria
given-when then user story,user stories and acceptance criteria
invest user story,user stories and acceptance criteria
structure of a user story,user stories and acceptance criteria
use case vs user story,user stories and acceptance criteria
user points,user stories and acceptance criteria
user story development,user stories and acceptance criteria
user story given when then,user stories and acceptance criteria
sample user story document,user stories and acceptance criteria
user stories sample document,user stories and acceptance criteria
user story sample document,user stories and acceptance criteria
as a user,user stories and acceptance criteria
agile,"agile, scrum and kanban"
scrum master,"agile, scrum and kanban"
agile project management,"agile, scrum and kanban"
scaled agile framework,"agile, scrum and kanban"
agile manifesto,"agile, scrum and kanban"
agile scrum,"agile, scrum and kanban"
waterfall methodology,"agile, scrum and kanban"
agile development,"agile, scrum and kanban"
agile vs scrum,"agile, scrum and kanban"
kanban system,"agile, scrum and kanban"
kanban vs scrum,"agile, scrum and kanban"
scrum guide,"agile, scrum and kanban"
scrum project management,"agile, scrum and kanban"
agile framework,"agile, scrum and kanban"
agile software development,"agile, scrum and kanban"
scrum framework,"agile, scrum and kanban"
scrum methodology,"agile, scrum and kanban"
six sigma methodology,"agile, scrum and kanban"
agile principles,"agile, scrum and kanban"
agile process,"agile, scrum and kanban"
lean methodology,"agile, scrum and kanban"
scrum vs kanban,"agile, scrum and kanban"
agile ceremonies,"agile, scrum and kanban"
agile one,"agile, scrum and kanban"
agile software,"agile, scrum and kanban"
kanban methodology,"agile, scrum and kanban"
scrum ceremonies,"agile, scrum and kanban"
agile development methodology,"agile, scrum and kanban"
agile project management methodology,"agile, scrum and kanban"
agile project management tools,"agile, scrum and kanban"
lean project management,"agile, scrum and kanban"
agile environment,"agile, scrum and kanban"
agile tools,"agile, scrum and kanban"
agile waterfall comparison,"agile, scrum and kanban"
flow kanban,"agile, scrum and kanban"
kanban view,"agile, scrum and kanban"
lean six sigma methodology,"agile, scrum and kanban"
lean techniques,"agile, scrum and kanban"
lean tools,"agile, scrum and kanban"
agile application development,"agile, scrum and kanban"
agile robotics,"agile, scrum and kanban"
kanban tool,"agile, scrum and kanban"
lean software development,"agile, scrum and kanban"
six sigma tools,"agile, scrum and kanban"
agile and waterfall methodologies,"agile, scrum and kanban"
kanban chart,"agile, scrum and kanban"
lean six sigma tools,"agile, scrum and kanban"
agile consultants,"agile, scrum and kanban"
agile programming,"agile, scrum and kanban"
agile projects,"agile, scrum and kanban"
agile technologies,"agile, scrum and kanban"
waterfall methodology vs agile,"agile, scrum and kanban"
waterfall vs agile methodology,"agile, scrum and kanban"
product backlog example,"agile, scrum and kanban"
safe product owner,"agile, scrum and kanban"
product backlog refinement is,"agile, scrum and kanban"
software requirement specification meaning,requirements and prd
draft requirements,requirements and prd
system requirements,requirements and prd
design brief,requirements and prd
design spec,requirements and prd
requirements document,requirements and prd
non functional requirements,requirements and prd
application requirements,requirements and prd
functional vs non functional requirements,requirements and prd
define the requirements,requirements and prd
requirements definition,requirements and prd
functional requirements,requirements and prd
requirements txt,requirements and prd
reserve requirements definition,requirements and prd
examples of software requirements,requirements and prd
functional requirements examples,requirements and prd
product requirements doc,requirements and prd
requirements gathering,requirements and prd
software requirements examples,requirements and prd
examples of system requirements,requirements and prd
non functional requirements examples,requirements and prd
requirements management tools,requirements and prd
system requirements example,requirements and prd
system requirements examples,requirements and prd
what are non functional requirements,requirements and prd
accessibility requirements,requirements and prd
requirements questions,requirements and prd
technical requirements,requirements and prd
functional requirements vs non functional requirements,requirements and prd
functional user requirements example,requirements and prd
requirements analysis,requirements and prd
requirements elicitation,requirements and prd
requirements meeting,requirements and prd
client requirement document,requirements and prd
deadlock system requirements,requirements and prd
functional and nonfunctional requirements,requirements and prd
project requirements,requirements and prd
requirements matrix,requirements and prd
user requirements examples,requirements and prd
another word for prioritization,prioritization
use high priority notification meaning,prioritization
prioritization synonyms,prioritization
high priority,prioritization
prioritization matrix,prioritization
prioritization meaning,prioritization
priority matrix,prioritization
task prioritization,prioritization
priority levels,prioritization
priority management,prioritization
top priority,prioritization
priority list,prioritization
high priority plumbing,prioritization
must have nice to have priority,prioritization
must-have nice to have priority,prioritization
must-have nice-to have priority,prioritization
examples of priorities,prioritization
examples of priority,prioritization
priorities examples,prioritization
prioritisation or prioritization,prioritization
prioritization moscow method template,prioritization
project management,project management
project manager,project management
project management tools,project management
project management tool,project management
program manager,project management
project mapping,project management
construction project manager,project management
project board,project management
project charter,project management
project plan,project management
construction project management,project management
pmi property management,project management
project management platform,project management
assistant project manager,project management
project timeline,project management
it project manager,project management
pmi project management institute,project management
project management masters,project management
project management methodologies,project management
project scope,project management
technical program manager,project management
program manager vs project manager,project management
project management office,project management
project management professional,project management
project portfolio,project management
remote project manager,project management
critical path project management,project management
project life cycle,project management
project management skills,project management
project management triangle,project management
project success,project management
wbs project management,project management
best project management tools,project management
project controls,project management
project management phases,project management
project management tools for startups,project management
project phases,project management
milestone project management,project management
project management life cycle,project management
project management plan,project management
project management systems,project management
project milestones,project management
basecamp project management,project management
cloud based project management tools,project management
cloud-based project management tools,project management
engineering project management,project management
project management dashboard,project management
project management program,project management
project management programs,project management
project management steps,project management
raid project management,project management
triple constraints of project management,project management
evm project management,project management
project management examples,project management
project management process,project management
crm project management,project management
project management frameworks,project management
project management information systems,project management
slack project management,project management
software project management tools,project management
online project management tools,project management
top 10 project management tools,project management
collaboration tools for project management,project management
good project management practices,project management
milestones meaning in project management,project management
project constraints examples,project management
deliverables meaning in project management,project management
project milestones meaning,project management
product manager,"product management, strategy and roadmaps"
product life cycle,"product management, strategy and roadmaps"
product management,"product management, strategy and roadmaps"
product development,"product management, strategy and roadmaps"
product roadmap,"product management, strategy and roadmaps"
product science,"product management, strategy and roadmaps"
associate product manager,"product management, strategy and roadmaps"
positioning statement,"product management, strategy and roadmaps"
product differentiation,"product management, strategy and roadmaps"
product market fit,"product management, strategy and roadmaps"
remote product manager,"product management, strategy and roadmaps"
product positioning bases,"product management, strategy and roadmaps"
straddle positioning in marketing,"product management, strategy and roadmaps"
product lifecycle management,"product management, strategy and roadmaps"
product operations,"product management, strategy and roadmaps"
technical product manager,"product management, strategy and roadmaps"
product analyst,"product management, strategy and roadmaps"
product development life cycle,"product management, strategy and roadmaps"
product development process,"product management, strategy and roadmaps"
product launch,"product management, strategy and roadmaps"
data as a product,"product management, strategy and roadmaps"
product life cycle stages,"product management, strategy and roadmaps"
product lifecycle management plm software,"product management, strategy and roadmaps"
product strategy,"product management, strategy and roadmaps"
product engineering,"product management, strategy and roadmaps"
product led growth,"product management, strategy and roadmaps"
product positioning,"product management, strategy and roadmaps"
examples of market positioning,"product management, strategy and roadmaps"
market research and product development,"product management, strategy and roadmaps"
new product development,"product management, strategy and roadmaps"
product development engineer,"product management, strategy and roadmaps"
product development research,"product management, strategy and roadmaps"
product management tools,"product management, strategy and roadmaps"
product market fit question,"product management, strategy and roadmaps"
product market fit questions,"product management, strategy and roadmaps"
product-market fit question,"product management, strategy and roadmaps"
product-market fit questions,"product management, strategy and roadmaps"
product/market fit questions,"product management, strategy and roadmaps"
roadmap examples,"product management, strategy and roadmaps"
technology roadmap,"product management, strategy and roadmaps"
mvp minimum viable product,"product management, strategy and roadmaps"
product development company,"product management, strategy and roadmaps"
product development stages,"product management, strategy and roadmaps"
comptia roadmap,"product management, strategy and roadmaps"
innovation discovery,"product management, strategy and roadmaps"
product management software,"product management, strategy and roadmaps"
product owner responsibilities,"product management, strategy and roadmaps"
it roadmap,"product management, strategy and roadmaps"
masters in product management,"product management, strategy and roadmaps"
product discovery,"product management, strategy and roadmaps"
product-oriented,"product management, strategy and roadmaps"
product architecture,"product management, strategy and roadmaps"
product development phases,"product management, strategy and roadmaps"
product development services,"product management, strategy and roadmaps"
product manager tech,"product management, strategy and roadmaps"
rockwell product life cycle,"product management, strategy and roadmaps"
formula launch,"product management, strategy and roadmaps"
launch formula,"product management, strategy and roadmaps"
metrics,"okrs, kpis and metrics"
kpi examples,"okrs, kpis and metrics"
dora metrics,"okrs, kpis and metrics"
synonym metrics,"okrs, kpis and metrics"
thesaurus metrics,"okrs, kpis and metrics"
kpi meaning in business,"okrs, kpis and metrics"
kpi metrics,"okrs, kpis and metrics"
snf metrics,"okrs, kpis and metrics"
key metrics,"okrs, kpis and metrics"
performance metrics,"okrs, kpis and metrics"
standard metrics,"okrs, kpis and metrics"
what is kpi in marketing,"okrs, kpis and metrics"
victoria metrics,"okrs, kpis and metrics"
5 metrics,"okrs, kpis and metrics"
metrics and imperial units,"okrs, kpis and metrics"
prometheus metrics,"okrs, kpis and metrics"
vanity metrics,"okrs, kpis and metrics"
king henry metrics,"okrs, kpis and metrics"
mstr metrics,"okrs, kpis and metrics"
token metrics,"okrs, kpis and metrics"
metrics unlimited,"okrs, kpis and metrics"
quality metrics,"okrs, kpis and metrics"
coin metrics,"okrs, kpis and metrics"
kpi vs metric,"okrs, kpis and metrics"
metrics icon,"okrs, kpis and metrics"
metrics or matrix,"okrs, kpis and metrics"
saas metrics,"okrs, kpis and metrics"
slim-metrics,"okrs, kpis and metrics"
viewer metrics,"okrs, kpis and metrics"
retention metrics,"okrs, kpis and metrics"
kpi okr,"okrs, kpis and metrics"
lattice okr,"okrs, kpis and metrics"
okr model,"okrs, kpis and metrics"
customer retention,"retention, churn and engagement"
customer retention strategies,"retention, churn and engagement"
customer loyalty program,"retention, churn and engagement"
customer engagement,"retention, churn and engagement"
what is customer retention,"retention, churn and engagement"
customer retention meaning,"retention, churn and engagement"
engagement rate,"retention, churn and engagement"
customer retention loyalty programs,"retention, churn and engagement"
loyalty programs for customer retention,"retention, churn and engagement"
customer engagement strategy,"retention, churn and engagement"
customer retention rate,"retention, churn and engagement"
loyalty programs examples,"retention, churn and engagement"
retention program,"retention, churn and engagement"
onboarding process meaning,"retention, churn and engagement"
retention ratio,"retention, churn and engagement"
improving employee engagement,"retention, churn and engagement"
increase retention of employees,"retention, churn and engagement"
active user,"retention, churn and engagement"
retention plan,"retention, churn and engagement"
cohort retention,"retention, churn and engagement"
employee engagement objectives,"retention, churn and engagement"
motivation and employee engagement,"retention, churn and engagement"
onboarding plan for new hire,"retention, churn and engagement"
player retention,"retention, churn and engagement"
retention examples,"retention, churn and engagement"
view retention,"retention, churn and engagement"
acquisition vs retention,"retention, churn and engagement"
engagement formula,"retention, churn and engagement"
long term retention,"retention, churn and engagement"
onboarding new hire,"retention, churn and engagement"
originality pricing,pricing strategy
dynamic pricing,pricing strategy
pricing strategies,pricing strategy
questions about pricing,pricing strategy
what is retail pricing,pricing strategy
with pricing,pricing strategy
oil price market,pricing strategy
datadog pricing,pricing strategy
linkedin sales navigator pricing,pricing strategy
competitive pricing,pricing strategy
market insider oil price,pricing strategy
price to sales ratio,pricing strategy
zoho crm pricing,pricing strategy
define retail pricing,pricing strategy
pricing analyst,pricing strategy
psychological pricing,pricing strategy
retail pricing definition,pricing strategy
what is market pricing,pricing strategy
product pricing,pricing strategy
personalized pricing,pricing strategy
descript pricing,pricing strategy
loss leader pricing,pricing strategy
promotional pricing,pricing strategy
another word for pricing,pricing strategy
bulk pricing,pricing strategy
intuit enterprise suite pricing,pricing strategy
linkedin sales navigator core pricing,pricing strategy
pricing strategies marketing,pricing strategy
definition of price in marketing,pricing strategy
examples of pricing strategies,pricing strategy
product price place promotion,pricing strategy
augmented reality pricing,pricing strategy
it managed services pricing,pricing strategy
managed it services pricing,pricing strategy
cloud pricing,pricing strategy
4 ps of marketing,go-to-market and product marketing
marketing mix,go-to-market and product marketing
what are the 4 ps of marketing,go-to-market and product marketing
4ps of marketing,go-to-market and product marketing
four ps of marketing,go-to-market and product marketing
product marketing,go-to-market and product marketing
customer segmentation,go-to-market and product marketing
market segmentation meaning,go-to-market and product marketing
marketing mix definition,go-to-market and product marketing
marketing mix modeling,go-to-market and product marketing
product market,go-to-market and product marketing
product marketing manager,go-to-market and product marketing
the 4 ps of marketing,go-to-market and product marketing
what are the 4 p's of marketing,go-to-market and product marketing
target marketing definition,go-to-market and product marketing
what are distribution channels in marketing,go-to-market and product marketing
what is a go to market strategy,go-to-market and product marketing
what is the distribution channel in marketing,go-to-market and product marketing
distribution channels meaning,go-to-market and product marketing
market segmentation examples,go-to-market and product marketing
target market examples,go-to-market and product marketing
what is segmentation in marketing,go-to-market and product marketing
define product market,go-to-market and product marketing
definition of a product market,go-to-market and product marketing
definition of product market,go-to-market and product marketing
definition product market,go-to-market and product marketing
market product definition,go-to-market and product marketing
product market def,go-to-market and product marketing
product market definition,go-to-market and product marketing
product markets definition,go-to-market and product marketing
what is product marketing,go-to-market and product marketing
customer segmentation meaning,go-to-market and product marketing
go to market plan,go-to-market and product marketing
meaning market segmentation,go-to-market and product marketing
what is go to market strategy,go-to-market and product marketing
what is product market,go-to-market and product marketing
what is the product market,go-to-market and product marketing
marketing segmentation definition,go-to-market and product marketing
segmentation in marketing,go-to-market and product marketing
aftermarket product,go-to-market and product marketing
market research analyst,market research and competitor analysis
online market research platform,market research and competitor analysis
online market research platforms,market research and competitor analysis
market research for starting a business,market research and competitor analysis
market research and marketing,market research and competitor analysis
market research and marketing research,market research and competitor analysis
market research for marketing,market research and competitor analysis
market research in marketing,market research and competitor analysis
market research marketing,market research and competitor analysis
market research marketing research,market research and competitor analysis
marketing and market research,market research and competitor analysis
marketing market research,market research and competitor analysis
marketing research,market research and competitor analysis
marketing research and market research,market research and competitor analysis
marketing research market research,market research and competitor analysis
online market research surveys,market research and competitor analysis
market research for small business,market research and competitor analysis
perfect competitive market graph,market research and competitor analysis
competitive benchmarking,market research and competitor analysis
competitive edge research,market research and competitor analysis
analytics,analytics
data analyst,analytics
data analytics,analytics
business analytics,analytics
free web analytics service,analytics
data analyst internship,analytics
analytics definition,analytics
business intelligence analyst,analytics
clearwater analytics,analytics
performance analytics,analytics
what does a data analyst do,analytics
data analyst remote,analytics
data analytics certifications,analytics
healthcare data analyst,analytics
snowball analytics,analytics
masters in business analytics,analytics
what is data analytics,analytics
business analytics platform,analytics
data science vs data analytics,analytics
masters in data analytics,analytics
data analytics platforms,analytics
how to become a data analyst,analytics
tiger analytics,analytics
verisk analytics,analytics
what is a data analyst,analytics
what is business analytics,analytics
business analytics tools,analytics
data analytics tool,analytics
marketing analytics,analytics
maven analytics,analytics
moody's analytics,analytics
vin analytics,analytics
what is analytics,analytics
zik analytics,analytics
zoho analytics,analytics
channel analytics twitch,analytics
social media analytics tools,analytics
twitter analytics,analytics
clinical data analyst,analytics
junior data analyst,analytics
online data analytics masters,analytics
pinterest analytics,analytics
prescriptive analytics,analytics
python for data analyst,analytics
social media analytics website,analytics
analytics cloud platform,analytics
bachelor's in data analytics,analytics
big data analytics,analytics
cloud analytics platform,analytics
cloud analytics platforms,analytics
cloud based analytics platform,analytics
cloud-based analytics platform,analytics
data analyst skills,analytics
data analytics online programs,analytics
healthcare analytics,analytics
ipd analytics,analytics
online masters in business analytics,analytics
people analytics,analytics
quest analytics,analytics
social media analytics,analytics
social media analytics platforms,analytics
website analytics,analytics
business intelligence and analytics,analytics
core analytics,analytics
data analytics consulting,analytics
descriptive analytics,analytics
procure analytics,analytics
sap analytics cloud,analytics
web analytics,analytics
web analytics services,analytics
web analytics tools,analytics
x analytics,analytics
analytics pronunciation,analytics
analytics synonym,analytics
analytics synonyms,analytics
benchmark analytics,analytics
data analytics for business,analytics
latentview analytics,analytics
senior data analyst,analytics
wgu data analytics,analytics
analytical questions,analytics
free website analytics,analytics
content marketing,growth marketing and funnels
marketing strategy,growth marketing and funnels
marketing funnel,growth marketing and funnels
content marketing services,growth marketing and funnels
growth and development,growth marketing and funnels
content marketing strategy,growth marketing and funnels
digital marketing strategies,growth marketing and funnels
sales funnel,growth marketing and funnels
social media marketing strategy,growth marketing and funnels
content marketing agencies,growth marketing and funnels
content marketing lead,growth marketing and funnels
marketing automation,growth marketing and funnels
performance marketing,growth marketing and funnels
inbound marketing,growth marketing and funnels
marketing channels,growth marketing and funnels
performance marketing agency,growth marketing and funnels
account based marketing,growth marketing and funnels
marketing strategy examples,growth marketing and funnels
what is a marketing strategy,growth marketing and funnels
what is performance marketing,growth marketing and funnels
marketing strategy for small business,growth marketing and funnels
inbound vs outbound marketing,growth marketing and funnels
marketing funnel stages,growth marketing and funnels
marketing strategies for business,growth marketing and funnels
real estate marketing strategies,growth marketing and funnels
to growth,growth marketing and funnels
yoy sales growth formula,growth marketing and funnels
attribution in marketing,growth marketing and funnels
marketing objectives,growth marketing and funnels
meaning growth and development,growth marketing and funnels
sales funnel stages,growth marketing and funnels
creative commons attribution-sharealike 4.0 international,growth marketing and funnels
the meaning of growth,growth marketing and funnels
staples print and marketing services,marketing (general)
affiliate marketing,marketing (general)
digital marketing,marketing (general)
social media marketing,marketing (general)
marketing,marketing (general)
marketing agency,marketing (general)
vector marketing,marketing (general)
cardenas marketing network,marketing (general)
digital marketing agency,marketing (general)
digital marketing platform for small businesses,marketing (general)
seo marketing digital,marketing (general)
pinterest affiliate marketing,marketing (general)
what is marketing,marketing (general)
affiliate marketing program,marketing (general)
email marketing platforms for small business,marketing (general)
guerilla marketing,marketing (general)
marketing consultant,marketing (general)
marketing definition,marketing (general)
marketing internships,marketing (general)
what is digital marketing,marketing (general)
digital marketing services,marketing (general)
internet marketing services,marketing (general)
online marketing platforms,marketing (general)
affiliate marketing platform,marketing (general)
define chief marketing officer,marketing (general)
digital marketing company,marketing (general)
marketing manager,marketing (general)
online marketing platform for small businesses,marketing (general)
seo marketing,marketing (general)
social media marketing agency,marketing (general)
social media marketing services,marketing (general)
instagram marketing services,marketing (general)
marketing fundamentals,marketing (general)
marketing plan,marketing (general)
digital marketing platforms,marketing (general)
influencer marketing agency,marketing (general)
influencer marketing platform,marketing (general)
marketing company,marketing (general)
marketing digital,marketing (general)
social media marketing tools,marketing (general)
what is affiliate marketing,marketing (general)
ai marketing,marketing (general)
b2b marketing agency,marketing (general)
experiential marketing,marketing (general)
influencer marketing,marketing (general)
instagram influencer marketing,marketing (general)
online marketing company,marketing (general)
ai marketing tools,marketing (general)
american marketing and publishing,marketing (general)
b2b marketing,marketing (general)
internet marketing agency,marketing (general)
marketing coordinator,marketing (general)
marketing director,marketing (general)
marketing major,marketing (general)
masters in marketing,marketing (general)
multi level marketing,marketing (general)
online marketing,marketing (general)
sales and marketing,marketing (general)
sms marketing platforms,marketing (general)
ugc marketing,marketing (general)
uz marketing,marketing (general)
what is seo marketing,marketing (general)
what is vector marketing,marketing (general)
ai in marketing,marketing (general)
best digital marketing agency,marketing (general)
brand marketing,marketing (general)
chief marketing officer,marketing (general)
direct marketing,marketing (general)
email marketing agency,marketing (general)
fashion marketing,marketing (general)
full service marketing agency,marketing (general)
high ticket affiliate marketing,marketing (general)
integrated marketing communications,marketing (general)
lawyer seo marketing,marketing (general)
marketing 1 on 1,marketing (general)
marketing campaign,marketing (general)
marketing careers,marketing (general)
marketing firms,marketing (general)
marketing internships summer 2026,marketing (general)
marketing management,marketing (general)
plan net marketing,marketing (general)
seo marketing agency,marketing (general)
seo marketing services,marketing (general)
sms marketing,marketing (general)
social media business marketing,marketing (general)
sunbelt marketing,marketing (general)
abstrakt marketing group,marketing (general)
affiliate marketing blog,marketing (general)
ai powered marketing platform,marketing (general)
ai powered marketing platforms,marketing (general)
ai-powered marketing platform,marketing (general)
digital marketing institute,marketing (general)
digital marketing specialist,marketing (general)
direct mail marketing,marketing (general)
facebook marketing,marketing (general)
internet marketing,marketing (general)
is vector marketing legit,marketing (general)
marketing ads,marketing (general)
marketing analyst,marketing (general)
marketing cloud,marketing (general)
marketing communications,marketing (general)
marketing concepts,marketing (general)
marketing images,marketing (general)
marketing plan example,marketing (general)
marketing plan template,marketing (general)
marketing services,marketing (general)
marketing specialist,marketing (general)
marketing synonym,marketing (general)
marketing vs advertising,marketing (general)
types of marketing,marketing (general)
what is the marketing concept,marketing (general)
what multi level marketing,marketing (general)
acosta sales and marketing,marketing (general)
crm marketing,marketing (general)
definition of marketing,marketing (general)
experiential marketing agency,marketing (general)
gmr marketing,marketing (general)
integrated marketing,marketing (general)
lyfe marketing,marketing (general)
marketing 360,marketing (general)
marketing collateral,marketing (general)
marketing information management,marketing (general)
marketing news,marketing (general)
marketing portfolio examples,marketing (general)
omnichannel marketing,marketing (general)
remote marketing,marketing (general)
social media marketing companies,marketing (general)
social media marketing for small business,marketing (general)
top marketing agencies,marketing (general)
what does a marketing manager do,marketing (general)
what is b2b marketing,marketing (general)
word of mouth marketing,marketing (general)
7 functions of marketing,marketing (general)
crm meaning marketing,marketing (general)
marketing certifications,marketing (general)
principles of marketing,marketing (general)
functions of marketing,marketing (general)
marketing class,marketing (general)
marketing functions,marketing (general)
target definition marketing,marketing (general)
what is cpm in marketing,marketing (general)
what is crm in marketing,marketing (general)
what is marketing in business,marketing (general)
advantage sales and marketing,marketing (general)
conceptual marketing definition,marketing (general)
cpa marketing,marketing (general)
define marketing and the marketing concept,marketing (general)
explain the concept of marketing,marketing (general)
explain the marketing concept,marketing (general)
florida sales and marketing,marketing (general)
franchise marketing,marketing (general)
marketing operations,marketing (general)
marketing psychology,marketing (general)
trade marketing,marketing (general)
vertical marketing system,marketing (general)
what is cta in marketing,marketing (general)
what is direct marketing,marketing (general)
what is integrated marketing,marketing (general)
associates in marketing,marketing (general)
entry level marketing,marketing (general)
marketing definition in business,marketing (general)
mid level marketing,marketing (general)
what is multi level marketing,marketing (general)
agricultural marketing,marketing (general)
crm marketing software,marketing (general)
direct marketing definition,marketing (general)
direct marketing examples,marketing (general)
retail marketing,marketing (general)
what is a vertical marketing system,marketing (general)
what is field marketing,marketing (general)
what is the vertical marketing system,marketing (general)
what is vertical marketing system,marketing (general)
agricultural marketing service,marketing (general)
all in one marketing and sales platform,marketing (general)
cpa meaning marketing,marketing (general)
explain mass marketing,marketing (general)
home services marketing,marketing (general)
marketing for auto repair shops,marketing (general)
marketing vs sales,marketing (general)
multi channel marketing,marketing (general)
pragmatic marketing,marketing (general)
what are the eight functions of marketing,marketing (general)
close-ended questions in research,surveys and questionnaires
closed-ended questions in research,surveys and questionnaires
online survey platforms,surveys and questionnaires
web soil survey,surveys and questionnaires
online surveys,surveys and questionnaires
customer feedback survey,surveys and questionnaires
via character strengths survey,surveys and questionnaires
customer satisfaction survey,surveys and questionnaires
open ended survey examples,surveys and questionnaires
open-ended survey example,surveys and questionnaires
survey tools,surveys and questionnaires
open ended survey,surveys and questionnaires
dichotomous questions in research,surveys and questionnaires
customer satisfaction survey software,surveys and questionnaires
product research surveys,surveys and questionnaires
customer service survey questions,surveys and questionnaires
customer survey,surveys and questionnaires
online survey tools,surveys and questionnaires
product survey questions,surveys and questionnaires
via survey of character strengths,surveys and questionnaires
survey description,surveys and questionnaires
the survey,surveys and questionnaires
introduction of a survey,surveys and questionnaires
introduction of survey,surveys and questionnaires
introduction on survey,surveys and questionnaires
qualitative survey questions,surveys and questionnaires
survey introduction,surveys and questionnaires
survey introduction examples,surveys and questionnaires
survey introductions,surveys and questionnaires
surveymonkey survey examples,surveys and questionnaires
online survey examples,surveys and questionnaires
semi structured survey,surveys and questionnaires
plot survey,surveys and questionnaires
survey legend,surveys and questionnaires
survey titles examples,surveys and questionnaires
survey work,surveys and questionnaires
survey works,surveys and questionnaires
ux surveys,surveys and questionnaires
semi-structured interviews in qualitative research,surveys and questionnaires
survey closing statement,surveys and questionnaires
survey ideas,surveys and questionnaires
survey report,surveys and questionnaires
survey statement,surveys and questionnaires
survey statements,surveys and questionnaires
event survey examples,surveys and questionnaires
qualitative research survey questionnaire,surveys and questionnaires
qualitative survey questionnaire,surveys and questionnaires
survey comments,surveys and questionnaires
survey questionnaire qualitative research,surveys and questionnaires
survey report example,surveys and questionnaires
qualitative survey,surveys and questionnaires
survey additional comments,surveys and questionnaires
survey legend examples,surveys and questionnaires
survey plan,surveys and questionnaires
survey topics,surveys and questionnaires
user surveys,surveys and questionnaires
user interviews,"ux research, personas and journeys"
user testing,"ux research, personas and journeys"
customer journey,"ux research, personas and journeys"
customer experience,"ux research, personas and journeys"
qualitative data examples,"ux research, personas and journeys"
action research,"ux research, personas and journeys"
user testing questions,"ux research, personas and journeys"
ux research,"ux research, personas and journeys"
user acceptance testing,"ux research, personas and journeys"
user flow,"ux research, personas and journeys"
customer experience in the va is,"ux research, personas and journeys"
customer persona,"ux research, personas and journeys"
user research,"ux research, personas and journeys"
website user testing,"ux research, personas and journeys"
customer experience software,"ux research, personas and journeys"
user interviews paid research studies,"ux research, personas and journeys"
customer experience platforms,"ux research, personas and journeys"
customer experience questions,"ux research, personas and journeys"
buyer persona examples,"ux research, personas and journeys"
ux research methods,"ux research, personas and journeys"
focus group panel reviews,"ux research, personas and journeys"
user feedback,"ux research, personas and journeys"
user persona examples,"ux research, personas and journeys"
ux research tools,"ux research, personas and journeys"
defining research methodology,"ux research, personas and journeys"
research question generator,"ux research, personas and journeys"
user research platform,"ux research, personas and journeys"
what exploratory research,"ux research, personas and journeys"
persona-chat,"ux research, personas and journeys"
ux flow,"ux research, personas and journeys"
ux persona examples,"ux research, personas and journeys"
component-based software engineering,design systems and ui components
cadence design systems,design systems and ui components
shadcn ui,design systems and ui components
design patterns,design systems and ui components
banner design,design systems and ui components
material design,design systems and ui components
teal material design,design systems and ui components
ant design,design systems and ui components
delete icon material design,design systems and ui components
design system,design systems and ui components
fluent ui,design systems and ui components
microservices design patterns,design systems and ui components
breadcrumbs ui,design systems and ui components
mobile stepper material-ui,design systems and ui components
spinners ui,design systems and ui components
chat ui,design systems and ui components
ibm carbon design system,design systems and ui components
call ui,design systems and ui components
dialogs ui,design systems and ui components
ellesmere ui profiles,design systems and ui components
autocomplete material-ui,design systems and ui components
carousel ui,design systems and ui components
coachmark ui,design systems and ui components
drop shadow ui,design systems and ui components
filter ui,design systems and ui components
form ui,design systems and ui components
in call ui,design systems and ui components
in-call ui,design systems and ui components
search bar ux,design systems and ui components
search box ux,design systems and ui components
search field ux,design systems and ui components
chip ui,design systems and ui components
chips ui,design systems and ui components
pagination ui,design systems and ui components
rating slider ui,design systems and ui components
search bar design,design systems and ui components
stepper ui,design systems and ui components
badge ui,design systems and ui components
badges ui,design systems and ui components
footnote ui,design systems and ui components
swift ui grid,design systems and ui components
ui badge,design systems and ui components
ui badges,design systems and ui components
ui bootstrap,design systems and ui components
notification ui,design systems and ui components
popovers ui,design systems and ui components
ui datepicker,design systems and ui components
agent chat ui,design systems and ui components
banner ui,design systems and ui components
banners ui,design systems and ui components
fab material ui,design systems and ui components
faq ui,design systems and ui components
leaderboard ui,design systems and ui components
pagination ui ux,design systems and ui components
shadcn base ui,design systems and ui components
star rating ui,design systems and ui components
swift vs swift ui,design systems and ui components
ui banner,design systems and ui components
ui banners,design systems and ui components
material-ui badge,design systems and ui components
material-ui badges,design systems and ui components
profile ui,design systems and ui components
tabs material ui,design systems and ui components
tagging ui,design systems and ui components
ui pill,design systems and ui components
ui pills,design systems and ui components
ui profile,design systems and ui components
ui sides,design systems and ui components
ui steppers,design systems and ui components
ui toast,design systems and ui components
inline help ui,design systems and ui components
ui ux design,ux and ui design (discipline)
one ui themes,ux and ui design (discipline)
one ui,ux and ui design (discipline)
ux design,ux and ui design (discipline)
ui/ux designer,ux and ui design (discipline)
ux designer,ux and ui design (discipline)
product design,ux and ui design (discipline)
product designer,ux and ui design (discipline)
swagger ui,ux and ui design (discipline)
ui benefits,ux and ui design (discipline)
ui design,ux and ui design (discipline)
ui self service,ux and ui design (discipline)
ui ux artist,ux and ui design (discipline)
ui/ux artist,ux and ui design (discipline)
what is ux design,ux and ui design (discipline)
grace ux theme,ux and ui design (discipline)
ux and ui designers,ux and ui design (discipline)
ui benefits ma,ux and ui design (discipline)
one ui 1.0,ux and ui design (discipline)
ui quickcare,ux and ui design (discipline)
scrubber ui,ux and ui design (discipline)
ui ux internship,ux and ui design (discipline)
ui cafe,ux and ui design (discipline)
ux principles,ux and ui design (discipline)
bad ux,ux and ui design (discipline)
mustard ui,ux and ui design (discipline)
number ui,ux and ui design (discipline)
ui-tars,ux and ui design (discipline)
ux engineer,ux and ui design (discipline)
eso-ui,ux and ui design (discipline)
blink ux,ux and ui design (discipline)
home ui,ux and ui design (discipline)
ui supplies,ux and ui design (discipline)
ui-view,ux and ui design (discipline)
ux strategy,ux and ui design (discipline)
swarm ui,ux and ui design (discipline)
toast ui,ux and ui design (discipline)
ui-box,ux and ui design (discipline)
ux case study,ux and ui design (discipline)
ux case study process,ux and ui design (discipline)
agent ui,ux and ui design (discipline)
next ui,ux and ui design (discipline)
ui bill,ux and ui design (discipline)
ux search bar,ux and ui design (discipline)
yes or no ux,ux and ui design (discipline)
cult ui,ux and ui design (discipline)
fidelity ui,ux and ui design (discipline)
lol ui,ux and ui design (discipline)
manage notifications ui,ux and ui design (discipline)
notification preferences ux,ux and ui design (discipline)
remote ui,ux and ui design (discipline)
shimmer ui,ux and ui design (discipline)
snowflake ui,ux and ui design (discipline)
temporal ui,ux and ui design (discipline)
ui clean,ux and ui design (discipline)
arknet ui,ux and ui design (discipline)
best one ui themes,ux and ui design (discipline)
collect ui,ux and ui design (discipline)
comments ux,ux and ui design (discipline)
fluid ui,ux and ui design (discipline)
informative feedback user interface,ux and ui design (discipline)
oven ui,ux and ui design (discipline)
parade ui,ux and ui design (discipline)
skiper ui,ux and ui design (discipline)
ui one,ux and ui design (discipline)
ui parade,ux and ui design (discipline)
ui-integrate self-service,ux and ui design (discipline)
vanilla ui plus,ux and ui design (discipline)
daily ui,ux and ui design (discipline)
magentic-ui,ux and ui design (discipline)
twitter ui,ux and ui design (discipline)
ux remote,ux and ui design (discipline)
vanguard ui,ux and ui design (discipline)
comfy ui github,ux and ui design (discipline)
cybersole ui,ux and ui design (discipline)
darnified ui,ux and ui design (discipline)
experience ui,ux and ui design (discipline)
headscale-ui,ux and ui design (discipline)
swagger-ui-express,ux and ui design (discipline)
whoop ui,ux and ui design (discipline)
wireguard ui,ux and ui design (discipline)
wireguard-ui,ux and ui design (discipline)
zenly ui,ux and ui design (discipline)
abbreviation for user experience,ux and ui design (discipline)
beads ui,ux and ui design (discipline)
beads-ui,ux and ui design (discipline)
best ux,ux and ui design (discipline)
draftkings ui,ux and ui design (discipline)
in ui,ux and ui design (discipline)
profiles ui,ux and ui design (discipline)
servicenow ui,ux and ui design (discipline)
sides ui,ux and ui design (discipline)
tidal ui,ux and ui design (discipline)
ui acronym,ux and ui design (discipline)
user experience abbreviation,ux and ui design (discipline)
ux question,ux and ui design (discipline)
webull ui,ux and ui design (discipline)
xtream ui,ux and ui design (discipline)
zzz ui,ux and ui design (discipline)
fast ui,ux and ui design (discipline)
reviews ui,ux and ui design (discipline)
stream ui,ux and ui design (discipline)
ui claim ga,ux and ui design (discipline)
website design,web design and accessibility
web designer,web design and accessibility
web design company,web design and accessibility
web design agency,web design and accessibility
responsive design,web design and accessibility
web design services,web design and accessibility
portfolio website examples,web design and accessibility
website examples,web design and accessibility
nhd website examples,web design and accessibility
web design tools,web design and accessibility
website design software,web design and accessibility
web design and development,web design and accessibility
accessibility to,web design and accessibility
how to design a website,web design and accessibility
personal website examples,web design and accessibility
website design examples,web design and accessibility
ada's technical books,web design and accessibility
hire a website designer,web design and accessibility
squarespace website examples,web design and accessibility
wix website examples,web design and accessibility
wordpress website examples,web design and accessibility
design a website,web design and accessibility
good website design examples,web design and accessibility
artist website examples,web design and accessibility
accessibility tools,web design and accessibility
author website examples,web design and accessibility
blog website examples,web design and accessibility
good website examples,web design and accessibility
top website design software,web design and accessibility
web accessibility tools,web design and accessibility
graphic design,graphic and visual design
graphic designer,graphic and visual design
t shirt design,graphic and visual design
graphic design is my passion,graphic and visual design
tshirt design,graphic and visual design
business card design,graphic and visual design
character design,graphic and visual design
what is graphic design,graphic and visual design
menu design,graphic and visual design
poster design,graphic and visual design
flyer design,graphic and visual design
graphic design agency,graphic and visual design
graphic design internships,graphic and visual design
graphic design platforms,graphic and visual design
graphic design services,graphic and visual design
t shirt design ideas,graphic and visual design
analogous structures meaning,graphic and visual design
graphic design portfolio,graphic and visual design
design tshirt,graphic and visual design
t shirt design online,graphic and visual design
brochure design,graphic and visual design
design a t shirt,graphic and visual design
design business cards,graphic and visual design
designer logos,graphic and visual design
graphic design examples,graphic and visual design
layout design,graphic and visual design
motion design,graphic and visual design
packaging design,graphic and visual design
research poster examples,graphic and visual design
what is a graphic designer,graphic and visual design
analogous structure meaning,graphic and visual design
software architecture,system and software design
native app development,system and software design
software development,system and software design
app development,system and software design
software development company,system and software design
system design,system and software design
system design interview,system and software design
domain driven design,system and software design
custom software development company,system and software design
hello interview system design,system and software design
microservices architecture,system and software design
web application development,system and software design
custom software development,system and software design
system design primer,system and software design
custom software development services,system and software design
software development services,system and software design
custom app development,system and software design
software architecture design,system and software design
software development company in usa,system and software design
software architecture diagram,system and software design
software design,system and software design
software development lifecycle,system and software design
system design books,system and software design
app development dallas,system and software design
application development dallas,system and software design
cross platform application development company,system and software design
cross-platform application development company,system and software design
dallas app development,system and software design
dod architecture framework,system and software design
mobile application development dallas,system and software design
nearshore software development companies,system and software design
ml system design,system and software design
new york software development companies,system and software design
new york software development company,system and software design
rendering software architecture,system and software design
software development agency new york,system and software design
software development companies in new york,system and software design
software development companies in new york city,system and software design
software development companies in nyc,system and software design
software development companies new york,system and software design
software development companies nyc,system and software design
software development company in new york,system and software design
software development company new york,system and software design
software development company nyc,system and software design
software development engineer,system and software design
software development methodologies,system and software design
system design interview an insider's guide,system and software design
austin app development company,system and software design
custom application development services,system and software design
healthcare software development company,system and software design
rapid application development,system and software design
software development consulting,system and software design
software development process,system and software design
system design interview prep,system and software design
system design questions,system and software design
systems analysis and design,system and software design
top software development companies,system and software design
application development company houston,system and software design
cloud application development,system and software design
custom healthcare software development,system and software design
embedded software development,system and software design
enterprise architecture framework,system and software design
healthcare software development,system and software design
logistic software development company,system and software design
logistics software development companies,system and software design
logistics software development company,system and software design
mvp software development,system and software design
saas app development services,system and software design
software development cycle,system and software design
software development outsourcing,system and software design
software development outsourcing company,system and software design
telemedicine app development,system and software design
web and app development companies,system and software design
system design interview book,system and software design
ai,ai tools
character ai,ai tools
ai mode,ai tools
mode ai,ai tools
humanize ai,ai tools
ai humanizer,ai tools
ai image generator,ai tools
poly ai,ai tools
polybuzz ai,ai tools
ai assistant,ai tools
magicschool ai,ai tools
meta ai,ai tools
our dream ai,ai tools
question ai,ai tools
ai generator,ai tools
ask ai,ai tools
conversational ai,ai tools
free ai checker,ai tools
undressing ai,ai tools
ai image editor,ai tools
ai photo generator,ai tools
spicy ai,ai tools
ai girlfriend,ai tools
free ai image generator,ai tools
handshake ai,ai tools
ai clothing remover,ai tools
ai overview,ai tools
ai picture generator,ai tools
face swap ai,ai tools
free ai,ai tools
turbo ai,ai tools
what is ai,ai tools
ai humanizer free,ai tools
ai image generator free,ai tools
ai music generator,ai tools
duck ai,ai tools
free ai video generator,ai tools
viggle ai,ai tools
ai bubble,ai tools
ai generated images,ai tools
ai image,ai tools
ai image detector,ai tools
ai news,ai tools
ai server,ai tools
ai undressing,ai tools
anthropic ai,ai tools
flow ai,ai tools
generative ai,ai tools
undetected ai,ai tools
ai homework helper,ai tools
ai video generator free,ai tools
free ai tools,ai tools
generative ai assistants,ai tools
lovable ai,ai tools
midjourney ai,ai tools
open future ai,ai tools
openart ai,ai tools
which task is a generative ai task,ai tools
advanced ai assistant,ai tools
advanced ai assistants,ai tools
ai agents,ai tools
ai apps,ai tools
ai art generator,ai tools
ai checkers,ai tools
ai detection tool,ai tools
ai news today,ai tools
clever ai humanizer,ai tools
deepseek ai,ai tools
grubby ai,ai tools
image generator ai,ai tools
pixverse ai,ai tools
scale ai,ai tools
ai data centers,ai tools
ai humanizer tool,ai tools
ai picture,ai tools
ai tester,ai tools
ai tools,ai tools
ai website builder,ai tools
clouder ai,ai tools
flipped ai,ai tools
generative ai platforms,ai tools
gothic ai,ai tools
harvey ai,ai tools
open evidence ai,ai tools
originality ai,ai tools
runway ai,ai tools
shield ai,ai tools
talk ai,ai tools
who created ai,ai tools
writing prompts,ai tools
ai call center,ai tools
ai character,ai tools
ai image creators,ai tools
apple ai,ai tools
beacons ai,ai tools
best ai,ai tools
best ai detector,ai tools
best ai image generator,ai tools
black box ai,ai tools
check for ai,ai tools
coding ai,ai tools
dopple ai,ai tools
eternal ai,ai tools
free ai humanizer,ai tools
gemini ai model,ai tools
genspark ai,ai tools
hey ai,ai tools
how does ai use water,ai tools
human ai,ai tools
humanize ai free,ai tools
magic ai,ai tools
magic light ai,ai tools
photo editor ai,ai tools
secrets ai,ai tools
use ai,ai tools
what is agentic ai,ai tools
ai assistant for coding,ai tools
ai helper,ai tools
ai image generation,ai tools
ai picture editor,ai tools
ai powered research assistant,ai tools
ai song maker,ai tools
ai systems,ai tools
ai upscaler,ai tools
ai video generation platform,ai tools
ai-powered research assistant,ai tools
answer ai,ai tools
check ai,ai tools
free ai photo editor,ai tools
homework ai,ai tools
private ai,ai tools
r/ai,ai tools
sovereign ai,ai tools
when was ai invented,ai tools
ai actress,ai tools
ai answer,ai tools
ai clothes changer,ai tools
ai companies,ai tools
ai design assistant,ai tools
ai emergence,ai tools
ai generated,ai tools
ai image enhancer,ai tools
ai image upscaler,ai tools
ai models,ai tools
ai platforms,ai tools
ai powered coding assistants,ai tools
ai powered homework help,ai tools
ai powered homework helper,ai tools
ai powered learning platform,ai tools
ai to human,ai tools
ai website,ai tools
ai-powered learning platform,ai tools
best ai video generator,ai tools
fireflies ai,ai tools
free ai image editor,ai tools
galaxy ai,ai tools
general ai,ai tools
generative ai models,ai tools
global work ai,ai tools
human or ai,ai tools
image ai,ai tools
is this ai generated,ai tools
what does ai stand for,ai tools
what is generative ai,ai tools
agentic ai coding tools,ai tools
ai background remover,ai tools
ai coding assistant,ai tools
ai engineer,ai tools
ai free,ai tools
ai headshot generator,ai tools
ai image checker,ai tools
ai image generator no restrictions,ai tools
ai photo enhancer,ai tools
ai platforms for education,ai tools
best ai apps,ai tools
character ai reddit,ai tools
common app essay prompts,ai tools
conversational ai app,ai tools
conversational ai apps,ai tools
conversational ai models,ai tools
deepsearch ai,ai tools
free ai girlfriend,ai tools
how does ai work,ai tools
image to image ai,ai tools
legal ai,ai tools
open ai api,ai tools
study ai,ai tools
types of ai,ai tools
unblocked ai,ai tools
video ai,ai tools
what is an ai agent,ai tools
ai artificial intelligence,ai tools
ai attractiveness test,ai tools
ai companion,ai tools
ai content creation,ai tools
ai generated video,ai tools
ai generator image,ai tools
ai girlfriend generator,ai tools
ai image editor free,ai tools
ai image maker,ai tools
ai meaning,ai tools
ai picture generator free,ai tools
ai video generation,ai tools
ai-powered assistant,ai tools
anthropic ai models,ai tools
ask ai a question,ai tools
beautiful ai,ai tools
beta character ai,ai tools
character ai alternative,ai tools
dream ai,ai tools
funny ai,ai tools
image editor ai,ai tools
mcdonald's drive thru ai upgrade,ai tools
mcdonald's drive-thru ai upgrade,ai tools
meta layoff ai,ai tools
meta layoffs ai,ai tools
moonshot ai,ai tools
motion ai,ai tools
open source ai platform,ai tools
open source ai platforms,ai tools
personal ai assistant,ai tools
picture ai,ai tools
playground ai,ai tools
pocket ai,ai tools
reflection ai,ai tools
seamless ai,ai tools
solvely ai,ai tools
stealth ai,ai tools
free ai generator,ai tools
creative writing prompts,ai tools
ai interior design,ai tools
hostinger ai website builder,ai tools
writing prompts for 3rd graders,ai tools
ai home design,ai tools
writing prompts for 2nd graders,ai tools
writing prompts for 5th graders,ai tools
writing prompts for fourth graders,ai tools
300 writing prompts,ai tools
ai governance framework,ai tools
ai landscape design,ai tools
home design ai,ai tools
interior design ai,ai tools
retail ai,ai tools
story prompts,ai tools
writing prompts for middle schoolers,ai tools
shadow work journal prompts,ai tools
ai powered search tools,ai tools
ai sales,ai tools
journal prompts for shadow work,ai tools
ai inventory management,ai tools
ai sales agent,ai tools
ai search tools,ai tools
sales ai,ai tools
ai sales tools,ai tools
common app personal statement prompts,ai tools
retail ai trends,ai tools
llm seo tools,ai tools
hipaa compliant ai tools,ai tools
ai search optimization tools,ai tools
ai prompt helper,ai tools
jumpshare ai viewer,ai tools
otter ai subscription,ai tools
pinterest no ai,ai tools
seo tools,seo and keyword research
keyword research,seo and keyword research
seo company,seo and keyword research
semrush seo tools,seo and keyword research
seo keyword research,seo and keyword research
website seo,seo and keyword research
keyword research tools,seo and keyword research
local seo company,seo and keyword research
semrush keyword research tool,seo and keyword research
best seo tools,seo and keyword research
free keyword research tool,seo and keyword research
seo keyword research tools,seo and keyword research
seo review tools,seo and keyword research
etsy seo tools,seo and keyword research
semrush keyword research,seo and keyword research
seo audit tools,seo and keyword research
local seo tools,seo and keyword research
website seo tools,seo and keyword research
best free keyword research tool,seo and keyword research
competitor keyword research,seo and keyword research
seo analysis tools,seo and keyword research
best seo software,seo and keyword research
free online seo tools,seo and keyword research
keyword tracking tools,seo and keyword research
seo description examples,seo and keyword research
seo tools rank checker,seo and keyword research
small seo tools,seo and keyword research
ahrefs keyword research tool,seo and keyword research
automated seo tools,seo and keyword research
best keyword research tool,seo and keyword research
cheap seo tools,seo and keyword research
free seo tools for keyword research,seo and keyword research
on page seo tools,seo and keyword research
seo software tools,seo and keyword research
best online seo tools,seo and keyword research
best paid seo tools,seo and keyword research
best seo online tools,seo and keyword research
best seo tools online,seo and keyword research
blog seo tools,seo and keyword research
online seo tools,seo and keyword research
seo search tools,seo and keyword research
seo tool for keyword research,seo and keyword research
seo tools for keyword research,seo and keyword research
seo tracking tools,seo and keyword research
small seo tools plagiarism checker,seo and keyword research
top seo tools,seo and keyword research
ahrefs keyword research,seo and keyword research
best local seo tools,seo and keyword research
best seo analysis tools,seo and keyword research
free keyword research,seo and keyword research
free seo keyword research tool,seo and keyword research
free seo tools for website,seo and keyword research
keyword research for website,seo and keyword research
keyword research site,seo and keyword research
keyword research sites,seo and keyword research
keyword research website,seo and keyword research
keyword research websites,seo and keyword research
keyword tools,seo and keyword research
online seo checker tools,seo and keyword research
paid seo tools,seo and keyword research
seo analysis tools online,seo and keyword research
seo site analysis tools,seo and keyword research
seo tools for website analysis,seo and keyword research
seo tools website analysis,seo and keyword research
seo website analysis tools,seo and keyword research
website seo software,seo and keyword research
wordpress seo tools,seo and keyword research
affordable seo tools,seo and keyword research
amazon keyword research,seo and keyword research
bulk seo tools,seo and keyword research
free online keyword research tool,seo and keyword research
free seo analysis tools,seo and keyword research
keyword research services,seo and keyword research
keyword research software,seo and keyword research
link building seo tools,seo and keyword research
seo keyword research service,seo and keyword research
seo keyword research services,seo and keyword research
seo link building tools,seo and keyword research
seo research,seo and keyword research
seo services keyword research,seo and keyword research
seo testing tools,seo and keyword research
seo tools keyword position,seo and keyword research
what is keywords research,seo and keyword research
amazon keyword research tool,seo and keyword research
best seo keyword research tool,seo and keyword research
blog keyword research,seo and keyword research
blogger keyword research,seo and keyword research
examples of keywords for seo,seo and keyword research
free seo checker tools,seo and keyword research
keyword research and analysis,seo and keyword research
keyword research for blog,seo and keyword research
keyword research for blogger,seo and keyword research
keyword research for bloggers,seo and keyword research
keyword research for blogs,seo and keyword research
keywords examples for seo,seo and keyword research
keywords for seo examples,seo and keyword research
new seo tools,seo and keyword research
sem keyword research,seo and keyword research
seo automation tools,seo and keyword research
seo keyword examples,seo and keyword research
seo keywords examples,seo and keyword research
seo monitoring tools,seo and keyword research
seo new tools,seo and keyword research
seo tools list,seo and keyword research
seo tools plagiarism,seo and keyword research
seo webmaster tools,seo and keyword research
types of seo,seo and keyword research
target customer service,customer service
empower customer service,customer service
boost customer service,customer service
ppl customer service,customer service
linkedin customer service,customer service
cloud field service software,customer service
customer service representative remote,customer service
customer service skills,customer service
bath and body customer service,customer service
boost customer service online,customer service
boost online customer service,customer service
met ed customer service,customer service
self customer service,customer service
customer service intuit quickbooks,customer service
intuit customer service quickbooks,customer service
select portfolio servicing customer service,customer service
service management,customer service
target online customer service,customer service
customer service for intuit,customer service
earnin customer service,customer service
product service management,customer service
customer service hot topic,customer service
shop customer service,customer service
sprint customer service,customer service
5/3 customer service,customer service
another term for customer service,customer service
another way to say customer service,customer service
another word customer service,customer service
credit human customer service,customer service
customer service images,customer service
customer service platforms,customer service
illuminating company customer service,customer service
it service management,customer service
marketplace customer service,customer service
other words for customer service,customer service
purchasing power customer service,customer service
world market customer service,customer service
act customer service,customer service
crm system for customer service,customer service
crm systems for customer service,customer service
automate customer service,customer service
back market customer service,customer service
consolidated communications customer service,customer service
consumer portfolio services customer service,customer service
customer service sales,customer service
customer service/sales,customer service
retail customer service,customer service
tops friendly markets customer service hours,customer service
tops markets customer service hours,customer service
walmart online shopping customer service,customer service
why is customer service important,customer service
e commerce customer service,customer service
e-commerce customer service,customer service
guess customer service,customer service
portfolio customer service,customer service
it service management tools,customer service
customer service rep meaning,customer service
servicenow field service management,customer service
pseg worry free customer service,customer service
customer service management servicenow,customer service
customer support meaning,customer service
corrigo field service management,customer service
change management,stakeholder and change management
leadership development program,stakeholder and change management
management styles,stakeholder and change management
leadership development,stakeholder and change management
leadership styles in management,stakeholder and change management
leadership vs management,stakeholder and change management
prosci change management,stakeholder and change management
change management process,stakeholder and change management
leadership and management,stakeholder and change management
management leadership for tomorrow,stakeholder and change management
transformational leadership theory,stakeholder and change management
itil change management,stakeholder and change management
leadership development coaching,stakeholder and change management
transformational leadership examples,stakeholder and change management
change management frameworks,stakeholder and change management
change management models,stakeholder and change management
leadership experience examples,stakeholder and change management
vision statement leadership,stakeholder and change management
kotter's change management models,stakeholder and change management
kotter's model of change management,stakeholder and change management
cricut design space,design (general)
design,design (general)
claude design,design (general)
design within reach,design (general)
e design,design (general)
interior design,design (general)
mehndi design,design (general)
peak design,design (general)
design essentials,design (general)
designer,design (general)
nail design ideas,design (general)
human design chart,design (general)
interior design services,design (general)
design district,design (general)
feature-sliced design,design (general)
grand design,design (general)
human design,design (general)
affinity designer,design (general)
avery design and print,design (general)
design synonym,design (general)
designer slides,design (general)
pacific design center,design (general)
drawing design,design (general)
giles deacon designer,design (general)
interior design firms,design (general)
design by si,design (general)
design with friends,design (general)
industrial design,design (general)
interior design magazine,design (general)
t-shirts designer,design (general)
wine and design,design (general)
border design,design (general)
design bundles,design (general)
design definition,design (general)
design space,design (general)
interior design styles,design (general)
mehndi design on pinterest,design (general)
mehndi design pinterest,design (general)
online design app,design (general)
pinterest mehndi design,design (general)
shirt design,design (general)
shirts designer,design (general)
art design,design (general)
biophilic design,design (general)
design hotels,design (general)
nature design,design (general)
robert wilson designer,design (general)
studio designer,design (general)
background design,design (general)
big idea design,design (general)
cannon design,design (general)
design a tablet,design (general)
design agency,design (general)
design camp,design (general)
design com,design (general)
design engineer,design (general)
design focus,design (general)
design in tablet,design (general)
design nails,design (general)
design studio,design (general)
family design,design (general)
interior design schools,design (general)
interior design studio,design (general)
kindig it design,design (general)
reading design,design (general)
shopping design,design (general)
triple aught design,design (general)
architectural designer,design (general)
creative design,design (general)
cricut design,design (general)
custom computer designs,design (general)
day designer planner,design (general)
deck design,design (general)
design apps,design (general)
digital design,design (general)
line design,design (general)
pagani design,design (general)
pattern design,design (general)
signature design by ashley,design (general)
trex deck designer,design (general)
wall design,design (general)
ajt design,design (general)
art center of design,design (general)
back taper design,design (general)
bauhaus design,design (general)
bw design group,design (general)
consigned by design,design (general)
custom design,design (general)
dashboard design,design (general)
design build,design (general)
design fails,design (general)
design files,design (general)
design ideas,design (general)
design patent attorney,design (general)
design patent attorneys,design (general)
design within reach outlet,design (general)
engineering design,design (general)
flag designer,design (general)
forward controls design,design (general)
freestyle design,design (general)
home designer,design (general)
lighting design,design (general)
lowe deck designer,design (general)
mantel design ideas,design (general)
open design,design (general)
scout design studio,design (general)
silhouette design store,design (general)
simple designs,design (general)
swing design,design (general)
transitional design,design (general)
altium designer,design (general)
arco design build,design (general)
bound by design,design (general)
catapult design,design (general)
day designer,design (general)
design 39,design (general)
design a shirt,design (general)
design an invitation,design (general)
design and architecture senior high,design (general)
design build firms,design (general)
design home,design (general)
designer frames,design (general)
designer studio,design (general)
finnish design shop,design (general)
grand design imagine,design (general)
graphic tee design,design (general)
gv art and design,design (general)
how to become an interior designer,design (general)
lego digital designer,design (general)
matched pair design,design (general)
matched pairs design,design (general)
maxton design,design (general)
memphis design,design (general)
name design,design (general)
staircase design,design (general)
viridian design district,design (general)
alpine design,design (general)
architecture house design,design (general)
art and design building,design (general)
bernhardt design,design (general)
body by design,design (general)
brother sister design studio,design (general)
by design,design (general)
card design studio,design (general)
ceiling design,design (general)
closet design tool,design (general)
consign and design,design (general)
cool design drawing,design (general)
custom design benefits,design (general)
design a stone,design (general)
design arena,design (general)
design me,design (general)
design miami,design (general)
design shirts,design (general)
dsw designer,design (general)
elyse breanne design,design (general)
grand design reflection,design (general)
helms design district,design (general)
human design types,design (general)
interior design ideas,design (general)
interior design internships,design (general)
kitchen design services,design (general)
little design co,design (general)
modern design,design (general)
nest design,design (general)
rayon design,design (general)
rw designer,design (general)
set design,design (general)
set designer,design (general)
shigley's mechanical engineering design,design (general)
swirl design,design (general)
toe nails design,design (general)
urban design,design (general)
valentino designer,design (general)
y2k design,design (general)
abstract design,design (general)
anr design,design (general)
contrast as a principle of design,design (general)
design center,design (general)
design house,design (general)
design one,design (general)
design styles,design (general)
door design,design (general)
fade design,design (general)
interior design books,design (general)
jeffrey surles design,design (general)
love design,design (general)
santa barbara design studio,design (general)
window design,design (general)
word design,design (general)
object oriented analysis and design,design (general)
designing data intensive applications book,design (general)
machine design,design (general)
computer design,design (general)
data center design,design (general)
electrical design engineer,design (general)
mission design and automation,design (general)
technology design,design (general)
c&t design and equipment,design (general)
computer organization and design,design (general)
digital design and computer architecture,design (general)
systems design engineering,design (general)
technology by design,design (general)
embedded systems design,design (general)
product,unassigned
raw story,unassigned
thingiverse website,unassigned
product recalls,unassigned
storyline online,unassigned
web,unassigned
list crawlers,unassigned
who delivers your offer to the seller framework,unassigned
word document,unassigned
story viewer,unassigned
functional analysis screening tool,unassigned
management,unassigned
primary number,unassigned
reading terminal market,unassigned
story,unassigned
sales,unassigned
snapchat web,unassigned
std testing,unassigned
turning point,unassigned
web development,unassigned
website builder,unassigned
writing,unassigned
tb testing,unassigned
wix website builder,unassigned
anonymous story viewer,unassigned
important synonym,unassigned
project,unassigned
requirements,unassigned
social media,unassigned
customer,unassigned
futures market,unassigned
important,unassigned
market futures,unassigned
portfolio,unassigned
prometric testing center,unassigned
temu website,unassigned
website hosting,unassigned
black friday sales,unassigned
case status online,unassigned
engineering software,unassigned
free iq test,unassigned
industrial technical services,unassigned
inspiration point,unassigned
internet test,unassigned
meta ads manager,unassigned
night manager,unassigned
online advertising platform,unassigned
online dictionary,unassigned
pokemon go web store,unassigned
priority,unassigned
regions online,unassigned
stock market game,unassigned
task management,unassigned
tech deck,unassigned
word tutorial,unassigned
wordle website,unassigned
datadog,unassigned
dictionary online,unassigned
dogpile website,unassigned
fanfiction net website,unassigned
genius lyrics website,unassigned
manager,unassigned
metric system,unassigned
online notepad,unassigned
owner,unassigned
priority tire,unassigned
short story,unassigned
software engineer,unassigned
stbbi testing,unassigned
tire sales,unassigned
web store,unassigned
webmail juno on the web,unassigned
crm meaning,unassigned
free website builder,unassigned
maintenance required,unassigned
meeting,unassigned
online directory service,unassigned
online directory services,unassigned
rules of engagement,unassigned
stock market today live chart,unassigned
stories ig,unassigned
stories navigation,unassigned
story dispensary,unassigned
tabs number,unassigned
wake tech,unassigned
aa online meetings,unassigned
allergy testing,unassigned
another word of important,unassigned
ask a manager,unassigned
clinical laboratory testing,unassigned
cloud based productivity and collaboration tools,unassigned
first tech,unassigned
important other term,unassigned
infographic examples,unassigned
initiative meaning,unassigned
iterations meaning,unassigned
lab report 9 bacterial flagella and motility testing,unassigned
methodology,unassigned
other term for importance,unassigned
other term for important,unassigned
power to choose,unassigned
technical advisory committee,unassigned
urgent,unassigned
vision board ideas,unassigned
writer,unassigned
and other stories,unassigned
erp software,unassigned
etsy website,unassigned
long story short,unassigned
msrp meaning,unassigned
needoh website,unassigned
new energy and industrial technology development organization,unassigned
nex-tech classifieds,unassigned
nwea testing,unassigned
project pat,unassigned
remote work,unassigned
retention,unassigned
sc online sales,unassigned
standardized testing,unassigned
tech news,unassigned
technology business incubator meaning,unassigned
the stock market game,unassigned
theoretical meaning,unassigned
word art,unassigned
word cloud,unassigned
written up at work,unassigned
ads manager,unassigned
analyst,unassigned
anon stories,unassigned
apa website citation,unassigned
application essay examples,unassigned
case study,unassigned
classmates website,unassigned
duns number,unassigned
enterprise meaning,unassigned
fomc meeting,unassigned
forsyth tech,unassigned
free typing test,unassigned
how is the stock market doing today,unassigned
how the market works,unassigned
how to make a website,unassigned
information technology,unassigned
lanier tech,unassigned
launching point,unassigned
mac stories,unassigned
part number,unassigned
plug tech,unassigned
pre market futures,unassigned
rv sales,unassigned
sales force,unassigned
shoe sales,unassigned
spectrum number,unassigned
story li,unassigned
technical,unassigned
testosterone testing,unassigned
tires online,unassigned
types of engineering,unassigned
value added reseller,unassigned
walmart product recall items list,unassigned
what is the stock market doing today,unassigned
animal testing,unassigned
asbestos testing,unassigned
asd testing adults,unassigned
business plan,unassigned
case search eams,unassigned
city tech,unassigned
closed questions in research,unassigned
clothing sales,unassigned
construction management,unassigned
interpals web,unassigned
interpals website,unassigned
list crawlers dc,unassigned
list crawling dc,unassigned
messages for web,unassigned
na periodic table,unassigned
notes online,unassigned
office of management,unassigned
ox number,unassigned
patriot web,unassigned
pivot point,unassigned
pre market trading,unassigned
prefixes for the metric system,unassigned
prefixes of metric system,unassigned
project stem,unassigned
projects meaning,unassigned
psi testing center,unassigned
retention def,unassigned
sales associate,unassigned
start a business plan,unassigned
starting a business plan,unassigned
trident tech,unassigned
turnitin website,unassigned
web wa,unassigned
web washington,unassigned
website checker,unassigned
website maker,unassigned
wix website,unassigned
bull market,unassigned
business analyst,unassigned
cite website,unassigned
comprehensive lab testing,unassigned
dark horizons website,unassigned
essays writing,unassigned
evolve to meaning,unassigned
evolving meaning,unassigned
flextime manager,unassigned
gateway tech,unassigned
how did the stock market do today,unassigned
how to buy stocks,unassigned
illuminate testing,unassigned
inside the story,unassigned
lfucg jail website,unassigned
linkedin sales navigator,unassigned
management abbreviation,unassigned
mission statement,unassigned
mold testing,unassigned
national testing service,unassigned
online labels,unassigned
online ruler,unassigned
online whiteboard,unassigned
operations manager,unassigned
other stories,unassigned
powerpoint online,unassigned
priority notification meaning,unassigned
property manager,unassigned
pv story,unassigned
social media management platforms,unassigned
software companies,unassigned
software developer,unassigned
stock market futures for tomorrow,unassigned
stock market hours,unassigned
story synonym,unassigned
synonyms story,unassigned
systemic meaning,unassigned
target website,unassigned
textfree web,unassigned
the useless web,unassigned
the useless web site,unassigned
the useless website,unassigned
the web useless,unassigned
theme examples,unassigned
thesis examples,unassigned
time market,unassigned
time out market,unassigned
tin number,unassigned
value proposition,unassigned
web app,unassigned
white house website,unassigned
why is the stock market up today,unassigned
world market hours,unassigned
another word for development,unassigned
apa citation website 2 authors,unassigned
atomic number mean,unassigned
b2b meaning,unassigned
bear market,unassigned
bing webmaster tools,unassigned
blackhawk tech,unassigned
brooks website,unassigned
caaspp testing,unassigned
call to action,unassigned
cloud based crm platform,unassigned
cloud based crm platforms,unassigned
coach outlet online,unassigned
compatibility test,unassigned
disney com website,unassigned
ecommerce business,unassigned
eds testing,unassigned
enhance meaning,unassigned
enhancing meaning,unassigned
food allergy testing,unassigned
freelancer website,unassigned
fundamental meaning,unassigned
grindr web,unassigned
high tech,unassigned
incremental meaning,unassigned
iq test free online,unassigned
iterative meaning,unassigned
kitchen master,unassigned
laptop sales,unassigned
mass number,unassigned
mdn web docs,unassigned
methodology means,unassigned
myers-briggs type indicator test,unassigned
noninvasive prenatal testing,unassigned
oscn case search,unassigned
personal statement examples,unassigned
project anchor,unassigned
pursuing meaning,unassigned
scenario def,unassigned
scenario definition,unassigned
scientific thinking testing the safety of bisphenol a,unassigned
scientific thinking: testing the safety of bisphenol a,unassigned
script writing,unassigned
simple case search,unassigned
social media manager,unassigned
squarespace website builder,unassigned
story view,unassigned
sunstrong management,unassigned
switch 2 sales,unassigned
target sales,unassigned
tasque manager,unassigned
tech companies,unassigned
the knot website,unassigned
the story,unassigned
the tipping point,unassigned
tools to grow,unassigned
trailer sales,unassigned
uber eats manager,unassigned
warranty meaning,unassigned
wayside story,unassigned
web restaurant,unassigned
what are the requirements,unassigned
what did the stock market do today,unassigned
whiteboard online,unassigned
why is it important,unassigned
world wide web,unassigned
abdl stories,unassigned
american sales,unassigned
analogy examples,unassigned
at home dna testing kits,unassigned
b2b sales,unassigned
banner web,unassigned
bates tech,unassigned
business management,unassigned
campaign meaning,unassigned
cava order online,unassigned
cloud based crm software,unassigned
cloud based productivity tools,unassigned
cloud crm software,unassigned
cloud-based crm software,unassigned
cloud-based productivity tools,unassigned
doj website,unassigned
ezpass website,unassigned
filter question examples,unassigned
filter questions examples,unassigned
furniture sales,unassigned
ga tech,unassigned
how to create a website,unassigned
how to day trade,unassigned
how's the stock market doing today,unassigned
inventory management software,unassigned
iplt20 website,unassigned
is stock market open tomorrow,unassigned
is the stock market open tomorrow,unassigned
journal entry,unassigned
labor day sales,unassigned
lane tech,unassigned
market crash,unassigned
market futures today,unassigned
mckesson supply manager,unassigned
metric ton ton,unassigned
metric tonne ton,unassigned
mla website citation,unassigned
nc testing desmos,unassigned
online ceramics,unassigned
online compass,unassigned
pacific sales,unassigned
pft testing,unassigned
priority meaning,unassigned
priority means,unassigned
progressive web app,unassigned
project lead the way,unassigned
project repat,unassigned
quotation citation examples,unassigned
qvc website,unassigned
re number,unassigned
record online,unassigned
research synonyms,unassigned
resolutions meaning,unassigned
reverse image search tools,unassigned
reynold number,unassigned
reynolds number,unassigned
riverside data manager,unassigned
sales navigator,unassigned
sales representative,unassigned
sample sales nyc,unassigned
senior monitoring systems,unassigned
shift to meaning,unassigned
short story box,unassigned
social media optimisation,unassigned
social media platforms,unassigned
soupy sales,unassigned
starbucks website,unassigned
stock market close today,unassigned
stock market graph,unassigned
stories anonymous,unassigned
story ideas,unassigned
synonym for tech,unassigned
synonym tech,unassigned
synonym testing,unassigned
synonyms for tech,unassigned
synonyms for testing,unassigned
synonyms of tech,unassigned
synonyms tech,unassigned
tech synonyms,unassigned
testing center,unassigned
testing mom,unassigned
testing synonym,unassigned
the web,unassigned
times online,unassigned
tire sales and installation,unassigned
ton metric ton,unassigned
tonne and metric tonne,unassigned
urgent meaning,unassigned
vending machine business,unassigned
very important people,unassigned
web meaning,unassigned
why is the market up today,unassigned
writing center,unassigned
6 word memoir,unassigned
a & b testing,unassigned
accounts manager,unassigned
adult stories,unassigned
adult website,unassigned
ambleside online,unassigned
appliance sales,unassigned
argumentative essay examples,unassigned
assistant manager,unassigned
behavior analyst,unassigned
best money market accounts,unassigned
best website builder,unassigned
boing boing website,unassigned
chewy website,unassigned
clothing and sales,unassigned
cnn market futures,unassigned
content manager,unassigned
continued story,unassigned
correspondent book,unassigned
crawler list,unassigned
creative writing,unassigned
credence book,unassigned
cumulative meaning,unassigned
data analysis tools,unassigned
data entry clerk,unassigned
dating website okcupid,unassigned
delta website,unassigned
desmos nc testing,unassigned
doubleclick campaign manager,unassigned
dropshipping business,unassigned
electrical technical officer,unassigned
empty can testing,unassigned
ems testing,unassigned
enterprise sales,unassigned
events entry,unassigned
examples of a business,unassigned
examples of business,unassigned
examples of businesses,unassigned
expository writing,unassigned
fast testing portal,unassigned
ford account manager,unassigned
free text,unassigned
freelance writing services,unassigned
general manager,unassigned
getting things done,unassigned
integrated meaning,unassigned
integrating meaning,unassigned
intelligence analyst,unassigned
internal affairs,unassigned
islamic prayer times website,unassigned
it companies,unassigned
item restoration wow,unassigned
journaling for shadow work,unassigned
kibbe body type test,unassigned
laboratory conditions,unassigned
lyrics meanings website,unassigned
market close today,unassigned
market futures now,unassigned
mechanistic meaning,unassigned
medical device sales,unassigned
mission statement examples,unassigned
mla book citation,unassigned
mla in-text citation website,unassigned
new tech,unassigned
okcupid online dating site,unassigned
online dating platforms,unassigned
online directories,unassigned
online fix,unassigned
online form builder,unassigned
online notes,unassigned
patagonia web specials,unassigned
port master,unassigned
priority workforce,unassigned
productivity tools,unassigned
psi testing,unassigned
qbo online,unassigned
quarter master,unassigned
r website,unassigned
reddit moderator,unassigned
regression testing,unassigned
rent manager,unassigned
savannah tech,unassigned
self tech,unassigned
servsafe manager,unassigned
shoppers value,unassigned
soil testing,unassigned
stock market holidays,unassigned
stock market hours today,unassigned
stock market simulator,unassigned
story time,unassigned
story watcher,unassigned
target number,unassigned
target product recall,unassigned
target product recalls,unassigned
tech express,unassigned
tech hub,unassigned
tech hubs,unassigned
technical skills,unassigned
ton metric,unassigned
tonne metric,unassigned
tonne metric ton,unassigned
us yahoo website,unassigned
vi number,unassigned
web developer,unassigned
web smart,unassigned
web sudoku hard,unassigned
website creator,unassigned
website domain,unassigned
website icon,unassigned
what is happening to the stock market today,unassigned
what is stock market doing today,unassigned
wix website maker,unassigned
women's std testing,unassigned
work quotes,unassigned
work study,unassigned
wpd web,unassigned
wpd website,unassigned
writers clipart,unassigned
x website,unassigned
ad venture meaning,unassigned
advertisement examples,unassigned
albany tech,unassigned
amh testing,unassigned
another word essential,unassigned
another word for essential,unassigned
another word for essentials,unassigned
anxiety manager,unassigned
architecture definition,unassigned
backflow testing,unassigned
banner web grambling,unassigned
biggest number,unassigned
bull vs bear market,unassigned
buy a domain,unassigned
buy website domain,unassigned
bv testing,unassigned
channel master,unassigned
cloud based hr software,unassigned
cloud based human resources software,unassigned
cloud research,unassigned
cloud-based hr software,unassigned
conclusion examples,unassigned
create a website,unassigned
customer success manager,unassigned
d2l midlands tech,unassigned
dam testing annex key,unassigned
data centers in texas,unassigned
datadog careers,unassigned
define important,unassigned
desmos texas testing,unassigned
dot number,unassigned
essay examples,unassigned
essential another word,unassigned
essentials in writing,unassigned
event manager,unassigned
examples of conclusions,unassigned
free portfolio website,unassigned
freelance writing,unassigned
ged testing service,unassigned
genetic testing for pregnancy,unassigned
grambling banner web,unassigned
gwinnett tech dashboard,unassigned
harbor group management,unassigned
high point market,unassigned
hoa management,unassigned
hoa management companies,unassigned
hobby lobby website,unassigned
hr software,unassigned
hud website,unassigned
ibm skills build,unassigned
ide development,unassigned
iep writer,unassigned
image uploader,unassigned
in depth testing,unassigned
information systems,unassigned
interphase meaning,unassigned
is the stock market up or down today,unassigned
jellycat website,unassigned
lego website,unassigned
lib tech,unassigned
make a website,unassigned
management information systems,unassigned
mcdonalds website,unassigned
memo examples,unassigned
metro tech,unassigned
mifl stories,unassigned
municipal development plan,unassigned
nccer testing,unassigned
non-invasive prenatal testing,unassigned
official website,unassigned
online converter,unassigned
online definition,unassigned
online library,unassigned
online mirror,unassigned
online vet,unassigned
online will service,unassigned
oracle owner,unassigned
oscillations meaning,unassigned
pennco tech,unassigned
pinterest ideas,unassigned
portfolio website,unassigned
primary source examples,unassigned
priority one,unassigned
priority partners,unassigned
priority synonym,unassigned
project coordinator,unassigned
project expedition,unassigned
promote meaning,unassigned
quest diagnostic open,unassigned
reddit office of personnel management,unassigned
reinforcing meaning,unassigned
reminder media,unassigned
retail sales associate,unassigned
sat writing and language questions,unassigned
sat writing practice,unassigned
small business plan,unassigned
snap requirements,unassigned
social media influencers,unassigned
social media management tools,unassigned
software engineer remote,unassigned
software engineering internships,unassigned
sonic website,unassigned
stages of development,unassigned
stock market open time,unassigned
story of the year,unassigned
story typing test,unassigned
story writer,unassigned
stride on meaning,unassigned
swiss tech,unassigned
tech smart,unassigned
the project,unassigned
thinkorswim web,unassigned
tradingview download,unassigned
turning point ministries,unassigned
typing test story,unassigned
urgent synonyms,unassigned
us futures market,unassigned
usu testing center,unassigned
va tech,unassigned
view story,unassigned
vinted website,unassigned
walmart sales,unassigned
watch story,unassigned
web hosting services,unassigned
website building platforms,unassigned
website down,unassigned
website genius,unassigned
wellington management,unassigned
wills point,unassigned
word document online,unassigned
wordpress website,unassigned
work meta com device,unassigned
www a,unassigned
xanga website,unassigned
achieves meaning,unassigned
after hours stock market,unassigned
another word for crucial,unassigned
another word for required,unassigned
asbestos testing lab,unassigned
ascension point,unassigned
associate of business administration,unassigned
asu banner web,unassigned
asurams banner web,unassigned
banner web asurams,unassigned
benefits online,unassigned
book summaries,unassigned
case look up,unassigned
case studies,unassigned
case studies meaning,unassigned
case study def,unassigned
case study defined,unassigned
case study definition,unassigned
case study meaning,unassigned
cass tech,unassigned
clinical testing,unassigned
cloud website builder,unassigned
cmms software,unassigned
computer-aided process planning,unassigned
construction engineering,unassigned
construction management software,unassigned
construction manager,unassigned
content manager for assetto corsa,unassigned
cost of goods sold,unassigned
data visualization tools,unassigned
davis tech,unassigned
deposition examples,unassigned
direct express website,unassigned
e zpass new york website,unassigned
entrepreneurial skills,unassigned
essex tech,unassigned
examples for secondary sources,unassigned
examples of a thematic statement,unassigned
examples of monopolies,unassigned
examples of secondary references,unassigned
examples of secondary sources,unassigned
examples of thematic statements,unassigned
examples of theme statement,unassigned
examples secondary sources,unassigned
ezatest/testing,unassigned
foreflight web,unassigned
free act practice test,unassigned
free online typing test,unassigned
free people return policy,unassigned
free website maker,unassigned
full focus planner,unassigned
gain of function research,unassigned
gat story,unassigned
genetic testing for eds,unassigned
hamari website,unassigned
head to toe assessment,unassigned
how is the market doing today,unassigned
how to short a stock,unassigned
how to start day trading,unassigned
how to start investing,unassigned
importance means,unassigned
important meaning,unassigned
j w online library,unassigned
keeneland sales,unassigned
letter writing,unassigned
lowe's tech hub,unassigned
lx number,unassigned
market open time,unassigned
meaning for retail,unassigned
metric band,unassigned
millennium management,unassigned
nail story,unassigned
narrative writing,unassigned
ncsu delta testing,unassigned
new business plan,unassigned
new york tech week,unassigned
no code website builder,unassigned
o b s sales,unassigned
obs sales,unassigned
ocala obs sales,unassigned
online black friday sales,unassigned
online dating sites,unassigned
online encyclopedia,unassigned
online weight loss programs,unassigned
other words for story,unassigned
owner operator,unassigned
panera bread website,unassigned
portfolio examples,unassigned
priority wire,unassigned
progress with meaning,unassigned
progression meaning,unassigned
publix sales,unassigned
quantitative analyst,unassigned
ranking website,unassigned
real analysis,unassigned
reference book english,unassigned
renew tag online,unassigned
retail meaning,unassigned
retailers meaning,unassigned
rsvp website,unassigned
sales engineer,unassigned
sales manager,unassigned
sales tools,unassigned
schneider owner operator,unassigned
schwab money market,unassigned
secondary document examples,unassigned
secondary sources examples,unassigned
social media ads,unassigned
software as a service,unassigned
software definition,unassigned
sole proprietorship examples,unassigned
solutions architect,unassigned
sourceforge website,unassigned
southwest tech,unassigned
sown to grow,unassigned
spec driven development,unassigned
squarespace website,unassigned
startup project,unassigned
stock prices real time free,unassigned
story arc,unassigned
story plot summary,unassigned
subscription manager,unassigned
tech bro,unassigned
tech energy,unassigned
tech holidays,unassigned
tech motive,unassigned
tech sales,unassigned
tech savvy,unassigned
tech score,unassigned
tech sideline,unassigned
technical documentation,unassigned
technical proficiency,unassigned
technical writing,unassigned
testing for infertility in women,unassigned
textnow web,unassigned
thematic statement examples,unassigned
thematic statements examples,unassigned
thirty dollar website,unassigned
tim stories,unassigned
titan web,unassigned
to be determined to,unassigned
travelling sales person problem,unassigned
trimble tech,unassigned
trutech tools,unassigned
tumble tech,unassigned
twitter web view,unassigned
twitter web viewer,unassigned
wainscoting ideas,unassigned
website templates,unassigned
welcome home website,unassigned
what is a sales associate,unassigned
what is b2b sales,unassigned
what website,unassigned
whole foods sales,unassigned
wiregrass tech,unassigned
woman fertility testing,unassigned
word web,unassigned
workforce management software,unassigned
writing craft,unassigned
writing definition,unassigned
writing styles,unassigned
zine examples,unassigned
zrs management,unassigned
alliance technical group,unassigned
anecdote examples,unassigned
anecdotes and examples,unassigned
apa citation format website,unassigned
apply for ein online,unassigned
architecture books,unassigned
art howe manager,unassigned
atlas technical consultants,unassigned
att website,unassigned
basics of software testing,unassigned
best black friday sales,unassigned
body story spreading menace worksheet answers,unassigned
book citation,unassigned
book report,unassigned
business continuity plan,unassigned
business management consultant,unassigned
business plan examples,unassigned
butler tech,unassigned
car seat sales,unassigned
carnival website,unassigned
case net.com,unassigned
case study examples,unassigned
cellular sales,unassigned
chat story,unassigned
cheap web hosting,unassigned
commercial disclaimer examples,unassigned
common app essay examples,unassigned
compass online,unassigned
complexities meaning,unassigned
computer information systems,unassigned
construction specialties,unassigned
content management systems,unassigned
crest management,unassigned
customer first,unassigned
davita village web,unassigned
desert tech,unassigned
different types of engineering,unassigned
digital level,unassigned
digital portfolio,unassigned
disney website,unassigned
duck website,unassigned
e commerce meaning,unassigned
effex management solutions,unassigned
entrepreneur examples,unassigned
etsy shop manager,unassigned
everygirl tech background,unassigned
everygirl tech backgrounds,unassigned
examples of anecdote,unassigned
examples of anecdotes,unassigned
fisher testing,unassigned
five below website,unassigned
founders online,unassigned
frat testing,unassigned
free ati teas practice test,unassigned
free pregnancy test,unassigned
fuggler website,unassigned
gateways to opportunity,unassigned
general dynamics information technology,unassigned
give me a website,unassigned
godaddy website builder,unassigned
grant writing,unassigned
graphic organizer examples,unassigned
hardware sales,unassigned
hennepin tech,unassigned
her story,unassigned
home work,unassigned
hook examples for essays,unassigned
hospitality management,unassigned
hostinger website builder,unassigned
how to build a website,unassigned
how to start investing in stocks,unassigned
hydrogen breath testing,unassigned
id tech,unassigned
impact testing,unassigned
impacttestonline/testing,unassigned
implementing meaning,unassigned
improve meaning,unassigned
increase meaning,unassigned
increases meaning,unassigned
increasing meaning,unassigned
introduction paragraph examples,unassigned
jp morgan guide to the markets,unassigned
kia parts online,unassigned
kroger sales,unassigned
largest number name,unassigned
latex number of pages,unassigned
lawrence tech,unassigned
lead testing,unassigned
lively tech,unassigned
load testing,unassigned
ltd business meaning,unassigned
mac sales,unassigned
machine time web,unassigned
magma drawing website,unassigned
manager art howe,unassigned
market close,unassigned
market close time,unassigned
market hours,unassigned
market open,unassigned
market open today,unassigned
market value adjustment meaning,unassigned
mass number def,unassigned
mcdowell tech,unassigned
meaning complexities,unassigned
meta data centers,unassigned
mi case search,unassigned
mla citation format website,unassigned
mla citation website,unassigned
most important synonym,unassigned
most important synonyms,unassigned
motivational sales quotes,unassigned
mt manager,unassigned
naic number,unassigned
nonillion number,unassigned
nonograms online,unassigned
nuclear testing,unassigned
number block,unassigned
nyc open data,unassigned
office manager,unassigned
official colosseum website,unassigned
online advertising programs,unassigned
online legal services,unassigned
online portal,unassigned
online shopping websites,unassigned
online will,unassigned
operations management,unassigned
option strategy,unassigned
perry tech,unassigned
pinterest web,unassigned
pro writing aid,unassigned
product testing,unassigned
project engineer,unassigned
rc management,unassigned
recent sales,unassigned
recursiveness meaning,unassigned
resource management,unassigned
ridge tech,unassigned
robotic process automation,unassigned
robotics companies,unassigned
roots to rise,unassigned
sba business plan template,unassigned
scoreboard online,unassigned
screenplay examples,unassigned
sequencing questions,unassigned
sextillion number,unassigned
smith sales,unassigned
smoke testing,unassigned
snap work requirements,unassigned
social media agency,unassigned
social media management,unassigned
social media sites,unassigned
software architect uml,unassigned
sps tools,unassigned
square website,unassigned
starting point,unassigned
stock market open tomorrow,unassigned
stock market reddit,unassigned
story elements,unassigned
story snap,unassigned
study websites,unassigned
synonym most important,unassigned
systematic meaning,unassigned
table of contents word,unassigned
tail number lookup,unassigned
target master,unassigned
tech cafe,unassigned
tech center,unassigned
technical definition,unassigned
technical difficulty,unassigned
technical writer,unassigned
testing 1 23,unassigned
testing 123,unassigned
the turning point,unassigned
theoretically meaning,unassigned
theory meaning,unassigned
time machine website,unassigned
trading market,unassigned
truck sales,unassigned
twitter web,unassigned
ulta website,unassigned
unit testing,unassigned
va website,unassigned
vision statement examples,unassigned
walmart consumer product recalls,unassigned
webmaster tools,unassigned
website builder for small business,unassigned
website time machine,unassigned
website traffic,unassigned
what caused the stock market crash of 1929,unassigned
what is the exposition of a story,unassigned
wingstop website,unassigned
wordle solver website,unassigned
wordpress website builder,unassigned
world's largest number,unassigned
writing help,unassigned
writing paper,unassigned
yeezy website,unassigned
zendesk web widget,unassigned
5 below return policy,unassigned
a story,unassigned
adaptation examples,unassigned
ados testing,unassigned
advantage auto sales,unassigned
amazon area manager,unassigned
american lease & management,unassigned
annotate examples,unassigned
annotation examples,unassigned
another word for indispensable,unassigned
another word for necessary,unassigned
appeal to majority,unassigned
ase testing,unassigned
att sales dashboard,unassigned
b2b sales meaning,unassigned
ban congressional prediction market trading,unassigned
bear market definition,unassigned
biography examples,unassigned
book outline,unassigned
brand strategy,unassigned
brewers manager,unassigned
build a website,unassigned
bull market definition,unassigned
business management software,unassigned
business tycoon meaning,unassigned
calfresh number,unassigned
cascadia tech,unassigned
cell tech,unassigned
ceramics ideas,unassigned
chat tech,unassigned
cl bohr model,unassigned
cloud-based crm,unassigned
cohesion examples,unassigned
cohesive examples,unassigned
common app essays,unassigned
conclusion paragraph examples,unassigned
coop tech,unassigned
data manager,unassigned
definition of a story,unassigned
denmark tech,unassigned
desmos testing texas,unassigned
deterministic meaning,unassigned
dick's sales,unassigned
different word for necessary,unassigned
direct to consumer lab testing,unassigned
direct-to-consumer lab testing,unassigned
disc assessment types,unassigned
dollar general sales ad,unassigned
download testing file,unassigned
driven auto sales,unassigned
dyscalculia testing,unassigned
electronics companies,unassigned
energy information administration,unassigned
engineering companies,unassigned
erp system examples,unassigned
essay introduction examples,unassigned
estimating software,unassigned
examples of an annotation,unassigned
examples of annotation,unassigned
examples of cohesion,unassigned
examples of motif,unassigned
examples of oligopoly,unassigned
farkle score sheet,unassigned
fidelity management & research,unassigned
fidelity management and research,unassigned
find a domain,unassigned
first tech challenge,unassigned
fnf testing,unassigned
fpi management,unassigned
frame story,unassigned
free crm,unassigned
full story,unassigned
future market,unassigned
future tech,unassigned
genetic testing direct-to-consumer,unassigned
genetic testing for medication,unassigned
gsw owner,unassigned
hearing testing,unassigned
hegseth meeting,unassigned
hipot testing,unassigned
household manager,unassigned
how is the stock market today,unassigned
how to trade,unassigned
how to trade stocks,unassigned
human development,unassigned
in order to form a more perfect union,unassigned
info tech hs,unassigned
info tech tutorial,unassigned
information com,unassigned
internal audit,unassigned
iowa testing,unassigned
is the market open tomorrow,unassigned
j and g sales,unassigned
jc sales,unassigned
journal entry example,unassigned
leinweber computer science and information building,unassigned
lemon testing,unassigned
list crawler rc,unassigned
manager brewers,unassigned
market correction,unassigned
market prediction for tomorrow,unassigned
market structure,unassigned
master electrician,unassigned
mc number,unassigned
mc stories,unassigned
meaning of business tycoon,unassigned
media pitch example,unassigned
meeting agenda,unassigned
metric system conversion,unassigned
metric to standard conversion,unassigned
middlesex management,unassigned
mitchell tech,unassigned
mode story,unassigned
morning meeting,unassigned
morning story,unassigned
motifs examples,unassigned
naep testing,unassigned
narrative essay examples,unassigned
natera testing,unassigned
non destructive testing,unassigned
number match,unassigned
oligopolies examples,unassigned
oligopolistic examples,unassigned
oligopoly examples,unassigned
operations analyst,unassigned
parts of a story,unassigned
pearson testing,unassigned
personal narrative examples,unassigned
plot of a story,unassigned
point of care testing,unassigned
prenatal testing,unassigned
presidents day sales,unassigned
primary consumer examples,unassigned
private story names,unassigned
project casting,unassigned
project search,unassigned
python data analysis tools,unassigned
races writing strategy,unassigned
real-world examples,unassigned
repurpose project,unassigned
reserves market graph,unassigned
retail sales,unassigned
sbm management,unassigned
sc sales,unassigned
scholastic writing contest,unassigned
scientific number python,unassigned
scrub tech,unassigned
secondary consumer examples,unassigned
settings for a story,unassigned
shelter manager,unassigned
short form of service,unassigned
short story ideas,unassigned
sks sales,unassigned
stage manager,unassigned
stands on business meaning,unassigned
starter story,unassigned
stock market close time,unassigned
stock market heat map,unassigned
story climax,unassigned
story definition,unassigned
story maker,unassigned
storyboard examples,unassigned
supply chain analyst,unassigned
synonyms for extremely important,unassigned
systems analyst,unassigned
task reviews,unassigned
tech consulting,unassigned
tech consulting companies,unassigned
tech pack,unassigned
tech ridge,unassigned
tech stack,unassigned
technical arena,unassigned
technical interest,unassigned
testing desmos,unassigned
testing for mold exposure,unassigned
thc testing,unassigned
the management trust,unassigned
the repurpose project,unassigned
tick performance,unassigned
ticketmaster account manager,unassigned
title tech,unassigned
turning point def,unassigned
turning point halftime,unassigned
twins manager,unassigned
types of architecture,unassigned
utilization management,unassigned
value added reseller meaning,unassigned
value-added reseller meaning,unassigned
vending machine business plan,unassigned
verbal test examples,unassigned
vision statement,unassigned
walmart product recalls cpsc,unassigned
western tech,unassigned
what is a bear market,unassigned
what is a bull market,unassigned
what is animal testing,unassigned
what is genetic testing,unassigned
what is information technology,unassigned
what is stock market,unassigned
what is the market doing today,unassigned
whittier tech,unassigned
wida testing,unassigned
work cited mla format,unassigned
workplace management platform,unassigned
writer journal,unassigned
writing a story,unassigned
writing battle,unassigned
writing it out,unassigned
writing process,unassigned
account management,unassigned
acknowledgments book,unassigned
after hours stock market today,unassigned
all real number,unassigned
allergy patch testing,unassigned
analysis examples,unassigned
and most important,unassigned
another word project,unassigned
apoe testing,unassigned
appendix book,unassigned
architecture diagram,unassigned
ark testing,unassigned
assistant to the regional manager,unassigned
att account management,unassigned
augmented reality for sales,unassigned
autoimmunity testing,unassigned
b2c meaning,unassigned
barrier to entry,unassigned
best buy sales,unassigned
beta testing,unassigned
beta testing meaning,unassigned
bh management,unassigned
big tech,unassigned
bike sales,unassigned
blog examples,unassigned
business acumen meaning,unassigned
business plan for a cleaning business,unassigned
business plan for cleaning services,unassigned
buy a domain name,unassigned
call to action examples,unassigned
camelot information systems,unassigned
ccs companies,unassigned
central route to persuasion,unassigned
chick fil a website,unassigned
cleaning business plan,unassigned
cleaning company business plan,unassigned
cloud based inventory management system,unassigned
cloud connect research,unassigned
coddy tech,unassigned
commercial real estate property management,unassigned
commission free investing,unassigned
commission-free investing,unassigned
compare the market,unassigned
computer architecture,unassigned
conflict management,unassigned
construction management platforms,unassigned
corporation examples,unassigned
cotinine testing,unassigned
crm for small business,unassigned
crm system meaning,unassigned
ct emissions testing,unassigned
customer acquisition cost,unassigned
customer lifetime value,unassigned
cvs sales,unassigned
cyclical meaning,unassigned
days market,unassigned
dealer management systems,unassigned
deep work book,unassigned
delta testing,unassigned
digital advertising,unassigned
digital agency,unassigned
digital invitation platform,unassigned
digital invitation platforms,unassigned
e-commerce platform: business,unassigned
educational testing service,unassigned
ein number application,unassigned
engagement manager,unassigned
engineering management,unassigned
enterprise software,unassigned
enterprise truck sales,unassigned
eoir case lookup,unassigned
eori number,unassigned
event management companies,unassigned
everitt laboratory,unassigned
examples of monopolistic firms,unassigned
examples of tertiary consumers,unassigned
extensive examples,unassigned
f testing,unassigned
facilities manager,unassigned
forex market,unassigned
forsyth tech techlink,unassigned
franchise examples,unassigned
free stock charts,unassigned
functional testing,unassigned
futures market cnbc,unassigned
futures market hours,unassigned
gas gas sales,unassigned
gas sales,unassigned
gateway project,unassigned
gene testing services,unassigned
genetic testing service,unassigned
geographic information systems,unassigned
geriatric care manager,unassigned
gis analyst,unassigned
government shutdown stock market,unassigned
group management services,unassigned
helmsman management services,unassigned
high tech high,unassigned
house cleaning business plan,unassigned
how did the stock market end today,unassigned
how does the stock market work,unassigned
how is the stock market doing,unassigned
how to create a website for my business,unassigned
how to make money in stocks,unassigned
how to operate,unassigned
how to start trading,unassigned
how to trade options,unassigned
hr management software,unassigned
impression management,unassigned
in number,unassigned
information society,unassigned
input number,unassigned
ins number,unassigned
inside number,unassigned
internet time machine,unassigned
inventory management system,unassigned
iowa writers workshop,unassigned
keystone management,unassigned
kinematic meaning,unassigned
labcorp on demand testing,unassigned
landing page examples,unassigned
letter writing format,unassigned
lexington management,unassigned
limit order vs market order,unassigned
link building company,unassigned
linkedin campaign manager,unassigned
linkedin company page,unassigned
literature review conclusion examples,unassigned
management company,unassigned
management consulting firms,unassigned
manager angels,unassigned
marathon management,unassigned
market movers today,unassigned
market vs limit order,unassigned
martingale strategy,unassigned
matrix absence management,unassigned
media kit,unassigned
memoir examples,unassigned
metric synonym,unassigned
metric synonyms,unassigned
metric thesaurus,unassigned
mission point,unassigned
mobile services manager,unassigned
monitor tech,unassigned
monopolistic firms examples,unassigned
most important,unassigned
muscle testing,unassigned
na atomic number,unassigned
name compatibility test,unassigned
newborn testing,unassigned
ntn testing,unassigned
nurse case manager,unassigned
one minute manager,unassigned
online ads,unassigned
online business ideas,unassigned
online reputation management,unassigned
open market operations,unassigned
ot tools to grow,unassigned
paragraph writer,unassigned
parasite testing,unassigned
pdf summarizer,unassigned
peoplenet fleet manager,unassigned
perfect market graph,unassigned
performance management,unassigned
peripheral route to persuasion,unassigned
pos system for small business,unassigned
post master,unassigned
power number,unassigned
principal quantum number,unassigned
priority bicycles,unassigned
priority care,unassigned
priority date,unassigned
priority definition,unassigned
priority definitions,unassigned
priority synonyms,unassigned
product examples,unassigned
professional mold testing,unassigned
project ideas,unassigned
prose reviews,unassigned
quantum computing companies,unassigned
quotes about writing,unassigned
quotes for private story,unassigned
r/writing,unassigned
race writing,unassigned
range media partners,unassigned
reddit stock market,unassigned
referral to,unassigned
reflection examples,unassigned
reliable market,unassigned
remote work from home,unassigned
reputation management company,unassigned
retest testing,unassigned
retesting testing,unassigned
road to success,unassigned
s and p performance,unassigned
sales development representative,unassigned
sales promotion,unassigned
sales today,unassigned
sc project,unassigned
search engines list,unassigned
seed to sprout,unassigned
self-service wake tech,unassigned
selling meaning,unassigned
senior solutions,unassigned
signature ideas,unassigned
simple bill of sale,unassigned
siri stories,unassigned
siri story,unassigned
siri's story,unassigned
software center,unassigned
software house,unassigned
sop meaning in business,unassigned
southern management,unassigned
sperm donor requirements,unassigned
st cloud tech,unassigned
staircase ideas,unassigned
stark tech,unassigned
starter stories,unassigned
statement of work,unassigned
stock market open presidents day,unassigned
store manager,unassigned
stories syn,unassigned
stories synonym,unassigned
stories thesaurus,unassigned
story mfg,unassigned
story structure,unassigned
story teller,unassigned
strategic management,unassigned
sw number,unassigned
synonyms metric,unassigned
tampa bay tech,unassigned
tech deck pro,unassigned
tech deck ramps,unassigned
tech innovation,unassigned
tech repairs,unassigned
techlink forsyth tech,unassigned
technical meanings,unassigned
tertiary consumer examples,unassigned
tertiary consumers examples,unassigned
text structure examples,unassigned
third person writing,unassigned
townsquare media,unassigned
typeof number,unassigned
types of writing,unassigned
uat testing,unassigned
uber manager,unassigned
us tech solutions,unassigned
v model,unassigned
v number,unassigned
walmart sales ad,unassigned
warehouse management system software,unassigned
warehouse sales,unassigned
what is a business plan,unassigned
what is a narrative writing,unassigned
what is market revolution,unassigned
what is narrative writing,unassigned
what is regression testing,unassigned
what is sales,unassigned
what is story setting,unassigned
what is the plot of a story,unassigned
what tech,unassigned
will the stock market crash,unassigned
word for important,unassigned
word important,unassigned
word with ea,unassigned
words for important,unassigned
writer com,unassigned
writing an essay,unassigned
writing in the form specified,unassigned
zillow manager,unassigned
130 point sales,unassigned
6 word memoir examples,unassigned
aa meeting topics,unassigned
abbreviation for number,unassigned
abbreviation number,unassigned
abbreviation of number,unassigned
abbreviations for number,unassigned
abbreviations number,unassigned
abbreviations of number,unassigned
acip meeting,unassigned
action sales,unassigned
after hours market,unassigned
aiken tech,unassigned
ala applied tech,unassigned
albany meeting,unassigned
als testing,unassigned
american management association,unassigned
another name for tech,unassigned
another word for methodologies,unassigned
another word for methodology,unassigned
another word for tech,unassigned
another word for technological,unassigned
another word for technologies,unassigned
another word for technology,unassigned
appfolio property manager,unassigned
applied tech,unassigned
article an examples,unassigned
articles examples,unassigned
aws solutions architect,unassigned
behavioral tech,unassigned
billion number,unassigned
billions number,unassigned
bk management,unassigned
blog post examples,unassigned
branding examples,unassigned
bring a trailer website,unassigned
bureaucracies examples,unassigned
bureaucracy examples,unassigned
business systems analyst,unassigned
cagan management,unassigned
cape cod tech,unassigned
carpet sales,unassigned
cas number,unassigned
case brief example,unassigned
ceeb number,unassigned
central tech,unassigned
characterization examples,unassigned
cma management,unassigned
co owner,unassigned
coatue management,unassigned
come to fruition,unassigned
company slogans,unassigned
compare two word documents,unassigned
computer sales,unassigned
construction business plan,unassigned
content strategy,unassigned
convolutional meaning,unassigned
copy writing,unassigned
crawl list,unassigned
crm examples,unassigned
crm software examples,unassigned
crm software meaning,unassigned
crown technical systems,unassigned
customer communication management software,unassigned
customer relations,unassigned
customer satisfaction index meaning,unassigned
customizable digital invitations,unassigned
data center construction,unassigned
data management tools,unassigned
dba meaning business,unassigned
definition of a manager,unassigned
dibels testing,unassigned
different word for technology,unassigned
digital asset management,unassigned
dna genetic testing for ancestry,unassigned
e number,unassigned
earned media,unassigned
ebay product research,unassigned
empire management group,unassigned
end of year sales,unassigned
engineering scale,unassigned
enterprise architect,unassigned
enterprise risk management,unassigned
essay outline template,unassigned
exact number,unassigned
examples bureaucracy,unassigned
examples of bureaucracies,unassigned
examples of bureaucracy,unassigned
examples of goals,unassigned
examples of mission statements,unassigned
examples of perfect market,unassigned
examples of services,unassigned
examples of the bureaucracy,unassigned
executives property management,unassigned
expense management software,unassigned
expo stories,unassigned
exposition in a story,unassigned
exposition in story,unassigned
exposition of a story,unassigned
exposition of the story,unassigned
exposition story,unassigned
feedback loop meaning,unassigned
flow chart examples,unassigned
food lion sales paper,unassigned
foreign exchange market,unassigned
forest management bureau meaning,unassigned
framework computers,unassigned
fully remote,unassigned
future endeavours meaning,unassigned
futures market live,unassigned
general manager jets,unassigned
genetic dna testing for ancestry,unassigned
georgia tech buzzport,unassigned
goals examples,unassigned
got writer,unassigned
grant writer,unassigned
hertz sales,unassigned
hi tech cleaners,unassigned
high tech north,unassigned
high-end tools,unassigned
hoa management services,unassigned
hootsuite social media management,unassigned
how do you make money in the stock market,unassigned
how to invest in silver,unassigned
how to invest in the stock market,unassigned
how to write a story,unassigned
howard vo tech,unassigned
hris analyst,unassigned
human resources manager,unassigned
indoor air quality testing,unassigned
ingersoll management office,unassigned
initiatives meaning,unassigned
inside sales,unassigned
inside vs outside sales,unassigned
integration testing,unassigned
it manager,unassigned
janssen research and development,unassigned
join meeting,unassigned
keefe tech,unassigned
key to success,unassigned
laboratory services,unassigned
lexisnexis free report,unassigned
linkedin headline examples,unassigned
magnetic tiles ideas,unassigned
maintenance required cast,unassigned
mall central com sales report,unassigned
mall central sales report,unassigned
mall-central.com sales report,unassigned
management antonyms,unassigned
management trust,unassigned
manager of giants,unassigned
managerial meaning,unassigned
mariner manager,unassigned
market blooket,unassigned
market down today,unassigned
market indices,unassigned
market ticker,unassigned
market update,unassigned
mass hire,unassigned
mastery manager,unassigned
meaning of future endeavors,unassigned
methodology synonyms,unassigned
methodology thesaurus,unassigned
metric vs standard,unassigned
metro number,unassigned
microbiome testing,unassigned
mirror writing,unassigned
nat manager,unassigned
nationals manager,unassigned
next level staffing,unassigned
next tech classifieds,unassigned
nonprofit business plan,unassigned
nuclear weapons testing,unassigned
number abbreviation,unassigned
number abbreviations,unassigned
number of abbreviation,unassigned
number short form,unassigned
number xi,unassigned
offset number,unassigned
online business for sale,unassigned
online yearbook software,unassigned
op ed examples,unassigned
opinion essay examples,unassigned
opinion writing,unassigned
otg management,unassigned
other words for tech,unassigned
ovarian reserve testing,unassigned
pen testing services,unassigned
perfect market competition examples,unassigned
perfect market example,unassigned
perfect market examples,unassigned
performance def,unassigned
periodic meaning,unassigned
pitch meeting,unassigned
point hope,unassigned
point of view examples,unassigned
post market,unassigned
prandtl number,unassigned
priority game,unassigned
priority of queue,unassigned
priority queue,unassigned
priority queues,unassigned
priority queuing,unassigned
private sector meaning,unassigned
problem statement examples,unassigned
product disclaimer examples,unassigned
product line,unassigned
product name,unassigned
professional management,unassigned
progressive management systems,unassigned
project bravo,unassigned
project confrontation,unassigned
project horizons,unassigned
project reality,unassigned
project renewal,unassigned
pt tech,unassigned
qore performance,unassigned
quality management system,unassigned
quanum lab services manager,unassigned
queue priority,unassigned
quik stop market,unassigned
race writing strategy,unassigned
reading terminal market directory,unassigned
real life examples,unassigned
real-life examples,unassigned
reddit system admin,unassigned
regional manager,unassigned
research and development,unassigned
resumes examples,unassigned
returning to normalcy,unassigned
review management services,unassigned
rfi in construction,unassigned
sales consultant,unassigned
sales pitch,unassigned
sales techniques,unassigned
sam number,unassigned
savvy tech meaning,unassigned
schedule master,unassigned
scholarship essay examples,unassigned
scm software,unassigned
selling value,unassigned
service esc meaning,unassigned
short story examples,unassigned
silver testing kit,unassigned
snapchat ads manager,unassigned
social media trends,unassigned
software testing,unassigned
soil testing lab,unassigned
sop meaning business,unassigned
specific examples,unassigned
startup business plan,unassigned
std same day testing,unassigned
stories to read,unassigned
story cubes,unassigned
story exposition,unassigned
story tale definition,unassigned
story telling,unassigned
storyline examples,unassigned
summary examples,unassigned
supervisor vs manager,unassigned
synonym methodology,unassigned
synonyms of methodology,unassigned
target sales this week,unassigned
target simplifies store operations,unassigned
taylor management,unassigned
tds testing,unassigned
tech campus,unassigned
tech gadgets,unassigned
tech savvy mean,unassigned
tech savvy meaning,unassigned
tech solutions,unassigned
tech startups,unassigned
tech systems,unassigned
tech-savvy means,unassigned
technology another word,unassigned
technology examples,unassigned
the management center,unassigned
the owner,unassigned
the stock market crash of 1929,unassigned
top social media platforms,unassigned
trade tech,unassigned
transactional communication model examples,unassigned
trellis ideas,unassigned
truescripts management services,unassigned
turner tech,unassigned
type writing practice,unassigned
types of computers,unassigned
types of writing styles,unassigned
unique selling proposition meaning,unassigned
urgent important matrix,unassigned
valu market,unassigned
vijay sales,unassigned
virtual assistant companies,unassigned
way to grow,unassigned
wayfair damaged item,unassigned
what can be done,unassigned
what is a resolution in a story,unassigned
what is a resolution of a story,unassigned
what is a retail sales associate,unassigned
what is a story resolution,unassigned
what is cost of goods sold,unassigned
what is resolution in a story,unassigned
what is resolution in story,unassigned
what is resolution of a story,unassigned
what is the resolution in a story,unassigned
what is the resolution of a story,unassigned
what is the stock market doing right now,unassigned
what's going on with the stock market today,unassigned
why did the stock market go up today,unassigned
why this is important,unassigned
wi ccap simple case search,unassigned
workflow automation tools,unassigned
world tech center,unassigned
writing a will,unassigned
writing contests,unassigned
writing essay service,unassigned
writing lists in sentences,unassigned
writing review b2,unassigned
wtc owner,unassigned
xenia manager,unassigned
xi number,unassigned
zoho meeting,unassigned
zotero reference manager,unassigned
1st person story example,unassigned
3-column notes examples,unassigned
abbreviate development,unassigned
abbreviation for development,unassigned
abbreviation for manager,unassigned
abbreviation of development,unassigned
abbreviations for development,unassigned
abbreviations for manager,unassigned
academy sales,unassigned
access testing,unassigned
acronym of development,unassigned
adolescence reviews,unassigned
advances meaning,unassigned
advancing meaning,unassigned
aliveness project,unassigned
alpha gal syndrome testing,unassigned
another word for narrative,unassigned
another word for priorities,unassigned
another word for priority,unassigned
another word for requirement,unassigned
another word for requirements,unassigned
another word for testing,unassigned
apoe4 testing,unassigned
applied digital skills,unassigned
article writing igcse past papers,unassigned
asbestos home testing,unassigned
asbestos testing services,unassigned
assume positions,unassigned
avant testing,unassigned
avogadro number unit,unassigned
avogadro number units,unassigned
belk sales,unassigned
best apps to buy stocks,unassigned
best crm for small business,unassigned
best pos system for small business,unassigned
best sales books,unassigned
block tech,unassigned
blog introduction examples,unassigned
body paragraph examples,unassigned
brand manager,unassigned
business analyst internship,unassigned
buying a home care business,unassigned
by product definition,unassigned
byd sales,unassigned
c and c management,unassigned
capello manager,unassigned
challenge to excellence,unassigned
charleston management,unassigned
childhood allergy testing,unassigned
chipotle owner,unassigned
citation number,unassigned
cities management,unassigned
client vs customer,unassigned
cloud computing companies,unassigned
clues for story writing,unassigned
commission free trading platforms,unassigned
commission-free stock trading,unassigned
commission-free trading,unassigned
commutative meaning,unassigned
compliance analyst,unassigned
computer skills,unassigned
conam management,unassigned
conclusion examples for essays,unassigned
configuration management,unassigned
construction bidding software,unassigned
construction technology,unassigned
coo meaning in business,unassigned
cool tech,unassigned
corporate tools,unassigned
corporate travel management,unassigned
credential manager,unassigned
csi companies,unassigned
customer communication management platform,unassigned
customer communications management platform,unassigned
customer first pfg,unassigned
customer success,unassigned
data centers in california,unassigned
data governance tools,unassigned
datadog apm,unassigned
day trading simulator free,unassigned
days sales outstanding,unassigned
delta tech,unassigned
descriptions examples,unassigned
desk manager,unassigned
development abbreviation,unassigned
development abbreviations,unassigned
development shorthand,unassigned
digital forensics analyst,unassigned
digital trends,unassigned
district manager,unassigned
dna testing ancestry ethnicity,unassigned
dot physical requirements,unassigned
dr trailer sales,unassigned
eci software solutions,unassigned
elements of a story,unassigned
emerson process management,unassigned
eocs receive senior level guidance from,unassigned
essay conclusion examples,unassigned
etl tools,unassigned
ev sales,unassigned
evidence examples,unassigned
example of exposition in a story,unassigned
examples evidence,unassigned
examples of a plot,unassigned
examples of description,unassigned
examples of evidence,unassigned
examples of exposition,unassigned
examples of exposition in a story,unassigned
examples of plot,unassigned
examples of prose,unassigned
explain information and communication technology,unassigned
exposition examples,unassigned
expositions examples,unassigned
extell development,unassigned
factor reviews,unassigned
fast testing florida,unassigned
fedex manager,unassigned
final draft script writing,unassigned
first person examples,unassigned
first priority,unassigned
flash market,unassigned
flashback examples,unassigned
flashbacks examples,unassigned
flooring sales,unassigned
follow through with meaning,unassigned
free attachment style test,unassigned
free brake inspection,unassigned
free disc personality test,unassigned
free dna test,unassigned
free enterprise system meaning,unassigned
gearbox writing,unassigned
ged testing centers,unassigned
genres of writing,unassigned
gmbh meaning,unassigned
goto meeting,unassigned
gross sales,unassigned
haarp project,unassigned
haney technical,unassigned
heavy metal testing,unassigned
higher number,unassigned
hints for story writing,unassigned
hints of story writing,unassigned
hints story writing,unassigned
home business ideas,unassigned
how the stock market works,unassigned
how the stock market works game,unassigned
how to buy gold stock,unassigned
how to buy stocks online,unassigned
how to make a business plan,unassigned
how to read candlestick charts,unassigned
how to report a website,unassigned
how to trade futures,unassigned
hr business partners,unassigned
ia writer,unassigned
important for people,unassigned
important p,unassigned
important people,unassigned
important persons,unassigned
information age,unassigned
information communication technology meaning,unassigned
informational writing,unassigned
innovation examples,unassigned
inside sales representative,unassigned
inspiring stories,unassigned
internal controls,unassigned
introduction writing examples,unassigned
introduction writing sample,unassigned
introductions examples,unassigned
is market open tomorrow,unassigned
is the market up or down today,unassigned
is-number,unassigned
it asset management software,unassigned
item response theory meaning,unassigned
itsm software,unassigned
k-slope market,unassigned
kick off meeting,unassigned
life market,unassigned
linkedin business manager,unassigned
liquidation sales,unassigned
list crawling nc,unassigned
logistics manager,unassigned
lsat argumentative writing,unassigned
m quantum number,unassigned
main idea examples,unassigned
management analyst,unassigned
management science,unassigned
manager gangle,unassigned
manual muscle testing grading scale,unassigned
matw project,unassigned
meaning of information and communication technology,unassigned
meaning of information communication technology,unassigned
meat sales,unassigned
meeting of estate general,unassigned
meeting of the estate general,unassigned
mendeley reference manager,unassigned
mercantile meaning,unassigned
metric sockets,unassigned
metric to standard,unassigned
micr number,unassigned
microscopic meaning,unassigned
miller testing,unassigned
mission to complete,unassigned
mix market,unassigned
mla book citation format,unassigned
morning meeting activities,unassigned
ncb management,unassigned
net sales,unassigned
nocti testing,unassigned
notam manager,unassigned
notams manager,unassigned
nps management,unassigned
nsf ncar mesa laboratory,unassigned
number shows,unassigned
nurse manager,unassigned
off market,unassigned
office management,unassigned
ola testing,unassigned
om nom stories,unassigned
om nom story,unassigned
on site drug testing,unassigned
one story,unassigned
online language tools,unassigned
online sales,unassigned
open to,unassigned
opening to,unassigned
operations research analyst,unassigned
optimizing meaning,unassigned
oracle pre market,unassigned
ost testing portal,unassigned
other term for requirements,unassigned
other words for priority,unassigned
other words for requirements,unassigned
other words for testing,unassigned
outside sales representative,unassigned
parametric meaning,unassigned
partnership business examples,unassigned
parts of a url,unassigned
pat testing,unassigned
pearson vue testing,unassigned
performance review examples,unassigned
petco sales,unassigned
pilot project,unassigned
plot examples,unassigned
positive development,unassigned
premium oilfield technologies,unassigned
prestige management,unassigned
priority 1 tracking,unassigned
priority dispatch,unassigned
procedural meaning,unassigned
process technology,unassigned
product liability insurance,unassigned
professional writing,unassigned
program management,unassigned
project 100000,unassigned
project drawdown,unassigned
project life,unassigned
project makeover,unassigned
prose writing,unassigned
ptin number,unassigned
quantum number m,unassigned
rad tech week,unassigned
radon gas testing kits,unassigned
reading terminal market hours,unassigned
red rock management,unassigned
reductionist meaning,unassigned
remote sales,unassigned
remote work platforms,unassigned
reputation management,unassigned
research analyst,unassigned
resolution in a story,unassigned
resolution in story,unassigned
resolution in the story,unassigned
resolution of a story,unassigned
resolution of the story,unassigned
resolution story,unassigned
restaurant manager,unassigned
rewarding meaning,unassigned
rfp meaning business,unassigned
riley sales,unassigned
risk analyst,unassigned
rn manager positions,unassigned
rn number,unassigned
roku account management,unassigned
ross tech,unassigned
rotation manager,unassigned
saas sales,unassigned
sae vs metric,unassigned
sales att,unassigned
sales calculator,unassigned
sales enablement,unassigned
sales johnson,unassigned
sales memes,unassigned
sales quotes,unassigned
sales rep meme,unassigned
sales right now,unassigned
scs software blog,unassigned
seal master,unassigned
short character bio examples,unassigned
short form development,unassigned
si metric prefixes,unassigned
skill up,unassigned
sla meaning in business,unassigned
social media campaign,unassigned
social media impact,unassigned
social media internships,unassigned
social media management software,unassigned
social media strategy,unassigned
software consulting,unassigned
sold a story,unassigned
southern sales services,unassigned
southern tech,unassigned
specialist examples,unassigned
state management,unassigned
step up to writing,unassigned
stock market calculator,unassigned
stock market futures live,unassigned
stock market indicators suggest potential volatility and a coming crash,unassigned
stock market live chart,unassigned
story asl,unassigned
story brewing,unassigned
story elements anchor chart,unassigned
story podcasts,unassigned
story resolution,unassigned
story writing hints,unassigned
story writing using hints,unassigned
story writing with hint,unassigned
story writing with hints,unassigned
stress testing procedure,unassigned
stress testing procedures,unassigned
summit management,unassigned
switch sales,unassigned
system architecture,unassigned
system for award management,unassigned
system information,unassigned
tech 2000s,unassigned
tech articles,unassigned
tech exchange,unassigned
tech fleece,unassigned
tech force,unassigned
tech week,unassigned
technical engineer,unassigned
testing biomarkers,unassigned
testing means,unassigned
text story,unassigned
the amazing digital footprint,unassigned
the metric systems,unassigned
the number to spectrum,unassigned
tide testing portal,unassigned
tmu testing,unassigned
tones for stories,unassigned
top sales,unassigned
top tech,unassigned
total quality management,unassigned
tradeline sales,unassigned
transforming meaning,unassigned
transportation management software,unassigned
tri tech,unassigned
true tech tools,unassigned
truist number,unassigned
tundra technical solutions,unassigned
typing test template,unassigned
unsent project search,unassigned
venereal disease research laboratory test,unassigned
wake tech ccp,unassigned
wall street market,unassigned
walmart rollback meaning,unassigned
warren tech,unassigned
website testing,unassigned
weight gain story,unassigned
what are information and communication technology,unassigned
what does a sales associate do,unassigned
what is a plot of a story,unassigned
what is a website domain,unassigned
what is a website url,unassigned
what is framework story,unassigned
what is ict information communication technology,unassigned
what is information and communication technology,unassigned
what is information and communication technology ict,unassigned
what is information communication technologies,unassigned
what is the stock market doing,unassigned
what is the stock market today,unassigned
what's happening in the stock market today,unassigned
when to sell stocks,unassigned
william douglas management,unassigned
women in tech,unassigned
workforce tools,unassigned
writing a review c1,unassigned
writing class,unassigned
writing competitions,unassigned
writing practice,unassigned
writing short stories,unassigned
writing strategies,unassigned
writing this down,unassigned
writing tips,unassigned
www b,unassigned
y project,unassigned
yield to maturity,unassigned
z testing,unassigned
3rd party supplement testing,unassigned
aa sales link,unassigned
aa.com customer relations,unassigned
accounting manager,unassigned
ach number,unassigned
acknowledgements in book,unassigned
advanced process technologies,unassigned
after market trading,unassigned
agency software,unassigned
all types of engineering,unassigned
alternatives to animal testing,unassigned
american engineering testing,unassigned
analyst remote,unassigned
anderson sales and service,unassigned
aps march meeting,unassigned
argumentation examples,unassigned
argumentative examples,unassigned
argumentative writing,unassigned
arm architecture,unassigned
asl important,unassigned
assembly requirements,unassigned
asurion tech care,unassigned
at home genetic testing,unassigned
at home lab testing,unassigned
at home testing,unassigned
atlas management,unassigned
atlas testing,unassigned
barcelona management,unassigned
best labor day sales,unassigned
blog entry examples,unassigned
book of accounts bir sample,unassigned
branch manager,unassigned
breaker testing,unassigned
broad management group,unassigned
buffer social media management,unassigned
bull and bear market,unassigned
business administration and management,unassigned
business plan definition,unassigned
business plan writer,unassigned
business proposal examples,unassigned
business tech,unassigned
butterfly project,unassigned
by owner,unassigned
camco management,unassigned
camelot project,unassigned
care manager,unassigned
carrier testing,unassigned
cass information systems,unassigned
catalan number,unassigned
century management,unassigned
challenger sales,unassigned
channel management,unassigned
char work,unassigned
chris titus tech utility,unassigned
citing a website apa,unassigned
coca cola product recall texas,unassigned
community manager,unassigned
company travel software,unassigned
compass management,unassigned
computer companies,unassigned
computer systems analyst,unassigned
construction management companies,unassigned
convergence testing,unassigned
crafft screening tool,unassigned
creative testing solutions,unassigned
crm meaning in business,unassigned
crm operations,unassigned
crm systems examples,unassigned
csam meeting,unassigned
customer acquisition,unassigned
customer centric,unassigned
customer profile,unassigned
data center companies,unassigned
data cleaning tools,unassigned
digital billboard,unassigned
document crunch,unassigned
door to door sales,unassigned
dps number,unassigned
e & s sales,unassigned
e tech group,unassigned
ebay research,unassigned
edc tools,unassigned
edgar filer management,unassigned
embedded software engineer,unassigned
emission testing locations,unassigned
ems manager,unassigned
encompass digital media,unassigned
engineering manager,unassigned
english sales,unassigned
equipment sales,unassigned
ethos advertising examples,unassigned
event driven architecture,unassigned
examples of ethos advertising,unassigned
examples of messages,unassigned
executive assistant remote,unassigned
executive management,unassigned
faa n number,unassigned
family office meaning,unassigned
fiber instrument sales,unassigned
floating point number,unassigned
foreign exchange market graph,unassigned
froude number,unassigned
froude's number,unassigned
function lab testing,unassigned
functional life,unassigned
ga emissions testing,unassigned
gaining meaning,unassigned
golden ratio number,unassigned
guide to the markets,unassigned
h mass number,unassigned
higher priority,unassigned
hotel manager,unassigned
how do you get net sales,unassigned
how is market today,unassigned
how to become a broker,unassigned
how to become a day trader,unassigned
how to find net sales,unassigned
how to get into day trading,unassigned
how to get into stocks,unassigned
how to get net sales,unassigned
how to invest in copper,unassigned
how to invest in oil,unassigned
how to read stock charts,unassigned
how to start trading stocks,unassigned
how to tell if a website is legit,unassigned
how's the stock market today,unassigned
hybrid questions,unassigned
iar testing,unassigned
ielts questions writing,unassigned
implicit project,unassigned
importance of asl,unassigned
important asl,unassigned
important in asl,unassigned
informative essay examples,unassigned
insight software,unassigned
is the market open,unassigned
isn software corporation,unassigned
it consulting companies,unassigned
it service and consulting companies,unassigned
it services and consulting companies,unassigned
kirkpatrick management,unassigned
lifecycle management,unassigned
linkedin chief operating officer,unassigned
lw tech,unassigned
m step practice,unassigned
main street management,unassigned
management concepts,unassigned
manager abbreviation,unassigned
manager abbreviations,unassigned
manual muscle testing scale,unassigned
manual muscle testing score,unassigned
manual muscle testing scores,unassigned
manual muscle testing scoring,unassigned
market after hours,unassigned
market basket reading,unassigned
market futures cnn,unassigned
market insider oil prices,unassigned
marshall project,unassigned
mass metric system,unassigned
mass metric unit,unassigned
mass metric units,unassigned
master manipulator,unassigned
master service,unassigned
master supply,unassigned
masters in information technology,unassigned
max number int,unassigned
media and communication,unassigned
media buyer,unassigned
memo master,unassigned
meta chief business officer,unassigned
metric length unit,unassigned
metric length units,unassigned
metric mass,unassigned
metric mass unit,unassigned
metric mass units,unassigned
metric measurement mass,unassigned
metric system mass units,unassigned
metric system units of mass,unassigned
metric unit for volume,unassigned
metric units of length,unassigned
metric units of lengths,unassigned
metric units of volume,unassigned
metric volume units,unassigned
migration examples,unassigned
mla headings examples,unassigned
model management,unassigned
mold testing company,unassigned
moore tech,unassigned
n e e t full form,unassigned
narrative examples,unassigned
net sales formula,unassigned
net sales vs gross sales,unassigned
new era drug testing,unassigned
nfc amenity management,unassigned
ngs testing,unassigned
ni atomic number,unassigned
notification priority,unassigned
number identifier,unassigned
number item,unassigned
ogden weber tech,unassigned
on writing well,unassigned
ootp development forum,unassigned
open compute project,unassigned
open to work,unassigned
oracle software,unassigned
organizational development,unassigned
organizational meaning,unassigned
passages examples,unassigned
pc sales,unassigned
pentest tools,unassigned
pgt testing,unassigned
point of pride,unassigned
point venture,unassigned
ppl requirements,unassigned
premier management,unassigned
priority high,unassigned
priority notification,unassigned
priority notifications,unassigned
priority records,unassigned
process automation,unassigned
procurement manager,unassigned
product line and mix,unassigned
professional linkedin headshot,unassigned
program analyst,unassigned
project greenlight,unassigned
project open hand,unassigned
project reboot,unassigned
project self sufficiency,unassigned
project shadowing,unassigned
project turnabout,unassigned
prometric testing,unassigned
prometric testing center reschedule,unassigned
pros of animal testing,unassigned
psi testing locations,unassigned
ptc testing,unassigned
publix sales paper,unassigned
pulmonary testing procedures,unassigned
purchaser meaning,unassigned
qa manager,unassigned
quality management,unassigned
quill writing,unassigned
r n number lookup,unassigned
rabies testing,unassigned
raising to the third power,unassigned
reddit tech,unassigned
requirements for,unassigned
research match,unassigned
restaurant business plan,unassigned
returns to scale,unassigned
riverside testing,unassigned
rn case manager,unassigned
role description,unassigned
room to grow,unassigned
rpm management,unassigned
sale meaning,unassigned
sales associate def,unassigned
sales associate definition,unassigned
sales books,unassigned
sales by helen,unassigned
sales english,unassigned
sales in english,unassigned
sales nav,unassigned
sales ratio,unassigned
sba business plan,unassigned
scs software,unassigned
sdr sales,unassigned
seahawks account manager,unassigned
seed testing,unassigned
sell by date meaning,unassigned
senators requirements,unassigned
senlinyu book,unassigned
service manager,unassigned
seton testing,unassigned
sharper management,unassigned
short feedback examples,unassigned
short story box reviews,unassigned
skills machine net,unassigned
sno isle tech,unassigned
social media management services,unassigned
social media templates,unassigned
social media trial,unassigned
soil testing phosphorus,unassigned
south tech,unassigned
spectrum sales,unassigned
standard testing service,unassigned
standardized testing services,unassigned
starbucks sales,unassigned
stock market crash definition,unassigned
stock market futures right now,unassigned
stock market premarket,unassigned
stock market trading,unassigned
stock market yesterday close,unassigned
store sales,unassigned
supply chain manager,unassigned
swagbucks product testing,unassigned
sweat testing,unassigned
t sheet,unassigned
target positions,unassigned
tec 9 sales,unassigned
tech choice tools,unassigned
tensile testing,unassigned
testing 1,unassigned
testing lab,unassigned
testing phosphorus in soil,unassigned
tetra number,unassigned
the market today,unassigned
the writing process,unassigned
toast sales,unassigned
today's market watch,unassigned
topic of ielts writing,unassigned
trading views free,unassigned
type test live chat,unassigned
unit of volume in metric system,unassigned
units of length metric system,unassigned
us stock market graph,unassigned
vendor management,unassigned
virtual number,unassigned
volume in metric units,unassigned
warranty deed meaning,unassigned
wassaic project,unassigned
what a url,unassigned
what is a sales representative,unassigned
what is a web page,unassigned
what is beta testing,unassigned
what is datadog,unassigned
what is going on with the stock market today,unassigned
what is inside sales,unassigned
what is map testing,unassigned
what is net sales,unassigned
what is standardized testing,unassigned
what is titer testing,unassigned
what's going on with the stock market,unassigned
what's happening to the market today,unassigned
which resource management task deploys or activates personnel and resources,unassigned
who is manager,unassigned
why is stock market up,unassigned
why was it important,unassigned
wi tech,unassigned
word work,unassigned
work cited vs bibliography,unassigned
work meta device,unassigned
work series,unassigned
works cited examples,unassigned
world market mirrors,unassigned
writing ideas,unassigned
writing notebook,unassigned
writing retreats,unassigned
writing topic for ielts,unassigned
writing topic of ielts,unassigned
12 principles of aa,unassigned
360 management,unassigned
a&e website,unassigned
abc data sheet,unassigned
adhere to,unassigned
adhering to,unassigned
aerospace and defense companies,unassigned
agm tools,unassigned
an important feature of emergency operation plans is that they,unassigned
archways to opportunity,unassigned
ard meeting,unassigned
asin number,unassigned
bakery business plan,unassigned
bar business plan,unassigned
beacon management services,unassigned
best reputation management companies,unassigned
best stock market app,unassigned
bh management services,unassigned
big 5 return policy,unassigned
big 5 sporting goods return policy,unassigned
big 5 sporting return policy,unassigned
biggest pre market movers,unassigned
blue market,unassigned
brainrot market,unassigned
bridges to change,unassigned
bull market vs bear market,unassigned
business analyst remote,unassigned
business information systems,unassigned
business management and administration,unassigned
business plan books,unassigned
business plan consultants,unassigned
business plan for a bar,unassigned
business plan of a security company,unassigned
business process management,unassigned
business process outsourcing,unassigned
business process outsourcing companies,unassigned
business promotional items,unassigned
business software,unassigned
capital meaning in business,unassigned
carrier product registration,unassigned
cascade management,unassigned
chase money market,unassigned
circular logic meaning,unassigned
clothing line business plan,unassigned
cloud based human capital management solutions,unassigned
cloud-based human capital management solutions,unassigned
cmc management,unassigned
common app essay word count,unassigned
common app essay word limit,unassigned
common app essay word limits,unassigned
common app essays word count,unassigned
common app essays word limit,unassigned
common app word limit essay,unassigned
company culture examples,unassigned
computer and information systems managers,unassigned
contingency questions,unassigned
contract management,unassigned
conversion units metric,unassigned
convert units metric,unassigned
cost of goods sold definition,unassigned
cost of goods sold meaning,unassigned
covered call strategy,unassigned
cracovia kra,unassigned
create a website for my business,unassigned
crosspointe management,unassigned
cs2 market crash,unassigned
csi construction,unassigned
customer care conversation,unassigned
customer communication platform,unassigned
customer impact,unassigned
customer loyalty,unassigned
customer relationship management crm software,unassigned
dashboard examples,unassigned
data integration tools,unassigned
data visualization examples,unassigned
datadog status,unassigned
day trading books,unassigned
destination management company meaning,unassigned
distribution management,unassigned
dot and mc number,unassigned
dt model management,unassigned
dtn management,unassigned
ebay full site,unassigned
empire management,unassigned
engineering tools,unassigned
erp software meaning,unassigned
event management platform,unassigned
examples of rising action,unassigned
facilities management services,unassigned
facility management companies,unassigned
find me a website,unassigned
forward-looking meaning,unassigned
four functions management,unassigned
four functions of management,unassigned
fpa analyst,unassigned
free crm software,unassigned
free forex signals,unassigned
free mla citation,unassigned
get a domain,unassigned
goal setting theory,unassigned
gta 5 stock market guide,unassigned
guide program,unassigned
hawthorne management,unassigned
hersha hospitality management,unassigned
hinson management,unassigned
hotel management,unassigned
how do you make a website,unassigned
how to buy ripple stock,unassigned
how to control,unassigned
how to create a business website,unassigned
how to get into trading,unassigned
how to sell stock on robinhood,unassigned
how to start a website,unassigned
hows the stock market doing,unassigned
human instrumentality project,unassigned
human resources business partner,unassigned
ict books,unassigned
important event,unassigned
important events,unassigned
important quotes,unassigned
individual development plan,unassigned
industrial automation companies,unassigned
industrial automation software,unassigned
industry examples,unassigned
information management,unassigned
is the stock market open on weekends,unassigned
isomorphic meaning,unassigned
it analyst,unassigned
it asset management,unassigned
it management,unassigned
jpm guide to the markets,unassigned
key feature,unassigned
keys to change,unassigned
kinetic development group,unassigned
know your customer,unassigned
largest named number,unassigned
learning websites,unassigned
live market quotes,unassigned
magazines on management,unassigned
management corporation strata title,unassigned
management magazine,unassigned
management magazines,unassigned
management solutions,unassigned
market futures cnbc,unassigned
market futures for tomorrow,unassigned
market manipulation,unassigned
market open tomorrow,unassigned
market sentiment,unassigned
market summary,unassigned
market update today,unassigned
market volatility,unassigned
materials management,unassigned
metric unit conversion,unassigned
metric units to imperial units,unassigned
millennium information services,unassigned
move to,unassigned
na mass number,unassigned
next stock market crash prediction,unassigned
number place value,unassigned
number to spectrum,unassigned
oac meeting,unassigned
objectives examples,unassigned
oligopoly meaning in economics,unassigned
one management,unassigned
online booking software,unassigned
online diary,unassigned
optimum remote programming,unassigned
organizational management,unassigned
overnight market,unassigned
p t a meeting,unassigned
planned unit development,unassigned
point performance,unassigned
positivity project,unassigned
pre market futures today,unassigned
precision performance,unassigned
prediction market apps,unassigned
principles of management,unassigned
priority power,unassigned
priority staffing,unassigned
priority towing,unassigned
process server companies,unassigned
process serving companies,unassigned
product catalog,unassigned
product engineer,unassigned
product information management software,unassigned
product liability,unassigned
professional goal examples,unassigned
project a,unassigned
project sekai event,unassigned
project sekai events,unassigned
project spectrum,unassigned
pta meeting,unassigned
qa analyst,unassigned
quantum companies,unassigned
reading terminal market map,unassigned
recruiting software,unassigned
reproducible meaning,unassigned
resolution examples,unassigned
response to intervention,unassigned
restaurant management system,unassigned
retail business,unassigned
retail management,unassigned
retail prices meaning,unassigned
retailer examples,unassigned
return policy big 5,unassigned
return policy big 5 sporting goods,unassigned
return policy for big 5,unassigned
return to work,unassigned
right management,unassigned
rise over run formula,unassigned
rising action examples,unassigned
sales and operations planning definition,unassigned
sales associate responsibilities,unassigned
sales strategy,unassigned
sato number,unassigned
sedgwick number,unassigned
sell a business,unassigned
seller concessions meaning,unassigned
service oriented architecture,unassigned
shifting how to,unassigned
show all work,unassigned
smart asset management,unassigned
software vendor meaning,unassigned
software vendors meaning,unassigned
sort number,unassigned
sorting number,unassigned
statement of interest,unassigned
steps to success,unassigned
stock market open veterans day,unassigned
stock market prediction next week,unassigned
stock market this week graph,unassigned
stock market websites,unassigned
storyworth reviews,unassigned
summit management group,unassigned
surrogacy requirements,unassigned
surrogate requirements,unassigned
tailored management,unassigned
tech tools,unassigned
technology management,unassigned
ten year plan,unassigned
ten year plans,unassigned
testing annex key,unassigned
this is not a website com,unassigned
this is not a website dot com,unassigned
this is not a website.com,unassigned
thrift store business plan,unassigned
to do lists,unassigned
total performance,unassigned
types of technology,unassigned
unique value proposition,unassigned
upselling meaning,unassigned
vermont information processing,unassigned
vertical integration examples,unassigned
w number,unassigned
web development tools,unassigned
website builder software,unassigned
what are priority,unassigned
what is a priority,unassigned
what is a website,unassigned
what is business management,unassigned
what is going on with the stock market,unassigned
what is management consulting,unassigned
what is priority,unassigned
when was the stock market created,unassigned
why did the market go up today,unassigned
word limit common app essay,unassigned
word limit for common app essay,unassigned
word limit on common app essay,unassigned
work documents,unassigned
www case net mo,unassigned
academy for software engineering,unassigned
access to,unassigned
accounting information systems,unassigned
act stand for,unassigned
acts stand for,unassigned
adt account management,unassigned
alternatives to dips,unassigned
ama management,unassigned
annual meeting,unassigned
arr formula,unassigned
atp model,unassigned
authority point,unassigned
automation tools,unassigned
b2b software,unassigned
back to the drawing board,unassigned
becoming meaning,unassigned
best buy business,unassigned
biot number,unassigned
bootstrap number,unassigned
bootstrap online form,unassigned
bridge project,unassigned
business model meaning,unassigned
business plan for hair salon,unassigned
business plan outline,unassigned
business process management software,unassigned
business sales brokers,unassigned
buy online business,unassigned
cabinet meeting,unassigned
cadence meeting,unassigned
car dealer business plan,unassigned
car dealership business plan,unassigned
car-dealership business plan,unassigned
cater to,unassigned
chamberlain remote programming,unassigned
choose your path timed research,unassigned
citi priority,unassigned
cloud based business software,unassigned
cloud based document management systems,unassigned
cloud based supply chain management software,unassigned
cloud business management software,unassigned
cloud-based business software,unassigned
coming to fruition,unassigned
commerce manager,unassigned
companies examples,unassigned
construction management services,unassigned
contact manager crm,unassigned
convert case online,unassigned
costumer vs customer,unassigned
council meeting,unassigned
create a free website,unassigned
credence management solutions,unassigned
criteria examples,unassigned
criterias examples,unassigned
cross selling meaning,unassigned
crystal practice management,unassigned
cs construction,unassigned
ct number,unassigned
customer spelling,unassigned
data centers in san antonio,unassigned
data centers san antonio,unassigned
dealers choice meaning,unassigned
deliver on meaning,unassigned
development plan,unassigned
device usage study,unassigned
difference between computer software and computer hardware,unassigned
difference between hardware and software,unassigned
difference between hardware software,unassigned
dst mission statement,unassigned
dun number,unassigned
ebay business policies,unassigned
ecommerce business for sale,unassigned
electronic research,unassigned
engineering portfolio,unassigned
enterprise performance management software,unassigned
entity meaning in business,unassigned
entrepreneurship and business plan,unassigned
examples of multinational enterprise,unassigned
examples of multinational enterprises,unassigned
examples of need,unassigned
examples of needs,unassigned
existing customer,unassigned
expectant management,unassigned
facilities management software,unassigned
first class requirements,unassigned
footsteps to brilliance,unassigned
free tire repair,unassigned
frp sheet,unassigned
functions of management,unassigned
funeral home business plan,unassigned
gc number,unassigned
gmp performance,unassigned
grading sheet,unassigned
gws tool group,unassigned
higher-order questions,unassigned
hinge profile examples,unassigned
home view summary,unassigned
how to create a website from scratch,unassigned
how to find the publisher of a website,unassigned
how to quote a website,unassigned
how to read candlesticks,unassigned
huntley project,unassigned
ibm research,unassigned
information technology internships,unassigned
instep management,unassigned
internal communications,unassigned
is stock market open,unassigned
it management support,unassigned
item restoration,unassigned
item restore,unassigned
jinja template,unassigned
kingston management,unassigned
kubernetes architecture,unassigned
language learning websites,unassigned
leland management hoa,unassigned
li mass number,unassigned
lindsey management,unassigned
logical property management,unassigned
management hoa,unassigned
manufacturing erp software,unassigned
market futures live,unassigned
market live,unassigned
maslow's hierarchy of needs nursing,unassigned
mechanical engineering companies,unassigned
meeting reflections,unassigned
meta solutions,unassigned
methods machine tools,unassigned
metric threads,unassigned
metric unit,unassigned
mstr pre market,unassigned
multinational corporations examples,unassigned
non important,unassigned
nosferatu book,unassigned
not important,unassigned
number of significant digits,unassigned
number order,unassigned
number range,unassigned
number total,unassigned
nursing maslow's hierarchy of needs,unassigned
online tools,unassigned
onward to opportunity,unassigned
open systems examples,unassigned
ori number,unassigned
ote meaning sales,unassigned
part number cross reference,unassigned
pb work,unassigned
peak management,unassigned
performance appraisal examples,unassigned
performance quarter zip,unassigned
point management,unassigned
point of authority,unassigned
positive number,unassigned
product description,unassigned
product disclaimer,unassigned
product disclaimers,unassigned
product failures,unassigned
product power rule,unassigned
product recall list,unassigned
product samples,unassigned
project enlightenment,unassigned
project helping,unassigned
project open,unassigned
project place,unassigned
project recover,unassigned
project return,unassigned
project rise,unassigned
publicizing meaning,unassigned
putnam questions,unassigned
quoting a website apa,unassigned
reflections for work meetings,unassigned
resources for human development,unassigned
retail associates meaning,unassigned
risin to the top,unassigned
rpa tools,unassigned
rpm development,unassigned
s i r model,unassigned
sales operations,unassigned
salon business plan,unassigned
scrutiny work,unassigned
sell my business,unassigned
seller meaning,unassigned
sequence of questions,unassigned
service business examples,unassigned
side business ideas,unassigned
sim management,unassigned
software developer internship,unassigned
software engineer usa,unassigned
software inc,unassigned
software quality assurance,unassigned
software technology inc,unassigned
spe performance,unassigned
spell customer,unassigned
statement of work example,unassigned
stock market trading hours,unassigned
structural adaptations meaning,unassigned
supply chain cloud software,unassigned
t&c management,unassigned
tactical development,unassigned
tal number,unassigned
target mission statement,unassigned
tech tool,unassigned
technical analyst,unassigned
telcom construction,unassigned
text case converter online,unassigned
the biggest number,unassigned
the unsent project search,unassigned
to form a more perfect union,unassigned
total number,unassigned
trace market,unassigned
transformation project,unassigned
transportation management systems,unassigned
turnkey business for sale,unassigned
types of distributor,unassigned
types of distributorship,unassigned
types of distributorships,unassigned
utility management solutions,unassigned
value outlets,unassigned
value proposition example,unassigned
vendor management system,unassigned
very important,unassigned
very important people show,unassigned
very very important,unassigned
vista market horizon,unassigned
walmart cpsc product recall alerts,unassigned
western management,unassigned
what are customer segments,unassigned
what is crm in business,unassigned
why are they important,unassigned
why they are important,unassigned
wilkin management,unassigned
win cons,unassigned
word cloud com,unassigned
work cited example,unassigned
work cited mla generator,unassigned
work references,unassigned
work samples,unassigned
xgboost model,unassigned
xibo examples,unassigned
5 properties of life,unassigned
7 steps of separation,unassigned
a www,unassigned
acm research,unassigned
ad hoc meeting,unassigned
ad-hoc meeting,unassigned
advantages of franchising,unassigned
aerospace engineering companies,unassigned
aldi product recall,unassigned
aml analyst,unassigned
another word for extremely important,unassigned
another word for imperative,unassigned
another word for necessities,unassigned
another word for necessity,unassigned
another word for robotics,unassigned
app architecture,unassigned
appliance sales plus,unassigned
assistive technologies examples,unassigned
bellingham number,unassigned
big 5 sales,unassigned
bloomberg software,unassigned
body of work,unassigned
bridge management,unassigned
bridge to success,unassigned
bringing to bear,unassigned
business process automation,unassigned
business sales,unassigned
buy existing business,unassigned
cannon management,unassigned
catalog number,unassigned
chase meeting,unassigned
chief architect software,unassigned
cl mass number,unassigned
clip art reviews,unassigned
cloud based restaurant management system,unassigned
cloud-based restaurant management system,unassigned
common app personal statement,unassigned
computer information technology,unassigned
computer science vs software engineering,unassigned
computer software engineer,unassigned
conflict resolution examples,unassigned
construction robotics,unassigned
coterminous meaning,unassigned
cpo tools,unassigned
critical number,unassigned
criticality number,unassigned
crm management,unassigned
crm management system,unassigned
customer factor,unassigned
customer first solutions,unassigned
customer icons,unassigned
customer state,unassigned
customer states,unassigned
customer vs consumer,unassigned
data lineage tools,unassigned
data migration tools,unassigned
database optimization tools,unassigned
datadog dash,unassigned
dealership operations,unassigned
delta ff number,unassigned
development center,unassigned
development in adolescence,unassigned
do research,unassigned
domain appraisal tool,unassigned
e-commerce examples,unassigned
ecommerce meaning,unassigned
embedded software,unassigned
eventbrite create event,unassigned
examples of incentives,unassigned
fat model,unassigned
flow of a website,unassigned
free auto repair estimate,unassigned
free loops,unassigned
free service tire,unassigned
game plan on market,unassigned
government watch list search,unassigned
hardware development,unassigned
harmonization number,unassigned
how do i make a website,unassigned
how to make a wordpress website,unassigned
how to sell a business,unassigned
human resources software suite,unassigned
iam analyst,unassigned
iastm tools,unassigned
icon customer,unassigned
ideal customer profile,unassigned
important documents,unassigned
important facts,unassigned
in n-out number,unassigned
inferential questions,unassigned
information technology definition,unassigned
iot examples,unassigned
iteration is most similar in meaning to,unassigned
itsm tools,unassigned
journey to new beginnings,unassigned
kiss methodology,unassigned
legal requirements,unassigned
loop questions,unassigned
looping questions,unassigned
loops questions,unassigned
lucas number,unassigned
lv model,unassigned
lv number,unassigned
maac project,unassigned
march to success,unassigned
mass number of k,unassigned
maximizing meaning,unassigned
meaning best practices,unassigned
measurements metric,unassigned
measurements of metric system,unassigned
measuring metric units,unassigned
meta developers,unassigned
meta products,unassigned
metar examples,unassigned
methodologies synonym,unassigned
metric steps,unassigned
metric system in measurement,unassigned
micr number meaning,unassigned
mission project,unassigned
mlm scheme meaning,unassigned
moderation management,unassigned
morph management,unassigned
most likely to succeed,unassigned
mvc architecture,unassigned
naic number for progressive,unassigned
narrative reviews,unassigned
neutron number,unassigned
non durable product,unassigned
number format,unassigned
number of notifications,unassigned
ohp sheet,unassigned
online note taking,unassigned
operatory meaning,unassigned
other words for very important,unassigned
oxford number,unassigned
package deals plus,unassigned
pathways to independence,unassigned
peclet number,unassigned
pico for research,unassigned
pico research,unassigned
pine point provisions,unassigned
pines point provisions,unassigned
pl development,unassigned
point of privilege,unassigned
primary product,unassigned
priority lab,unassigned
process control,unassigned
process service,unassigned
procurement software,unassigned
product defect attorney,unassigned
product list,unassigned
product manufacturing,unassigned
product numbers,unassigned
product rule examples,unassigned
product type,unassigned
project drift,unassigned
project fi,unassigned
project graduation,unassigned
project impact,unassigned
project share,unassigned
project spark,unassigned
project worthmore,unassigned
promising meaning,unassigned
péclet number,unassigned
ratify examples,unassigned
release point,unassigned
remote management,unassigned
remotion skill,unassigned
required skill,unassigned
resort to,unassigned
retail business plan,unassigned
retail store business plan,unassigned
s n number,unassigned
sales pitch examples,unassigned
sales plan,unassigned
sast tools,unassigned
search tools,unassigned
second class requirements,unassigned
sell my small business,unassigned
sentiment analysis tools,unassigned
sequence number,unassigned
serverless architecture,unassigned
service project ideas,unassigned
sevis number,unassigned
sheppard software geography,unassigned
shoppers value weekly ad,unassigned
siemens digital industries software,unassigned
software advice,unassigned
software automation,unassigned
software developer engineer,unassigned
software engineer school,unassigned
software engineering masters,unassigned
software factory,unassigned
software for preventive maintenance,unassigned
software industry,unassigned
software internships,unassigned
software solutions,unassigned
spark number,unassigned
standard form number,unassigned
statement of intent,unassigned
store associate meaning,unassigned
system types,unassigned
systematizing meaning,unassigned
tails number,unassigned
tech tool supply,unassigned
technological skills,unassigned
testing websites,unassigned
the ability to cause change or do work,unassigned
the ability to do work or cause change,unassigned
the balance project,unassigned
tinbergen four questions,unassigned
to change,unassigned
to changes,unassigned
to ensuring,unassigned
to lead,unassigned
transfer propaganda examples,unassigned
transportation management system,unassigned
turning point recovery,unassigned
turnover recipe,unassigned
types of systems,unassigned
upwards of meaning,unassigned
vendor management systems,unassigned
very important other words,unassigned
vision statement meaning,unassigned
voice of the customer,unassigned
web form,unassigned
webapp testing,unassigned
what are value added resellers,unassigned
what are value-added resellers,unassigned
what is a value added reseller,unassigned
what is importance,unassigned
what is important,unassigned
what open market operations,unassigned
why is important,unassigned
word for needs,unassigned
work cited page generator,unassigned
work log,unassigned
work notes,unassigned
workday software,unassigned
workflow management,unassigned
write at home,unassigned
write the unit of work,unassigned
writers work,unassigned
x number,unassigned
xcel energy number,unassigned
zhuhai ewpe information technology inc,unassigned
zimbra free,unassigned
a brief inquiry into online relationships manifesto,unassigned
abbreviation of requirements,unassigned
access information management,unassigned
aceco engineering & construction,unassigned
affirmative action examples,unassigned
ag mass number,unassigned
agricultural robotics companies,unassigned
aim practice,unassigned
alternative to step up,unassigned
alternative to step ups,unassigned
alternatives to step ups,unassigned
another word for selling,unassigned
array number,unassigned
article reviews,unassigned
automation in construction,unassigned
autonomy examples,unassigned
aws architecture,unassigned
base units for the metric system,unassigned
basic metric system units,unassigned
basic metric unit,unassigned
basic metric units,unassigned
bill of sale document,unassigned
body shop product expiry date,unassigned
bring to,unassigned
brings to,unassigned
business architecture,unassigned
business continuity plan software,unassigned
business for sale websites,unassigned
business pitch,unassigned
california tech,unassigned
case parts online,unassigned
ccie books,unassigned
cdf and pdf,unassigned
change to the better,unassigned
cisco systems san jose,unassigned
client or customer,unassigned
cloud based collaboration tools,unassigned
cloud based dealer management system,unassigned
cloud based transportation management system,unassigned
cloud based workforce management solutions,unassigned
cloud collaboration tools,unassigned
cloud companies,unassigned
cloud contact center software,unassigned
cloud erp software,unassigned
cloud-based dealer management system,unassigned
cloud-based transportation management system,unassigned
cmms software for maintenance,unassigned
commit to,unassigned
commitment to,unassigned
commits to,unassigned
committed to,unassigned
committing to,unassigned
computer and information science,unassigned
computer forensic analyst,unassigned
computing innovation examples,unassigned
computing innovations examples,unassigned
configuration management tools,unassigned
construction erp software,unassigned
control management,unassigned
coordinated entry system,unassigned
cost of sales,unassigned
create a listing,unassigned
cu mass number,unassigned
customer 360,unassigned
customer base,unassigned
customer centric meaning,unassigned
customer inquiry handling meaning,unassigned
customer solutions,unassigned
d3 performance,unassigned
data center examples,unassigned
data modeling tools,unassigned
data quality tools,unassigned
data validation tools,unassigned
dataset examples,unassigned
dealership management system,unassigned
delta mission statement,unassigned
delta's mission statement,unassigned
demand examples,unassigned
difference between customer and client,unassigned
doi number,unassigned
dossier reviews,unassigned
dot product properties,unassigned
dt performance,unassigned
ean number,unassigned
electrical estimating software,unassigned
end of year activities,unassigned
energy management system,unassigned
engineering skills,unassigned
enterprise content management,unassigned
examples of computing innovation,unassigned
examples of demands,unassigned
examples of digital products,unassigned
examples of exporting,unassigned
examples of initiative,unassigned
examples of initiatives,unassigned
examples of necessary and proper clause,unassigned
examples of peer reviews,unassigned
examples of scale,unassigned
examples of suggestions for improvement,unassigned
extremely important word,unassigned
film reviews examples,unassigned
focus to do,unassigned
formula for change,unassigned
forward management,unassigned
franchise business for sale,unassigned
free essay writer,unassigned
free essays term papers,unassigned
free flat tire repair,unassigned
geospatial analyst,unassigned
goods examples,unassigned
goods product,unassigned
gross sales meaning,unassigned
hardware and software,unassigned
how to create a web page,unassigned
how to get a website domain,unassigned
how to host a website,unassigned
how to make a portfolio website,unassigned
how to make a web app,unassigned
how to set up a website,unassigned
humanoid robot companies,unassigned
huntington number,unassigned
i & e construction,unassigned
i need a website,unassigned
i number,unassigned
i&e construction,unassigned
importance def,unassigned
importance definition,unassigned
importance icon,unassigned
important def,unassigned
important image,unassigned
important invention,unassigned
important thing,unassigned
important things,unassigned
in practice,unassigned
increase return to scale,unassigned
increase returns to scale,unassigned
info-tech research group,unassigned
information technology services,unassigned
information technology specialist,unassigned
initiative examples,unassigned
initiatives examples,unassigned
iot consulting companies,unassigned
it business analyst,unassigned
it consultant nyc,unassigned
it management software,unassigned
it summary,unassigned
just research,unassigned
kd number,unassigned
kds number,unassigned
laboratory information system,unassigned
lang development group,unassigned
linkedin sales nav,unassigned
list comparison tool,unassigned
lobbying examples,unassigned
long number,unassigned
make a free website,unassigned
management software,unassigned
massed practice,unassigned
material number input,unassigned
meaning of retail sales,unassigned
measurements for a model,unassigned
member number,unassigned
method versus methodology,unassigned
method vs methodology,unassigned
methodology versus method,unassigned
methodology vs method,unassigned
methodology vs methods,unassigned
methods vs methodology,unassigned
metric measurement,unassigned
metric multistandard,unassigned
metric system base units,unassigned
million number,unassigned
model measurements,unassigned
most important amendments,unassigned
nata position statement,unassigned
navi word,unassigned
necessary and proper clause examples,unassigned
neocloud companies,unassigned
number convert,unassigned
number i,unassigned
number k,unassigned
number of amendments,unassigned
number x,unassigned
ny biennial statement,unassigned
nyc tech,unassigned
o'reilly number,unassigned
oge number,unassigned
online case search,unassigned
online reputation management tools,unassigned
oracle transportation management,unassigned
output unit examples,unassigned
oxygen model management,unassigned
p i meaning research,unassigned
path to success,unassigned
pathway to hope,unassigned
pdf gamma distribution,unassigned
performance goals examples,unassigned
performance management system,unassigned
performance specifications,unassigned
performance zone,unassigned
pmis software,unassigned
pod template,unassigned
policy examples,unassigned
ppi examples,unassigned
priority envelope,unassigned
priority guides,unassigned
priority plastics,unassigned
priority plumbing,unassigned
priority quotes,unassigned
process management,unassigned
product details,unassigned
product disclaimer example,unassigned
product disclaimers examples,unassigned
product integral,unassigned
product integration,unassigned
product research,unassigned
production management,unassigned
project 1,unassigned
promotional product distributors,unassigned
purchase order meaning,unassigned
r and r performance,unassigned
r c performance,unassigned
readtheory answers,unassigned
recovery project,unassigned
reframing meaning,unassigned
regional sales manager,unassigned
register a domain name,unassigned
remote assistance,unassigned
remote work tools,unassigned
report to duty,unassigned
requirements abbreviation,unassigned
reserve requirements meaning,unassigned
residential requirements,unassigned
restaurant management platform,unassigned
restaurant management platforms,unassigned
retail sale meaning,unassigned
risk management software,unassigned
ruler number,unassigned
sai number,unassigned
sale pending meaning,unassigned
sales agreement template,unassigned
salesy meaning,unassigned
sap supply chain management software,unassigned
scale examples,unassigned
scales examples,unassigned
scaling examples,unassigned
scheme examples,unassigned
schemes examples,unassigned
schwarzschild metric,unassigned
scor model,unassigned
sdr meaning sales,unassigned
selective service requirements,unassigned
seminal work,unassigned
senior business analyst,unassigned
shannon number,unassigned
sharepoint site examples,unassigned
software applications,unassigned
software consulting company,unassigned
software engineering certifications,unassigned
space between number and unit,unassigned
spell important,unassigned
spell priority,unassigned
spelling of important,unassigned
ssa work history report,unassigned
stack construction technologies,unassigned
start a website,unassigned
ste number,unassigned
step to,unassigned
steps to,unassigned
storage asset management,unassigned
t model,unassigned
teamwork software,unassigned
tech word,unassigned
territory sales manager,unassigned
the most important thing,unassigned
things that are important,unassigned
title work,unassigned
tmp architecture,unassigned
to be committed,unassigned
to be committed to,unassigned
to build,unassigned
to commit,unassigned
to commit to,unassigned
to commitment,unassigned
top robotics companies,unassigned
total presence management,unassigned
travel and expense management software,unassigned
types of patents,unassigned
uil number sense,unassigned
uiuc web tools,unassigned
urgent opposite,unassigned
urgent vs emergent,unassigned
usal project,unassigned
valued customer,unassigned
very important words,unassigned
vision statement vs mission statement,unassigned
way to go program,unassigned
ways to work,unassigned
website audit tools,unassigned
website building tools,unassigned
website contact form,unassigned
what are the most important,unassigned
what does a sales manager do,unassigned
what is a customer success manager,unassigned
what is customer relations,unassigned
what is customer relationship management,unassigned
what is the most important,unassigned
what was the most important,unassigned
wholesale business,unassigned
why chain of custody is important,unassigned
why is it so important,unassigned
word for extremely important,unassigned
word for very important,unassigned
wordpress development services,unassigned
words for extremely important,unassigned
words for very important,unassigned
work meeting,unassigned
work to energy,unassigned
workforce management platforms,unassigned
workforce software,unassigned
z score sheet,unassigned
z-score sheet,unassigned
5 metric,unassigned
a ap ferg work,unassigned
a b c wikipedia,unassigned
abbreviations for metric measurements,unassigned
abbreviations for the metric system,unassigned
abbreviations of metric units,unassigned
absolute machine tools,unassigned
accelerated management,unassigned
accounting and payroll software,unassigned
activity 1.4 product improvement,unassigned
adapt to overcome,unassigned
adapting to the environment,unassigned
adventure together to evolve,unassigned
agi number,unassigned
ahrefs webmaster tools,unassigned
amenities examples,unassigned
another word for digital,unassigned
another word for sales,unassigned
apple software engineer,unassigned
arn number,unassigned
atlas resell management,unassigned
b u edu webmail,unassigned
b2b examples,unassigned
baba requirements,unassigned
binary number to octal,unassigned
binary questions,unassigned
blizzard item restoration,unassigned
blockberry creative,unassigned
build me a website,unassigned
building information system,unassigned
business crm software,unassigned
business crm systems,unassigned
business information technology,unassigned
business process modeling,unassigned
ca performance,unassigned
cal grant a requirements,unassigned
california innovations,unassigned
citation management tools,unassigned
cloud based endpoint management solutions,unassigned
cloud computing examples,unassigned
colorado governor's office of information technology,unassigned
colorado office of information technology,unassigned
complementary goods examples,unassigned
configuration management database,unassigned
construction engineering and management,unassigned
construction technology companies,unassigned
content management system examples,unassigned
content media external/images/media,unassigned
content media/external/images/media,unassigned
content/media/external images media,unassigned
content/media/external images/media,unassigned
contract management systems,unassigned
convert to binary number,unassigned
coordination questions,unassigned
core mark customer first,unassigned
core-mark customer first,unassigned
costumer or customer,unassigned
crm software for nonprofits,unassigned
cross product magnitude,unassigned
crossroads management,unassigned
csi support and development,unassigned
customer acquisition consultant,unassigned
customer acquisition consulting,unassigned
customer advocacy,unassigned
customer focus,unassigned
customer insights,unassigned
customer lifecycle,unassigned
customer or costumer,unassigned
customer relations definition,unassigned
customer success remote,unassigned
dallas mobile development,unassigned
data center architecture,unassigned
deciding to win,unassigned
deep brand product recall,unassigned
department of technology management and budget,unassigned
development objective examples,unassigned
driving to independence,unassigned
dsi management,unassigned
ead number,unassigned
ebay research tool,unassigned
edge methodology,unassigned
emergent vs urgent,unassigned
employee management software,unassigned
epstein list search,unassigned
equipment management services,unassigned
erp software examples,unassigned
erp system software,unassigned
examples of complementary goods,unassigned
examples of magnitude,unassigned
examples of reform,unassigned
examples of relevance,unassigned
expectation management,unassigned
faultline project,unassigned
fermat's number,unassigned
franchise business examples,unassigned
free associated state,unassigned
free associated states,unassigned
free home repairs for senior citizens,unassigned
free language learning websites,unassigned
free return trajectory,unassigned
free returns,unassigned
free writing technique,unassigned
free writing techniques,unassigned
front seat requirements,unassigned
future tools,unassigned
ge vision statement,unassigned
giving rise to meaning,unassigned
goals to achieve,unassigned
governor's office of information technology,unassigned
grow a garden website,unassigned
grow to,unassigned
growing to,unassigned
h20 number,unassigned
hackathon nyc,unassigned
highest possible number,unassigned
how to administer,unassigned
how to research,unassigned
hp development,unassigned
hunt management,unassigned
ibm nyc office,unassigned
importance of,unassigned
importance of sample,unassigned
importance person,unassigned
important life event,unassigned
important life events,unassigned
important notice,unassigned
important notices,unassigned
important person,unassigned
important reminder,unassigned
important reminders,unassigned
important substitution,unassigned
important vs urgent,unassigned
impulse examples,unassigned
index examples,unassigned
indexes examples,unassigned
indexing examples,unassigned
industrial plant examples,unassigned
industrial plants examples,unassigned
industry plant examples,unassigned
information system and technology,unassigned
information technology engineering,unassigned
information technology vs computer science,unassigned
infrastructure development,unassigned
innovative construction solutions,unassigned
innovative tools,unassigned
intention to-treat vs per-protocol,unassigned
internal choice questions,unassigned
internal communications tools,unassigned
iot devices examples,unassigned
istorage reviews,unassigned
it architecture,unassigned
it outsourcing companies,unassigned
just number,unassigned
jw performance,unassigned
kaizen continuous improvement,unassigned
kobalt tools website,unassigned
laboratory information system software,unassigned
largest possible number,unassigned
leek duck research,unassigned
leekduck research,unassigned
line 5 warranty,unassigned
linkedin automation tools,unassigned
macu number,unassigned
magnitude examples,unassigned
magnitude of cross product,unassigned
maintenance management software,unassigned
make a wish requirements,unassigned
management system,unassigned
market manager,unassigned
master management information systems,unassigned
mcp architecture,unassigned
meaning of personal selling,unassigned
mendeleev meaning,unassigned
meta tech industries,unassigned
metric abbreviations,unassigned
metric measure of volume,unassigned
metric members,unassigned
metric units and abbreviations,unassigned
metric volume,unassigned
millions in number,unassigned
mission management,unassigned
mit operations research center,unassigned
mla work cited example,unassigned
mobile development dallas,unassigned
model infinity,unassigned
more important,unassigned
more important synonym,unassigned
more important synonyms,unassigned
more number,unassigned
multi tenant architecture,unassigned
navarro research and engineering,unassigned
net sales meaning,unassigned
next generation construction,unassigned
ns management,unassigned
number number,unassigned
number printable,unassigned
office of information technology colorado,unassigned
online collaboration platforms,unassigned
online collaboration tools,unassigned
open market operations def,unassigned
open market operations definition,unassigned
open market operations means,unassigned
open market operations: definition,unassigned
opposite of metric system,unassigned
opposite to metric system,unassigned
order of operations questions,unassigned
path to ewr,unassigned
peacock number,unassigned
pedri number,unassigned
people process technology,unassigned
person important,unassigned
person of importance,unassigned
plan to sell,unassigned
pos purchase meaning,unassigned
powertrain warranty meaning,unassigned
precis examples,unassigned
precision management,unassigned
priority er care,unassigned
priority funding,unassigned
priority personnel,unassigned
problem and solutions examples,unassigned
product category,unassigned
product distribution,unassigned
product features,unassigned
product info,unassigned
product patent,unassigned
product quality research center,unassigned
product research and development,unassigned
production number,unassigned
progresses meaning,unassigned
progressing meaning,unassigned
promotional product suppliers,unassigned
protocol for life balance,unassigned
qualifying requirements,unassigned
quality management system software,unassigned
qubo shows list,unassigned
qvc number,unassigned
ratio number,unassigned
reference a website,unassigned
reform examples,unassigned
reforms examples,unassigned
register a website,unassigned
relevance examples,unassigned
requirements for executive branch,unassigned
requirements for membership,unassigned
requirements of the executive branch,unassigned
research and development of a product,unassigned
retention factor,unassigned
retention policy,unassigned
rise to,unassigned
robotic process automation rpa platform,unassigned
saas tools,unassigned
sales account manager,unassigned
sales operations analyst,unassigned
sales presentation fbla,unassigned
sales return formula,unassigned
sales returns formula,unassigned
scaffolding examples,unassigned
scientific management theory,unassigned
scope of work examples,unassigned
screenwriting reddit,unassigned
search case,unassigned
secondary activity examples,unassigned
sedgwick claims management,unassigned
seostudio tools,unassigned
setting up a website,unassigned
site description examples,unassigned
small business marketplace,unassigned
software bill of materials,unassigned
software engineering reddit,unassigned
software qa engineer,unassigned
solution to problem,unassigned
solution to the issue,unassigned
solution to the problem,unassigned
solutions to problems,unassigned
spencer's number,unassigned
spiral life cycle,unassigned
spiral life cycle model,unassigned
spiral life-cycle model,unassigned
spiral methodology,unassigned
stage management,unassigned
stat sheet,unassigned
statement of operations,unassigned
statement of service,unassigned
strengthens meaning,unassigned
success criteria examples,unassigned
swat requirements,unassigned
synonyms priority,unassigned
tdlr project search,unassigned
techno research,unassigned
technology development,unassigned
the seventh most important thing,unassigned
to become,unassigned
to carrying,unassigned
to grow,unassigned
toes number,unassigned
tool technology,unassigned
top saas companies,unassigned
trade names examples,unassigned
transformation questions,unassigned
trusted property management,unassigned
turbulent reynolds number,unassigned
type of work,unassigned
types of machines,unassigned
uga requirements,unassigned
unit number,unassigned
urgent vs emergent care,unassigned
urgent vs important matrix,unassigned
url full form,unassigned
user add,unassigned
user management,unassigned
utility management,unassigned
vendor relationship management,unassigned
vision and mission examples,unassigned
vision statement of ge,unassigned
voice of customer,unassigned
web tools,unassigned
what are the 4 types of search patterns,unassigned
what is a landing page on a website,unassigned
what is customer acquisition,unassigned
what is linkedin sales navigator,unassigned
what is sales management,unassigned
white label reputation management,unassigned
word for necessary,unassigned
work bio examples,unassigned
work requirements,unassigned
write up at work,unassigned
writers work reviews,unassigned
xerf reviews,unassigned
12 concepts of aa,unassigned
12 concepts of na,unassigned
4 types of search patterns,unassigned
8d methodology,unassigned
a year of change,unassigned
a year of changes,unassigned
about us page examples,unassigned
adoption requirements,unassigned
agriculture technology companies,unassigned
analysis questions,unassigned
any specification,unassigned
aws companies,unassigned
backend development,unassigned
bb performance,unassigned
bessemer process meaning,unassigned
books about computer science,unassigned
boost customer care,unassigned
building a website from scratch,unassigned
california independent system operator,unassigned
california technology agency,unassigned
case information system,unassigned
communication and information technology definition,unassigned
computer repair nyc,unassigned
computer repair san antonio,unassigned
computer repair san francisco,unassigned
consumer collection management,unassigned
consumer goods examples,unassigned
control techniques,unassigned
cost to build a website,unassigned
create a landing page,unassigned
creating a mission statement,unassigned
cross product examples,unassigned
ctech tool box,unassigned
customer id,unassigned
customer management system,unassigned
customer obsession,unassigned
customer questions,unassigned
customer rating,unassigned
customer success platform,unassigned
customer value proposition,unassigned
d and p performance,unassigned
data center construction companies,unassigned
dealer management software,unassigned
defective product,unassigned
define information and communication technology,unassigned
define information communication technology ict,unassigned
definition of information and communication technology,unassigned
definition of information communication and technology,unassigned
definition of information communication technologies,unassigned
definition of information communication technology,unassigned
department of technology california,unassigned
dice metric,unassigned
different methodologies,unassigned
dir project search,unassigned
distraction free writing,unassigned
e-commerce development,unassigned
ecommerce inventory management,unassigned
electrical engineering books,unassigned
embedded systems examples,unassigned
employee empowerment,unassigned
emr systems examples,unassigned
endfield tools,unassigned
english work,unassigned
erp tools,unassigned
essential question examples,unassigned
essential questions examples,unassigned
examples of distributors,unassigned
examples of essential questions,unassigned
examples of mandates,unassigned
examples of market,unassigned
examples of necessary and sufficient conditions,unassigned
examples of physiological needs,unassigned
f&i tools,unassigned
find user guide,unassigned
first work,unassigned
forward facing requirements,unassigned
forward-facing requirements,unassigned
free estimate foundation repair,unassigned
free windshield replacement,unassigned
freelance writing from home,unassigned
ftp brand,unassigned
fuel requirements,unassigned
gartner research,unassigned
h e b wiki,unassigned
half-life order,unassigned
high-tech architecture,unassigned
how do i create a website,unassigned
how do you create a website,unassigned
how important is it,unassigned
how important it is,unassigned
how it is important,unassigned
how to become a web developer,unassigned
how to edit a website,unassigned
how to get a website,unassigned
how to make a business website,unassigned
how to publish a website,unassigned
hris systems examples,unassigned
humanoid robotics companies,unassigned
hyperscalers companies,unassigned
importance likert scale,unassigned
important urgent quadrant,unassigned
in case search,unassigned
inductive methodology,unassigned
information and communication technology definition,unassigned
information and communication technology ict definition,unassigned
information and communications technology definition,unassigned
information communication technology ict definition,unassigned
information communications technology definition,unassigned
information neighborhoods,unassigned
information system definition,unassigned
information systems research,unassigned
information technology consultant,unassigned
information technology meaning,unassigned
interview reviews,unassigned
iot development company,unassigned
is home warranty required,unassigned
isa industry standard architecture,unassigned
it's a website,unassigned
it's importance,unassigned
it's important,unassigned
iterative process meaning,unassigned
its importance,unassigned
journey to success jcps,unassigned
kra z,unassigned
law of the 12 tables,unassigned
laws of the 12 tables,unassigned
life cycle effect,unassigned
life cycle effects,unassigned
life cycle or life cycle,unassigned
life cycle or life-cycle,unassigned
life cycle or lifecycle,unassigned
life triangle,unassigned
life-cycle effect,unassigned
lifecycle life cycle,unassigned
lifecycle or life cycle,unassigned
limited lifetime warranty meaning,unassigned
linear system meaning,unassigned
loc performance,unassigned
log product property,unassigned
lookup user agent,unassigned
m a s h wiki,unassigned
magento development services,unassigned
maintenance required videos,unassigned
mandate examples,unassigned
mandates examples,unassigned
market examples,unassigned
medallion management,unassigned
methodologies synonyms,unassigned
metric equivalent,unassigned
metric length,unassigned
metric measuring system,unassigned
metric mnemonic,unassigned
metric sizes,unassigned
metric system mnemonic,unassigned
metric system mnemonic device,unassigned
metric thread pitch,unassigned
mm examples,unassigned
mnemonic for metric system,unassigned
mnemonic for the metric system,unassigned
mnemonic metric system,unassigned
mnemonics for metric system,unassigned
mo case net case number search,unassigned
mobility research,unassigned
moldex metric,unassigned
more product,unassigned
mvvm architecture,unassigned
necessary and sufficient condition examples,unassigned
necessary and sufficient conditions examples,unassigned
necessary and sufficient examples,unassigned
necessary condition examples,unassigned
new year resolution means,unassigned
next level solutions,unassigned
np dot product,unassigned
nyc tech events,unassigned
online adding machine,unassigned
online business tools,unassigned
online case,unassigned
online typing tools,unassigned
online valuation tools,unassigned
operations remote,unassigned
opportunities examples,unassigned
order of the arrow requirements,unassigned
p metric tire,unassigned
p-metric tire,unassigned
p-metric tires,unassigned
paradigm book,unassigned
pattern life,unassigned
personal selling examples,unassigned
physiological needs examples,unassigned
polyvagal theory book,unassigned
priority commerce,unassigned
priority tracking,unassigned
process capability,unassigned
process improvement methodologies,unassigned
process manufacturing,unassigned
process solutions,unassigned
product answer,unassigned
product business,unassigned
product id,unassigned
product information management,unassigned
product property log,unassigned
product quality,unassigned
product question,unassigned
product return,unassigned
product tags,unassigned
product-sum,unassigned
project find,unassigned
pyramid scheme examples,unassigned
qqq fact sheet,unassigned
quaternary services examples,unassigned
radical problems with answers,unassigned
real estate search tools,unassigned
requirements contract,unassigned
requirements of the senate,unassigned
resale description,unassigned
retail operations,unassigned
rounding template,unassigned
running information society,unassigned
sae tools,unassigned
sales operations manager,unassigned
salon metric,unassigned
sbc performance,unassigned
sdlc methodologies,unassigned
search engine examples,unassigned
senior systems engineer,unassigned
serp position tools,unassigned
short stories online,unassigned
short story reviews,unassigned
short work quotes,unassigned
si unit metric,unassigned
si unit metric system,unassigned
si units metric system,unassigned
skill architecture,unassigned
social networking sites,unassigned
social sites,unassigned
software engineering companies,unassigned
software engineering internships remote,unassigned
special products examples and answers,unassigned
spectre performance,unassigned
sr performance,unassigned
sufficient and necessary conditions examples,unassigned
sufficient and necessary examples,unassigned
system optimization tool,unassigned
technical architect,unassigned
texas tech slogans,unassigned
the 10 year plan,unassigned
the law of the 12 tables,unassigned
the most important,unassigned
the projects meaning,unassigned
to contribute,unassigned
transfer requirements,unassigned
twitch metric,unassigned
twitter user search,unassigned
types of interviews,unassigned
typing tools online,unassigned
user agent lookup,unassigned
user manual search,unassigned
user up,unassigned
utilities examples,unassigned
utility examples,unassigned
vital urgent care,unassigned
wallis product formula,unassigned
website monitoring tools,unassigned
what does a customer success manager do,unassigned
what is more important,unassigned
which of the following is a website query,unassigned
wildcat discovery technology,unassigned
win-win meaning,unassigned
win-win situation meaning,unassigned
word root pro,unassigned
word subscription,unassigned
work credits,unassigned
work editorial,unassigned
work letter,unassigned
work reflections,unassigned
work reviews,unassigned
year of change,unassigned
1st class rank requirements,unassigned
7 cardinal movements of labor,unassigned
a & b process systems,unassigned
a domain name,unassigned
a&b process systems,unassigned
a1 performance,unassigned
abbreviation for metric ton,unassigned
abbreviation for metric tonnes,unassigned
access development,unassigned
adu requirements,unassigned
answer engine optimization tools,unassigned
ar case search,unassigned
b-b-e blogspot,unassigned
bel metric,unassigned
best landing page examples,unassigned
best robotics companies,unassigned
best way to build a website,unassigned
bio for dating app,unassigned
br performance,unassigned
buy a website,unassigned
case clicker online,unassigned
case parts lookup,unassigned
chronotropic meaning,unassigned
cm examples,unassigned
cme tools,unassigned
common app activity description,unassigned
common app essay formatting,unassigned
communication frameworks,unassigned
continuous deployment vs continuous delivery,unassigned
continuous integration vs continuous delivery,unassigned
contribute to meaning,unassigned
cr performance,unassigned
craigslist search tools,unassigned
create a domain,unassigned
create a domain name,unassigned
data url,unassigned
day one online journal,unassigned
dc case search online,unassigned
diplontic life cycle,unassigned
documentary interviews,unassigned
dot net development services,unassigned
easiest way to make a website,unassigned
ebay product research tool,unassigned
elastic demand examples,unassigned
electronic product labels,unassigned
engineering reddit,unassigned
enterprise level,unassigned
enterprise software companies,unassigned
example for work,unassigned
example of work,unassigned
example work,unassigned
examples of needs and wants,unassigned
examples of supplies,unassigned
examples of wants and needs,unassigned
examples of work,unassigned
exigence examples,unassigned
explanation questions,unassigned
find a website,unassigned
for-hire endorsement,unassigned
form builder website,unassigned
free air conditioner repair estimate,unassigned
free estimate air conditioner repair,unassigned
free summarizer,unassigned
free window replacement program for seniors,unassigned
free writing contests,unassigned
frontend development services,unassigned
function real-life example,unassigned
functional group priority,unassigned
functional groups priority,unassigned
functions real life examples,unassigned
gatepoint research,unassigned
grep examples,unassigned
gtd methodology,unassigned
haplontic and diplontic life cycle,unassigned
hire a wordpress developer,unassigned
home documents,unassigned
host a website,unassigned
how important,unassigned
how to buy a domain name for a website,unassigned
how to make a website with wix,unassigned
how to return an item,unassigned
how to scrape data from a website,unassigned
howard requirements,unassigned
hris systems list,unassigned
ibm case,unassigned
important word,unassigned
industrial development,unassigned
industrial process equipment,unassigned
infrastructure as code tools,unassigned
integration sheet,unassigned
internet in a sentence,unassigned
internet research,unassigned
inventory management means,unassigned
is psat important,unassigned
isthmus kra,unassigned
it companies nyc,unassigned
item recovery wow,unassigned
jdl development,unassigned
jobcase reviews,unassigned
life path systems,unassigned
life process,unassigned
liquid metric measurements,unassigned
list of smart city,unassigned
list of technical skills,unassigned
list smart cities,unassigned
maintenance repair and overhaul meaning,unassigned
malthusian theory meaning,unassigned
marshall plan summary,unassigned
mazda cx-5 warranty,unassigned
meta workplace,unassigned
method brand,unassigned
methodologies list,unassigned
metric bolt grades,unassigned
metric engineering,unassigned
metric or statute,unassigned
metric prefix 1000,unassigned
metric prefix for 1000,unassigned
metric tap,unassigned
metric taps,unassigned
metric ton abbreviation,unassigned
metric ton short form,unassigned
metric tonne abbreviation,unassigned
metric tonne unit,unassigned
metric tonnes abbreviation,unassigned
metric tons short form,unassigned
metric vs statute,unassigned
monitoring tools,unassigned
mp performance,unassigned
need and wants examples,unassigned
needs and wants examples,unassigned
nyc department of information technology & telecommunications,unassigned
observation methodology,unassigned
on a website,unassigned
online case clicker,unassigned
online case lookup,unassigned
parallel real life example,unassigned
performance rating,unassigned
pivot year,unassigned
practical electronics for inventors fourth edition,unassigned
priority examples,unassigned
priority in a sentence,unassigned
priority of functional group,unassigned
process equipment,unassigned
product and service code,unassigned
product and service codes,unassigned
product and services codes,unassigned
product information management system,unassigned
product or service code,unassigned
product service code,unassigned
product service codes,unassigned
product services code,unassigned
product support,unassigned
product testing platforms,unassigned
program development,unassigned
qi project,unassigned
re.search examples,unassigned
reddit journaling,unassigned
remote operations,unassigned
requirements for legislative branch,unassigned
research tanalorr on koboh,unassigned
restore purchases meaning,unassigned
retention time,unassigned
role play script about selling a product,unassigned
rust requirements,unassigned
secretary reviews,unassigned
see how many visitors a website gets,unassigned
semiconductor manufacturing process,unassigned
service product code,unassigned
sheet resistance,unassigned
siri examples,unassigned
site form,unassigned
smart city list,unassigned
social websites,unassigned
software tester companies,unassigned
space-time meaning,unassigned
spx performance,unassigned
star method of answering questions,unassigned
state model management,unassigned
statute vs metric,unassigned
storyline online library,unassigned
storyteller online,unassigned
strict liability product liability,unassigned
strict product liability,unassigned
supply examples,unassigned
tech companies los angeles,unassigned
techstars nyc,unassigned
the five year plan,unassigned
the five-year plan,unassigned
the importance,unassigned
the metric,unassigned
thesis reviews,unassigned
tolman performance,unassigned
tools for,unassigned
tote n chip requirements,unassigned
turo requirements,unassigned
types of claims,unassigned
user user,unassigned
using the problem solving process word search,unassigned
wants and needs examples,unassigned
web app examples,unassigned
web science core collection,unassigned
website analysis tools,unassigned
website footer examples,unassigned
website form builder,unassigned
what a landing page,unassigned
what is a io website,unassigned
where to find a website publisher,unassigned
why is energy important,unassigned
word list finder,unassigned
wordpress development,unassigned
work incident report,unassigned
work journal,unassigned
workflow management tools,unassigned
www a s,unassigned
your guide to a better future website,unassigned
a life cycle of a,unassigned
abbreviate requirements,unassigned
abbreviation for requirements,unassigned
achieving meaning,unassigned
acronym for metric system,unassigned
acronym for metric units,unassigned
acronym for the metric system,unassigned
acronyms for metric system,unassigned
acronyms for the metric system,unassigned
act requirements,unassigned
advanced process technologies reviews,unassigned
agentic tools,unassigned
alternation of generation life cycle,unassigned
alternative claims management,unassigned
appeal to a hire power,unassigned
arc raiders projects requirements,unassigned
ati testing website,unassigned
audition requirements,unassigned
automation case,unassigned
base metric unit for volume,unassigned
base unit for volume in metric system,unassigned
base unit of volume in metric system,unassigned
basic metric unit for volume,unassigned
basic metric unit of volume,unassigned
basic unit of volume in metric system,unassigned
best common app essays,unassigned
best place to build a website,unassigned
body shop free estimate,unassigned
boi reporting requirements,unassigned
boolean questions,unassigned
booster requirements,unassigned
born free cycles,unassigned
business process automation tools,unassigned
cached version of a website,unassigned
call research,unassigned
case analysis methodology,unassigned
case net gov name search,unassigned
case status search,unassigned
case study methodologies,unassigned
case tracker online,unassigned
case western engineering,unassigned
circular questions,unassigned
claims management,unassigned
claims management resources,unassigned
claims management software,unassigned
codependency 12 steps,unassigned
commission free auto repair,unassigned
common app personal statement word count,unassigned
compatibilism free will,unassigned
complex problem meaning,unassigned
complex questions,unassigned
construction management tools,unassigned
continuous improvement methodologies,unassigned
convergent real world example,unassigned
countif sheet,unassigned
daily transcription reviews,unassigned
de case search,unassigned
deductive methodology,unassigned
describe the schlieffen plan,unassigned
development engineering,unassigned
digital habits,unassigned
digital wellbeing tools,unassigned
eas tools,unassigned
engineering methods,unassigned
engineers black book,unassigned
enterprise application examples,unassigned
estate planning online tools,unassigned
examples of esteem needs,unassigned
examples of methodologies,unassigned
examples of significant,unassigned
extended warranty meaning,unassigned
faq page examples,unassigned
find out who owns a domain,unassigned
fineline performance,unassigned
firmware development,unassigned
first-order half-life,unassigned
free website audit tools,unassigned
fts tools,unassigned
g s performance,unassigned
g2 research,unassigned
get a website domain,unassigned
github user-search,unassigned
goals for the year,unassigned
good news mission,unassigned
gottman 7 principles,unassigned
half-life explanation,unassigned
hamr score sheet,unassigned
how many visitors to a website,unassigned
how old is a website,unassigned
how to build a website on squarespace,unassigned
how to buy a website,unassigned
how to get a url from a website,unassigned
how to make a github website,unassigned
how to promote a website,unassigned
how to start a website for your business,unassigned
iac tools,unassigned
impact-x performance,unassigned
implementation science frameworks,unassigned
important document storage,unassigned
ims product,unassigned
in text citation online article mla,unassigned
information technology examples,unassigned
infrastructure monitoring tools,unassigned
integrated development environments,unassigned
inventory management tools,unassigned
ionic upload image,unassigned
iot development services,unassigned
ir tools,unassigned
k and r performance,unassigned
laws of 12 tables,unassigned
lennox product registration,unassigned
level of organization of life,unassigned
levels of life organization,unassigned
levels of organisation of life,unassigned
levels of organization of life,unassigned
likee user,unassigned
list crawlers definition,unassigned
list of technologies,unassigned
literature reviews vs systematic reviews,unassigned
look at a website in the past,unassigned
machine tool technology,unassigned
macro-level meaning,unassigned
maintenance required review,unassigned
maintenance required reviews,unassigned
management tools,unassigned
mayor requirements,unassigned
maytag product registration,unassigned
methodology of behaviorism,unassigned
methodology of case study,unassigned
metric ab,unassigned
metric base unit for volume,unassigned
metric system acronym,unassigned
metric system acronyms,unassigned
metric system vs,unassigned
metric tonne symbol,unassigned
metric unit acronym,unassigned
minority report reviews,unassigned
mla in text citation online article,unassigned
modern process equipment,unassigned
modern techniques,unassigned
must research large toolbox development,unassigned
new hire persuasive message,unassigned
new year intentions,unassigned
nosological meaning,unassigned
o and j performance,unassigned
o crux ave media website,unassigned
oem product,unassigned
offline brand,unassigned
one page website template,unassigned
online estate planning tools,unassigned
online will software,unassigned
parts of a website,unassigned
performance management tools,unassigned
pico question research,unassigned
pos systems examples,unassigned
precious paths special research,unassigned
premium tech tool,unassigned
principles of aa 12 steps,unassigned
process innovation,unassigned
product depth,unassigned
product recall insurance,unassigned
product solutions,unassigned
product-to sum,unassigned
production techniques,unassigned
productivity and collaboration tools,unassigned
ps user search,unassigned
pst performance,unassigned
rank-size rule examples,unassigned
ratio success,unassigned
readability reviews,unassigned
real world example of convergent,unassigned
reddit framework,unassigned
resilience formula,unassigned
resource management tools,unassigned
reviews of the affair,unassigned
roi solutions,unassigned
role strain examples,unassigned
serious case reviews examples,unassigned
service requirements,unassigned
slack media kit,unassigned
slack media-kit,unassigned
smart machine tools,unassigned
social chat sites,unassigned
specification questions,unassigned
spectral evidence meaning,unassigned
srm development,unassigned
statement of work vs scope of work,unassigned
statutory requirements,unassigned
storyboard online,unassigned
subdomain name examples,unassigned
subdomain names examples,unassigned
synergetic meaning,unassigned
system development,unassigned
tech case,unassigned
tech deck tools,unassigned
testament reviews,unassigned
the engineering process,unassigned
thesis supplements reviews,unassigned
three-field system meaning,unassigned
threshold performance sheet set,unassigned
timely property management,unassigned
tops requirements,unassigned
transcription work,unassigned
transponder requirements,unassigned
ts performance,unassigned
user report,unassigned
web form ircc,unassigned
web scraping software,unassigned
website layout examples,unassigned
website optimization tools,unassigned
website sitemap examples,unassigned
website software,unassigned
website testing tools,unassigned
website traffic data,unassigned
welding requirements,unassigned
welfare requirements,unassigned
what is a wordpress website,unassigned
what makes a good website,unassigned
where to make a website,unassigned
word for most important,unassigned
work cited or works cited,unassigned
work experience description examples,unassigned
year 10 reviews,unassigned
5 year warranty,unassigned
7 step problem solving,unassigned
adjustment of status requirements,unassigned
ae tools & computers,unassigned
all metric system units,unassigned
another word for prerequisite,unassigned
assignment work,unassigned
async research,unassigned
automated employment decision tools,unassigned
automation frameworks,unassigned
battle net item restoration,unassigned
best backlink analysis tools,unassigned
best productivity tools,unassigned
binary search algorithm examples,unassigned
branch questions,unassigned
branching questions,unassigned
building maintenance management,unassigned
bumper to bumper warranty meaning,unassigned
can spam requirements,unassigned
caregivers requirements,unassigned
categorical imperative examples,unassigned
categorical imperatives examples,unassigned
coach product care,unassigned
code requirements,unassigned
concept questions,unassigned
configuration management database tools,unassigned
consistency project,unassigned
create tweet,unassigned
criteria for life,unassigned
crystal methodologies,unassigned
cx 5 reliability,unassigned
cybernetics book,unassigned
demand pull examples,unassigned
diligence examples,unassigned
discovery digital ventures,unassigned
distributed systems book,unassigned
domino theory meaning,unassigned
duties examples,unassigned
duty examples,unassigned
early action mit acceptance rate,unassigned
engineering examples,unassigned
enterprise architecture tools,unassigned
essay writer online,unassigned
examples of categorical imperative,unassigned
examples of duties,unassigned
examples of machines,unassigned
examples of utilities,unassigned
examples of utility,unassigned
factor questions,unassigned
factors questions,unassigned
first five-year plan,unassigned
fit portfolio requirements,unassigned
five-year goal,unassigned
five-year goals,unassigned
flrw metric,unassigned
foreword reviews,unassigned
free battery replacement,unassigned
free diary,unassigned
free estimate collision repair,unassigned
free printable reading log with summary,unassigned
free research databases,unassigned
free window replacement,unassigned
free write topics,unassigned
frw metric,unassigned
function reviews,unassigned
gizmos osmosis answers,unassigned
goo word,unassigned
home abstract and title,unassigned
home report,unassigned
hra form,unassigned
information life cycle,unassigned
ipa innovative product achievements,unassigned
it asset management tools,unassigned
item damaged,unassigned
kerr metric,unassigned
leekduck field research,unassigned
loops of life,unassigned
macro/micro meaning,unassigned
major requirements,unassigned
masters methodology,unassigned
meet requirements,unassigned
meet the requirements,unassigned
meeting requirements,unassigned
meeting the requirements,unassigned
megans list search,unassigned
merovingian meaning,unassigned
metric system capacity,unassigned
metric units vs si units,unassigned
ml performance,unassigned
motion questions,unassigned
national recovery solutions,unassigned
neopet user lookups,unassigned
neopets user lookups,unassigned
new approach methodologies,unassigned
nominal meaning in engineering,unassigned
officiant requirements,unassigned
on cloud brand,unassigned
one work source,unassigned
paradigm management,unassigned
pavlovian response meaning,unassigned
people search tools,unassigned
performance abbreviation,unassigned
performance reviews sample comments,unassigned
political needs examples,unassigned
process automation software,unassigned
process control instrumentation,unassigned
process instruments,unassigned
product era,unassigned
product liability lawsuit,unassigned
product stewardship,unassigned
rate force development,unassigned
real contractions,unassigned
reflection for work,unassigned
reflections for work,unassigned
refund policy template,unassigned
reporting requirements,unassigned
requirements for a meeting,unassigned
requirements in french,unassigned
requirements of a meeting,unassigned
research com,unassigned
result-driven meaning,unassigned
results-driven meaning,unassigned
retention period,unassigned
reviews for the proposal,unassigned
robotic process automation services,unassigned
roly poly life cycle,unassigned
sanctions list search,unassigned
scholarship search tools,unassigned
sequence events meaning,unassigned
sequencing of events meaning,unassigned
service product example,unassigned
si vs metric system,unassigned
sign chapter 1,unassigned
sign chapter1,unassigned
sign in self assessment,unassigned
special warranty deed meaning,unassigned
specific requirements,unassigned
sprunki template,unassigned
stem opt requirements,unassigned
story work,unassigned
symbolic interactionism questions,unassigned
t&t tools,unassigned
take-home message,unassigned
take-home messages,unassigned
tanker endorsement requirements,unassigned
target product recalls list,unassigned
the five mission areas outlined in the national response framework,unassigned
the interview reviews,unassigned
the isle prime requirements,unassigned
the proposal reviews,unassigned
the user,unassigned
theory of constraints book,unassigned
thesis clarity reviews,unassigned
total product,unassigned
trajectory of life,unassigned
tweet create,unassigned
types of maintenance,unassigned
up and up formula,unassigned
user api,unassigned
user avatars,unassigned
user lookup neopets,unassigned
user lookups for neopets,unassigned
user lookups neopets,unassigned
value research online,unassigned
what does requirements mean,unassigned
what does the word essential mean,unassigned
which resource management task includes activating local resource requirements,unassigned
which resource management task includes activating local resources requirements,unassigned
word for crucial,unassigned
word for essential,unassigned
word start co,unassigned
work cited order mla,unassigned
work names,unassigned
work portfolio examples,unassigned
write paper online,unassigned
zoho free,unassigned
ads b out requirements,unassigned
angoff methodology,unassigned
another word for essential in an essay,unassigned
autoregressive meaning,unassigned
binary search tree examples,unassigned
biphasic meaning,unassigned
bissell product registration,unassigned
bohr model project,unassigned
bohr's model project,unassigned
boolean search examples,unassigned
canvas self service,unassigned
case information search,unassigned
claims management system,unassigned
coca cola product recall,unassigned
coca cola product recalls,unassigned
coca-cola product recall,unassigned
coca-cola product recalls,unassigned
cognizant turnover,unassigned
confined space requirements,unassigned
contingency management theories,unassigned
contingency theories of management,unassigned
create a substack,unassigned
dispatcher requirements,unassigned
docsity reviews,unassigned
end user end-user,unassigned
equipment requirements,unassigned
examples of exigent circumstances,unassigned
examples of search strategies,unassigned
exigent circumstances examples,unassigned
first-pass effect meaning,unassigned
food pantry requirements,unassigned
free roof repair estimates,unassigned
free speechify alternative,unassigned
general requirements,unassigned
graco product registration,unassigned
hesiod theogony pdf,unassigned
icon research,unassigned
in text citation online article,unassigned
increase employee productivity,unassigned
info retention,unassigned
item broken,unassigned
journey for good foundation,unassigned
life cycle of a,unassigned
life dimensions,unassigned
life-span development theory,unassigned
liheap requirements,unassigned
limited warranty meaning,unassigned
long term goals meaning,unassigned
long-term goals meaning,unassigned
maintenance contract template,unassigned
material specification,unassigned
methodologies types,unassigned
methodology type,unassigned
mla format online article,unassigned
mold remediation free estimate,unassigned
multiple parameters making arcs answers,unassigned
new year goal setting,unassigned
onboard with meaning,unassigned
optimising meaning,unassigned
paradoxical effect meaning,unassigned
personal interviews,unassigned
personal statement word limit common app,unassigned
pilot projects meaning,unassigned
pivotal word,unassigned
post interviews,unassigned
ppt q&a,unassigned
ppt remote,unassigned
prerequisite requirements,unassigned
product warranty,unassigned
program requirements,unassigned
re-establishing meaning,unassigned
recovery formula,unassigned
rep requirements,unassigned
repair order template,unassigned
representatives requirements,unassigned
reps requirements,unassigned
requirements for representatives,unassigned
requirements for sentri,unassigned
requirements for tag,unassigned
retention information,unassigned
return item chargeback meaning,unassigned
reviews inheritance,unassigned
revolution in mapping reading answers,unassigned
roaming user profiles,unassigned
rudin real analysis,unassigned
sample of free writing,unassigned
scope of work document,unassigned
scout requirements,unassigned
sdn list search,unassigned
search strategies examples,unassigned
search strategy examples,unassigned
servicenow product documentation,unassigned
share outstanding formula,unassigned
shift system fault service required,unassigned
similar word for important,unassigned
spatiotemporal meaning,unassigned
specification of material,unassigned
step change meaning,unassigned
step into meaning,unassigned
symbol na periodic table,unassigned
tag requirements,unassigned
toilet clearance requirements,unassigned
tooling requirements,unassigned
true stories reviews,unassigned
type of methodology,unassigned
types of search engines,unassigned
ufer grounding requirements,unassigned
user 927 searches,unassigned
what are the requirements for,unassigned
when to use product rule,unassigned
word for required,unassigned
word hub,unassigned
writing performance reviews,unassigned
a consumer advisory is required when serving,unassigned
appliance repair free estimate,unassigned
cute user,unassigned
defective product lawyer,unassigned
deposited item returned,unassigned
escalate meaning in work,unassigned
eservices canvas,unassigned
fa user,unassigned
free home repairs for seniors,unassigned
free repair manuals,unassigned
future prospects meaning,unassigned
gamestop product replacement plan,unassigned
good elevator pitch,unassigned
home warranty meaning,unassigned
hvac service contract template,unassigned
kit hub,unassigned
maintenance property management,unassigned
management service agreement,unassigned
pending return deposited item,unassigned
popol vuh summary,unassigned
product insurance,unassigned
product liability law,unassigned
product liability tort,unassigned
product recall the office,unassigned
product recalls today,unassigned
product recovery management,unassigned
pursuance of meaning,unassigned
rad power bikes product support,unassigned
random user,unassigned
repair word document,unassigned
retention effect,unassigned
retention incentive,unassigned
retired product,unassigned
revive product,unassigned
ridgid product registration,unassigned
roku smart,unassigned
service calls meaning,unassigned
service interval meaning,unassigned
service recovery meaning,unassigned
simple cenik,unassigned
sun life absence management services,unassigned
the office product recall,unassigned
user base,unassigned
user s,unassigned
user snap,unassigned
voluntary turnover,unassigned
5 star quality collision repair,unassigned
5 stars quality collision repair,unassigned
acquire hire,unassigned
aldi 5 day expiration policy,unassigned
aldi 5-day expiration policy,unassigned
betterme kit,unassigned
bringing in meaning,unassigned
chantix success rate,unassigned
claims management solutions,unassigned
comfyui examples,unassigned
create u,unassigned
development year,unassigned
faust i pdf,unassigned
formula of success,unassigned
free ac inspection,unassigned
free rock chip repair,unassigned
free service manuals,unassigned
free tire installation with purchase,unassigned
free uptime monitoring,unassigned
goals for this year,unassigned
good start program,unassigned
hire development teams,unassigned
hp product support,unassigned
hvac maintenance agreement template,unassigned
hvac maintenance contract template,unassigned
impact for good,unassigned
implied warranties meaning,unassigned
implied warranty meaning,unassigned
incident management servicenow,unassigned
journey-level meaning,unassigned
kick-off meeting meaning,unassigned
kra file,unassigned
lifetime guarantee meaning,unassigned
lifetime warranty meaning,unassigned
maintenance required imdb,unassigned
manufacturer product liability insurance,unassigned
manufacturers product liability insurance,unassigned
manychat examples,unassigned
meaning of lifetime warranty,unassigned
national recovery administration purpose,unassigned
noom examples,unassigned
open create,unassigned
pad kra,unassigned
pastrnak goals,unassigned
permanent product recording aba,unassigned
product assurance,unassigned
product compliance,unassigned
product liability claims,unassigned
product liability insurance for manufacturers,unassigned
product liability law firm,unassigned
product no longer available,unassigned
product recall canada,unassigned
product recalls canada,unassigned
product upc,unassigned
reset maintenance required light,unassigned
restore purchase meaning,unassigned
retention att,unassigned
success formula,unassigned
trustpilot widget examples,unassigned
trustpilot widgets examples,unassigned
trustpilot-widget examples,unassigned
user score,unassigned
user-agent change,unassigned
vipkid feedback examples,unassigned
warranty types,unassigned
work in progress formula,unassigned
work through meaning,unassigned
zara sale item return policy,unassigned
5 below return policy without receipt,unassigned
5 repair,unassigned
5 star warranty certainteed,unassigned
acer nitro 5 warranty sticker,unassigned
affordable reputation management,unassigned
auto repair work order template,unassigned
change outlook retention policy,unassigned
change retention policy outlook,unassigned
changing retention policy in outlook,unassigned
chargeback management,unassigned
create a signup,unassigned
create event on eventbrite,unassigned
create sign up,unassigned
create sign-up,unassigned
creative cloud helper,unassigned
damaged product,unassigned
ebay refurbished meaning,unassigned
elements of strict product liability,unassigned
employee outing ideas,unassigned
free auto body repair estimate,unassigned
free estimate washing machine repair,unassigned
free furnace repair estimate,unassigned
free roof replacement programs,unassigned
free windshield repair,unassigned
fridge repair free estimate,unassigned
hosting word,unassigned
maintenance required film,unassigned
maintenance required show,unassigned
making change meaning,unassigned
making progress meaning,unassigned
national motivational times,unassigned
national performance review,unassigned
navbar-brand center,unassigned
new year resolution board,unassigned
new year resolutions board,unassigned
outlook retention policy change,unassigned
piedmont reliability project,unassigned
preserv building restoration management,unassigned
product disassembly,unassigned
product liability coverage,unassigned
product obsolescence,unassigned
property management maintenance,unassigned
reddit image uploader,unassigned
refund and cancellation policy template,unassigned
replace item,unassigned
replacement item,unassigned
restaurant success rate,unassigned
restore product,unassigned
results of the first five year plan,unassigned
results of the first five-year plan,unassigned
returned item from a previous deposit,unassigned
sedgwick create account,unassigned
servicenow contract management,unassigned
setting team and employee goals,unassigned
setting team and employee goals using smart methodology,unassigned
smart goal formula,unassigned
spare parts management,unassigned
sterling claims management,unassigned
strict product liability elements,unassigned
the results of the first five year plan,unassigned
the results of the first five-year plan,unassigned
triton claims management,unassigned
user client consumer nyt,unassigned
user face,unassigned
user meme,unassigned
user memes,unassigned
va claim backlog,unassigned
warranty letter template,unassigned
which item may be re-served to customers,unassigned
word hosting,unassigned
yahoo word,unassigned
zamazenta form,unassigned
aarp create the good,unassigned
avance meaning,unassigned
avast word,unassigned
bryna kra,unassigned
canvas eservices,unassigned
change for the good,unassigned
cioms i form,unassigned
coordinated management of meaning,unassigned
early action acceptance rate,unassigned
good stratego strategies,unassigned
h2b kit,unassigned
hr quest,unassigned
initiative meaning in english,unassigned
initiatives meaning in english,unassigned
kny oc template,unassigned
maximising meaning,unassigned
measure z pomona,unassigned
mid year performance reviews,unassigned
onenote vs word,unassigned
organizational change meaning,unassigned
oss user,unassigned
permalink examples,unassigned
persistence vs retention,unassigned
ppt to,unassigned
preliminary vs transitional year,unassigned
progress meaning in english,unassigned
progression meaning in english,unassigned
rate of change increasing,unassigned
rebny form,unassigned
resolution for the year,unassigned
resolution for this year,unassigned
resolution of the year,unassigned
resolution year,unassigned
retention vs persistence,unassigned
so user,unassigned
twilio free alternative,unassigned
up acceptance rate,unassigned
user content,unassigned
user lurk,unassigned
user orange,unassigned
working in meaning,unassigned
year resolution,unassigned
year resolutions,unassigned
action step meaning,unassigned
action steps meaning,unassigned
beginning of the year activities,unassigned
bringing forward meaning,unassigned
construction retention,unassigned
culture retention,unassigned
d1 offers meaning,unassigned
effort formula,unassigned
examples of 10-year goals,unassigned
feedback for employee performance,unassigned
feedback on employee performance,unassigned
formula for effort,unassigned
future aspirations meaning,unassigned
good development goals for work,unassigned
growing for good,unassigned
herbert user,unassigned
hire resolve,unassigned
hope acceptance rate,unassigned
idea year,unassigned
improve employee performance,unassigned
launching formula,unassigned
liga pro table,unassigned
millennium development goals meaning,unassigned
national resilience strategy,unassigned
national youth administration purpose,unassigned
new year resolutions stats,unassigned
putting to good use,unassigned
raising cane's revenue,unassigned
rate feedback,unassigned
rate of doing work,unassigned
retaining vs retention,unassigned
retainment vs retention,unassigned
retention construction,unassigned
review the five year engagement,unassigned
smart view roku,unassigned
smart view to roku,unassigned
sprunki oc template,unassigned
startup success rate,unassigned
target up and up formula,unassigned
the five-year engagement review,unassigned
were the five year plans successful,unassigned
were the five-year plans successful,unassigned
year-end appeal,unassigned
year-end evaluation,unassigned
a/b testing,unassigned
efficient market hypothesis,unassigned
experiment 38 pre laboratory assignment,unassigned
hypothesis testing,unassigned
quasi-experimental design,unassigned
experiment 7 pre laboratory assignment,unassigned
experiment 23 pre laboratory assignment,unassigned
conversion rate optimization marketing,unassigned
marketing conversion rate optimization,unassigned
hypothesis requirements,unassigned
research questions vs hypotheses,unassigned
research questions vs hypothesis,unassigned
hypothesis questions,unassigned
questions about hypothesis,unassigned
questions hypothesis,unassigned
discover conversion rate,unassigned
principles of design,unassigned
engineering design process,unassigned
design thinking,unassigned
elements of design,unassigned
design process,unassigned
the design of everyday things,unassigned
design principles,unassigned
balance in principles of design,unassigned
design thinking process,unassigned
human centered design,unassigned
design elements,unassigned
design inspiration,unassigned
principles of design unity,unassigned
universal design,unassigned
what are the principles of design,unassigned
contrast in design principles,unassigned
contrast principles of design,unassigned
design principles contrast,unassigned
